short_id,station_id,station_name,district,latitude,longitude,x,y
S0001,500101001,YouBike2.0_捷運科技大樓站,大安區,25.02605,121.5436,4044.423,6431.02
S0002,500101002,YouBike2.0_復興南路二段273號前,大安區,25.02565,121.54357,4042.99,6451.963
S0003,500101003,YouBike2.0_國北教大實小東側門,大安區,25.02429,121.54124,3931.693,6523.171
S0004,500101004,YouBike2.0_和平公園東側,大安區,25.02351,121.54282,4007.165,6564.011
S0005,500101005,YouBike2.0_辛亥復興路口西北側,大安區,25.02153,121.54299,4015.285,6667.682
S0006,500101006,YouBike2.0_復興南路二段280號前,大安區,25.02429,121.54328,4029.138,6523.171
S0007,500101007,YouBike2.0_復興南路二段340巷口,大安區,25.02253,121.54326,4028.183,6615.323
S0008,500101008,YouBike2.0_新生南路三段52號前,大安區,25.02112,121.53407,3589.203,6689.149
S0009,500101009,YouBike2.0_新生南路三段66號前,大安區,25.01976,121.53384,3578.216,6760.357
S0010,500101010,YouBike2.0_新生南路三段82號前,大安區,25.01894,121.53361,3567.23,6803.291
S0011,500101012,YouBike2.0_辛亥路一段30號前,大安區,25.01986,121.52982,3386.192,6755.121
S0012,500101013,YouBike2.0_和平復興路口西北側,大安區,25.02543,121.54332,4031.049,6463.482
S0013,500101014,YouBike2.0_羅斯福路三段311號前,大安區,25.01717,121.53202,3491.28,6895.966
S0014,500101015,YouBike2.0_大安運動中心停車場,大安區,25.02089,121.54697,4205.399,6701.191
S0015,500101016,YouBike2.0_羅斯福路三段245號前,大安區,25.01927,121.52989,3389.536,6786.013
S0016,500101018,YouBike2.0_溫州公園,大安區,25.01895,121.53156,3469.307,6802.767
S0017,500101019,YouBike2.0_和平臥龍街口,大安區,25.024461,121.546705,4192.74,6514.218
S0018,500101021,YouBike2.0_銘傳國小側門,大安區,25.01385,121.53549,3657.032,7069.798
S0019,500101022,YouBike2.0_捷運公館站(2號出口),大安區,25.01491,121.53438,3604.01,7014.297
S0020,500101023,YouBike2.0_第二學生活動中心,大安區,25.01244,121.53661,3710.531,7143.623
S0021,500101024,YouBike2.0_臺灣科技大學正門,大安區,25.01451,121.54142,3940.291,7035.241
S0022,500101025,YouBike2.0_臺灣科技大學側門,大安區,25.01295,121.53973,3859.565,7116.92
S0023,500101026,YouBike2.0_公館公園,大安區,25.01137,121.54062,3902.077,7199.647
S0024,500101027,YouBike2.0_臺灣科技大學後門,大安區,25.01182,121.54165,3951.278,7176.086
S0025,500101028,YouBike2.0_臺大醫學院附設癌醫中心,大安區,25.01426,121.54382,4054.932,7048.33
S0026,500101029,YouBike2.0_臺大環研大樓,大安區,25.01234,121.54503,4112.73,7148.859
S0027,500101030,YouBike2.0_臺大永齡生醫工程館,大安區,25.0136,121.54656,4185.814,7082.887
S0028,500101031,YouBike2.0_臺大男七舍前,大安區,25.01537,121.54698,4205.876,6990.212
S0029,500101032,YouBike2.0_臺大男一舍前,大安區,25.01637,121.54535,4128.016,6937.853
S0030,500101033,YouBike2.0_臺大男六舍前,大安區,25.01664,121.5452,4120.851,6923.716
S0031,500101034,YouBike2.0_臺大動物醫院前,大安區,25.01576,121.54291,4011.464,6969.792
S0032,500101035,YouBike2.0_臺大土木研究大樓前,大安區,25.01787,121.5476,4235.492,6859.315
S0033,500101036,YouBike2.0_臺大萬才館前,大安區,25.02032,121.54497,4109.864,6731.036
S0034,500101037,YouBike2.0_臺大國青大樓宿舍前,大安區,25.02076,121.54432,4078.816,6707.998
S0035,500101038,YouBike2.0_臺大社科院圖書館前,大安區,25.02101,121.54284,4008.12,6694.908
S0036,500101039,YouBike2.0_臺大法人語言訓練中心前,大安區,25.02104,121.54081,3911.153,6693.337
S0037,500101040,YouBike2.0_臺大綜合體育館停車場前,大安區,25.0222,121.53626,3693.813,6632.601
S0038,500101041,YouBike2.0_辛亥新生路口東南側,大安區,25.02218,121.53474,3621.207,6633.648
S0039,500101042,YouBike2.0_基隆長興路口東側,大安區,25.01727,121.54471,4097.445,6890.73
S0040,500101091,YouBike2.0_國北教大側門南側,大安區,25.022864,121.546622,4188.776,6597.835
S0041,500101092,YouBike2.0_和平實小東北側,大安區,25.021641,121.54704,4208.742,6661.87
S0042,500101093,YouBike2.0_大安區健康服務中心,大安區,25.021469,121.544069,4066.826,6670.875
S0043,500101094,YouBike2.0_辛亥泰順街口,大安區,25.02193,121.53165,3473.606,6646.738
S0044,500101095,YouBike2.0_臺北市芳和實驗中學,大安區,25.0189,121.55013,4356.343,6805.385
S0045,500101097,YouBike2.0_臥龍樂業街口,大安區,25.01856,121.55558,4616.674,6823.187
S0046,500101098,YouBike2.0_臥龍公園,大安區,25.01623,121.55037,4367.807,6945.183
S0047,500101099,YouBike2.0_嘉興公園,大安區,25.021,121.55211,4450.922,6695.432
S0048,500101100,YouBike2.0_捷運麟光站(2號出口),大安區,25.0181,121.55929,4793.89,6847.272
S0049,500101101,YouBike2.0_捷運六張犁站,大安區,25.02397,121.55266,4477.194,6539.926
S0050,500101102,YouBike2.0_喬治工商,大安區,25.02705,121.55551,4613.33,6378.661
S0051,500101103,YouBike2.0_法治公園,大安區,25.02694,121.55325,4505.376,6384.42
S0052,500101104,YouBike2.0_捷運臺電大樓站(2號出口),大安區,25.02021,121.52942,3367.085,6736.795
S0053,500101105,YouBike2.0_和平金山路口,大安區,25.02669,121.52529,3169.807,6397.51
S0054,500101107,YouBike2.0_和平龍泉街口,大安區,25.02638,121.52971,3380.938,6413.741
S0055,500101108,YouBike2.0_和平泰順街口,大安區,25.02621,121.53171,3476.472,6422.642
S0056,500101109,YouBike2.0_臺灣師範大學(圖書館),大安區,25.0266,121.52973,3381.893,6402.222
S0057,500101110,YouBike2.0_捷運古亭站(6號出口),大安區,25.0276,121.52217,3020.774,6349.863
S0058,500101113,YouBike2.0_臺北市立圖書館(總館),大安區,25.02895,121.5379,3772.151,6279.179
S0059,500101114,YouBike2.0_新生和平路口東北側,大安區,25.02657,121.53515,3640.791,6403.793
S0060,500101115,YouBike2.0_建國和平路口西北側,大安區,25.02606,121.53738,3747.312,6430.496
S0061,500101116,YouBike2.0_金華公園,大安區,25.02984,121.53107,3445.901,6232.579
S0062,500101118,YouBike2.0_金甌女中,大安區,25.03519,121.5245,3132.071,5952.46
S0063,500101119,YouBike2.0_金杭公園,大安區,25.03325,121.52436,3125.384,6054.036
S0064,500101120,YouBike2.0_愛國金山路口,大安區,25.03164,121.52661,3232.86,6138.334
S0065,500101122,YouBike2.0_敦化南路二段293巷口南側,大安區,25.0237,121.54899,4301.888,6554.063
S0066,500101123,YouBike2.0_敦化基隆路口,大安區,25.02215,121.54839,4273.228,6635.219
S0067,500101124,YouBike2.0_安和路二段181巷口,大安區,25.02721,121.54988,4344.401,6370.283
S0068,500101125,YouBike2.0_臨江街夜市(通化街101巷口),大安區,25.02952,121.55406,4544.068,6249.334
S0069,500101126,YouBike2.0_臨江街夜市(基隆路),大安區,25.02931,121.55721,4694.534,6260.33
S0070,500101127,YouBike2.0_台北科技大學億光大樓,大安區,25.04177,121.53833,3792.691,5607.938
S0071,500101128,YouBike2.0_新生南路一段119巷口,大安區,25.04003,121.53299,3537.614,5699.043
S0072,500101129,YouBike2.0_幸安國小(仁愛路),大安區,25.03753,121.53523,3644.613,5829.94
S0073,500101130,YouBike2.0_民榮公園,大安區,25.03534,121.5354,3652.733,5944.606
S0074,500101131,YouBike2.0_復興南路1段340巷口,大安區,25.03701,121.54348,4038.691,5857.167
S0075,500101132,YouBike2.0_建國濟南路口,大安區,25.03935,121.53828,3790.302,5734.647
S0076,500101133,YouBike2.0_捷運忠孝復興站(2號出口),大安區,25.04035,121.5436,4044.423,5682.288
S0077,500101134,YouBike2.0_捷運大安站(4號出口),大安區,25.0332,121.5439,4058.754,6056.654
S0078,500101135,YouBike2.0_捷運大安站(2號出口),大安區,25.03358,121.54141,3939.813,6036.757
S0079,500101136,YouBike2.0_信義大安路口(信維大樓),大安區,25.03317,121.54639,4177.694,6058.225
S0080,500101137,YouBike2.0_龍門廣場,大安區,25.04092,121.54825,4266.541,5652.443
S0081,500101138,YouBike2.0_仁愛安和路口,大安區,25.03754,121.55285,4486.269,5829.416
S0082,500101139,YouBike2.0_信義敦化路口,大安區,25.03333,121.54977,4339.147,6049.847
S0083,500101140,YouBike2.0_仁愛國中,大安區,25.03706,121.55166,4429.427,5854.549
S0084,500101141,YouBike2.0_捷運信義安和站(2號出口),大安區,25.03304,121.55171,4431.815,6065.031
S0085,500101142,YouBike2.0_八德市場,大安區,25.04463,121.53665,3712.442,5458.192
S0086,500101143,YouBike2.0_昌隆公園,大安區,25.04448,121.53946,3846.667,5466.046
S0087,500101144,YouBike2.0_捷運大安森林公園站(2號出口),大安區,25.03332,121.53435,3602.577,6050.371
S0088,500101145,YouBike2.0_信義延吉街口,大安區,25.03318,121.55725,4696.445,6057.701
S0089,500101146,YouBike2.0_光信公園(光復南路456巷),大安區,25.03513,121.5561,4641.513,5955.601
S0090,500101147,YouBike2.0_僑安地下停車場(2號出口)東南側,大安區,25.0391,121.5569,4679.726,5747.737
S0091,500101148,YouBike2.0_建國南路一段279巷口,大安區,25.03635,121.53833,3792.691,5891.723
S0092,500101149,YouBike2.0_捷運忠孝新生站(6號出口),大安區,25.04091,121.53295,3535.703,5652.967
S0093,500101150,YouBike2.0_捷運忠孝新生站(4號出口),大安區,25.04239,121.53324,3549.556,5575.476
S0094,500101151,YouBike2.0_大安高工,大安區,25.03126,121.54339,4034.392,6158.23
S0095,500101152,YouBike2.0_捷運忠孝新生站(3號出口),大安區,25.04189,121.53376,3574.395,5601.655
S0096,500101153,YouBike2.0_瑠公公園,大安區,25.04201,121.54612,4164.797,5595.372
S0097,500101154,YouBike2.0_敦化市民路口,大安區,25.04405,121.5486,4283.259,5488.56
S0098,500101155,YouBike2.0_捷運大安森林公園站(5號出口),大安區,25.03336,121.5364,3700.5,6048.276
S0099,500101156,YouBike2.0_信義建國路口,大安區,25.0328,121.53746,3751.133,6077.597
S0100,500101157,YouBike2.0_東豐公園,大安區,25.03569,121.5451,4116.074,5926.28
S0101,500101158,YouBike2.0_德安公園(四維路66巷),大安區,25.03473,121.54767,4238.836,5976.545
S0102,500101159,YouBike2.0_捷運忠孝復興站(5號出口),大安區,25.04253,121.54407,4066.874,5568.146
S0103,500101160,YouBike2.0_捷運忠孝敦化站(2號出口),大安區,25.04153,121.5524,4464.774,5620.505
S0104,500101161,YouBike2.0_捷運忠孝敦化站(7號出口),大安區,25.04159,121.54937,4320.04,5617.363
S0105,500101163,YouBike2.0_瑞安街208巷,大安區,25.02979,121.54053,3897.778,6235.197
S0106,500101165,YouBike2.0_樂利路21巷口,大安區,25.0277,121.55132,4413.186,6344.627
S0107,500101166,YouBike2.0_捷運科技大樓站(台北教育大學),大安區,25.02472,121.54417,4071.651,6500.657
S0108,500101167,YouBike2.0_捷運國父紀念館站(2號出口),大安區,25.04122,121.55745,4705.998,5636.736
S0109,500101168,YouBike2.0_仁愛醫院,大安區,25.03756,121.54587,4152.855,5828.369
S0110,500101169,YouBike2.0_捷運信義安和站(4號出口),大安區,25.03305,121.55378,4530.693,6064.508
S0111,500101170,YouBike2.0_成功國宅,大安區,25.02681,121.54668,4191.546,6391.227
S0112,500101171,YouBike2.0_仁愛延吉街口,大安區,25.03748,121.55564,4619.54,5832.558
S0113,500101172,YouBike2.0_捷運信義安和站(1號出口),大安區,25.03331,121.55265,4476.716,6050.894
S0114,500101173,YouBike2.0_敦化南路二段103巷口,大安區,25.0287,121.54904,4304.277,6292.269
S0115,500101174,YouBike2.0_復興南路二段128巷口,大安區,25.02861,121.54336,4032.959,6296.981
S0116,500101175,YouBike2.0_和平東建國南路口,大安區,25.02575,121.5377,3762.597,6446.727
S0117,500101176,YouBike2.0_芳蘭山莊,大安區,25.01223,121.54788,4248.867,7154.619
S0118,500101177,YouBike2.0_復興南路一段126巷口,大安區,25.04311,121.54313,4021.973,5537.778
S0119,500101179,YouBike2.0_捷運東門站(5號出口),大安區,25.03363,121.52962,3376.639,6034.139
S0120,500101180,YouBike2.0_仁愛路四段48巷口,大安區,25.03597,121.54693,4203.488,5911.62
S0121,500101181,YouBike2.0_捷運公館站(3號出口),大安區,25.01551,121.53374,3573.439,6982.882
S0122,500101182,YouBike2.0_臺北科技大學(電機工程系),大安區,25.04196,121.53653,3706.71,5597.99
S0123,500101184,YouBike2.0_新生南路三段94巷口,大安區,25.01744,121.53334,3554.333,6881.829
S0124,500101185,YouBike2.0_辛亥新生路口西北側,大安區,25.02267,121.5341,3590.636,6607.992
S0125,500101186,YouBike2.0_捷運大安站(6號出口),大安區,25.03479,121.54376,4052.066,5973.403
S0126,500101187,YouBike2.0_臥龍街195巷口,大安區,25.01783,121.55224,4457.131,6861.409
S0127,500101188,YouBike2.0_辛亥路三段157巷口,大安區,25.01727,121.54904,4304.277,6890.73
S0128,500101189,YouBike2.0_臥龍基隆路口,大安區,25.02039,121.54853,4279.915,6727.371
S0129,500101190,YouBike2.0_敦親公園,大安區,25.02347,121.54108,3924.05,6566.105
S0130,500101191,YouBike2.0_大安運動中心,大安區,25.02054,121.54561,4140.435,6719.517
S0131,500101192,YouBike2.0_和平敦化路口,大安區,25.02444,121.54908,4306.187,6515.317
S0132,500101193,YouBike2.0_基隆長興路口,大安區,25.01705,121.54435,4080.249,6902.249
S0133,500101194,YouBike2.0_仁愛路四段122巷口,大安區,25.03762,121.55009,4354.432,5825.228
S0134,500101196,YouBike2.0_市民敦化路口,大安區,25.04464,121.54944,4323.384,5457.669
S0135,500101197,YouBike2.0_忠孝東路四段49巷口,大安區,25.04172,121.54541,4130.882,5610.556
S0136,500101198,YouBike2.0_市民復興路口(東南側),大安區,25.04472,121.54401,4064.008,5453.48
S0137,500101199,YouBike2.0_和平新生路口西南側,大安區,25.02604,121.534,3585.859,6431.543
S0138,500101200,YouBike2.0_全安公園,大安區,25.02535,121.55101,4398.378,6467.671
S0139,500101201,YouBike2.0_信義路三段134巷口,大安區,25.03333,121.53968,3857.176,6049.847
S0140,500101202,YouBike2.0_仁愛敦南圓環(東南側),大安區,25.03715,121.54936,4319.562,5849.836
S0141,500101203,YouBike2.0_臺北遠企購物中心,大安區,25.02709,121.54902,4303.321,6376.566
S0142,500101204,YouBike2.0_外交部外交及國際事務學院,大安區,25.0371,121.54839,4273.228,5852.454
S0143,500101205,YouBike2.0_四維路170巷口,大安區,25.02821,121.54864,4285.17,6317.924
S0144,500101206,YouBike2.0_捷運大安站(3號出口),大安區,25.03328,121.5425,3991.88,6052.465
S0145,500101207,YouBike2.0_捷運臺電大樓站(2號出口)_1,大安區,25.02055,121.52855,3325.528,6718.993
S0146,500101208,YouBike2.0_信義路四段199巷,大安區,25.03459,121.55164,4428.471,5983.875
S0147,500101209,YouBike2.0_臺大資訊大樓,大安區,25.02101,121.54153,3945.545,6694.908
S0148,500101210,YouBike2.0_敦化南路二段81巷,大安區,25.03002,121.54893,4299.022,6223.155
S0149,500101211,YouBike2.0_原臺北刑務所官舍,大安區,25.03054,121.52466,3139.714,6195.928
S0150,500101212,YouBike2.0_捷運國父紀念館站(1號出口),大安區,25.04205,121.55657,4663.963,5593.278
S0151,500101213,YouBike2.0_懷生國中,大安區,25.0401,121.54122,3930.738,5695.378
S0152,500101214,YouBike2.0_仁愛敦南圓環(西北側),大安區,25.03827,121.54802,4255.554,5791.194
S0153,500101215,YouBike2.0_立人國小,大安區,25.02974,121.55146,4419.873,6237.815
S0154,500101216,YouBike2.0_和平東路二段18巷口,大安區,25.02268,121.53608,3685.215,6607.469
S0155,500101217,YouBike2.0_捷運大安站(5號出口),大安區,25.03303,121.54372,4050.155,6065.555
S0156,500101218,YouBike2.0_臨江公園,大安區,25.02832,121.55592,4632.915,6312.165
S0157,500101219,YouBike2.0_羅斯福路四段113巷19弄口,大安區,25.01027,121.53998,3871.506,7257.242
S0158,500101221,YouBike2.0_忠孝東路四段248巷口,大安區,25.04132,121.55393,4537.858,5631.5
S0159,500101222,YouBike2.0_仁愛延吉路口(西北側),大安區,25.03795,121.55466,4572.728,5807.949
S0160,500101223,YouBike2.0_樂利路101巷口,大安區,25.02528,121.55224,4457.131,6471.336
S0161,500101224,YouBike2.0_羅斯福浦城街口,大安區,25.02208,121.52678,3240.98,6638.884
S0162,500101225,YouBike2.0_敦化南路一段295巷口,大安區,25.03551,121.54951,4326.727,5935.705
S0163,500101226,YouBike2.0_通安區民活動中心,大安區,25.02942,121.55294,4490.568,6254.57
S0164,500101227,YouBike2.0_復興忠孝東路口(東南側),大安區,25.04061,121.54389,4058.276,5668.675
S0165,500101228,YouBike2.0_仁愛大安路口(東北側),大安區,25.03813,121.54631,4173.872,5798.525
S0166,500101229,YouBike2.0_臺灣師範大學(浦城街),大安區,25.02476,121.52803,3300.689,6498.562
S0167,500101230,YouBike2.0_安和路二段69巷口,大安區,25.03056,121.55252,4470.506,6194.881
S0168,500101231,YouBike2.0_大安國小,大安區,25.02014,121.55084,4390.257,6740.46
S0169,500101232,YouBike2.0_捷運古亭站(3號出口),大安區,25.02572,121.52359,3088.603,6448.298
S0170,500101233,YouBike2.0_捷運忠孝復興站(3號出口),大安區,25.04152,121.54414,4070.218,5621.028
S0171,500101234,YouBike2.0_和平東路二段90巷,大安區,25.02468,121.53965,3855.743,6502.751
S0172,500101235,YouBike2.0_光復南路420巷口,大安區,25.03601,121.55742,4704.565,5909.525
S0173,500101236,YouBike2.0_富陽臥龍街口,大安區,25.0187,121.55688,4678.771,6815.857
S0174,500101237,YouBike2.0_仁愛復興路口,大安區,25.03817,121.544,4063.53,5796.43
S0175,500101238,YouBike2.0_仁愛敦南圓環(東側),大安區,25.03804,121.55042,4370.195,5803.237
S0176,500101239,YouBike2.0_古風公園,大安區,25.02187,121.52912,3352.755,6649.88
S0177,500101240,YouBike2.0_和平東路二段76巷,大安區,25.02263,121.53906,3827.561,6610.087
S0178,500101241,YouBike2.0_敦化信義路口(東南側),大安區,25.03276,121.54907,4305.71,6079.692
S0179,500101242,YouBike2.0_和平東路三段308巷口,大安區,25.01883,121.5544,4560.308,6809.05
S0180,500101243,YouBike2.0_忠孝建國路口(東南側),大安區,25.04159,121.5378,3767.374,5617.363
S0181,500101244,YouBike2.0_浦城街26巷,大安區,25.02324,121.52618,3212.32,6578.148
S0182,500101245,YouBike2.0_青峰活動中心,大安區,25.01524,121.55121,4407.931,6997.019
S0183,500101246,YouBike2.0_忠孝東路三段216巷口,大安區,25.04157,121.5402,3882.015,5618.41
S0184,500101247,YouBike2.0_捷運忠孝復興站(4號出口),大安區,25.04173,121.54412,4069.262,5610.033
S0185,500101248,YouBike2.0_和平溫州街口,大安區,25.02634,121.53342,3558.154,6415.835
S0186,500101250,YouBike2.0_國立臺北教育大學創意館,大安區,25.02305,121.54394,4060.664,6588.096
S0187,500101251,YouBike2.0_捷運忠孝復興站(1號出口),大安區,25.04199,121.54362,4045.379,5596.419
S0188,500101252,YouBike2.0_政大公企中心,大安區,25.03076,121.52781,3290.18,6184.409
S0189,500101253,YouBike2.0_大安路二段90巷口,大安區,25.03117,121.54602,4160.02,6162.942
S0190,500101254,YouBike2.0_師大附中運動中心,大安區,25.03626,121.53997,3871.029,5896.436
S0191,500101255,YouBike2.0_錦安區民活動中心,大安區,25.02846,121.52935,3363.742,6304.835
S0192,500101256,YouBike2.0_敦化基隆路口(東北側),大安區,25.02196,121.54899,4301.888,6645.167
S0193,500101257,YouBike2.0_龍圖公園,大安區,25.0305,121.54184,3960.353,6198.023
S0194,500101258,YouBike2.0_新生南路二段54巷口,大安區,25.02878,121.53412,3591.591,6288.08
S0195,500101259,YouBike2.0_臺靜農人文會館,大安區,25.02462,121.53347,3560.542,6505.893
S0196,500101260,YouBike2.0_建國南路二段瑞安街264巷口,大安區,25.02716,121.53782,3768.329,6372.901
S0197,500101261,YouBike2.0_辛亥路一段77巷口,大安區,25.02128,121.53034,3411.031,6680.771
S0198,500101262,YouBike2.0_愛國東路210巷口,大安區,25.03187,121.52407,3111.531,6126.291
S0199,500101264,YouBike2.0_金華國中,大安區,25.03165,121.53306,3540.958,6137.81
S0200,500101265,YouBike2.0_羅斯福路三段283巷,大安區,25.02017,121.53178,3479.816,6738.89
S0201,500101266,YouBike2.0_臺科大側門(基隆路四段73巷),大安區,25.01291,121.53967,3856.699,7119.015
S0202,500101267,YouBike2.0_黎和公園,大安區,25.01663,121.56011,4833.059,6924.24
S0203,500101268,YouBike2.0_信義四維路口,大安區,25.03341,121.54796,4252.688,6045.658
S0204,500101269,YouBike2.0_和平高中(辛亥基隆路口),大安區,25.01917,121.54708,4210.653,6791.248
S0205,500101270,YouBike2.0_和平東路二段107巷口,大安區,25.02555,121.53951,3849.056,6457.199
S0206,500101271,YouBike2.0_信義金山路口(西南側),大安區,25.03407,121.52682,3242.891,6011.102
S0207,500101272,YouBike2.0_金華國中(新生南路二段30巷),大安區,25.03137,121.5313,3456.888,6152.47
S0208,500101273,YouBike2.0_羅斯福路四段123巷,大安區,25.01036,121.53752,3753.999,7252.53
S0209,500101274,YouBike2.0_捷運科技大樓站(2號出口),大安區,25.02592,121.54328,4029.138,6437.826
S0210,500101276,YouBike2.0_羅斯福新生南路口,大安區,25.01604,121.53316,3545.735,6955.132
S0211,500103001,YouBike2.0_延平國宅,大同區,25.07894,121.51121,2497.246,3661.76
S0212,500103002,YouBike2.0_臺北市立圖書館大同分館,大同區,25.0741,121.51349,2606.155,3915.177
S0213,500103003,YouBike2.0_合昌宮,大同區,25.07717,121.50934,2407.921,3754.435
S0214,500103004,YouBike2.0_民族延平路口,大同區,25.06864,121.5107,2472.885,4201.056
S0215,500103005,YouBike2.0_重慶酒泉街口,大同區,25.07158,121.51368,2615.231,4047.121
S0216,500103006,YouBike2.0_樹德公園,大同區,25.06647,121.5165,2749.934,4314.675
S0217,500103007,YouBike2.0_陳天來故居,大同區,25.05601,121.50895,2389.292,4862.348
S0218,500103008,YouBike2.0_臺北孔廟,大同區,25.07378,121.51583,2717.93,3931.932
S0219,500103009,YouBike2.0_捷運圓山站(1號出口),大同區,25.07133,121.52024,2928.583,4060.211
S0220,500103010,YouBike2.0_酒泉延平路口,大同區,25.0722,121.51057,2466.675,4014.659
S0221,500103011,YouBike2.0_重慶國中,大同區,25.07567,121.51862,2851.2,3832.973
S0222,500103012,YouBike2.0_重慶北路三段383巷口,大同區,25.07598,121.51409,2634.815,3816.742
S0223,500103013,YouBike2.0_台北數位產業園區,大同區,25.07447,121.52003,2918.552,3895.804
S0224,500103019,YouBike2.0_民權延平路口(西北側),大同區,25.06326,121.51099,2486.737,4482.747
S0225,500103020,YouBike2.0_民權迪化街口,大同區,25.06327,121.50943,2412.22,4482.223
S0226,500103021,YouBike2.0_大稻埕公園,大同區,25.05915,121.51033,2455.211,4697.942
S0227,500103022,YouBike2.0_大龍老人住宅,大同區,25.06853,121.51729,2787.67,4206.816
S0228,500103023,YouBike2.0_大龍峒社會住宅,大同區,25.0708,121.51826,2834.004,4087.961
S0229,500103024,YouBike2.0_捷運大橋頭站(2號出口),大同區,25.06314,121.51308,2586.57,4489.03
S0230,500103025,YouBike2.0_捷運大橋頭站(1A出口),大同區,25.06325,121.51162,2516.83,4483.27
S0231,500103026,YouBike2.0_捷運民權西路站(2號出口),大同區,25.06174,121.51969,2902.311,4562.332
S0232,500103027,YouBike2.0_捷運雙連站(2號出口),大同區,25.05826,121.52063,2947.212,4744.541
S0233,500103028,YouBike2.0_捷運北門站(3號出口),大同區,25.04991,121.5104,2458.555,5181.737
S0234,500103029,YouBike2.0_朝陽公園,大同區,25.05592,121.51367,2614.753,4867.061
S0235,500103030,YouBike2.0_永樂市場,大同區,25.05454,121.51052,2464.287,4939.316
S0236,500103031,YouBike2.0_大龍公園,大同區,25.07049,121.51596,2724.14,4104.192
S0237,500103032,YouBike2.0_重慶涼州街口,大同區,25.06054,121.51338,2600.901,4625.163
S0238,500103033,YouBike2.0_圓山線形公園,大同區,25.06867,121.51993,2913.775,4199.485
S0239,500103034,YouBike2.0_圓環站,大同區,25.05369,121.51418,2639.114,4983.821
S0240,500103035,YouBike2.0_重慶民族路口,大同區,25.06853,121.51359,2610.932,4206.816
S0241,500103036,YouBike2.0_承德路三段8巷口,大同區,25.06407,121.51822,2832.094,4440.336
S0242,500103037,YouBike2.0_太原廣場,大同區,25.04925,121.51468,2662.998,5216.294
S0243,500103038,YouBike2.0_國順公園,大同區,25.06594,121.51078,2476.706,4342.425
S0244,500103039,YouBike2.0_聯合醫院中興院區,大同區,25.05205,121.50818,2352.512,5069.689
S0245,500103040,YouBike2.0_蔣渭水紀念公園,大同區,25.06011,121.51729,2787.67,4647.677
S0246,500103041,YouBike2.0_迪化休閒運動公園,大同區,25.07491,121.5115,2511.098,3872.766
S0247,500103042,YouBike2.0_大同運動中心,大同區,25.06496,121.51608,2729.872,4393.737
S0248,500103043,YouBike2.0_重慶保安街口(家樂福重慶店),大同區,25.05918,121.51373,2617.619,4696.371
S0249,500103044,YouBike2.0_大稻埕碼頭,大同區,25.05662,121.50783,2335.793,4830.409
S0250,500103045,YouBike2.0_歸綏戲曲公園,大同區,25.05805,121.51353,2608.066,4755.536
S0251,500103046,YouBike2.0_民權國中(民權西路),大同區,25.06322,121.5144,2649.623,4484.841
S0252,500103047,YouBike2.0_承德民權路口,大同區,25.06247,121.51839,2840.214,4524.11
S0253,500103048,YouBike2.0_南京太原路口,大同區,25.05366,121.51638,2744.202,4985.392
S0254,500103049,YouBike2.0_承德民生西路口,大同區,25.05756,121.51828,2834.96,4781.192
S0255,500103050,YouBike2.0_太原五原路口,大同區,25.05646,121.51698,2772.862,4838.787
S0256,500103051,YouBike2.0_臺北轉運站(華陰街),大同區,25.04937,121.51914,2876.039,5210.011
S0257,500103052,YouBike2.0_捷運民權西路站(3號出口),大同區,25.06129,121.52021,2927.15,4585.894
S0258,500103053,YouBike2.0_捷運中山站(5號出口),大同區,25.05296,121.51938,2887.503,5022.043
S0259,500103054,YouBike2.0_重慶長安路口,大同區,25.0515,121.51398,2629.561,5098.487
S0260,500103055,YouBike2.0_承德昌吉街口,大同區,25.06587,121.51847,2844.035,4346.09
S0261,500103056,YouBike2.0_大同16號廣場,大同區,25.05658,121.50826,2356.333,4832.504
S0262,500103057,YouBike2.0_捷運圓山站(2號出口),大同區,25.07182,121.51929,2883.204,4034.555
S0263,500103058,YouBike2.0_樹德公園_1,大同區,25.06669,121.51615,2733.216,4303.156
S0264,500103059,YouBike2.0_承德鄭州路口(市民高架下),大同區,25.04879,121.51626,2738.47,5240.379
S0265,500103060,YouBike2.0_成淵高中,大同區,25.06036,121.51996,2915.208,4634.587
S0266,500103061,YouBike2.0_雙蓮國小,大同區,25.06157,121.51683,2765.697,4571.233
S0267,500103062,YouBike2.0_寧夏涼州街口,大同區,25.06095,121.51428,2643.891,4603.696
S0268,500103063,YouBike2.0_延平涼州街口,大同區,25.06092,121.51126,2499.634,4605.266
S0269,500103064,YouBike2.0_大同行政中心,大同區,25.06603,121.51481,2669.208,4337.713
S0270,500103065,YouBike2.0_大龍市場,大同區,25.07473,121.51451,2654.877,3882.191
S0271,500103066,YouBike2.0_南京西寧北路口(西北側),大同區,25.05348,121.50855,2370.185,4994.816
S0272,500103068,YouBike2.0_哈密街23巷19弄口,大同區,25.07563,121.51815,2828.75,3835.068
S0273,500103069,YouBike2.0_民權西路160巷口,大同區,25.06289,121.51544,2699.301,4502.119
S0274,500103070,YouBike2.0_重慶北路三段205巷口,大同區,25.06997,121.51388,2624.784,4131.419
S0275,500103071,YouBike2.0_承德路二段91巷口,大同區,25.05621,121.51847,2844.035,4851.877
S0276,500103072,YouBike2.0_酒泉庫倫街口,大同區,25.07194,121.51626,2738.47,4028.272
S0277,500103073,YouBike2.0_民族西大龍街口,大同區,25.06864,121.51559,2706.466,4201.056
S0278,500103074,YouBike2.0_承德路三段324巷口,大同區,25.07477,121.51977,2906.133,3880.096
S0279,500103075,YouBike2.0_玉泉公園(鄭州路),大同區,25.05044,121.50766,2327.673,5153.987
S0280,500103076,YouBike2.0_玉泉公園(忠孝西路),大同區,25.04888,121.50745,2317.641,5235.667
S0281,500103077,YouBike2.0_太平國小,大同區,25.06189,121.51343,2603.289,4554.478
S0282,500103078,YouBike2.0_明倫高中,大同區,25.07576,121.52011,2922.373,3828.261
S0283,500103079,YouBike2.0_伊寧重慶北路口,大同區,25.06465,121.51335,2599.468,4409.968
S0284,500103080,YouBike2.0_永樂國小,大同區,25.06174,121.50982,2430.85,4562.332
S0285,500103081,YouBike2.0_民權延平路口(西南側),大同區,25.06263,121.51107,2490.559,4515.733
S0286,500103082,YouBike2.0_捷運民權西路站(1號出口),大同區,25.06277,121.51933,2885.115,4508.403
S0287,500103083,YouBike2.0_承德路三段301巷,大同區,25.07535,121.52138,2983.038,3849.728
S0288,500103084,YouBike2.0_捷運圓山站(庫倫街61巷口),大同區,25.07197,121.51961,2898.49,4026.701
S0289,500103085,YouBike2.0_大龍國小地下停車場,大同區,25.07374,121.5173,2788.148,3934.026
S0290,500103086,YouBike2.0_捷運北門站(1號出口),大同區,25.04885,121.50988,2433.716,5237.238
S0291,500103087,YouBike2.0_重慶北路派出所,大同區,25.07553,121.5136,2611.409,3840.304
S0292,500103088,YouBike2.0_承德路三段251巷口,大同區,25.06993,121.51852,2846.424,4133.513
S0293,500103089,YouBike2.0_忠和公園,大同區,25.0581,121.50871,2377.828,4752.918
S0294,500104001,YouBike2.0_劍潭抽水站,士林區,25.08128,121.51784,2813.942,3539.24
S0295,500104002,YouBike2.0_通河東街大南路口,士林區,25.08914,121.51542,2698.346,3127.7
S0296,500104003,YouBike2.0_福港街停車場,士林區,25.08695,121.51901,2869.83,3242.366
S0297,500104004,YouBike2.0_百齡國小,士林區,25.08521,121.51918,2877.95,3333.47
S0298,500104005,YouBike2.0_雨聲街165巷口,士林區,25.10277,121.53357,3565.319,2414.049
S0299,500104006,YouBike2.0_天和公園,士林區,25.12011,121.53357,3565.319,1506.146
S0300,500104007,YouBike2.0_中山天母路口,士林區,25.11856,121.52964,3377.594,1587.302
S0301,500104008,YouBike2.0_天母運動公園,士林區,25.11633,121.53414,3592.546,1704.063
S0302,500104009,YouBike2.0_臺北市立大學(天母校區),士林區,25.11356,121.53718,3737.758,1849.097
S0303,500104010,YouBike2.0_忠誠路二段53巷,士林區,25.11127,121.53244,3511.342,1968.998
S0304,500104012,YouBike2.0_天母棒球場,士林區,25.11341,121.53195,3487.936,1856.95
S0305,500104013,YouBike2.0_天母北天玉街口,士林區,25.12011,121.52652,3228.561,1506.146
S0306,500104014,YouBike2.0_蘭興公園,士林區,25.11184,121.52589,3198.467,1939.154
S0307,500104015,YouBike2.0_明勝公園,士林區,25.08009,121.51895,2866.964,3601.547
S0308,500104016,YouBike2.0_劍潭海外青年活動中心,士林區,25.07994,121.52426,3120.607,3609.401
S0309,500104018,YouBike2.0_忠誠路一段173巷口,士林區,25.10813,121.5304,3413.897,2133.405
S0310,500104019,YouBike2.0_雨農國小,士林區,25.1054,121.5295,3370.907,2276.345
S0311,500104020,YouBike2.0_忠誠公園,士林區,25.10399,121.52593,3200.378,2350.171
S0312,500104021,YouBike2.0_芝山抽水站,士林區,25.10155,121.52832,3314.542,2477.926
S0313,500104022,YouBike2.0_至誠路一段305巷口,士林區,25.10186,121.53083,3434.437,2461.695
S0314,500104023,YouBike2.0_華齡公園,士林區,25.08302,121.52069,2950.078,3448.136
S0315,500104024,YouBike2.0_前港公園(福德宮),士林區,25.08671,121.52096,2962.975,3254.932
S0316,500104025,YouBike2.0_華齡街185巷口,士林區,25.08828,121.51985,2909.954,3172.728
S0317,500104026,YouBike2.0_前港公園(前港街),士林區,25.0848,121.52125,2976.828,3354.937
S0318,500104027,YouBike2.0_百齡高中,士林區,25.08736,121.52272,3047.046,3220.898
S0319,500104028,YouBike2.0_捷運芝山站(2號出口),士林區,25.10364,121.52219,3021.729,2368.496
S0320,500104029,YouBike2.0_臺灣戲曲中心,士林區,25.10208,121.51979,2907.088,2450.176
S0321,500104030,YouBike2.0_捷運劍潭站(2號出口),士林區,25.08388,121.52535,3172.673,3403.107
S0322,500104031,YouBike2.0_劍潭基河路口,士林區,25.08403,121.5249,3151.178,3395.253
S0323,500104032,YouBike2.0_志成公園,士林區,25.09716,121.53214,3497.012,2707.782
S0324,500104033,YouBike2.0_福林國小,士林區,25.09896,121.53025,3406.732,2613.536
S0325,500104034,YouBike2.0_中山中正路口,士林區,25.09651,121.52753,3276.806,2741.815
S0326,500104035,YouBike2.0_士林運動中心,士林區,25.08911,121.52154,2990.68,3129.27
S0327,500104036,YouBike2.0_陽明高中,士林區,25.09164,121.51706,2776.684,2996.803
S0328,500104037,YouBike2.0_兒童新樂園,士林區,25.09631,121.51449,2653.922,2752.287
S0329,500104038,YouBike2.0_臺北市立天文館,士林區,25.09598,121.51776,2810.121,2769.565
S0330,500104039,YouBike2.0_華聲公園,士林區,25.09619,121.5223,3026.983,2758.57
S0331,500104040,YouBike2.0_福林公園,士林區,25.09419,121.52833,3315.019,2863.287
S0332,500104041,YouBike2.0_捷運士林站(2號出口),士林區,25.09343,121.52642,3223.784,2903.08
S0333,500104042,YouBike2.0_銘傳大學,士林區,25.08771,121.52677,3240.503,3202.573
S0334,500104043,YouBike2.0_士林高商,士林區,25.09435,121.51702,2774.773,2854.91
S0335,500104044,YouBike2.0_蘭雅公園,士林區,25.10991,121.53039,3413.42,2040.206
S0336,500104045,YouBike2.0_聯合醫院陽明院區,士林區,25.10455,121.53195,3487.936,2320.85
S0337,500104046,YouBike2.0_捷運芝山站(1號出口),士林區,25.10225,121.52286,3053.733,2441.275
S0338,500104047,YouBike2.0_至誠公園,士林區,25.10143,121.53585,3674.228,2484.209
S0339,500104048,YouBike2.0_原住民文化主題公園,士林區,25.10113,121.55159,4426.083,2499.917
S0340,500104050,YouBike2.0_梅林新村,士林區,25.09755,121.54036,3889.658,2687.362
S0341,500104051,YouBike2.0_延平北中正路口,士林區,25.08678,121.50948,2414.609,3251.267
S0342,500104052,YouBike2.0_重慶北路四段190巷口,士林區,25.08505,121.51166,2518.741,3341.847
S0343,500104053,YouBike2.0_重慶北葫東街口,士林區,25.08393,121.51169,2520.174,3400.489
S0344,500104054,YouBike2.0_葫蘆國小,士林區,25.08254,121.5075,2320.03,3473.268
S0345,500104055,YouBike2.0_士林3號廣場,士林區,25.10459,121.52417,3116.308,2318.755
S0346,500104056,YouBike2.0_社正公園,士林區,25.08824,121.51054,2465.242,3174.823
S0347,500104057,YouBike2.0_社子國小,士林區,25.09186,121.50292,2101.256,2985.284
S0348,500104058,YouBike2.0_社中街384巷口,士林區,25.09346,121.50376,2141.381,2901.509
S0349,500104059,YouBike2.0_忠誠路一段138號,士林區,25.10641,121.52944,3368.041,2223.462
S0350,500104060,YouBike2.0_社子公園,士林區,25.0902,121.50622,2258.888,3072.199
S0351,500104061,YouBike2.0_國立故宮博物院,士林區,25.09833,121.54788,4248.867,2646.522
S0352,500104062,YouBike2.0_泰北高中,士林區,25.09763,121.53402,3586.814,2683.173
S0353,500104063,YouBike2.0_後港公園,士林區,25.09312,121.51419,2639.592,2919.311
S0354,500104064,YouBike2.0_重慶北路四段117號,士林區,25.08279,121.51219,2544.058,3460.178
S0355,500104065,YouBike2.0_社子島島頭公園,士林區,25.10893,121.46639,356.323,2091.518
S0356,500104066,YouBike2.0_延平北路八段133巷口,士林區,25.10304,121.48297,1148.302,2399.912
S0357,500104067,YouBike2.0_坤天亭,士林區,25.1064,121.4836,1178.395,2223.986
S0358,500104068,YouBike2.0_社子島濕地解說小築,士林區,25.11314,121.48974,1471.686,1871.087
S0359,500104069,YouBike2.0_福安國中,士林區,25.10261,121.48819,1397.646,2422.426
S0360,500104070,YouBike2.0_福安消防分隊,士林區,25.09669,121.49706,1821.341,2732.39
S0361,500104071,YouBike2.0_聖山綠地,士林區,25.10696,121.53234,3506.565,2194.665
S0362,500104072,YouBike2.0_芝山國小,士林區,25.11044,121.53595,3679.005,2012.456
S0363,500104073,YouBike2.0_士林新天地,士林區,25.08899,121.51751,2798.179,3135.553
S0364,500104074,YouBike2.0_蘭雅國小,士林區,25.10775,121.52312,3066.153,2153.301
S0365,500104075,YouBike2.0_中正基河路口,士林區,25.09382,121.51921,2879.383,2882.66
S0366,500104076,YouBike2.0_福林公園(福林路),士林區,25.09587,121.53123,3453.544,2775.325
S0367,500104077,YouBike2.0_至善臨溪路口,士林區,25.09709,121.54229,3981.848,2711.447
S0368,500104078,YouBike2.0_市立圖書館葫蘆堵分館,士林區,25.08217,121.51074,2474.795,3492.641
S0369,500104079,YouBike2.0_東山路110巷口,士林區,25.11306,121.53945,3846.19,1875.276
S0370,500104080,YouBike2.0_永平社會住宅,士林區,25.08887,121.50314,2111.765,3141.837
S0371,500104081,YouBike2.0_雨農橋,士林區,25.10012,121.53253,3515.641,2552.799
S0372,500104082,YouBike2.0_通河街76巷/承德路四段10巷口,士林區,25.08019,121.5202,2926.672,3596.311
S0373,500104083,YouBike2.0_芝山聖佑宮,士林區,25.10455,121.53025,3406.732,2320.85
S0374,500104084,YouBike2.0_至誠雨聲街口,士林區,25.10199,121.52927,3359.92,2454.888
S0375,500104085,YouBike2.0_捷運線型公園(後街),士林區,25.09812,121.52449,3131.593,2657.517
S0376,500104086,YouBike2.0_天母公園,士林區,25.12408,121.53003,3396.223,1298.281
S0377,500104087,YouBike2.0_基河文林路口,士林區,25.08637,121.5247,3141.625,3272.734
S0378,500104088,YouBike2.0_文林福華路口,士林區,25.10094,121.52243,3033.193,2509.865
S0379,500104089,YouBike2.0_劍潭海外青年活動中心_1,士林區,25.0796,121.5237,3093.857,3627.203
S0380,500104090,YouBike2.0_社子國小_1,士林區,25.09029,121.50189,2052.056,3067.487
S0381,500104091,YouBike2.0_捷運劍潭站(1號出口),士林區,25.08577,121.52531,3170.763,3304.149
S0382,500104092,YouBike2.0_德行東山路口,士林區,25.1107,121.53999,3871.984,1998.843
S0383,500104094,YouBike2.0_重慶北通河西街口,士林區,25.08756,121.51177,2523.996,3210.427
S0384,500104095,YouBike2.0_葫蘆國小(延平北路五段285巷),士林區,25.08406,121.5067,2281.816,3393.683
S0385,500104096,YouBike2.0_社子市場,士林區,25.0881,121.50873,2378.783,3182.153
S0386,500104097,YouBike2.0_士林區農會社子分部,士林區,25.08912,121.5049,2195.835,3128.747
S0387,500104098,YouBike2.0_承德劍潭路口,士林區,25.0841,121.52341,3080.005,3391.588
S0388,500104099,YouBike2.0_文林路101巷口,士林區,25.08761,121.52608,3207.543,3207.809
S0389,500104100,YouBike2.0_延平北路五段257巷15弄口,士林區,25.08408,121.50959,2419.863,3392.635
S0390,500104101,YouBike2.0_延平北路五段257巷4弄口,士林區,25.08471,121.5089,2386.904,3359.649
S0391,500104102,YouBike2.0_啟明學校,士林區,25.11742,121.53472,3620.251,1646.991
S0392,500104103,YouBike2.0_中山福國路口,士林區,25.10203,121.52561,3185.093,2452.794
S0393,500104104,YouBike2.0_德行公園,士林區,25.10585,121.52376,3096.723,2252.783
S0394,500104105,YouBike2.0_承德後港街口,士林區,25.08238,121.52309,3064.719,3481.645
S0395,500104106,YouBike2.0_中山北路五段698巷口,士林區,25.09765,121.52757,3278.716,2682.126
S0396,500104107,YouBike2.0_捷運士林站(1號出口),士林區,25.09643,121.52519,3165.03,2746.004
S0397,500104108,YouBike2.0_捷運芝山站(2號出口)_1,士林區,25.10336,121.52263,3042.747,2383.157
S0398,500104109,YouBike2.0_銘傳大學(中山北路五段280巷口),士林區,25.08762,121.52711,3256.743,3207.285
S0399,500104110,YouBike2.0_海光公園南側,士林區,25.08036,121.5084,2363.02,3587.41
S0400,500104111,YouBike2.0_士商路40巷口,士林區,25.09013,121.52054,2942.913,3075.864
S0401,500104112,YouBike2.0_劍潭郵局,士林區,25.08182,121.52431,3122.995,3510.966
S0402,500104113,YouBike2.0_士東路91巷口,士林區,25.11247,121.52914,3353.711,1906.168
S0403,500104114,YouBike2.0_美崙公園,士林區,25.09677,121.51931,2884.16,2728.202
S0404,500104115,YouBike2.0_臺北市立大學(忠誠路二段207巷),士林區,25.11642,121.53743,3749.7,1699.35
S0405,500104116,YouBike2.0_天母東路8巷/忠誠路二段154巷口,士林區,25.11579,121.53113,3448.767,1732.336
S0406,500104117,YouBike2.0_美崙公園(東北側),士林區,25.09886,121.51835,2838.303,2618.772
S0407,500104118,YouBike2.0_福安河濱公園,士林區,25.09646,121.49358,1655.111,2744.433
S0408,500104119,YouBike2.0_忠誠忠義街口(北側),士林區,25.10566,121.52922,3357.532,2262.731
S0409,500104120,YouBike2.0_忠誠忠義街口(南側),士林區,25.10519,121.52869,3332.215,2287.34
S0410,500104121,YouBike2.0_士林國小,士林區,25.09204,121.52472,3142.58,2975.859
S0411,500104122,YouBike2.0_雙溪濕地公園,士林區,25.09762,121.51321,2592.78,2683.697
S0412,500104123,YouBike2.0_劍潭海外青年活動中心(志清大樓),士林區,25.07793,121.52357,3087.648,3714.642
S0413,500104124,YouBike2.0_天和一號公園,士林區,25.11836,121.53466,3617.385,1597.774
S0414,500104125,YouBike2.0_忠誠路二段178巷口,士林區,25.11633,121.53295,3535.703,1704.063
S0415,500104126,YouBike2.0_克強磺溪街口,士林區,25.10893,121.52319,3069.496,2091.518
S0416,500104128,YouBike2.0_蘭雅公園(西側),士林區,25.10985,121.52859,3327.439,2043.348
S0417,500104129,YouBike2.0_福林路100巷77弄口,士林區,25.09441,121.53285,3530.927,2851.769
S0418,500104130,YouBike2.0_福林路100巷11弄口,士林區,25.09601,121.53262,3519.94,2767.994
S0419,500104131,YouBike2.0_重慶北路四段190巷口(通河西街側),士林區,25.0848,121.51253,2560.299,3354.937
S0420,500104132,YouBike2.0_承德區民活動中心,士林區,25.07892,121.52157,2992.113,3662.807
S0421,500104133,YouBike2.0_福林路255巷口,士林區,25.09854,121.53528,3647.001,2635.526
S0422,500104134,YouBike2.0_中山北路五段378巷口,士林區,25.09064,121.52765,3282.538,3049.161
S0423,500104135,YouBike2.0_中山北路六段405巷,士林區,25.11576,121.52693,3248.145,1733.907
S0424,500104136,YouBike2.0_圓山育樂中心,士林區,25.08248,121.52548,3178.883,3476.41
S0425,500104137,YouBike2.0_至善公園,士林區,25.09862,121.53749,3752.566,2631.338
S0426,500104138,YouBike2.0_社子島抽水站,士林區,25.10844,121.49552,1747.78,2117.174
S0427,500104139,YouBike2.0_中山北路六段427巷口,士林區,25.11383,121.52698,3250.534,1834.96
S0428,500104140,YouBike2.0_士林分局,士林區,25.09033,121.52687,3245.279,3065.393
S0429,500104141,YouBike2.0_忠誠路二段98巷口,士林區,25.113,121.53128,3455.932,1878.417
S0430,500104142,YouBike2.0_東吳大學,士林區,25.095,121.54521,4121.329,2820.877
S0431,500104143,YouBike2.0_福志公園,士林區,25.10022,121.53438,3604.01,2547.564
S0432,500104144,YouBike2.0_德行東路331巷口,士林區,25.1106,121.53759,3757.343,2004.079
S0433,500104145,YouBike2.0_天母北路87巷9弄,士林區,25.12207,121.52731,3266.297,1403.523
S0434,500104146,YouBike2.0_重慶北路四段108號(通河西街側),士林區,25.08294,121.51293,2579.405,3452.325
S0435,500104147,YouBike2.0_臺灣戲曲中心(文林德行西路口),士林區,25.10288,121.5197,2902.789,2408.289
S0436,500104148,YouBike2.0_中山北路六段252巷口,士林區,25.10926,121.52544,3176.972,2074.24
S0437,500104149,YouBike2.0_志成中正路口,士林區,25.09655,121.53016,3402.433,2739.721
S0438,500104150,YouBike2.0_承德中正路口,士林區,25.09076,121.51708,2777.639,3042.878
S0439,500104151,YouBike2.0_士商中正路口(西南側),士林區,25.09149,121.51934,2885.593,3004.656
S0440,500104152,YouBike2.0_天母公園平面停車場,士林區,25.12518,121.53063,3424.884,1240.687
S0441,500104153,YouBike2.0_通河東街福港街262巷口,士林區,25.08407,121.51617,2734.171,3393.159
S0442,500104154,YouBike2.0_明安宮,士林區,25.10188,121.49616,1778.351,2460.648
S0443,500105001,YouBike2.0_台北花木批發市場,文山區,25.00402,121.54074,3907.809,7584.485
S0444,500105002,YouBike2.0_捷運萬隆站(4號出口),文山區,25.0027,121.53861,3806.065,7653.599
S0445,500105003,YouBike2.0_捷運萬隆站(1號出口),文山區,25.00115,121.53916,3832.337,7734.755
S0446,500105004,YouBike2.0_萬和二號公園,文山區,25.00154,121.5364,3700.5,7714.335
S0447,500105005,YouBike2.0_捷運萬隆站(2號出口),文山區,25.00144,121.53983,3864.341,7719.571
S0448,500105006,YouBike2.0_景仁公園,文山區,24.99621,121.54043,3893.002,7993.408
S0449,500105007,YouBike2.0_捷運景美站(2號出口),文山區,24.99366,121.54124,3931.693,8126.923
S0450,500105008,YouBike2.0_羅斯福景隆街口,文山區,24.99898,121.5403,3886.792,7848.374
S0451,500105009,YouBike2.0_景福街/羅斯福路6段142巷口,文山區,24.998336212959,121.53686287812,3722.61,7882.082
S0452,500105010,YouBike2.0_興旺公園,文山區,25.00587,121.55012,4355.865,7487.621
S0453,500105011,YouBike2.0_興福國中,文山區,25.00465,121.54916,4310.009,7551.499
S0454,500105012,YouBike2.0_興隆路2段203巷,文山區,25.00346,121.54709,4211.131,7613.806
S0455,500105013,YouBike2.0_景美運動公園,文山區,25.00219,121.54454,4089.325,7680.302
S0456,500105014,YouBike2.0_景美醫院,文山區,24.99136,121.54008,3876.283,8247.348
S0457,500105015,YouBike2.0_師範大學公館校區,文山區,25.00792,121.53731,3743.968,7380.286
S0458,500105016,YouBike2.0_景華街128巷口,文山區,24.99543,121.54725,4218.773,8034.248
S0459,500105017,YouBike2.0_仙跡岩登山口(景興路),文山區,24.99118,121.5436,4044.423,8256.773
S0460,500105018,YouBike2.0_國立政治大學,文山區,24.98737,121.57726,5652.265,8456.26
S0461,500105019,YouBike2.0_捷運動物園站,文山區,24.99873,121.57985,5775.982,7861.463
S0462,500105020,YouBike2.0_捷運木柵站,文山區,24.99798,121.57455,5522.816,7900.732
S0463,500105021,YouBike2.0_捷運萬芳社區站,文山區,24.99886,121.56769,5195.134,7854.657
S0464,500105022,YouBike2.0_文山運動中心,文山區,24.99676,121.5596,4808.698,7964.61
S0465,500105023,YouBike2.0_捷運辛亥站,文山區,25.00467,121.55684,4676.86,7550.452
S0466,500105024,YouBike2.0_興豐公園,文山區,24.99982,121.54761,4235.97,7804.392
S0467,500105025,YouBike2.0_木柵光輝路口,文山區,24.98816,121.55528,4602.344,8414.896
S0468,500105026,YouBike2.0_考試院,文山區,24.98747,121.54984,4342.49,8451.024
S0469,500105027,YouBike2.0_和興路26巷口,文山區,24.98573,121.54532,4126.583,8542.128
S0470,500105028,YouBike2.0_世新大學,文山區,24.98859,121.54336,4032.959,8392.382
S0471,500105029,YouBike2.0_一壽橋,文山區,24.97837,121.55548,4611.897,8927.49
S0472,500105030,YouBike2.0_臺北市立景美女中,文山區,24.98058,121.55624,4648.2,8811.776
S0473,500105031,YouBike2.0_永安藝文館_表演36房,文山區,24.98414,121.56907,5261.052,8625.379
S0474,500105032,YouBike2.0_忠順區民活動中心,文山區,24.98471,121.56332,4986.391,8595.534
S0475,500105033,YouBike2.0_景文中學,文山區,24.98574,121.56745,5183.67,8541.605
S0476,500105034,YouBike2.0_老泉街籃球場,文山區,24.97619,121.5583,4746.6,9041.632
S0477,500105035,YouBike2.0_文山行政中心,文山區,24.98959,121.56959,5285.891,8340.023
S0478,500105036,YouBike2.0_木柵公園,文山區,24.98718,121.56059,4855.987,8466.208
S0479,500105037,YouBike2.0_興隆公共住宅D2區,文山區,24.98814,121.56356,4997.855,8415.944
S0480,500105038,YouBike2.0_木新路3段95巷口,文山區,24.98088,121.56313,4977.316,8796.069
S0481,500105039,YouBike2.0_樟腳里公園,文山區,24.98181,121.56567,5098.644,8747.375
S0482,500105040,YouBike2.0_實踐國中,文山區,24.98301,121.55404,4543.112,8684.544
S0483,500105041,YouBike2.0_指南路3段2巷,文山區,24.98537,121.57959,5763.563,8560.978
S0484,500105042,YouBike2.0_萊茵公園,文山區,24.98642,121.56514,5073.328,8506.001
S0485,500105043,YouBike2.0_木柵社會住宅,文山區,24.98935,121.56651,5138.769,8352.589
S0486,500105044,YouBike2.0_秀明路一段185巷口,文山區,24.99151,121.56836,5227.138,8239.494
S0487,500105045,YouBike2.0_秀明路一段129巷口,文山區,24.99111,121.56703,5163.607,8260.438
S0488,500105046,YouBike2.0_恆光橋(老泉街),文山區,24.97989,121.56753,5187.491,8847.904
S0489,500105047,YouBike2.0_萬有3號公園,文山區,24.99889,121.5433,4030.093,7853.086
S0490,500105048,YouBike2.0_捷運萬芳醫院站(興隆路三段115巷),文山區,24.99939,121.55848,4755.198,7826.906
S0491,500105049,YouBike2.0_興得閱覽室,文山區,24.99579,121.55498,4588.013,8015.398
S0492,500105050,YouBike2.0_辛亥生態公園,文山區,25.00348,121.55642,4656.798,7612.759
S0493,500105051,YouBike2.0_博嘉運動公園,文山區,25.00079,121.57534,5560.552,7753.604
S0494,500105053,YouBike2.0_仙岩公園,文山區,24.99797,121.54982,4341.535,7901.256
S0495,500105054,YouBike2.0_政大一街口,文山區,24.98543,121.58006,5786.013,8557.836
S0496,500105055,YouBike2.0_文山第二行政中心,文山區,25.00115,121.55142,4417.962,7734.755
S0497,500105056,YouBike2.0_移民署訓練中心,文山區,24.99271,121.55865,4763.319,8176.664
S0498,500105057,YouBike2.0_海巡署(南側),文山區,24.99472,121.55949,4803.443,8071.422
S0499,500105058,YouBike2.0_明道國小東南側,文山區,24.98695,121.56456,5045.623,8478.251
S0500,500105059,YouBike2.0_木南公園,文山區,24.98662,121.57071,5339.39,8495.529
S0501,500105060,YouBike2.0_實踐國中(木新路三段310巷口),文山區,24.98339,121.55645,4658.231,8664.648
S0502,500105061,YouBike2.0_師範大學公館校區_1,文山區,25.00753,121.53719,3738.236,7400.705
S0503,500105063,YouBike2.0_政大水岸電梯,文山區,24.982,121.5717,5386.68,8737.427
S0504,500105064,YouBike2.0_敦南山林,文山區,25.00264,121.5768,5630.292,7656.74
S0505,500105066,YouBike2.0_景美污水抽水站,文山區,25.01076,121.53637,3699.067,7231.586
S0506,500105067,YouBike2.0_萬和三號公園(北側),文山區,25.00345,121.53636,3698.589,7614.33
S0507,500105068,YouBike2.0_景興國中,文山區,24.99609,121.54284,4008.12,7999.691
S0508,500105069,YouBike2.0_景仁公園_1,文山區,24.9966,121.5403,3886.792,7972.988
S0509,500105070,YouBike2.0_師大公館校區學二舍,文山區,25.00825,121.53419,3594.935,7363.007
S0510,500105071,YouBike2.0_景行公園,文山區,24.99279,121.54255,3994.268,8172.475
S0511,500105072,YouBike2.0_萬興國小,文山區,24.98939,121.57682,5631.248,8350.495
S0512,500105073,YouBike2.0_辛亥路四段77巷口,文山區,25.00743,121.55877,4769.051,7405.941
S0513,500105074,YouBike2.0_景興路42巷口,文山區,24.99696,121.54454,4089.325,7954.139
S0514,500105075,YouBike2.0_木柵路三段48巷,文山區,24.98768,121.56565,5097.689,8440.029
S0515,500105076,YouBike2.0_木柵路二段109巷,文山區,24.98944,121.56195,4920.95,8347.877
S0516,500105077,YouBike2.0_試院公園,文山區,24.98808,121.54723,4217.818,8419.085
S0517,500105079,YouBike2.0_樟樹公園,文山區,24.9825,121.55949,4803.443,8711.247
S0518,500105080,YouBike2.0_萬美萬安街口,文山區,25.00223,121.57039,5324.105,7678.207
S0519,500105081,YouBike2.0_興隆路二段203巷(敦南),文山區,25.00198,121.54856,4281.348,7691.297
S0520,500105082,YouBike2.0_新光秀明路口,文山區,24.99197,121.57371,5482.692,8215.409
S0521,500105083,YouBike2.0_光輝路134巷口,文山區,24.98532,121.55831,4747.078,8563.596
S0522,500105084,YouBike2.0_光輝公園,文山區,24.98655,121.5552,4598.522,8499.194
S0523,500105085,YouBike2.0_木新公園,文山區,24.98217,121.55782,4723.672,8728.526
S0524,500105086,YouBike2.0_興隆路二段275巷1弄口,文山區,25.00268,121.55277,4482.448,7654.646
S0525,500105087,YouBike2.0_中國科技大學,文山區,24.99925,121.55553,4614.285,7834.237
S0526,500105089,YouBike2.0_仙岩路22巷口,文山區,24.99892,121.54887,4296.156,7851.515
S0527,500105090,YouBike2.0_木柵萬芳路口,文山區,24.99509,121.57199,5400.532,8052.05
S0528,500105091,YouBike2.0_福興路78巷,文山區,25.00437,121.55048,4373.061,7566.159
S0529,500105092,YouBike2.0_辛亥木柵路口,文山區,24.98839,121.55238,4463.819,8402.854
S0530,500105093,YouBike2.0_興泰公園,文山區,25.00492,121.55582,4628.138,7537.362
S0531,500105094,YouBike2.0_興岩社會福利綜合大樓,文山區,25.00061,121.54941,4321.95,7763.029
S0532,500105095,YouBike2.0_興隆路二段22巷9弄口,文山區,24.99746,121.54543,4131.837,7927.959
S0533,500105096,YouBike2.0_木新路三段155巷口,文山區,24.98184,121.56125,4887.513,8745.804
S0534,500105097,YouBike2.0_景興路102巷口,文山區,24.99438,121.54376,4052.066,8089.224
S0535,500105098,YouBike2.0_景福街223巷,文山區,24.99442,121.53844,3797.945,8087.13
S0536,500105100,YouBike2.0_達賢圖書館,文山區,24.9884,121.57786,5680.925,8402.33
S0537,500105101,YouBike2.0_捷運木柵站(西側),文山區,24.9983,121.57279,5438.746,7883.978
S0538,500105102,YouBike2.0_世新大學(試院路),文山區,24.98981,121.54783,4246.478,8328.504
S0539,500105103,YouBike2.0_興隆社會住宅D1區,文山區,24.98783,121.55831,4747.078,8432.175
S0540,500105104,YouBike2.0_名門社區,文山區,25.00516,121.56757,5189.402,7524.796
S0541,500105106,YouBike2.0_政大國際會館,文山區,24.98994,121.57513,5550.521,8321.698
S0542,500105107,YouBike2.0_萬芳出租國宅,文山區,25.00335,121.5655,5090.524,7619.565
S0543,500105108,YouBike2.0_景美國小,文山區,24.9893,121.53976,3860.998,8355.207
S0544,500105109,YouBike2.0_景文街142巷口,文山區,24.98826,121.54065,3903.51,8409.661
S0545,500105110,YouBike2.0_保儀路142巷,文山區,24.98327,121.56515,5073.805,8670.931
S0546,500105111,YouBike2.0_和興水岸社會住宅,文山區,24.98505,121.54953,4327.683,8577.732
S0547,500105112,YouBike2.0_萬芳路107巷口,文山區,24.99715,121.56179,4913.308,7944.19
S0548,500105113,YouBike2.0_考選部國家考場,文山區,24.98703,121.54884,4294.723,8474.062
S0549,500105114,YouBike2.0_明道國小(明道國宅),文山區,24.98686,121.56301,4971.584,8482.963
S0550,500105115,YouBike2.0_興隆社會住宅A區,文山區,24.988,121.56018,4836.403,8423.274
S0551,500105116,YouBike2.0_景興路177巷,文山區,24.99275,121.54479,4101.266,8174.569
S0552,500105117,YouBike2.0_捷運景美站(1號出口),文山區,24.99274,121.5409,3915.452,8175.093
S0553,500105118,YouBike2.0_秀明路二段92巷口,文山區,24.99155,121.57635,5608.797,8237.4
S0554,500105119,YouBike2.0_樟新社會住宅,文山區,24.97735,121.55603,4638.169,8980.896
S0555,500105120,YouBike2.0_忠順路二段57巷口,文山區,24.98484,121.56456,5045.623,8588.728
S0556,500105121,YouBike2.0_景豐公園,文山區,24.99984,121.54489,4106.043,7803.345
S0557,500105122,YouBike2.0_樟新區民活動中心,文山區,24.97942,121.55656,4663.486,8872.513
S0558,500105123,YouBike2.0_貓空纜車動物園站,文山區,24.99645,121.57603,5593.512,7980.842
S0559,500105124,YouBike2.0_保儀公園(興隆路四段195巷),文山區,24.98326,121.56307,4974.45,8671.455
S0560,500105125,YouBike2.0_景新大樓,文山區,24.99005,121.54236,3985.192,8315.938
S0561,500105126,YouBike2.0_文山溪洲福德宮,文山區,25.00622,121.53421,3595.89,7469.296
S0562,500106001,YouBike2.0_臺北自來水事業處,中正區,25.013741,121.53068,3427.272,7075.505
S0563,500106003,YouBike2.0_捷運公館站(1號出口),中正區,25.014529,121.534374,3603.724,7034.246
S0564,500106004,YouBike2.0_捷運公館站(4號出口),中正區,25.015069,121.533828,3577.643,7005.972
S0565,500106005,YouBike2.0_捷運古亭站(9號出口),中正區,25.02694,121.52224,3024.117,6384.42
S0566,500106006,YouBike2.0_捷運古亭站(2號出口),中正區,25.0255,121.52346,3082.393,6459.817
S0567,500106007,YouBike2.0_捷運臺電大樓站(1號出口),中正區,25.0197,121.529,3347.023,6763.498
S0568,500106008,YouBike2.0_客家文化主題公園,中正區,25.02069,121.52456,3134.937,6711.663
S0569,500106009,YouBike2.0_河堤國小,中正區,25.02277,121.52289,3055.166,6602.757
S0570,500106010,YouBike2.0_紀州庵,中正區,25.02092,121.52049,2940.525,6699.62
S0571,500106011,YouBike2.0_捷運臺電大樓站(5號出口),中正區,25.02075,121.52771,3285.404,6708.521
S0572,500106012,YouBike2.0_捷運臺電大樓站(4號出口),中正區,25.02102,121.52751,3275.85,6694.385
S0573,500106013,YouBike2.0_羅斯福三段金門街口,中正區,25.02345,121.52498,3154.999,6567.153
S0574,500106014,YouBike2.0_牯嶺公園,中正區,25.02338,121.51889,2864.098,6570.818
S0575,500106015,YouBike2.0_捷運古亭站(8號出口),中正區,25.02701,121.52164,2995.457,6380.755
S0576,500106016,YouBike2.0_捷運古亭站(7號出口),中正區,25.02805,121.52155,2991.158,6326.302
S0577,500106017,YouBike2.0_南昌公園,中正區,25.02698,121.52081,2955.81,6382.326
S0578,500106018,YouBike2.0_和平重慶路口,中正區,25.02723,121.51659,2754.233,6369.236
S0579,500106019,YouBike2.0_孫立人將軍官邸,中正區,25.02933,121.51854,2847.379,6259.283
S0580,500106020,YouBike2.0_羅斯福路二段6巷口,中正區,25.02923,121.52058,2944.824,6264.518
S0581,500106021,YouBike2.0_金華杭州南路口,中正區,25.031,121.52211,3017.908,6171.843
S0582,500106022,YouBike2.0_捷運中正紀念堂站(3號出口),中正區,25.03239,121.51866,2853.111,6099.064
S0583,500106023,YouBike2.0_捷運中正紀念堂站(4號出口),中正區,25.03376,121.51772,2808.21,6027.333
S0584,500106025,YouBike2.0_螢橋國小,中正區,25.02609,121.51389,2625.262,6428.925
S0585,500106026,YouBike2.0_古亭智慧圖書館,中正區,25.02543,121.51052,2464.287,6463.482
S0586,500106027,YouBike2.0_永昌公園,中正區,25.02643,121.50936,2408.877,6411.123
S0587,500106028,YouBike2.0_中華路二段409巷口,中正區,25.02598,121.50806,2346.779,6434.685
S0588,500106029,YouBike2.0_南機場夜市(中華路二段),中正區,25.02886,121.50518,2209.21,6283.891
S0589,500106030,YouBike2.0_南海和平路口西南側,中正區,25.03024,121.50904,2393.591,6211.636
S0590,500106031,YouBike2.0_莒光和平路口,中正區,25.03132,121.50745,2317.641,6155.088
S0591,500106037,YouBike2.0_水源路11_1號旁,中正區,25.01602,121.52565,3187.003,6956.179
S0592,500106038,YouBike2.0_南門國中,中正區,25.03543,121.50834,2360.154,5939.894
S0593,500106039,YouBike2.0_捷運小南門站(2號出口),中正區,25.03567,121.51006,2442.314,5927.327
S0594,500106040,YouBike2.0_介壽公園,中正區,25.03907,121.5138,2620.963,5749.307
S0595,500106041,YouBike2.0_中華貴陽街口,中正區,25.03938,121.50772,2330.539,5733.076
S0596,500106042,YouBike2.0_華山文創園區,中正區,25.04367,121.52849,3322.662,5508.457
S0597,500106043,YouBike2.0_捷運善導寺站(1號出口),中正區,25.04527,121.5222,3022.207,5424.682
S0598,500106044,YouBike2.0_濟南紹興路口,中正區,25.04193,121.52459,3136.37,5599.561
S0599,500106046,YouBike2.0_林森仁愛路口,中正區,25.03915,121.52163,2994.979,5745.119
S0600,500106047,YouBike2.0_中正運動中心,中正區,25.03786,121.51985,2909.954,5812.662
S0601,500106048,YouBike2.0_信義杭州路口,中正區,25.0357,121.5241,3112.964,5925.757
S0602,500106049,YouBike2.0_捷運善導寺站(3號出口),中正區,25.04428,121.52336,3077.617,5476.518
S0603,500106050,YouBike2.0_捷運小南門站(1號出口),中正區,25.03648,121.50951,2416.042,5884.917
S0604,500106051,YouBike2.0_延平南路133巷口,中正區,25.03792,121.50846,2365.886,5809.52
S0605,500106052,YouBike2.0_捷運西門站(2號出口),中正區,25.0416,121.50842,2363.976,5616.839
S0606,500106053,YouBike2.0_寶慶博愛路口,中正區,25.04129,121.5112,2496.768,5633.071
S0607,500106054,YouBike2.0_法務部,中正區,25.03705,121.51249,2558.388,5855.072
S0608,500106055,YouBike2.0_臺北市立大學(博愛校區),中正區,25.03545,121.51327,2595.646,5938.846
S0609,500106056,YouBike2.0_國家圖書館,中正區,25.03763,121.51709,2778.117,5824.704
S0610,500106057,YouBike2.0_市民金山路口,中正區,25.0459,121.53068,3427.272,5391.696
S0611,500106058,YouBike2.0_聯合醫院和平院區,中正區,25.03516,121.50641,2267.964,5954.03
S0612,500106059,YouBike2.0_中山堂,中正區,25.04412,121.51025,2451.389,5484.895
S0613,500106060,YouBike2.0_中華漢口街口,中正區,25.04533,121.50944,2412.698,5421.541
S0614,500106061,YouBike2.0_中華路一段21巷口,中正區,25.04677,121.50989,2434.193,5346.144
S0615,500106062,YouBike2.0_捷運臺大醫院站(4號出口),中正區,25.04297,121.51643,2746.59,5545.108
S0616,500106063,YouBike2.0_寶藏巖觀音亭,中正區,25.01027,121.5331,3542.869,7257.242
S0617,500106064,YouBike2.0_師大水源路口,中正區,25.0203,121.52302,3061.376,6732.083
S0618,500106065,YouBike2.0_中山徐州路口,中正區,25.04178,121.51907,2872.696,5607.415
S0619,500106066,YouBike2.0_信義連雲街口,中正區,25.03377,121.53041,3414.375,6026.809
S0620,500106067,YouBike2.0_臺北轉運站,中正區,25.04842,121.51994,2914.253,5259.752
S0621,500106068,YouBike2.0_莒光大埔街口,中正區,25.03132,121.50519,2209.688,6155.088
S0622,500106069,YouBike2.0_捷運忠孝新生站(2號出口),中正區,25.04235,121.53222,3500.833,5577.57
S0623,500106070,YouBike2.0_光華商場,中正區,25.04478,121.53274,3525.672,5450.338
S0624,500106071,YouBike2.0_中山青島路口,中正區,25.04503,121.51968,2901.834,5437.249
S0625,500106072,YouBike2.0_捷運中正紀念堂站(5號出口),中正區,25.03526,121.5168,2764.264,5948.795
S0626,500106073,YouBike2.0_北平東杭州北路口,中正區,25.04553,121.52736,3268.685,5411.069
S0627,500106074,YouBike2.0_王貫英先生紀念圖書館,中正區,25.02266,121.52362,3090.036,6608.516
S0628,500106075,YouBike2.0_金山信義路口,中正區,25.03443,121.52721,3261.52,5992.252
S0629,500106077,YouBike2.0_林森徐州路口,中正區,25.04094,121.52215,3019.818,5651.396
S0630,500106078,YouBike2.0_徐州杭州路口,中正區,25.04023,121.52565,3187.003,5688.571
S0631,500106079,YouBike2.0_捷運中正紀念堂站(6號出口),中正區,25.03615,121.5166,2754.711,5902.195
S0632,500106080,YouBike2.0_捷運臺北車站(M2出口),中正區,25.04821,121.51903,2870.785,5270.747
S0633,500106083,YouBike2.0_臺北市國父史蹟館(逸仙公園),中正區,25.04779,121.52042,2937.181,5292.738
S0634,500106084,YouBike2.0_捷運西門站(5號出口),中正區,25.04244,121.50864,2374.484,5572.858
S0635,500106085,YouBike2.0_弘道國中,中正區,25.03828,121.51524,2689.747,5790.671
S0636,500106086,YouBike2.0_臺北市第一女子高級中學,中正區,25.0385,121.51288,2577.017,5779.152
S0637,500106087,YouBike2.0_台北市替代役中心,中正區,25.01808,121.5275,3275.373,6848.32
S0638,500106088,YouBike2.0_紹興徐州路口,中正區,25.04051,121.52401,3108.665,5673.911
S0639,500106089,YouBike2.0_羅斯福寧波東街口,中正區,25.03145,121.51941,2888.936,6148.282
S0640,500106090,YouBike2.0_自來水園區,中正區,25.01328,121.53004,3396.701,7099.642
S0641,500106091,YouBike2.0_仁愛林森路口,中正區,25.03895,121.52233,3028.416,5755.59
S0642,500106092,YouBike2.0_捷運西門站(3號出口),中正區,25.04178,121.50869,2376.873,5607.415
S0643,500106093,YouBike2.0_仁愛金山路口,中正區,25.0384,121.52801,3299.734,5784.388
S0644,500106094,YouBike2.0_杭州南路一段101巷口,中正區,25.03746,121.52799,3298.778,5833.605
S0645,500106095,YouBike2.0_仁愛杭州路口,中正區,25.03846,121.52497,3154.522,5781.246
S0646,500106096,YouBike2.0_龍興里活動中心,中正區,25.02815,121.51108,2491.036,6321.066
S0647,500106097,YouBike2.0_植物園,中正區,25.0299,121.51033,2455.211,6229.438
S0648,500106098,YouBike2.0_郵政博物館,中正區,25.03158,121.51464,2661.087,6141.475
S0649,500106099,YouBike2.0_林森北平路口,中正區,25.04659,121.52377,3097.201,5355.569
S0650,500106100,YouBike2.0_北平紹興路口,中正區,25.04597,121.52579,3193.691,5388.031
S0651,500106101,YouBike2.0_天津北平路口,中正區,25.04692,121.52208,3016.475,5338.29
S0652,500106102,YouBike2.0_捷運忠孝新生站(1號出口),中正區,25.04272,121.53207,3493.668,5558.197
S0653,500106103,YouBike2.0_捷運忠孝新生站(5號出口),中正區,25.04113,121.53273,3525.195,5641.448
S0654,500106104,YouBike2.0_捷運臺大醫院站(1號出口),中正區,25.04074,121.51586,2719.363,5661.868
S0655,500106105,YouBike2.0_臺大醫院兒童醫院,中正區,25.04461,121.5188,2859.798,5459.239
S0656,500106106,YouBike2.0_林森濟南路口(東北側),中正區,25.0425,121.5227,3046.09,5569.716
S0657,500106107,YouBike2.0_仁愛紹興街口(南側),中正區,25.03837,121.52345,3081.916,5785.958
S0658,500106108,YouBike2.0_中華南海路口,中正區,25.02703,121.50686,2289.459,6379.708
S0659,500106109,YouBike2.0_立法院台北會館,中正區,25.03371,121.51068,2471.929,6029.951
S0660,500106110,YouBike2.0_捷運善導寺站(3號出口)(忠孝東路側),中正區,25.04467,121.52357,3087.648,5456.098
S0661,500106111,YouBike2.0_國家音樂廳,中正區,25.03788,121.51904,2871.263,5811.614
S0662,500106112,YouBike2.0_忠孝西重慶南路口,中正區,25.04724,121.51272,2569.374,5321.535
S0663,500106113,YouBike2.0_濟南路二段8巷口,中正區,25.04127,121.52697,3250.056,5634.118
S0664,500106114,YouBike2.0_仁愛金山路口(東南側),中正區,25.03811,121.52855,3325.528,5799.572
S0665,500106115,YouBike2.0_臺灣文學基地,中正區,25.04148,121.5287,3332.693,5623.122
S0666,500106116,YouBike2.0_重慶南詔安街口,中正區,25.02507,121.51645,2747.546,6482.331
S0667,500106117,YouBike2.0_文光公園,中正區,25.03898,121.53058,3422.495,5754.02
S0668,500106118,YouBike2.0_捷運中正紀念堂站(2號出口),中正區,25.03212,121.51861,2850.723,6113.201
S0669,500106119,YouBike2.0_螢圃里小公園,中正區,25.02484,121.51973,2904.222,6494.374
S0670,500106120,YouBike2.0_螢橋公園,中正區,25.02682,121.51737,2791.491,6390.703
S0671,500106121,YouBike2.0_泉州寧波西街口,中正區,25.02965,121.51415,2637.681,6242.528
S0672,500106122,YouBike2.0_和平西路二段98巷口,中正區,25.0289,121.5097,2425.118,6281.797
S0673,500106123,YouBike2.0_仁愛新生路口(西南側),中正區,25.03796,121.53261,3519.463,5807.426
S0674,500106124,YouBike2.0_幸安市場,中正區,25.04032,121.53141,3462.142,5683.859
S0675,500106125,YouBike2.0_龍口市場,中正區,25.0275,121.51013,2445.657,6355.099
S0676,500106126,YouBike2.0_捷運善導寺站(5號出口),中正區,25.04418,121.52552,3180.794,5481.754
S0677,500106127,YouBike2.0_青島杭州路口,中正區,25.04281,121.52629,3217.574,5553.485
S0678,500106128,YouBike2.0_詔安街37巷口,中正區,25.02542,121.51233,2550.745,6464.006
S0679,500106129,YouBike2.0_南海路112巷口,中正區,25.02757,121.50771,2330.061,6351.434
S0680,500106130,YouBike2.0_牯嶺街95巷,中正區,25.0255,121.52067,2949.123,6459.817
S0681,500106131,YouBike2.0_仁愛紹興路口(北側),中正區,25.03862,121.52385,3101.023,5772.869
S0682,500106132,YouBike2.0_貴陽博愛路口,中正區,25.03896,121.51093,2483.871,5755.067
S0683,500106133,YouBike2.0_國立臺灣博物館南門館,中正區,25.03351,121.5156,2706.944,6040.423
S0684,500106134,YouBike2.0_汀州路一段106巷口,中正區,25.03008,121.50768,2328.628,6220.013
S0685,500106135,YouBike2.0_羅斯福路四段108巷口,中正區,25.01346,121.5355,3657.51,7090.217
S0686,500106136,YouBike2.0_公館水岸廣場,中正區,25.01193,121.52861,3328.394,7170.327
S0687,500106137,YouBike2.0_捷運小南門站(3號出口),中正區,25.03532,121.51117,2495.335,5945.653
S0688,500106138,YouBike2.0_臨沂街停車場,中正區,25.0426,121.53006,3397.656,5564.481
S0689,500106142,YouBike2.0_愛國東羅斯福路口,中正區,25.03454,121.51733,2789.581,5986.493
S0690,500106143,YouBike2.0_螢橋國中,中正區,25.01933,121.52582,3195.124,6782.871
S0691,500106144,YouBike2.0_立法院中興大樓,中正區,25.04278,121.52119,2973.962,5555.056
S0692,500106145,YouBike2.0_汀州南海路口,中正區,25.0288,121.50875,2379.739,6287.033
S0693,500106146,YouBike2.0_捷運中正紀念堂站(7號出口),中正區,25.03465,121.5156,2706.944,5980.733
S0694,500106147,YouBike2.0_羅斯福路三段210巷口,中正區,25.01884,121.52994,3391.924,6808.527
S0695,500106149,YouBike2.0_忠義實小,中正區,25.02968,121.50631,2263.187,6240.957
S0696,500106150,YouBike2.0_中華路二段313巷口,中正區,25.02816,121.50574,2235.96,6320.542
S0697,500107001,YouBike2.0_通北街65巷口,中山區,25.08251,121.54004,3874.372,3474.839
S0698,500107002,YouBike2.0_圓山風景區,中山區,25.07805,121.5295,3370.907,3708.359
S0699,500107003,YouBike2.0_樂群二堤頂大道口,中山區,25.0803,121.56251,4947.7,3590.552
S0700,500107004,YouBike2.0_劍潭社區,中山區,25.08524,121.53748,3752.089,3331.899
S0701,500107005,YouBike2.0_培英公園,中山區,25.08258,121.54462,4093.146,3471.174
S0702,500107006,YouBike2.0_樂群二明水路口,中山區,25.08009,121.55226,4458.087,3601.547
S0703,500107007,YouBike2.0_北安大直街口,中山區,25.08474,121.54968,4334.848,3358.079
S0704,500107008,YouBike2.0_捷運劍南路站(2號出口),中山區,25.084751813542,121.555090270105,4593.281,3357.46
S0705,500107009,YouBike2.0_樂群二敬業三路口,中山區,25.07985,121.55609,4641.035,3614.113
S0706,500107010,YouBike2.0_樂群二敬業四路口,中山區,25.07976,121.55813,4738.48,3618.826
S0707,500107011,YouBike2.0_捷運大直站(3號出口),中山區,25.07923,121.5473,4221.162,3646.576
S0708,500107012,YouBike2.0_復興市民路口,中山區,25.04585,121.54375,4051.589,5394.314
S0709,500107013,YouBike2.0_南京遼寧街口,中山區,25.05176,121.54217,3976.116,5084.873
S0710,500107014,YouBike2.0_伊通長安路口,中山區,25.04833,121.53469,3618.818,5264.464
S0711,500107015,YouBike2.0_新生長安路口,中山區,25.04861,121.52935,3363.742,5249.804
S0712,500107016,YouBike2.0_市民林森路口,中山區,25.04765,121.52589,3198.467,5300.068
S0713,500107017,YouBike2.0_南京新生路口,中山區,25.05194,121.52766,3283.015,5075.449
S0714,500107018,YouBike2.0_一江公園,中山區,25.05316,121.53146,3464.53,5011.571
S0715,500107019,YouBike2.0_松江公園,中山區,25.05025,121.53273,3525.195,5163.935
S0716,500107020,YouBike2.0_新生長春路口,中山區,25.05639,121.52752,3276.328,4842.452
S0717,500107021,YouBike2.0_第二果菜批發市場,中山區,25.06642,121.53735,3745.879,4317.293
S0718,500107022,YouBike2.0_民生建國路口,中山區,25.05778,121.53692,3725.339,4769.673
S0719,500107023,YouBike2.0_興安華城,中山區,25.05606,121.54175,3956.054,4859.73
S0720,500107024,YouBike2.0_捷運中山國中站,中山區,25.06106,121.54406,4066.396,4597.936
S0721,500107025,YouBike2.0_龍江錦州街口,中山區,25.06045,121.54077,3909.242,4629.875
S0722,500107026,YouBike2.0_建國長春路口,中山區,25.05469,121.53686,3722.473,4931.462
S0723,500107027,YouBike2.0_南京建國路口,中山區,25.05214,121.5368,3719.607,5064.977
S0724,500107028,YouBike2.0_捷運松江南京站(7號出口),中山區,25.05246,121.5332,3547.645,5048.222
S0725,500107029,YouBike2.0_朱崙商場,中山區,25.04762,121.54043,3893.002,5301.639
S0726,500107030,YouBike2.0_中吉公園,中山區,25.05604,121.53166,3474.084,4860.778
S0727,500107031,YouBike2.0_華山公園,中山區,25.0471,121.5277,3284.926,5328.866
S0728,500107032,YouBike2.0_建國北路一段17巷,中山區,25.04699,121.53735,3745.879,5334.625
S0729,500107033,YouBike2.0_江寧公園,中山區,25.0617,121.53925,3836.636,4564.427
S0730,500107034,YouBike2.0_民權龍江路口,中山區,25.06225,121.54107,3923.573,4535.629
S0731,500107035,YouBike2.0_捷運中山國小站(2號出口),中山區,25.06246,121.52705,3253.877,4524.634
S0732,500107036,YouBike2.0_捷運行天宮站(3號出口),中山區,25.05992,121.5333,3552.422,4657.625
S0733,500107037,YouBike2.0_林森農安街口,中山區,25.06531,121.52565,3187.003,4375.411
S0734,500107038,YouBike2.0_捷運中山國小站(4號出口),中山區,25.06283,121.52697,3250.056,4505.261
S0735,500107039,YouBike2.0_農安雙城街口,中山區,25.06491,121.52449,3131.593,4396.355
S0736,500107040,YouBike2.0_新生德惠街口,中山區,25.06652,121.52762,3281.105,4312.057
S0737,500107041,YouBike2.0_民族林森路口,中山區,25.06847,121.52559,3184.137,4209.957
S0738,500107042,YouBike2.0_臺北市立美術館,中山區,25.06987,121.52291,3056.121,4136.655
S0739,500107043,YouBike2.0_中山民族路口,中山區,25.06816,121.52265,3043.702,4226.188
S0740,500107044,YouBike2.0_新生高架停車場(林森北路107巷口),中山區,25.04983,121.52853,3324.573,5185.926
S0741,500107045,YouBike2.0_南京林森路口,中山區,25.05201,121.52556,3182.704,5071.784
S0742,500107046,YouBike2.0_仁德公園,中山區,25.05337,121.5289,3342.247,5000.576
S0743,500107047,YouBike2.0_中原公園,中山區,25.05583,121.52821,3309.287,4871.773
S0744,500107048,YouBike2.0_下埤公園,中山區,25.06682,121.54213,3974.206,4296.349
S0745,500107049,YouBike2.0_五常國中,中山區,25.06505,121.54366,4047.289,4389.024
S0746,500107050,YouBike2.0_榮星花園,中山區,25.06424,121.54037,3890.136,4431.435
S0747,500107051,YouBike2.0_民權建國路口,中山區,25.06251,121.53765,3760.209,4522.016
S0748,500107052,YouBike2.0_松江路431巷口,中山區,25.06585,121.53338,3556.243,4347.137
S0749,500107053,YouBike2.0_新喜公園,中山區,25.06533,121.53177,3479.338,4374.364
S0750,500107054,YouBike2.0_吉林路407巷口,中山區,25.06595,121.53041,3414.375,4341.901
S0751,500107055,YouBike2.0_民族松江路口,中山區,25.06833,121.5328,3528.538,4217.287
S0752,500107056,YouBike2.0_林安泰古厝,中山區,25.07154,121.53058,3422.495,4049.215
S0753,500107058,YouBike2.0_渭水八德路口,中山區,25.04573,121.53508,3637.447,5400.597
S0754,500107059,YouBike2.0_捷運中山站(2號出口),中山區,25.05228,121.52176,3001.189,5057.647
S0755,500107060,YouBike2.0_撫順公園,中山區,25.06416,121.52203,3014.086,4435.624
S0756,500107061,YouBike2.0_新生公園,中山區,25.06839,121.53032,3410.076,4214.146
S0757,500107062,YouBike2.0_捷運行天宮站(1號出口),中山區,25.05867,121.53305,3540.48,4723.074
S0758,500107063,YouBike2.0_林森長春路口,中山區,25.05497,121.52536,3173.151,4916.802
S0759,500107064,YouBike2.0_建國農安街口,中山區,25.06503,121.53678,3718.652,4390.072
S0760,500107065,YouBike2.0_松江路77巷口,中山區,25.04985,121.53312,3543.824,5184.879
S0761,500107066,YouBike2.0_建國長安路口,中山區,25.04836,121.53669,3714.353,5262.894
S0762,500107067,YouBike2.0_市民新生路口,中山區,25.04611,121.53193,3486.981,5380.701
S0763,500107068,YouBike2.0_民權吉林路口,中山區,25.06269,121.53061,3423.928,4512.591
S0764,500107069,YouBike2.0_中山農安街口,中山區,25.0651,121.5224,3031.76,4386.406
S0765,500107070,YouBike2.0_捷運行政大樓,中山區,25.05575,121.52168,2997.368,4875.962
S0766,500107071,YouBike2.0_中吉公園(松江路188巷),中山區,25.0568,121.53191,3486.026,4820.985
S0767,500107072,YouBike2.0_吉林路123巷口,中山區,25.05731,121.53021,3404.821,4794.282
S0768,500107075,YouBike2.0_國立臺北大學(臺北校區),中山區,25.05806,121.54304,4017.674,4755.013
S0769,500107076,YouBike2.0_錦州吉林路口,中山區,25.06028,121.52991,3390.491,4638.776
S0770,500107078,YouBike2.0_永盛公園(民生東路一段23巷),中山區,25.05873,121.52488,3150.223,4719.932
S0771,500107079,YouBike2.0_新生錦州街口,中山區,25.05955,121.52744,3272.507,4676.998
S0772,500107080,YouBike2.0_濱江街199巷口,中山區,25.0734,121.53985,3865.297,3951.828
S0773,500107081,YouBike2.0_大佳社區公園,中山區,25.07275,121.5373,3743.49,3985.861
S0774,500107082,YouBike2.0_濱江果菜市場,中山區,25.06807,121.53673,3716.263,4230.901
S0775,500107083,YouBike2.0_興安合江路口,中山區,25.05619,121.53949,3848.101,4852.924
S0776,500107084,YouBike2.0_復興北路514巷口東側,中山區,25.06597,121.54117,3928.349,4340.854
S0777,500107085,YouBike2.0_台泥大樓,中山區,25.06142,121.52305,3062.809,4579.087
S0778,500107086,YouBike2.0_植福樂群路口,中山區,25.08303,121.5604,4846.911,3447.612
S0779,500107087,YouBike2.0_新興公園,中山區,25.06157,121.52439,3126.817,4571.233
S0780,500107088,YouBike2.0_南京伊通街口,中山區,25.05189,121.53517,3641.746,5078.067
S0781,500107089,YouBike2.0_南京龍江路口,中山區,25.05205,121.54012,3878.194,5069.689
S0782,500107090,YouBike2.0_撫順街41巷(崇德宮前),中山區,25.06389,121.51916,2876.995,4449.761
S0783,500107091,YouBike2.0_臺北市立圖書館大直分館,中山區,25.08152,121.54646,4181.037,3526.674
S0784,500107092,YouBike2.0_捷運大直站(1號出口),中山區,25.0801,121.54708,4210.653,3601.024
S0785,500107093,YouBike2.0_捷運松江南京站(4號出口),中山區,25.0512,121.53312,3543.824,5114.194
S0786,500107095,YouBike2.0_中429公園,中山區,25.07864,121.55557,4616.196,3677.468
S0787,500107096,YouBike2.0_長春路137巷口,中山區,25.05791,121.53114,3449.245,4762.867
S0788,500107097,YouBike2.0_松江民生路口,中山區,25.05765,121.53299,3537.614,4776.48
S0789,500107098,YouBike2.0_松江路132巷口,中山區,25.05277,121.53013,3401.0,5031.991
S0790,500107099,YouBike2.0_長春吉林路口,中山區,25.05481,121.53032,3410.076,4925.179
S0791,500107100,YouBike2.0_長春一江街口,中山區,25.05488,121.53142,3462.62,4921.514
S0792,500107101,YouBike2.0_捷運松江南京站(8號出口),中山區,25.05215,121.53276,3526.628,5064.454
S0793,500107102,YouBike2.0_南京一江街口,中山區,25.05215,121.53171,3476.472,5064.454
S0794,500107103,YouBike2.0_松江長春路口,中山區,25.05499,121.53295,3535.703,4915.754
S0795,500107104,YouBike2.0_經國七海文化園區,中山區,25.07802,121.53511,3638.88,3709.93
S0796,500107105,YouBike2.0_民族玉門街口,中山區,25.06873,121.52003,2918.552,4196.344
S0797,500107106,YouBike2.0_新生農安街口,中山區,25.06493,121.52778,3288.747,4395.307
S0798,500107107,YouBike2.0_稻江高級護理家事職業學校,中山區,25.06532,121.52848,3322.184,4374.887
S0799,500107108,YouBike2.0_捷運大直站(3號出口)_1,中山區,25.07934,121.54671,4192.979,3640.816
S0800,500107109,YouBike2.0_樂群二明水路口_1,中山區,25.07983,121.55236,4462.864,3615.161
S0801,500107110,YouBike2.0_民權吉林路口(南側),中山區,25.06245,121.53043,3415.33,4525.157
S0802,500107111,YouBike2.0_長春龍江路口,中山區,25.05473,121.54026,3884.881,4929.368
S0803,500107112,YouBike2.0_民權新生路口,中山區,25.06305,121.52776,3287.792,4493.742
S0804,500107113,YouBike2.0_建國長春路口(北側),中山區,25.05476,121.53693,3725.817,4927.797
S0805,500107114,YouBike2.0_中山行政中心,中山區,25.06432,121.53349,3561.498,4427.246
S0806,500107115,YouBike2.0_臺北市立美術館_1,中山區,25.07063,121.52327,3073.318,4096.862
S0807,500107116,YouBike2.0_劍潭社區_1,中山區,25.08476,121.53789,3771.673,3357.031
S0808,500107117,YouBike2.0_濱江國小游泳池,中山區,25.07818,121.56175,4911.397,3701.553
S0809,500107118,YouBike2.0_林森公園,中山區,25.05223,121.52581,3194.646,5060.265
S0810,500107119,YouBike2.0_中428公園,中山區,25.07825,121.55337,4511.108,3697.888
S0811,500107120,YouBike2.0_復華公園,中山區,25.05339,121.5401,3877.238,4999.529
S0812,500107121,YouBike2.0_新生民族路口(西南側),中山區,25.06819,121.52767,3283.493,4224.618
S0813,500107122,YouBike2.0_捷運南京復興站(1號出口),中山區,25.05253,121.54256,3994.746,5044.557
S0814,500107123,YouBike2.0_八德市場(北側),中山區,25.04478,121.53661,3710.531,5450.338
S0815,500107124,YouBike2.0_龍江朱崙街口,中山區,25.05004,121.54043,3893.002,5174.931
S0816,500107125,YouBike2.0_大直街94巷,中山區,25.08431,121.54755,4233.104,3380.593
S0817,500107126,YouBike2.0_捷運南京復興站(8號出口),中山區,25.05196,121.5433,4030.093,5074.402
S0818,500107127,YouBike2.0_民權建國路口(南側),中山區,25.06228,121.53702,3730.116,4534.058
S0819,500107128,YouBike2.0_林森德惠街口,中山區,25.06688,121.5257,3189.392,4293.208
S0820,500107129,YouBike2.0_新生濱江街口(東南側),中山區,25.07059,121.52812,3304.988,4098.956
S0821,500107130,YouBike2.0_新生北路一段62巷口,中山區,25.04699,121.53075,3430.616,5334.625
S0822,500107131,YouBike2.0_新生長春路口(東北側),中山區,25.05532,121.52769,3284.448,4898.476
S0823,500107132,YouBike2.0_捷運劍南路站(1號出口),中山區,25.08519,121.55498,4588.013,3334.517
S0824,500107133,YouBike2.0_樂群三路123號,中山區,25.08271,121.55514,4595.656,3464.367
S0825,500107134,YouBike2.0_長春路258巷2弄口,中山區,25.05427,121.53896,3822.784,4953.453
S0826,500107135,YouBike2.0_長寧大廈社區(南側),中山區,25.05418,121.54332,4031.049,4958.165
S0827,500107136,YouBike2.0_建國五常街口,中山區,25.06419,121.53732,3744.446,4434.053
S0828,500107137,YouBike2.0_中山北路二段62巷口,中山區,25.05676,121.52268,3045.135,4823.079
S0829,500107138,YouBike2.0_市民安東街口,中山區,25.0448,121.54213,3974.206,5449.291
S0830,500107139,YouBike2.0_市民大道二段5巷口,中山區,25.04812,121.52166,2996.412,5275.46
S0831,500107140,YouBike2.0_捷運中山站(3號出口),中山區,25.05236,121.52212,3018.385,5053.458
S0832,500107141,YouBike2.0_建國北路高架橋下停車場G區,中山區,25.05959,121.53682,3720.562,4674.904
S0833,500107142,YouBike2.0_朱崙公園,中山區,25.04919,121.54198,3967.041,5219.436
S0834,500107143,YouBike2.0_朱崙復興北路口,中山區,25.04992,121.54379,4053.499,5181.214
S0835,500107144,YouBike2.0_捷運行天宮站(4號出口),中山區,25.06037,121.53283,3529.971,4634.064
S0836,500107145,YouBike2.0_建國北路三段86巷口,中山區,25.06617,121.53526,3646.046,4330.382
S0837,500107146,YouBike2.0_正守公園,中山區,25.04808,121.52898,3346.068,5277.554
S0838,500107147,YouBike2.0_四平松江路口,中山區,25.05366,121.53282,3529.494,4985.392
S0839,500107149,YouBike2.0_北安通北街口,中山區,25.07965,121.54148,3943.157,3624.585
S0840,500107150,YouBike2.0_民權東復興北路口(西北側),中山區,25.06246,121.54323,4026.75,4524.634
S0841,500107151,YouBike2.0_臺北市立大同高中,中山區,25.05484,121.53521,3643.657,4923.608
S0842,500107152,YouBike2.0_中崙加油站,中山區,25.04634,121.53979,3862.431,5368.658
S0843,500107153,YouBike2.0_北安明水路口(自強隧道),中山區,25.08578,121.55225,4457.609,3303.625
S0844,500107154,YouBike2.0_中正國小(南京東路三段48巷),中山區,25.05126,121.53845,3798.423,5111.053
S0845,500107155,YouBike2.0_臺北時代廣場,中山區,25.08044,121.56152,4900.41,3583.222
S0846,500107156,YouBike2.0_吉林農安街口(西北側),中山區,25.06493,121.53034,3411.031,4395.307
S0847,500107157,YouBike2.0_濱江國中,中山區,25.0793,121.56178,4912.83,3642.911
S0848,500107158,YouBike2.0_環山抽水站,中山區,25.07734,121.5631,4975.883,3745.534
S0849,500107159,YouBike2.0_民權中山路口(東北側),中山區,25.06292,121.52299,3059.943,4500.549
S0850,500107160,YouBike2.0_復興五常街口(西南側),中山區,25.06409,121.54415,4070.695,4439.289
S0851,500107161,YouBike2.0_松江長安路口,中山區,25.04819,121.53282,3529.494,5271.795
S0852,500107162,YouBike2.0_長安國小,中山區,25.05018,121.53008,3398.612,5167.6
S0853,500107163,YouBike2.0_中山市場,中山區,25.05007,121.52107,2968.23,5173.36
S0854,500107164,YouBike2.0_捷運雙連站(1號出口),中山區,25.05767,121.52097,2963.453,4775.433
S0855,500107165,YouBike2.0_吉林南京路口(西北側),中山區,25.05234,121.53003,3396.223,5054.505
S0856,500107166,YouBike2.0_龍江路345巷,中山區,25.06339,121.54116,3927.872,4475.94
S0857,500107167,YouBike2.0_捷運劍南路站(3號出口),中山區,25.08444,121.55657,4663.963,3373.786
S0858,500107168,YouBike2.0_一江南京東路口(西南側),中山區,25.05181,121.53146,3464.53,5082.256
S0859,500107169,YouBike2.0_大直抽水站公車站,中山區,25.07756,121.54556,4138.047,3734.015
S0860,500107170,YouBike2.0_民權東路三段39巷口,中山區,25.06596,121.54259,3996.179,4341.378
S0861,500107171,YouBike2.0_臺北市立中山女高,中山區,25.04841,121.53889,3819.44,5260.276
S0862,500107172,YouBike2.0_朱昌公園,中山區,25.0554,121.53908,3828.516,4894.287
S0863,500107173,YouBike2.0_林森公園東北側,中山區,25.05381,121.52674,3239.07,4977.538
S0864,500107174,YouBike2.0_康樂公園西北側,中山區,25.05377,121.52456,3134.937,4979.632
S0865,500107175,YouBike2.0_中山北德惠街口,中山區,25.06671,121.52257,3039.881,4302.109
S0866,500107176,YouBike2.0_晴光公園,中山區,25.06411,121.52446,3130.16,4438.242
S0867,500107177,YouBike2.0_松江路25巷口,中山區,25.04628,121.53304,3540.002,5371.8
S0868,500107178,YouBike2.0_民生東合江街口,中山區,25.05777,121.53951,3849.056,4770.197
S0869,500107179,YouBike2.0_飛航服務總臺,中山區,25.07241,121.55117,4406.021,4003.663
S0870,500107180,YouBike2.0_內湖堤頂大道(西南側),中山區,25.08462,121.56016,4835.447,3364.362
S0871,500107181,YouBike2.0_大直派出所,中山區,25.07913,121.54422,4074.039,3651.812
S0872,500107182,YouBike2.0_遼寧民生路口,中山區,25.05751,121.54215,3975.161,4783.81
S0873,500107183,YouBike2.0_松江路184巷口,中山區,25.05623,121.53296,3536.181,4850.829
S0874,500107184,YouBike2.0_民權東路三段60巷,中山區,25.06058,121.54236,3985.192,4623.068
S0875,500107185,YouBike2.0_長春路258巷2弄(北側),中山區,25.05474,121.5383,3791.258,4928.844
S0876,500107186,YouBike2.0_中山北路二段96巷口,中山區,25.0598,121.52253,3037.97,4663.908
S0877,500107187,YouBike2.0_吉林路236巷口,中山區,25.05931,121.53025,3406.732,4689.564
S0878,500107188,YouBike2.0_上塔悠公園(明水路),中山區,25.07767,121.55205,4448.056,3728.256
S0879,500107189,YouBike2.0_中山民生東路口(東南側),中山區,25.05778,121.52299,3059.943,4769.673
S0880,500107190,YouBike2.0_中山北路二段26巷,中山區,25.05392,121.52066,2948.645,4971.778
S0881,500107191,YouBike2.0_八德路二段210巷口,中山區,25.04478,121.53958,3852.4,5450.338
S0882,500107192,YouBike2.0_長安林森路口公車站,中山區,25.04882,121.52589,3198.467,5238.809
S0883,500107193,YouBike2.0_市民大道二段67巷口,中山區,25.04652,121.5296,3375.684,5359.234
S0884,500107194,YouBike2.0_德惠雙城街口(西側),中山區,25.0667,121.5242,3117.741,4302.632
S0885,500107195,YouBike2.0_北安路608巷明水路口,中山區,25.08194,121.55124,4409.364,3504.683
S0886,500107196,YouBike2.0_新生林森北路485巷口,中山區,25.06114,121.52745,3272.984,4593.747
S0887,500107197,YouBike2.0_新壽公園,中山區,25.06313,121.53015,3401.955,4489.553
S0888,500107198,YouBike2.0_復興北路430巷,中山區,25.06341,121.54353,4041.08,4474.893
S0889,500107199,YouBike2.0_林森錦州街口,中山區,25.06051,121.52566,3187.481,4626.734
S0890,500107200,YouBike2.0_臺北市立美術館(中山北路三段),中山區,25.07177,121.52395,3105.799,4037.173
S0891,500107201,YouBike2.0_臺北市立美術館(新生北路三段),中山區,25.07255,121.52529,3169.807,3996.333
S0892,500107202,YouBike2.0_南京新生路口(北側),中山區,25.0522,121.52768,3283.971,5061.836
S0893,500107203,YouBike2.0_永安國小(北安路554巷),中山區,25.08002,121.54983,4342.013,3605.212
S0894,500107204,YouBike2.0_敬業一路36巷口,中山區,25.08131,121.55443,4561.742,3537.669
S0895,500107205,YouBike2.0_經濟部能源署,中山區,25.04792,121.54379,4053.499,5285.931
S0896,500107206,YouBike2.0_松江路372巷口,中山區,25.06304,121.53289,3532.837,4494.266
S0897,500108001,YouBike2.0_文湖街21巷118弄口,內湖區,25.09122,121.55961,4809.175,3018.793
S0898,500108002,YouBike2.0_北勢湖環保公園,內湖區,25.08378,121.56208,4927.16,3408.343
S0899,500108003,YouBike2.0_洲子一號公園,內湖區,25.07977,121.56454,5044.667,3618.302
S0900,500108004,YouBike2.0_西康公園,內湖區,25.08284,121.56449,5042.279,3457.56
S0901,500108005,YouBike2.0_文湖國小,內湖區,25.08637,121.56088,4869.84,3272.734
S0902,500108006,YouBike2.0_文湖街81巷10號西側,內湖區,25.08697,121.5641,5023.65,3241.318
S0903,500108007,YouBike2.0_德明財經科技大學,內湖區,25.08637,121.56574,5101.988,3272.734
S0904,500108008,YouBike2.0_麗山國小,內湖區,25.0826,121.57158,5380.948,3470.127
S0905,500108009,YouBike2.0_麗山高中,內湖區,25.08398,121.57725,5651.788,3397.871
S0906,500108010,YouBike2.0_港華五號公園,內湖區,25.08522,121.57462,5526.16,3332.946
S0907,500108011,YouBike2.0_大湖國小,內湖區,25.08803,121.59958,6718.428,3185.818
S0908,500108012,YouBike2.0_安湖三號公園,內湖區,25.07021,121.61593,7499.42,4118.853
S0909,500108013,YouBike2.0_東湖路113巷95弄,內湖區,25.07177,121.61491,7450.698,4037.173
S0910,500108014,YouBike2.0_瑞光計程車服務站,內湖區,25.0745,121.57389,5491.29,3894.233
S0911,500108015,YouBike2.0_文德三號公園(江南街71巷16弄),內湖區,25.07524,121.5772,5649.399,3855.488
S0912,500108016,YouBike2.0_捷運大湖公園站(2號出口),內湖區,25.08395,121.60185,6826.859,3399.442
S0913,500108018,YouBike2.0_康寧星雲街口,內湖區,25.07958,121.59336,6421.316,3628.25
S0914,500108019,YouBike2.0_星雲街47號,內湖區,25.07864,121.59177,6345.366,3677.468
S0915,500108020,YouBike2.0_捷運西湖站(1號出口),內湖區,25.08301,121.56638,5132.559,3448.659
S0916,500108021,YouBike2.0_捷運西湖站(2號出口),內湖區,25.08205,121.56716,5169.817,3498.924
S0917,500108022,YouBike2.0_洲子二號公園,內湖區,25.07932,121.56869,5242.901,3641.864
S0918,500108023,YouBike2.0_港都公園,內湖區,25.08296,121.5752,5553.865,3451.277
S0919,500108024,YouBike2.0_環山路二段26巷口,內湖區,25.08598,121.572,5401.01,3293.154
S0920,500108025,YouBike2.0_成功金龍路口,內湖區,25.08436,121.59478,6489.145,3377.975
S0921,500108026,YouBike2.0_碧山公園,內湖區,25.0878,121.59227,6369.25,3197.861
S0922,500108027,YouBike2.0_金瑞公園,內湖區,25.08785,121.5879,6160.508,3195.243
S0923,500108028,YouBike2.0_捷運文德站(2號出口),內湖區,25.07842,121.58464,6004.787,3688.987
S0924,500108029,YouBike2.0_陽光公園,內湖區,25.07695,121.58764,6148.088,3765.954
S0925,500108030,YouBike2.0_文德二號公園(南側),內湖區,25.07504,121.58375,5962.274,3865.959
S0926,500108031,YouBike2.0_文德二號公園(北側),內湖區,25.07758,121.58381,5965.14,3732.968
S0927,500108032,YouBike2.0_瑞陽公園,內湖區,25.07777,121.57961,5764.518,3723.02
S0928,500108033,YouBike2.0_湖光國宅,內湖區,25.07538,121.58079,5820.883,3848.157
S0929,500108035,YouBike2.0_南京東路六段180號,內湖區,25.0559,121.57991,5778.848,4868.108
S0930,500108036,YouBike2.0_潭美國小(南京舊宗路口),內湖區,25.05768,121.58159,5859.097,4774.909
S0931,500108037,YouBike2.0_新明路343號,內湖區,25.05653,121.58345,5947.944,4835.122
S0932,500108038,YouBike2.0_成美長壽橋(潭美街),內湖區,25.0539,121.58084,5823.272,4972.826
S0933,500108039,YouBike2.0_內湖行政中心,內湖區,25.06915,121.58898,6212.096,4174.353
S0934,500108040,YouBike2.0_樂康公園,內湖區,25.07007,121.62055,7720.104,4126.183
S0935,500108041,YouBike2.0_安康路32巷24弄,內湖區,25.06181,121.59447,6474.338,4558.667
S0936,500108043,YouBike2.0_明美公園,內湖區,25.06256,121.58607,6073.094,4519.398
S0937,500108044,YouBike2.0_南京東路六段368巷,內湖區,25.05827,121.58707,6120.861,4744.017
S0938,500108045,YouBike2.0_新明成功路口,內湖區,25.06058,121.5911,6313.362,4623.068
S0939,500108046,YouBike2.0_民權瑞光路口,內湖區,25.06835,121.58323,5937.435,4216.24
S0940,500108047,YouBike2.0_瑞光公共住宅(瑞光路),內湖區,25.07335,121.57951,5759.741,3954.446
S0941,500108048,YouBike2.0_民權東路六段15巷,內湖區,25.06853,121.57813,5693.823,4206.816
S0942,500108049,YouBike2.0_扶輪親恩公園,內湖區,25.06709,121.58002,5784.103,4282.212
S0943,500108050,YouBike2.0_新湖三民善街口,內湖區,25.06286,121.57497,5542.878,4503.69
S0944,500108051,YouBike2.0_內湖119號綠地,內湖區,25.05594,121.57865,5718.662,4866.013
S0945,500108052,YouBike2.0_行善公園,內湖區,25.05301,121.57592,5588.257,5019.425
S0946,500108054,YouBike2.0_三軍總醫院,內湖區,25.07151,121.58991,6256.519,4050.786
S0947,500108055,YouBike2.0_福華商場,內湖區,25.06877,121.59265,6387.401,4194.249
S0948,500108056,YouBike2.0_臺北市網球中心,內湖區,25.0674,121.59749,6618.594,4265.981
S0949,500108057,YouBike2.0_捷運葫洲站(1號出口),內湖區,25.07249,121.60796,7118.716,3999.475
S0950,500108058,YouBike2.0_麗湖國小,內湖區,25.07332,121.60223,6845.011,3956.017
S0951,500108059,YouBike2.0_金湖路347巷125弄口,內湖區,25.0733,121.59834,6659.196,3957.064
S0952,500108060,YouBike2.0_碧湖公園,內湖區,25.07988,121.58287,5920.239,3612.543
S0953,500108061,YouBike2.0_碧湖公園(內湖路二段103巷),內湖區,25.08317,121.58109,5835.213,3440.282
S0954,500108062,YouBike2.0_貿七社區,內湖區,25.08357,121.58534,6038.224,3419.338
S0955,500108063,YouBike2.0_內湖區農會,內湖區,25.08165,121.58891,6208.752,3519.867
S0956,500108064,YouBike2.0_捷運內湖站(2號出口),內湖區,25.0835,121.59454,6477.681,3423.004
S0957,500108065,YouBike2.0_康寧金湖路口,內湖區,25.07896,121.59921,6700.754,3660.713
S0958,500108066,YouBike2.0_康寧路一段156巷20弄口,內湖區,25.07792,121.59354,6429.914,3715.166
S0959,500108067,YouBike2.0_安康公園,內湖區,25.06657,121.6136,7388.123,4309.439
S0960,500108068,YouBike2.0_安泰街83巷,內湖區,25.07669,121.61709,7554.83,3779.567
S0961,500108069,YouBike2.0_內溝溪生態展示館,內湖區,25.08722,121.62306,7840.0,3228.229
S0962,500108070,YouBike2.0_捷運港墘站(2號出口),內湖區,25.07967,121.57584,5584.436,3623.538
S0963,500108071,YouBike2.0_東湖國中,內湖區,25.07334,121.61962,7675.681,3954.969
S0964,500108072,YouBike2.0_石潭公園(安康路),內湖區,25.06261,121.59334,6420.361,4516.78
S0965,500108073,YouBike2.0_內湖垃圾焚化廠,內湖區,25.06209,121.60347,6904.242,4544.007
S0966,500108074,YouBike2.0_康寧公園(北側),內湖區,25.06927,121.61019,7225.237,4168.07
S0967,500108075,YouBike2.0_康寧路三段54巷口,內湖區,25.0716,121.60936,7185.59,4046.074
S0968,500108076,YouBike2.0_行善路25巷口,內湖區,25.05707,121.57658,5619.784,4806.848
S0969,500108077,YouBike2.0_新明路460巷口,內湖區,25.05503,121.57823,5698.599,4913.66
S0970,500108078,YouBike2.0_下灣公園,內湖區,25.06516,121.59561,6528.792,4383.265
S0971,500108079,YouBike2.0_民權東路六段245巷口,內湖區,25.06708,121.60059,6766.672,4282.736
S0972,500108081,YouBike2.0_東湖國小,內湖區,25.06854,121.61532,7470.282,4206.292
S0973,500108082,YouBike2.0_捷運內湖站(1號出口),內湖區,25.08373,121.59406,6454.753,3410.961
S0974,500108083,YouBike2.0_瑞光港墘路口,內湖區,25.07611,121.57487,5538.102,3809.935
S0975,500108084,YouBike2.0_瑞湖陽光街口,內湖區,25.07296,121.57603,5593.512,3974.866
S0976,500108085,YouBike2.0_金龍公園,內湖區,25.08554,121.59076,6297.122,3316.192
S0977,500108086,YouBike2.0_星雲街138巷1弄口,內湖區,25.07943,121.59544,6520.672,3636.104
S0978,500108087,YouBike2.0_東湖一號公園,內湖區,25.07567,121.6118,7302.142,3832.973
S0979,500108088,YouBike2.0_東湖二號公園,內湖區,25.07415,121.61075,7251.987,3912.559
S0980,500108089,YouBike2.0_康湖二號公園(康寧醫院),內湖區,25.07514,121.60857,7147.854,3860.724
S0981,500108090,YouBike2.0_堤頂大道新湖一路口,內湖區,25.05892,121.57354,5474.571,4709.984
S0982,500108091,YouBike2.0_下灣公園(成功路),內湖區,25.06682,121.5907,6294.256,4296.349
S0983,500108092,YouBike2.0_舊宗行善路口,內湖區,25.05876,121.58062,5812.763,4718.362
S0984,500108093,YouBike2.0_新湖二路250巷口,內湖區,25.06455,121.58262,5908.297,4415.204
S0985,500108094,YouBike2.0_成功路四段41巷口,內湖區,25.08105,121.59205,6358.741,3551.283
S0986,500108095,YouBike2.0_金湖星雲街口,內湖區,25.08151,121.59764,6625.759,3527.198
S0987,500108096,YouBike2.0_國防醫學院,內湖區,25.06851,121.59559,6527.837,4207.863
S0988,500108097,YouBike2.0_民權東路六段190巷117弄口,內湖區,25.06434,121.59399,6451.409,4426.199
S0989,500108098,YouBike2.0_內湖運動中心,內湖區,25.07848,121.57493,5540.968,3685.845
S0990,500108099,YouBike2.0_九華公園,內湖區,25.08844,121.56122,4886.08,3164.351
S0991,500108100,YouBike2.0_內湖路二段179巷口,內湖區,25.08454,121.584,5974.216,3368.55
S0992,500108102,YouBike2.0_行善行愛路口,內湖區,25.0606,121.58286,5919.761,4622.021
S0993,500108103,YouBike2.0_民善新湖二路口(家樂福內湖店),內湖區,25.06017,121.57552,5569.15,4644.536
S0994,500108104,YouBike2.0_統振大樓,內湖區,25.06007,121.60138,6804.409,4649.771
S0995,500108105,YouBike2.0_陽光街161巷口,內湖區,25.07433,121.58584,6062.107,3903.134
S0996,500108106,YouBike2.0_潭美公園(南京東路六段368巷),內湖區,25.05928,121.58617,6077.87,4691.135
S0997,500108107,YouBike2.0_西康二號公園,內湖區,25.08503,121.5637,5004.543,3342.895
S0998,500108108,YouBike2.0_三民國中(民權東路六段47巷),內湖區,25.06935,121.58692,6113.696,4163.881
S0999,500108109,YouBike2.0_瑞光路76巷口,內湖區,25.07168,121.58125,5842.856,4041.885
S1000,500108110,YouBike2.0_捷運東湖站,內湖區,25.06664,121.61351,7383.824,4305.774
S1001,500108111,YouBike2.0_新湖國小,內湖區,25.06874,121.58923,6224.038,4195.82
S1002,500108112,YouBike2.0_碧山內湖路口,內湖區,25.08627,121.5914,6327.692,3277.97
S1003,500108115,YouBike2.0_民權東路六段413巷,內湖區,25.07038,121.60352,6906.63,4109.952
S1004,500108116,YouBike2.0_宏匯瑞光廣場(瑞光路),內湖區,25.07676,121.57433,5512.308,3775.902
S1005,500108117,YouBike2.0_宏匯瑞光廣場(港墘路),內湖區,25.07777,121.57562,5573.927,3723.02
S1006,500108118,YouBike2.0_康樂街151巷,內湖區,25.07192,121.61955,7672.337,4029.319
S1007,500108119,YouBike2.0_內湖路一段360巷,內湖區,25.0812,121.57067,5337.48,3543.429
S1008,500108120,YouBike2.0_成功路三段83號前,內湖區,25.07823,121.5898,6251.265,3698.935
S1009,500108121,YouBike2.0_內湖路一段47巷,內湖區,25.08781,121.55872,4766.663,3197.337
S1010,500108122,YouBike2.0_陽光舊宗路口,內湖區,25.07243,121.57416,5504.187,4002.616
S1011,500108123,YouBike2.0_安湖公園,內湖區,25.07392,121.61545,7476.492,3924.601
S1012,500108124,YouBike2.0_湖興公園,內湖區,25.06671,121.58913,6219.261,4302.109
S1013,500108125,YouBike2.0_安泰公園,內湖區,25.07391,121.61869,7631.258,3925.125
S1014,500108126,YouBike2.0_安泰街(康樂橋下),內湖區,25.07849,121.61666,7534.29,3685.321
S1015,500108128,YouBike2.0_捷運港墘站(1號出口),內湖區,25.08004,121.57568,5576.793,3604.165
S1016,500108129,YouBike2.0_明美公園(行善路333巷),內湖區,25.06058,121.5866,6098.41,4623.068
S1017,500108131,YouBike2.0_舊宗新湖三路口,內湖區,25.06321,121.57681,5630.77,4485.365
S1018,500108132,YouBike2.0_內湖運動公園,內湖區,25.06745,121.57513,5550.521,4263.363
S1019,500108133,YouBike2.0_內湖路三段326巷口,內湖區,25.08968,121.58352,5951.287,3099.426
S1020,500108134,YouBike2.0_成功公園,內湖區,25.08416,121.59665,6578.47,3388.447
S1021,500108135,YouBike2.0_康寧路三段189巷93弄口,內湖區,25.0735,121.61258,7339.4,3946.592
S1022,500108136,YouBike2.0_中國醫藥大學附設醫院臺北分院,內湖區,25.08227,121.5909,6303.809,3487.405
S1023,500108137,YouBike2.0_康樂抽水站,內湖區,25.06643,121.61732,7565.817,4316.769
S1024,500108138,YouBike2.0_環山路三段16巷口,內湖區,25.08464,121.57945,5756.875,3363.314
S1025,500108139,YouBike2.0_文德一號綠地,內湖區,25.0786,121.58302,5927.404,3679.562
S1026,500108140,YouBike2.0_臺北花市,內湖區,25.06265,121.57427,5509.441,4514.686
S1027,500108141,YouBike2.0_行善社會住宅,內湖區,25.06126,121.58201,5879.159,4587.464
S1028,500108142,YouBike2.0_康寧路三段99巷17弄口,內湖區,25.0721,121.60991,7211.862,4019.894
S1029,500108143,YouBike2.0_堤頂大道二段407巷口,內湖區,25.08019,121.56316,4978.749,3596.311
S1030,500108144,YouBike2.0_海德堡科技大樓,內湖區,25.08156,121.56227,4936.236,3524.58
S1031,500108145,YouBike2.0_致伸科技大樓,內湖區,25.08067,121.5656,5095.3,3571.179
S1032,500108146,YouBike2.0_內湖路一段288巷口,內湖區,25.08202,121.56861,5239.079,3500.495
S1033,500108147,YouBike2.0_大都會客運內湖站,內湖區,25.06749,121.57784,5679.97,4261.269
S1034,500108148,YouBike2.0_瑞湖公園,內湖區,25.06888,121.57711,5645.1,4188.49
S1035,500108150,YouBike2.0_台灣世曦大樓,內湖區,25.07345,121.57848,5710.541,3949.21
S1036,500108151,YouBike2.0_遠雄時代總部,內湖區,25.07821,121.57103,5354.676,3699.982
S1037,500108152,YouBike2.0_瑞光路358巷口,內湖區,25.07733,121.5727,5434.447,3746.058
S1038,500108153,YouBike2.0_大港墘公園(洲子街),內湖區,25.07897,121.5737,5482.214,3660.189
S1039,500108154,YouBike2.0_世紀經貿,內湖區,25.08049,121.57361,5477.915,3580.604
S1040,500108156,YouBike2.0_民權東路六段56巷口,內湖區,25.06805,121.58488,6016.251,4231.948
S1041,500108157,YouBike2.0_新湖三行忠路72巷口,內湖區,25.06605,121.58206,5881.547,4336.666
S1042,500108158,YouBike2.0_新湖三新湖二146巷口,內湖區,25.06407,121.57787,5681.403,4440.336
S1043,500108159,YouBike2.0_舊宗新湖二路口,內湖區,25.06151,121.57811,5692.867,4574.375
S1044,500108160,YouBike2.0_新光基湖大樓,內湖區,25.08152,121.56489,5061.386,3526.674
S1045,500108161,YouBike2.0_內湖路一段120巷15弄,內湖區,25.08203,121.56298,4970.151,3499.971
S1046,500108162,YouBike2.0_北勢湖環保公園(堤頂大道側),內湖區,25.08318,121.56154,4901.366,3439.758
S1047,500108164,YouBike2.0_達爾文大樓,內湖區,25.07941,121.57277,5437.791,3637.151
S1048,500108165,YouBike2.0_東湖四號公園,內湖區,25.07074,121.61803,7599.731,4091.103
S1049,500108166,YouBike2.0_加瑪科技中心,內湖區,25.08035,121.5705,5329.359,3587.934
S1050,500108167,YouBike2.0_福壽公園,內湖區,25.07983,121.59625,6559.363,3615.161
S1051,500108168,YouBike2.0_捷運西湖站(1號出口)內湖路側,內湖區,25.08227,121.56709,5166.473,3487.405
S1052,500108169,YouBike2.0_威剛科技總部,內湖區,25.06153,121.60033,6754.253,4573.328
S1053,500108170,YouBike2.0_太陽科技廣場,內湖區,25.08514,121.56161,4904.71,3337.135
S1054,500108171,YouBike2.0_瑞光路316巷,內湖區,25.07567,121.57341,5468.362,3832.973
S1055,500108172,YouBike2.0_文德路220巷口,內湖區,25.07862,121.58796,6163.374,3678.515
S1056,500108173,YouBike2.0_長壽抽水站,內湖區,25.06099,121.59662,6577.037,4601.601
S1057,500108174,YouBike2.0_捷運葫洲站(2號出口),內湖區,25.07264,121.60692,7069.038,3991.621
S1058,500108175,YouBike2.0_五分埤,內湖區,25.07595,121.62257,7816.594,3818.313
S1059,500108176,YouBike2.0_環山路三段1巷(麗山高中),內湖區,25.08438,121.57876,5723.916,3376.928
S1060,500108177,YouBike2.0_潭美公園(南京東路六段482號),內湖區,25.06092,121.58898,6212.096,4605.266
S1061,500108178,YouBike2.0_美善公園,內湖區,25.05703,121.57861,5716.751,4808.942
S1062,500108179,YouBike2.0_潭美公園(新明路298巷),內湖區,25.05698,121.58173,5865.784,4811.56
S1063,500108181,YouBike2.0_麗山國小(內湖路一段411巷),內湖區,25.08389,121.57189,5395.756,3402.584
S1064,500108182,YouBike2.0_行善路417巷,內湖區,25.06468,121.58654,6095.544,4408.397
S1065,500108183,YouBike2.0_明湖國小(康寧路三段165巷23弄),內湖區,25.07165,121.61177,7300.709,4043.456
S1066,500108184,YouBike2.0_康寧路三段70巷153號,內湖區,25.06658,121.60803,7122.06,4308.915
S1067,500108185,YouBike2.0_東湖立體停車場,內湖區,25.0692,121.6122,7321.249,4171.735
S1068,500108187,YouBike2.0_文德路66巷14弄,內湖區,25.07712,121.58096,5829.004,3757.053
S1069,500108188,YouBike2.0_捷運東湖站(3號出口),內湖區,25.06701,121.61194,7308.829,4286.401
S1070,500108189,YouBike2.0_捷運大湖公園站(1號出口),內湖區,25.08383,121.60253,6859.341,3405.725
S1071,500108190,YouBike2.0_內湖路一段1巷口,內湖區,25.08533,121.558,4732.27,3327.187
S1072,500108191,YouBike2.0_環山路一段136巷口,內湖區,25.08645,121.56928,5271.083,3268.545
S1073,500108192,YouBike2.0_上灣公園,內湖區,25.06572,121.59778,6632.447,4353.944
S1074,500108193,YouBike2.0_湖興公園(成功路),內湖區,25.06703,121.59048,6283.747,4285.354
S1075,500108194,YouBike2.0_文德三號公園(文德路),內湖區,25.07834,121.58076,5819.45,3693.175
S1076,500108195,YouBike2.0_康寧路一段218巷2弄口,內湖區,25.07837,121.59652,6572.26,3691.604
S1077,500108196,YouBike2.0_星雲街210巷口,內湖區,25.07966,121.59793,6639.612,3624.062
S1078,500108197,YouBike2.0_成功路二段406巷口,內湖區,25.07077,121.59,6260.819,4089.532
S1079,500108199,YouBike2.0_捷運東湖站(2號出口),內湖區,25.06769,121.61163,7294.022,4250.797
S1080,500108200,YouBike2.0_民權東路六段280巷155弄口,內湖區,25.06865,121.60884,7160.751,4200.533
S1081,500108201,YouBike2.0_將軍嶺,內湖區,25.07457,121.5901,6265.595,3890.568
S1082,500108202,YouBike2.0_文湖街21巷82弄口,內湖區,25.08899,121.56036,4845.001,3135.553
S1083,500108203,YouBike2.0_西湖公園(內湖路一段387巷),內湖區,25.08409,121.57066,5337.002,3392.112
S1084,500108204,YouBike2.0_國立臺灣戲曲學院(內湖校區),內湖區,25.08107,121.58609,6074.049,3550.236
S1085,500108205,YouBike2.0_內湖路一段285巷65弄,內湖區,25.08443,121.56912,5263.441,3374.31
S1086,500108206,YouBike2.0_西湖國中,內湖區,25.08466,121.56577,5103.421,3362.267
S1087,500108207,YouBike2.0_成美疏散門,內湖區,25.05734,121.58804,6167.195,4792.711
S1088,500108208,YouBike2.0_大湖國小(大湖山莊街173巷口),內湖區,25.0878,121.60124,6797.721,3197.861
S1089,500108209,YouBike2.0_成功路五段450巷口,內湖區,25.07468,121.60693,7069.516,3884.809
S1090,500108211,YouBike2.0_金湖路401巷,內湖區,25.07255,121.60376,6918.094,3996.333
S1091,500108212,YouBike2.0_內湖國小(內湖路一段737巷51弄),內湖區,25.08027,121.57984,5775.504,3592.123
S1092,500108213,YouBike2.0_黃石公廟,內湖區,25.07726,121.60709,7077.159,3749.723
S1093,500108214,YouBike2.0_內湖路一段737巷/麗山街口,內湖區,25.08294,121.5792,5744.933,3452.325
S1094,500108215,YouBike2.0_行愛路78巷,內湖區,25.06198,121.58029,5797.0,4549.766
S1095,500108216,YouBike2.0_港墘路1巷口,內湖區,25.08336,121.57829,5701.465,3430.334
S1096,500108217,YouBike2.0_民權東路六段280巷69弄,內湖區,25.06889,121.60737,7090.534,4187.966
S1097,500108218,YouBike2.0_瑞光路548巷,內湖區,25.07843,121.56679,5152.143,3688.463
S1098,500108219,YouBike2.0_內湖國小(內湖路二段76巷),內湖區,25.07926,121.58096,5829.004,3645.005
S1099,500108220,YouBike2.0_三民國中(民權東路),內湖區,25.069,121.58493,6018.639,4182.207
S1100,500108221,YouBike2.0_內湖大坑公園,內湖區,25.06887,121.59842,6663.018,4189.014
S1101,500108222,YouBike2.0_金湖康寧路口(白鷺鷥山登山步道),內湖區,25.07535,121.60132,6801.542,3849.728
S1102,500108223,YouBike2.0_成功路四段61巷35弄口,內湖區,25.08036,121.59361,6433.258,3587.41
S1103,500108224,YouBike2.0_成美抽水站,內湖區,25.05532,121.58354,5952.243,4898.476
S1104,500108225,YouBike2.0_文湖公園,內湖區,25.08748,121.5613,4889.902,3214.615
S1105,500108226,YouBike2.0_成功路二段/石潭路(西南側),內湖區,25.06315,121.5906,6289.479,4488.506
S1106,500108227,YouBike2.0_華城橋(東湖),內湖區,25.06899,121.61948,7668.994,4182.73
S1107,500108228,YouBike2.0_成功路二段115巷口(國道一號),內湖區,25.06468,121.59106,6311.452,4408.397
S1108,500108229,YouBike2.0_康寧路三段56巷198號,內湖區,25.06733,121.6072,7082.413,4269.646
S1109,500108230,YouBike2.0_內湖路一段715巷口,內湖區,25.07992,121.57736,5657.042,3610.448
S1110,500108231,YouBike2.0_成功路三段187巷口,內湖區,25.08021,121.59052,6285.657,3595.264
S1111,500108233,YouBike2.0_江南街41巷3弄,內湖區,25.07736,121.57816,5695.256,3744.487
S1112,500108234,YouBike2.0_民權東路六段280巷45弄口,內湖區,25.07096,121.60669,7058.052,4079.584
S1113,500108235,YouBike2.0_成功路三段12巷口,內湖區,25.07579,121.59009,6265.118,3826.69
S1114,500109001,YouBike2.0_承德路七段304巷口,北投區,25.1168,121.5048,2191.059,1679.454
S1115,500109002,YouBike2.0_洲美運動公園,北投區,25.10981,121.49886,1907.322,2045.442
S1116,500109003,YouBike2.0_榮華二明德路口,北投區,25.11357,121.52255,3038.925,1848.573
S1117,500109004,YouBike2.0_捷運明德站(1號出口),北投區,25.10896,121.51936,2886.548,2089.947
S1118,500109005,YouBike2.0_文林建民路口,北投區,25.10788,121.51457,2657.744,2146.495
S1119,500109006,YouBike2.0_永欣綠地,北投區,25.12416,121.52607,3207.066,1294.093
S1120,500109007,YouBike2.0_關渡宮,北投區,25.11739,121.46288,188.66,1648.562
S1121,500109008,YouBike2.0_關渡自然公園,北投區,25.11884,121.46912,486.727,1572.642
S1122,500109009,YouBike2.0_關渡醫院,北投區,25.1203,121.4665,361.577,1496.198
S1123,500109010,YouBike2.0_捷運忠義站(1號出口),北投區,25.13149,121.47365,703.112,910.302
S1124,500109011,YouBike2.0_捷運關渡站(1號出口),北投區,25.12397,121.46712,391.193,1304.041
S1125,500109012,YouBike2.0_捷運關渡站(2號出口),北投區,25.12618,121.46737,403.135,1188.328
S1126,500109013,YouBike2.0_中央北路四段540巷口,北投區,25.12796,121.46782,424.63,1095.129
S1127,500109014,YouBike2.0_大度立德路口,北投區,25.1231,121.47092,572.708,1349.593
S1128,500109015,YouBike2.0_捷運復興崗站(1號出口),北投區,25.1378,121.4863,1307.367,579.918
S1129,500109016,YouBike2.0_捷運復興崗站旅客服務中心,北投區,25.13666,121.48159,1082.383,639.607
S1130,500109017,YouBike2.0_豐年公園,北投區,25.13475,121.49613,1776.918,739.612
S1131,500109018,YouBike2.0_稻香重三路口,北投區,25.13997,121.48967,1468.342,466.299
S1132,500109019,YouBike2.0_國防大學政治作戰學院,北投區,25.13776,121.49345,1648.902,582.012
S1133,500109020,YouBike2.0_秀山區民活動中心,北投區,25.14582,121.49303,1628.839,160.0
S1134,500109022,YouBike2.0_大業大同街口,北投區,25.13691,121.49987,1955.567,626.517
S1135,500109023,YouBike2.0_捷運新北投站,北投區,25.13733,121.50339,2123.707,604.527
S1136,500109024,YouBike2.0_捷運北投站,北投區,25.13187,121.499,1914.009,890.406
S1137,500109025,YouBike2.0_捷運奇岩站(三合街),北投區,25.12634,121.50099,2009.066,1179.95
S1138,500109026,YouBike2.0_八仙里辦公處,北投區,25.12297,121.50158,2037.248,1356.4
S1139,500109027,YouBike2.0_清江國小,北投區,25.12725,121.50676,2284.682,1132.304
S1140,500109028,YouBike2.0_大業路300巷口,北投區,25.12814,121.49782,1857.644,1085.704
S1141,500109029,YouBike2.0_立農公園,北投區,25.11798,121.50342,2125.14,1617.67
S1142,500109030,YouBike2.0_北投奇岩長青樂活大樓,北投區,25.12666,121.50373,2139.948,1163.196
S1143,500109031,YouBike2.0_捷運唭哩岸站(2號出口),北投區,25.12087,121.50523,2211.598,1466.353
S1144,500109032,YouBike2.0_北投運動中心,北投區,25.11666,121.50962,2421.296,1686.784
S1145,500109033,YouBike2.0_陽明大學,北投區,25.11912,121.51223,2545.968,1557.981
S1146,500109034,YouBike2.0_捷運石牌站(2號出口),北投區,25.11451,121.51567,2710.287,1799.356
S1147,500109035,YouBike2.0_台北護理大學,北投區,25.11752,121.51662,2755.666,1641.755
S1148,500109036,YouBike2.0_捷運石牌站(1號出口),北投區,25.11542,121.51469,2663.476,1751.709
S1149,500109037,YouBike2.0_振興醫院,北投區,25.11753,121.52186,3005.966,1641.232
S1150,500109039,YouBike2.0_石牌國小,北投區,25.1144,121.51307,2586.093,1805.115
S1151,500109040,YouBike2.0_振興公園,北投區,25.11865,121.5235,3084.304,1582.59
S1152,500109041,YouBike2.0_立農國小,北投區,25.11978,121.50422,2163.354,1523.424
S1153,500109042,YouBike2.0_承德路七段280巷口,北投區,25.11587,121.50576,2236.915,1728.148
S1154,500109043,YouBike2.0_致遠一路二段11巷,北投區,25.11093,121.51382,2621.918,1986.8
S1155,500109044,YouBike2.0_榮富公園,北投區,25.1137,121.52437,3125.861,1841.766
S1156,500109045,YouBike2.0_中正高中,北投區,25.10467,121.51654,2751.845,2314.567
S1157,500109046,YouBike2.0_立功立德路口,北投區,25.12501,121.47158,604.234,1249.588
S1158,500109047,YouBike2.0_桃源國中,北投區,25.13485,121.47769,896.092,734.377
S1159,500109048,YouBike2.0_陽明交大圖書館,北投區,25.12081,121.51352,2607.588,1469.495
S1160,500109049,YouBike2.0_捷運新北投站(2號出口),北投區,25.13675,121.50224,2068.775,634.895
S1161,500109050,YouBike2.0_復興公園,北投區,25.13872,121.5021,2062.087,531.748
S1162,500109051,YouBike2.0_承德石牌路口,北投區,25.11272,121.50922,2402.189,1893.078
S1163,500109052,YouBike2.0_承德路七段188巷口,北投區,25.11416,121.50771,2330.061,1817.681
S1164,500109053,YouBike2.0_捷運明德站(3號出口),北投區,25.11,121.51841,2841.169,2035.494
S1165,500109054,YouBike2.0_大豐公園,北投區,25.13102,121.50408,2156.666,934.911
S1166,500109055,YouBike2.0_洲美公園,北投區,25.10032,121.50599,2247.901,2542.328
S1167,500109056,YouBike2.0_中和街455巷11弄,北投區,25.14319,121.49621,1780.739,297.704
S1168,500109057,YouBike2.0_洲美蜆仔港公園,北投區,25.10065,121.51107,2490.559,2525.049
S1169,500109058,YouBike2.0_文化三杏林一路口,北投區,25.14058,121.49915,1921.174,434.36
S1170,500109059,YouBike2.0_珠海復興一路口,北投區,25.14045,121.50446,2174.818,441.167
S1171,500109060,YouBike2.0_裕民二路33巷,北投區,25.11535,121.51736,2791.014,1755.374
S1172,500109061,YouBike2.0_新奇岩社會住宅,北投區,25.12287,121.5037,2138.515,1361.636
S1173,500109062,YouBike2.0_泉源公園,北投區,25.14193,121.50835,2360.632,363.676
S1174,500109063,YouBike2.0_奇岩4號綠地,北投區,25.12533,121.50573,2235.482,1232.833
S1175,500109064,YouBike2.0_臺北健康護理大學(教研大樓),北投區,25.11857,121.51846,2843.558,1586.779
S1176,500109065,YouBike2.0_奇岩一號公園,北投區,25.12989,121.50394,2149.979,994.076
S1177,500109066,YouBike2.0_福星公園,北投區,25.1094,121.51248,2557.91,2066.909
S1178,500109067,YouBike2.0_中庸公園,北投區,25.13774,121.50142,2029.606,583.06
S1179,500109068,YouBike2.0_豐年公園_1,北投區,25.13529,121.49664,1801.279,711.339
S1180,500109070,YouBike2.0_光明溫泉路口,北投區,25.13431,121.50226,2069.73,762.65
S1181,500109071,YouBike2.0_和信治癌中心醫院,北投區,25.12757,121.47207,627.64,1115.549
S1182,500109072,YouBike2.0_致遠新村,北投區,25.14319,121.49093,1528.528,297.704
S1183,500109073,YouBike2.0_北投公園露天溫泉,北投區,25.13684,121.50792,2340.092,630.182
S1184,500109074,YouBike2.0_中和街493巷9弄口,北投區,25.1439,121.49447,1697.624,260.529
S1185,500109075,YouBike2.0_捷運北投站(1號出口),北投區,25.13258,121.49862,1895.858,853.231
S1186,500109076,YouBike2.0_石牌立農街口,北投區,25.11879,121.51921,2879.383,1575.26
S1187,500109077,YouBike2.0_捷運唭哩岸站(1號出口),北投區,25.12082,121.50727,2309.043,1468.971
S1188,500109078,YouBike2.0_大興光明路2巷口,北投區,25.13043,121.50017,1969.897,965.803
S1189,500109079,YouBike2.0_捷運忠義站(2號出口),北投區,25.13076,121.47347,694.514,948.524
S1190,500109080,YouBike2.0_福國承德路口,北投區,25.10171,121.51263,2565.075,2469.549
S1191,500109081,YouBike2.0_捷運北投站(1號出口)(北投路側),北投區,25.13201,121.49817,1874.362,883.076
S1192,500109082,YouBike2.0_華固創富中心,北投區,25.10392,121.51244,2556.0,2353.836
S1193,500109084,YouBike2.0_崇仰公園(公舘路255巷),北投區,25.12595,121.51098,2486.259,1200.37
S1194,500109085,YouBike2.0_北投文化公園(北側),北投區,25.13713,121.49706,1821.341,614.998
S1195,500109086,YouBike2.0_中和綠地,北投區,25.1419,121.4989,1909.232,365.247
S1196,500109087,YouBike2.0_大業路65巷口,北投區,25.12307,121.49906,1916.875,1351.164
S1197,500109088,YouBike2.0_公舘承德路口,北投區,25.11969,121.50169,2042.503,1528.137
S1198,500109089,YouBike2.0_文林北明德路口(東北側),北投區,25.10576,121.5173,2788.148,2257.496
S1199,500109091,YouBike2.0_永興路一段32巷口,北投區,25.13905,121.50012,1967.508,514.469
S1200,500109092,YouBike2.0_國立陽明交通大學(甲棟),北投區,25.11944,121.51453,2655.833,1541.226
S1201,500109093,YouBike2.0_關渡國中,北投區,25.11955,121.46735,402.179,1535.467
S1202,500109094,YouBike2.0_立功街55巷口,北投區,25.12518,121.46922,491.504,1240.687
S1203,500109096,YouBike2.0_大業路(農禪寺),北投區,25.12231,121.49964,1944.58,1390.957
S1204,500109097,YouBike2.0_中國電影製片廠,北投區,25.13843,121.48802,1389.526,546.932
S1205,500109098,YouBike2.0_北投新興公園,北投區,25.13997,121.48711,1346.058,466.299
S1206,500109099,YouBike2.0_捷運石牌站(2號出口)(西安街一段),北投區,25.11332,121.51615,2733.216,1861.663
S1207,500109100,YouBike2.0_華碩立功大樓,北投區,25.12771,121.47071,562.677,1108.219
S1208,500109101,YouBike2.0_關渡碼頭,北投區,25.12066,121.46228,160.0,1477.349
S1209,500109102,YouBike2.0_珠海路(48號公園),北投區,25.14262,121.51218,2543.58,327.548
S1210,500109103,YouBike2.0_承德文林北路口(西側),北投區,25.11032,121.51097,2485.782,2018.739
S1211,500109104,YouBike2.0_石牌路二段324巷口,北投區,25.12164,121.52404,3110.098,1426.037
S1212,500109105,YouBike2.0_北投文化公園(中央北路),北投區,25.13632,121.49686,1811.788,657.409
S1213,500109106,YouBike2.0_泉源路23巷口,北投區,25.13939,121.50571,2234.527,496.667
S1214,500109107,YouBike2.0_大業路667巷口,北投區,25.13709,121.4996,1942.669,617.093
S1215,500109108,YouBike2.0_幼華中學(大業路),北投區,25.13372,121.49602,1771.663,793.542
S1216,500109109,YouBike2.0_溫泉路68巷6弄口,北投區,25.13401,121.50564,2231.183,778.358
S1217,500109110,YouBike2.0_親水公園,北投區,25.13761,121.49032,1499.39,589.866
S1218,500109111,YouBike2.0_文林橋(文林北路75巷),北投區,25.10192,121.51719,2782.893,2458.554
S1219,500109112,YouBike2.0_榮華公園,北投區,25.11138,121.52212,3018.385,1963.239
S1220,500109113,YouBike2.0_北投市場(民族街口),北投區,25.13221,121.50388,2147.113,872.604
S1221,500109114,YouBike2.0_奇岩抽水站,北投區,25.12386,121.50328,2118.453,1309.8
S1222,500109115,YouBike2.0_溫泉路81號,北投區,25.13543,121.5057,2234.049,704.008
S1223,500109116,YouBike2.0_北投公園噴泉,北投區,25.13687,121.5048,2191.059,628.612
S1224,500109117,YouBike2.0_振華公園,北投區,25.11574,121.51854,2847.379,1734.954
S1225,500109118,YouBike2.0_三合街一段82巷62弄口,北投區,25.12874,121.50409,2157.144,1054.289
S1226,500109119,YouBike2.0_公舘西安街二段口,北投區,25.12157,121.50281,2096.002,1429.702
S1227,500109120,YouBike2.0_好市多北投店,北投區,25.12782,121.46948,503.923,1102.459
S1228,500109121,YouBike2.0_薇閣高中,北投區,25.13964,121.50388,2147.113,483.578
S1229,500109122,YouBike2.0_彰化銀行北投分行,北投區,25.13161,121.4971,1823.252,904.019
S1230,500109123,YouBike2.0_中央北路一段197巷口,北投區,25.13579,121.49749,1841.881,685.159
S1231,500109124,YouBike2.0_福星公園地下停車場(出入口B),北投區,25.10744,121.51289,2577.495,2169.533
S1232,500109125,YouBike2.0_民族街36巷口,北投區,25.13305,121.50596,2246.468,828.623
S1233,500109126,YouBike2.0_承德文承路口,北投區,25.10496,121.51178,2524.473,2299.383
S1234,500109127,YouBike2.0_承平福美路口,北投區,25.10026,121.50805,2346.302,2545.469
S1235,500109128,YouBike2.0_承美福國路口,北投區,25.10091,121.50375,2140.903,2511.436
S1236,500109129,YouBike2.0_北投22號線形公園共融遊戲場,北投區,25.1202,121.51039,2458.077,1501.434
S1237,500109130,YouBike2.0_承德路七段164巷口,北投區,25.11344,121.50844,2364.931,1855.38
S1238,500110002,YouBike2.0_捷運松山站(4號出口),松山區,25.04987,121.57785,5680.448,5183.832
S1239,500110003,YouBike2.0_塔悠八德路口,松山區,25.05009,121.57202,5401.965,5172.313
S1240,500110004,YouBike2.0_鵬程公園,松山區,25.05503,121.56876,5246.245,4913.66
S1241,500110005,YouBike2.0_中崙高中,松山區,25.04878,121.56087,4869.362,5240.903
S1242,500110006,YouBike2.0_捷運南京三民站(2號出口),松山區,25.05136,121.56283,4962.985,5105.817
S1243,500110007,YouBike2.0_捷運南京三民站(1號出口),松山區,25.05155,121.5636,4999.766,5095.869
S1244,500110008,YouBike2.0_光復北路11巷口,松山區,25.04937,121.558,4732.27,5210.011
S1245,500110009,YouBike2.0_捷運南京三民站(4號出口),松山區,25.05152,121.5646,5047.533,5097.44
S1246,500110010,YouBike2.0_西松高中,松山區,25.05492,121.56701,5162.652,4919.42
S1247,500110011,YouBike2.0_民權復興路口,松山區,25.0622,121.54565,4142.346,4538.247
S1248,500110012,YouBike2.0_民福三號綠地,松山區,25.06374,121.54767,4238.836,4457.614
S1249,500110013,YouBike2.0_民有一號公園,松山區,25.06095,121.54731,4221.64,4603.696
S1250,500110014,YouBike2.0_民生敦化路口,松山區,25.05804,121.54897,4300.933,4756.06
S1251,500110015,YouBike2.0_松基公園,松山區,25.0546,121.54486,4104.61,4936.174
S1252,500110016,YouBike2.0_三民路166巷口,松山區,25.0619,121.56328,4984.481,4553.955
S1253,500110017,YouBike2.0_民生活動中心,松山區,25.05907,121.56305,4973.494,4702.13
S1254,500110018,YouBike2.0_捷運小巨蛋站(2號出口),松山區,25.05157,121.55118,4406.498,5094.822
S1255,500110019,YouBike2.0_臺北市藝文推廣處,松山區,25.04826,121.55235,4462.386,5268.129
S1256,500110020,YouBike2.0_民生國小(敦化北路199巷),松山區,25.05633,121.55286,4486.747,4845.594
S1257,500110021,YouBike2.0_敦北公園,松山區,25.06118,121.55098,4396.945,4591.653
S1258,500110022,YouBike2.0_民權運動公園,松山區,25.062,121.56019,4836.88,4548.719
S1259,500110023,YouBike2.0_新東公園,松山區,25.05925,121.56888,5251.977,4692.706
S1260,500110024,YouBike2.0_民生光復路口,松山區,25.05834,121.55496,4587.058,4740.352
S1261,500110025,YouBike2.0_三民公園,松山區,25.061286751494,121.566678992451,5146.841,4586.064
S1262,500110026,YouBike2.0_八德路三段74巷口,松山區,25.04459,121.55252,4470.506,5460.286
S1263,500110027,YouBike2.0_八德路三段8巷口,松山區,25.04494,121.54953,4327.683,5441.961
S1264,500110028,YouBike2.0_三軍總醫院(松山分院),松山區,25.05419,121.55631,4651.544,4957.641
S1265,500110029,YouBike2.0_平安新城,松山區,25.05528,121.559,4780.037,4900.57
S1266,500110030,YouBike2.0_健康社會住宅,松山區,25.05433,121.56545,5088.135,4950.311
S1267,500110031,YouBike2.0_民權光復路口(東北側),松山區,25.06206,121.55475,4577.027,4545.577
S1268,500110032,YouBike2.0_市民東興路口,松山區,25.0484,121.56586,5107.72,5260.799
S1269,500110033,YouBike2.0_光復南路22巷口,松山區,25.04693,121.55771,4718.418,5337.767
S1270,500110034,YouBike2.0_光復南路46巷,松山區,25.04606,121.55665,4667.785,5383.319
S1271,500110035,YouBike2.0_松山新城,松山區,25.05347,121.55436,4558.398,4995.34
S1272,500110036,YouBike2.0_國土管理署,松山區,25.04769,121.5448,4101.744,5297.974
S1273,500110037,YouBike2.0_南京光復路口,松山區,25.05143,121.55716,4692.146,5102.152
S1274,500110038,YouBike2.0_民生立體停車場,松山區,25.05846,121.55947,4802.488,4734.069
S1275,500110039,YouBike2.0_健康新城,松山區,25.05408,121.56095,4873.183,4963.401
S1276,500110040,YouBike2.0_健安新城,松山區,25.05606,121.56345,4992.601,4859.73
S1277,500110041,YouBike2.0_復盛公園,松山區,25.04763,121.56115,4882.737,5301.116
S1278,500110042,YouBike2.0_中崙福成宮,松山區,25.04524,121.54659,4187.247,5426.253
S1279,500110043,YouBike2.0_捷運南京復興站(7號出口),松山區,25.05278,121.54478,4100.789,5031.467
S1280,500110044,YouBike2.0_捷運南京復興站(5號出口),松山區,25.05168,121.54506,4114.163,5089.062
S1281,500110045,YouBike2.0_塔悠疏散門,松山區,25.0648,121.56788,5204.209,4402.114
S1282,500110046,YouBike2.0_臺北田徑場,松山區,25.04951,121.54941,4321.95,5202.681
S1283,500110047,YouBike2.0_捷運小巨蛋站(5號出口),松山區,25.05176,121.55352,4518.273,5084.873
S1284,500110048,YouBike2.0_敦化長春路口,松山區,25.0536,121.54871,4288.513,4988.533
S1285,500110049,YouBike2.0_饒河疏散門(基四號疏散門),松山區,25.05147,121.57683,5631.725,5100.058
S1286,500110050,YouBike2.0_捷運松山站(2號出口),松山區,25.05013,121.57635,5608.797,5170.218
S1287,500110051,YouBike2.0_民權東路三段106巷口,松山區,25.062,121.54472,4097.923,4548.719
S1288,500110052,YouBike2.0_南京東路五段59巷口,松山區,25.05163,121.55907,4783.381,5091.68
S1289,500110053,YouBike2.0_三民公園(塔悠路),松山區,25.06241,121.56831,5224.749,4527.252
S1290,500110054,YouBike2.0_寶清公園,松山區,25.05198,121.5681,5214.718,5073.355
S1291,500110055,YouBike2.0_西松公園,松山區,25.05406,121.56407,5022.217,4964.448
S1292,500110056,YouBike2.0_長壽公園,松山區,25.05378,121.55893,4776.694,4979.109
S1293,500110057,YouBike2.0_復源公園,松山區,25.04634,121.5542,4550.755,5368.658
S1294,500110058,YouBike2.0_南京東路四段179巷口,松山區,25.05173,121.55609,4641.035,5086.444
S1295,500110059,YouBike2.0_臺北田徑場(北寧路側),松山區,25.04954,121.55261,4474.805,5201.11
S1296,500110060,YouBike2.0_西松高中(健康路325巷),松山區,25.05567,121.56713,5168.384,4880.15
S1297,500110061,YouBike2.0_南京東興路口,松山區,25.05149,121.56535,5083.359,5099.01
S1298,500110062,YouBike2.0_捷運松山站(3號出口),松山區,25.04962,121.57746,5661.819,5196.921
S1299,500110063,YouBike2.0_介壽國中,松山區,25.05722,121.55706,4687.369,4798.994
S1300,500110064,YouBike2.0_敦化南京路口(東北側),松山區,25.05226,121.54926,4314.785,5058.694
S1301,500110065,YouBike2.0_敦化八德路口,松山區,25.04802,121.54864,4285.17,5280.696
S1302,500110066,YouBike2.0_新東街51巷口,松山區,25.0615,121.56332,4986.391,4574.898
S1303,500110067,YouBike2.0_八德立體停車場,松山區,25.04985,121.57189,5395.756,5184.879
S1304,500110068,YouBike2.0_長春慶城街口,松山區,25.05452,121.54636,4176.261,4940.363
S1305,500110069,YouBike2.0_八德路四段652巷口,松山區,25.04942,121.57503,5545.744,5207.393
S1306,500110070,YouBike2.0_捷運松山站(1號出口),松山區,25.05014,121.57692,5636.024,5169.695
S1307,500110071,YouBike2.0_捷運小巨蛋站(3號出口),松山區,25.05152,121.55243,4466.207,5097.44
S1308,500110072,YouBike2.0_捷運小巨蛋站(5號出口)_1,松山區,25.05181,121.5521,4450.444,5082.256
S1309,500110073,YouBike2.0_敦化北路155巷口,松山區,25.0542,121.5491,4307.143,4957.118
S1310,500110074,YouBike2.0_民生復興路口,松山區,25.05764,121.54443,4084.07,4777.003
S1311,500110076,YouBike2.0_市民延吉街口,松山區,25.0444,121.55397,4539.769,5470.235
S1312,500110077,YouBike2.0_龍城市場,松山區,25.05454,121.55417,4549.322,4939.316
S1313,500110078,YouBike2.0_捷運南京三民站(3號出口),松山區,25.05129,121.56426,5031.292,5109.482
S1314,500110079,YouBike2.0_塔悠基隆路口(麥帥一橋下),松山區,25.05139,121.57062,5335.091,5104.246
S1315,500110080,YouBike2.0_五常街370巷,松山區,25.06432,121.54537,4128.971,4427.246
S1316,500110081,YouBike2.0_延壽街119巷口,松山區,25.05708,121.56486,5059.953,4806.324
S1317,500110082,YouBike2.0_市民東寧路口,松山區,25.04742,121.56305,4973.494,5312.111
S1318,500110083,YouBike2.0_民福簡易綠地,松山區,25.06589,121.54529,4125.15,4345.043
S1319,500110084,YouBike2.0_三民國小(撫遠街),松山區,25.06457,121.56458,5046.578,4414.157
S1320,500110085,YouBike2.0_民生郵局,松山區,25.05936,121.56586,5107.72,4686.946
S1321,500110086,YouBike2.0_民權敦化路口(西北側),松山區,25.06185,121.55,4350.133,4556.573
S1322,500110087,YouBike2.0_寶清八德路口(北側),松山區,25.05028,121.56879,5247.678,5162.365
S1323,500110088,YouBike2.0_民生東路三段140巷口,松山區,25.056,121.5467,4192.502,4862.872
S1324,500110089,YouBike2.0_新東延壽街口,松山區,25.05725,121.56608,5118.229,4797.423
S1325,500110090,YouBike2.0_健康公園,松山區,25.05434,121.56878,5247.2,4949.788
S1326,500110091,YouBike2.0_新中街4巷口,松山區,25.05779,121.56167,4907.576,4769.15
S1327,500110092,YouBike2.0_光復北富錦街口,松山區,25.06054,121.55489,4583.714,4625.163
S1328,500110093,YouBike2.0_松山國小(東北側),松山區,25.05141,121.57972,5769.772,5103.199
S1329,500110094,YouBike2.0_撫遠街403巷,松山區,25.06608,121.5658,5104.854,4335.095
S1330,500110095,YouBike2.0_基六號疏散門,松山區,25.06575,121.568,5209.942,4352.373
S1331,500110096,YouBike2.0_民權三民路口,松山區,25.06293,121.56296,4969.195,4500.025
S1332,500110097,YouBike2.0_民權運動公園(北側),松山區,25.06198,121.55711,4689.757,4549.766
S1333,500110098,YouBike2.0_中崙高中停車場,松山區,25.05023,121.56153,4900.888,5164.983
S1334,500110099,YouBike2.0_光復延壽街口(西北側),松山區,25.05677,121.55548,4611.897,4822.556
S1335,500110100,YouBike2.0_富錦新東街口(西側),松山區,25.06108,121.5647,5052.31,4596.889
S1336,500110101,YouBike2.0_延壽街18巷口,松山區,25.05725,121.56843,5230.481,4797.423
S1337,500110102,YouBike2.0_民生東路四段97巷,松山區,25.05864,121.55208,4449.489,4724.645
S1338,500110103,YouBike2.0_民生東路五段177巷口,松山區,25.05913,121.56466,5050.399,4698.989
S1339,500110104,YouBike2.0_西松高中地下停車場,松山區,25.05564,121.56551,5091.001,4881.721
S1340,500110105,YouBike2.0_民生東路五段69巷,松山區,25.05983,121.55809,4736.569,4662.338
S1341,500110106,YouBike2.0_民生東路五段137巷6弄口,松山區,25.06043,121.56142,4895.634,4630.922
S1342,500110107,YouBike2.0_敦化北慶城街口,松山區,25.05714,121.54873,4289.469,4803.183
S1343,500110109,YouBike2.0_民權東路三段175巷口,松山區,25.06218,121.54738,4224.983,4539.294
S1344,500110110,YouBike2.0_健康路225巷口,松山區,25.05415,121.56263,4953.432,4959.736
S1345,500111001,YouBike2.0_南港公園(東新街),南港區,25.04591,121.59226,6368.772,5391.173
S1346,500111002,YouBike2.0_南港公園(福德街),南港區,25.04128,121.59089,6303.331,5633.594
S1347,500111003,YouBike2.0_捷運昆陽站(1號出口),南港區,25.05014,121.59238,6374.504,5169.695
S1348,500111004,YouBike2.0_忠孝東路六段225巷口,南港區,25.04919,121.58832,6180.57,5219.436
S1349,500111005,YouBike2.0_捷運後山埤站(1號出口),南港區,25.04437,121.58133,5846.677,5471.805
S1350,500111006,YouBike2.0_合樂公園,南港區,25.04843,121.58154,5856.709,5259.228
S1351,500111007,YouBike2.0_合心廣場,南港區,25.04608,121.58315,5933.614,5382.272
S1352,500111008,YouBike2.0_成德國中,南港區,25.04592,121.5882,6174.838,5390.649
S1353,500111009,YouBike2.0_玉成公園,南港區,25.04281,121.58613,6075.96,5553.485
S1354,500111010,YouBike2.0_研究院舊莊街口,南港區,25.04239,121.61683,7542.411,5575.476
S1355,500111011,YouBike2.0_中研院綜合體育館東側,南港區,25.04054,121.61374,7394.81,5672.34
S1356,500111012,YouBike2.0_國家生技園區,南港區,25.04763,121.61145,7285.424,5301.116
S1357,500111013,YouBike2.0_捷運南港展覽館站(5號出口),南港區,25.05469,121.61669,7535.723,4931.462
S1358,500111014,YouBike2.0_中研公園,南港區,25.04697,121.61375,7395.288,5335.672
S1359,500111015,YouBike2.0_福山公園,南港區,25.04499,121.61775,7586.357,5439.343
S1360,500111016,YouBike2.0_舊莊區民活動中心,南港區,25.04139,121.6191,7650.842,5627.835
S1361,500111017,YouBike2.0_凌雲市場,南港區,25.03564,121.61415,7414.395,5928.898
S1362,500111018,YouBike2.0_市民大道八段532號,南港區,25.054,121.61334,7375.703,4967.59
S1363,500111019,YouBike2.0_捷運南港軟體園區(2號出口),南港區,25.05933,121.61677,7539.545,4688.517
S1364,500111020,YouBike2.0_南港國小,南港區,25.05668,121.61137,7281.602,4827.268
S1365,500111021,YouBike2.0_興中立體停車場(興中路),南港區,25.05629,121.607,7072.86,4847.688
S1366,500111022,YouBike2.0_臺北市立圖書館南港分館,南港區,25.05485,121.60866,7152.153,4923.085
S1367,500111023,YouBike2.0_東陽公園,南港區,25.05716,121.59792,6639.134,4802.136
S1368,500111024,YouBike2.0_向陽南港路口,南港區,25.05437,121.59423,6462.873,4948.217
S1369,500111025,YouBike2.0_南港車站(忠孝東路七段415巷),南港區,25.05252,121.60922,7178.903,5045.081
S1370,500111026,YouBike2.0_捷運南港站(2號出口),南港區,25.05201,121.60741,7092.444,5071.784
S1371,500111027,YouBike2.0_捷運南港站(1號出口),南港區,25.05192,121.60642,7045.155,5076.496
S1372,500111028,YouBike2.0_東新國小,南港區,25.05623,121.60194,6831.158,4850.829
S1373,500111029,YouBike2.0_中華科技大學,南港區,25.03392,121.60985,7208.996,6018.955
S1374,500111030,YouBike2.0_六福公園,南港區,25.04681,121.61703,7551.964,5344.05
S1375,500111031,YouBike2.0_南港加壓站,南港區,25.04805,121.61594,7499.898,5279.125
S1376,500111032,YouBike2.0_臺北流行音樂中心(南港路),南港區,25.05343,121.59945,6712.218,4997.434
S1377,500111033,YouBike2.0_興南公園,南港區,25.05766,121.60396,6927.648,4775.956
S1378,500111034,YouBike2.0_臺北流行音樂中心(市民大道),南港區,25.05211,121.59839,6661.585,5066.548
S1379,500111035,YouBike2.0_南港車站(市民大道),南港區,25.05326,121.60656,7051.842,5006.335
S1380,500111036,YouBike2.0_忠孝東路七段527巷口,南港區,25.05266,121.61275,7347.521,5037.751
S1381,500111037,YouBike2.0_南港軟體園區(新民街),南港區,25.05627,121.61369,7392.422,4848.735
S1382,500111038,YouBike2.0_世貿公園,南港區,25.05831,121.61422,7417.739,4741.923
S1383,500111039,YouBike2.0_凌雲五村(研究院路三段8巷),南港區,25.03595,121.61688,7544.799,5912.667
S1384,500111040,YouBike2.0_新新公園(昆陽街60巷),南港區,25.0521,121.59053,6286.135,5067.071
S1385,500111041,YouBike2.0_南港高中(昆陽街),南港區,25.05285,121.59279,6394.089,5027.802
S1386,500111042,YouBike2.0_南港路三段290巷口,南港區,25.05234,121.58152,5855.753,5054.505
S1387,500111043,YouBike2.0_南港路三段220巷口,南港區,25.05289,121.58599,6069.272,5025.708
S1388,500111044,YouBike2.0_南港東新街口,南港區,25.05168,121.58284,5918.806,5089.062
S1389,500111045,YouBike2.0_八德中坡路口,南港區,25.05064,121.5803,5797.477,5143.515
S1390,500111046,YouBike2.0_捷運後山埤站(3號出口),南港區,25.04511,121.5836,5955.109,5433.06
S1391,500111047,YouBike2.0_玉成公園運動中心,南港區,25.04193,121.58493,6018.639,5599.561
S1392,500111048,YouBike2.0_百福公園,南港區,25.03884,121.58788,6159.552,5761.35
S1393,500111049,YouBike2.0_南湖大橋(經貿二路255巷),南港區,25.06148,121.61384,7399.587,4575.945
S1394,500111050,YouBike2.0_園區重陽路口,南港區,25.05937,121.61072,7250.554,4686.423
S1395,500111051,YouBike2.0_南港車站B棟(市民大道),南港區,25.05293,121.60549,7000.731,5023.614
S1396,500111052,YouBike2.0_胡適公園,南港區,25.04014,121.61766,7582.057,5693.283
S1397,500111053,YouBike2.0_南港抽水站,南港區,25.06164,121.61267,7343.699,4567.568
S1398,500111054,YouBike2.0_經貿公園,南港區,25.06271,121.61597,7501.331,4511.544
S1399,500111055,YouBike2.0_育成高中,南港區,25.05853,121.60983,7208.041,4730.404
S1400,500111056,YouBike2.0_捷運南港展覽館站(7號出口),南港區,25.05436,121.6181,7603.075,4948.74
S1401,500111057,YouBike2.0_力行橋(南港),南港區,25.05172,121.61686,7543.844,5086.968
S1402,500111058,YouBike2.0_舊莊國小(舊莊街一段),南港區,25.03987,121.62015,7700.998,5707.42
S1403,500111059,YouBike2.0_向陽公園,南港區,25.05705,121.59265,6387.401,4807.895
S1404,500111060,YouBike2.0_小彎社會住宅,南港區,25.0582,121.59368,6436.602,4747.682
S1405,500111061,YouBike2.0_捷運南港展覽館站(6號出口),南港區,25.05465,121.6185,7622.182,4933.556
S1406,500111062,YouBike2.0_捷運南港展覽館站(4號出口),南港區,25.05535,121.61838,7616.45,4896.905
S1407,500111063,YouBike2.0_成德綠地,南港區,25.04675,121.58731,6132.325,5347.191
S1408,500111065,YouBike2.0_中坡市民路口(東北側),南港區,25.04969,121.58028,5796.522,5193.256
S1409,500111066,YouBike2.0_昆陽公園,南港區,25.0483,121.59425,6463.829,5266.035
S1410,500111067,YouBike2.0_南港路二段178巷口,南港區,25.05368,121.59969,6723.682,4984.344
S1411,500111068,YouBike2.0_南港車站(忠孝東路),南港區,25.05225,121.60766,7104.386,5059.218
S1412,500111069,YouBike2.0_南港車站(興華路),南港區,25.05343,121.60633,7040.856,4997.434
S1413,500111070,YouBike2.0_玉成公園(成福路178巷口),南港區,25.04177,121.58735,6134.236,5607.938
S1414,500111071,YouBike2.0_玉東公園(東新街),南港區,25.04998,121.58383,5966.095,5178.072
S1415,500111072,YouBike2.0_南港出租國宅社區,南港區,25.03878,121.59302,6405.075,5764.491
S1416,500111073,YouBike2.0_成福路197巷口,南港區,25.04066,121.58877,6202.065,5666.057
S1417,500111074,YouBike2.0_南港疏散門(基三號疏散門),南港區,25.05543,121.5892,6222.605,4892.717
S1418,500111075,YouBike2.0_成德立體停車場,南港區,25.04557,121.58629,6083.602,5408.975
S1419,500111076,YouBike2.0_南港展覽館2館,南港區,25.05545,121.61646,7524.737,4891.669
S1420,500111077,YouBike2.0_舊莊派出所,南港區,25.03827,121.62274,7824.715,5791.194
S1421,500111078,YouBike2.0_南港路三段80巷,南港區,25.05394,121.59124,6320.05,4970.731
S1422,500111079,YouBike2.0_捷運昆陽站(4號出口),南港區,25.05066,121.59431,6466.695,5142.468
S1423,500111080,YouBike2.0_忠孝東路六段278巷口,南港區,25.04916,121.58906,6215.917,5221.007
S1424,500111081,YouBike2.0_中研院人文社會科學館,南港區,25.04126,121.6118,7302.142,5634.641
S1425,500111082,YouBike2.0_南港路三段130巷口,南港區,25.05457,121.58781,6156.208,4937.745
S1426,500111083,YouBike2.0_南港路三段190巷口,南港區,25.05381,121.58638,6087.901,4977.538
S1427,500111084,YouBike2.0_忠孝東路六段212巷口,南港區,25.0488,121.58742,6137.579,5239.856
S1428,500111085,YouBike2.0_新富公園,南港區,25.05296,121.61713,7556.741,5022.043
S1429,500111086,YouBike2.0_東新街63巷口,南港區,25.04728,121.58605,6072.138,5319.441
S1430,500111087,YouBike2.0_中興公園,南港區,25.04487,121.61481,7445.921,5445.626
S1431,500111088,YouBike2.0_向陽市民大道路口(西北側),南港區,25.05163,121.59535,6516.373,5091.68
S1432,500111089,YouBike2.0_向陽南港路口(西北側),南港區,25.05486,121.5944,6470.994,4922.561
S1433,500111090,YouBike2.0_研究院路一段151巷口,南港區,25.04997,121.6162,7512.317,5178.596
S1434,500111091,YouBike2.0_興中重陽路口,南港區,25.05801,121.60674,7060.44,4757.631
S1435,500111092,YouBike2.0_中研院近代史研究所研究大樓,南港區,25.03999,121.61538,7473.148,5701.137
S1436,500111093,YouBike2.0_中研院人文社會科學研究中心,南港區,25.04159,121.61532,7470.282,5617.363
S1437,500111094,YouBike2.0_中研院生態時代館,南港區,25.04287,121.61342,7379.525,5550.344
S1438,500111095,YouBike2.0_玉成街(中坡北路50巷口),南港區,25.04691,121.58192,5874.86,5338.814
S1439,500111096,YouBike2.0_東明公園,南港區,25.05469,121.60381,6920.483,4931.462
S1440,500111097,YouBike2.0_捷運南港軟體園區站(1號出口),南港區,25.06043,121.61498,7454.042,4630.922
S1441,500111098,YouBike2.0_南港花園社區A18,南港區,25.04015,121.59111,6313.84,5692.76
S1442,500111113,YouBike2.0_內湖機廠(港東街),南港區,25.058,121.62189,7784.112,4758.154
S1443,500111114,YouBike2.0_市民昆陽街口,南港區,25.05124,121.59361,6433.258,5112.1
S1444,500111115,YouBike2.0_南港機廠(北流),南港區,25.05156,121.6014,6805.364,5095.345
S1445,500111116,YouBike2.0_忠孝東路七段265巷,南港區,25.05216,121.60338,6899.943,5063.93
S1446,500111117,YouBike2.0_昆陽東新街口,南港區,25.04857,121.59401,6452.365,5251.898
S1447,500111118,YouBike2.0_臺北市捷運局機電工程處,南港區,25.0614,121.61795,7595.91,4580.134
S1448,500111119,YouBike2.0_經貿二路105巷口(經貿二路),南港區,25.05791,121.61704,7552.442,4762.867
S1449,500111120,YouBike2.0_經貿二路105巷口(經貿一路),南港區,25.0586,121.61973,7680.935,4726.739
S1450,500111121,YouBike2.0_經貿二路185巷,南港區,25.06148,121.61698,7549.576,4575.945
S1451,500111122,YouBike2.0_國家生物模式中心,南港區,25.04637,121.60948,7191.322,5367.088
S1452,500111123,YouBike2.0_南港路三段106巷口(中華賓士),南港區,25.05312,121.58928,6226.426,5013.665
S1453,500111124,YouBike2.0_中坡松隆路口,南港區,25.04865,121.58028,5796.522,5247.71
S1454,500111125,YouBike2.0_成功疏散門,南港區,25.05898,121.59407,6455.231,4706.843
S1455,500111126,YouBike2.0_環保局南港區清潔南港分隊,南港區,25.06088,121.61085,7256.763,4607.361
S1456,500111127,YouBike2.0_重陽公園(興南街),南港區,25.05557,121.59983,6730.369,4885.386
S1457,500111128,YouBike2.0_生物技術開發中心,南港區,25.04921,121.61025,7228.103,5218.389
S1458,500111129,YouBike2.0_南港車站C棟(市民大道),南港區,25.0528,121.6045,6953.442,5030.42
S1459,500111130,YouBike2.0_新陽綠地,南港區,25.05492,121.59817,6651.076,4919.42
S1460,500111131,YouBike2.0_九如公園(凌雲街),南港區,25.03904,121.61554,7480.791,5750.878
S1461,500111132,YouBike2.0_捷運南港機廠社會住宅,南港區,25.05088,121.59729,6609.041,5130.949
S1462,500111133,YouBike2.0_忠孝向陽路口,南港區,25.05105,121.5969,6590.412,5122.048
S1463,500111134,YouBike2.0_重陽路39巷,南港區,25.05634,121.59518,6508.252,4845.07
S1464,500112001,YouBike2.0_黎忠區民活動中心,信義區,25.02035,121.55769,4717.462,6729.465
S1465,500112002,YouBike2.0_基隆路二段159巷口,信義區,25.02561,121.55409,4545.501,6454.057
S1466,500112003,YouBike2.0_嘉興街175巷口,信義區,25.02811,121.55671,4670.651,6323.16
S1467,500112004,YouBike2.0_和平東路三段631巷口,信義區,25.0132,121.56335,4987.824,7103.831
S1468,500112005,YouBike2.0_和平東路三段530巷口,信義區,25.01545,121.56134,4891.812,6986.023
S1469,500112006,YouBike2.0_景勤二號公園,信義區,25.02698,121.55841,4751.855,6382.326
S1470,500112007,YouBike2.0_臺北醫學大學,信義區,25.02668,121.56175,4911.397,6398.033
S1471,500112008,YouBike2.0_三興公園,信義區,25.02868,121.55932,4795.323,6293.316
S1472,500112009,YouBike2.0_松德站,信義區,25.03162,121.57396,5494.634,6139.381
S1473,500112010,YouBike2.0_捷運象山站(2號出口),信義區,25.03222,121.56974,5293.056,6107.965
S1474,500112011,YouBike2.0_象山公園,信義區,25.02863,121.56981,5296.4,6295.934
S1475,500112012,YouBike2.0_松仁路253巷3弄,信義區,25.02678,121.56884,5250.066,6392.798
S1476,500112013,YouBike2.0_興雅國中,信義區,25.03616,121.56983,5297.355,5901.672
S1477,500112014,YouBike2.0_捷運象山站(1號出口),信義區,25.03295,121.56867,5241.946,6069.743
S1478,500112015,YouBike2.0_松德路200巷,信義區,25.03471,121.57301,5449.255,5977.592
S1479,500112016,YouBike2.0_中全公園,信義區,25.0382,121.57495,5541.923,5794.86
S1480,500112017,YouBike2.0_台北市災害應變中心,信義區,25.02868,121.56672,5148.8,6293.316
S1481,500112018,YouBike2.0_信義運動中心,信義區,25.03189,121.56678,5151.666,6125.244
S1482,500112019,YouBike2.0_捷運台北101/世貿站(3號出口),信義區,25.03275,121.56337,4988.78,6080.215
S1483,500112020,YouBike2.0_景新公園,信義區,25.03003,121.56287,4964.896,6222.631
S1484,500112021,YouBike2.0_光復信義路口東南側,信義區,25.03281,121.55756,4711.253,6077.074
S1485,500112022,YouBike2.0_三張犁,信義區,25.03452,121.5576,4713.163,5987.54
S1486,500112023,YouBike2.0_仁愛路四段496巷口,信義區,25.03745,121.5602,4837.358,5834.129
S1487,500112024,YouBike2.0_松山工農,信義區,25.03961,121.57199,5400.532,5721.034
S1488,500112025,YouBike2.0_松友公園,信義區,25.03423,121.57636,5609.275,6002.724
S1489,500112026,YouBike2.0_林口公園,信義區,25.03894,121.57915,5742.545,5756.114
S1490,500112027,YouBike2.0_松山家商,信義區,25.0347,121.58018,5791.745,5978.115
S1491,500112028,YouBike2.0_永春陂濕地公園,信義區,25.03301,121.58096,5829.004,6066.602
S1492,500112029,YouBike2.0_臺北市政府,信義區,25.03801,121.56541,5086.225,5804.808
S1493,500112030,YouBike2.0_松智松壽路口,信義區,25.03607,121.56535,5083.359,5906.384
S1494,500112031,YouBike2.0_市府松壽路口,信義區,25.03627,121.56383,5010.753,5895.912
S1495,500112032,YouBike2.0_市府松高路口,信義區,25.03899,121.56369,5004.065,5753.496
S1496,500112033,YouBike2.0_市民廣場,信義區,25.03599,121.56218,4931.937,5910.573
S1497,500112035,YouBike2.0_信義廣場(台北101),信義區,25.03306,121.5662,5123.961,6063.984
S1498,500112036,YouBike2.0_捷運台北101/世貿站(5號出口),信義區,25.03338,121.56333,4986.869,6047.229
S1499,500112037,YouBike2.0_春光公園,信義區,25.0427,121.58112,5836.646,5559.245
S1500,500112038,YouBike2.0_松仁路121巷口,信義區,25.03476,121.56865,5240.99,5974.974
S1501,500112039,YouBike2.0_福德國小,信義區,25.03846,121.58618,6078.348,5781.246
S1502,500112040,YouBike2.0_福德公園,信義區,25.03841,121.58355,5952.72,5783.864
S1503,500112042,YouBike2.0_松高路(信義新天地A4館),信義區,25.03918,121.56654,5140.202,5743.548
S1504,500112043,YouBike2.0_興雅松仁路口,信義區,25.0401,121.56822,5220.45,5695.378
S1505,500112044,YouBike2.0_福祥公園,信義區,25.04626,121.57045,5326.971,5372.847
S1506,500112045,YouBike2.0_吳興公車總站,信義區,25.02388,121.56984,5297.833,6544.638
S1507,500112046,YouBike2.0_泰和公園,信義區,25.0193,121.57105,5355.631,6784.442
S1508,500112047,YouBike2.0_興雅國小(基隆路一段37巷),信義區,25.04773,121.56895,5255.32,5295.88
S1509,500112048,YouBike2.0_雅祥公園(松信路50巷口),信義區,25.04732,121.57211,5406.264,5317.347
S1510,500112049,YouBike2.0_松山車站,信義區,25.0489,121.57841,5707.197,5234.62
S1511,500112050,YouBike2.0_五常公園,信義區,25.04797,121.57432,5511.83,5283.314
S1512,500112051,YouBike2.0_永吉松信路口,信義區,25.04548,121.57207,5404.354,5413.687
S1513,500112052,YouBike2.0_三興國小,信義區,25.02969,121.55766,4716.029,6240.433
S1514,500112053,YouBike2.0_市民松信路口,信義區,25.04927,121.57205,5403.398,5215.247
S1515,500112054,YouBike2.0_松山高中,信義區,25.0433,121.5638,5009.32,5527.829
S1516,500112055,YouBike2.0_基隆光復路口,信義區,25.03005,121.55764,4715.074,6221.584
S1517,500112056,YouBike2.0_基隆忠孝路口西南側,信義區,25.04108,121.5629,4966.329,5644.066
S1518,500112057,YouBike2.0_泰和里民活動中心,信義區,25.0213,121.57027,5318.373,6679.724
S1519,500112058,YouBike2.0_捷運後山埤站(2號出口),信義區,25.04395,121.58184,5871.039,5493.796
S1520,500112059,YouBike2.0_虎林永吉路口,信義區,25.04519,121.57712,5645.578,5428.871
S1521,500112060,YouBike2.0_永吉公園,信義區,25.04345,121.57539,5562.941,5519.976
S1522,500112061,YouBike2.0_永吉路321巷口,信義區,25.04561,121.57549,5567.717,5406.88
S1523,500112062,YouBike2.0_松山永吉路口,信義區,25.04623,121.57772,5674.238,5374.418
S1524,500112063,YouBike2.0_松山路292巷口,信義區,25.0432,121.57789,5682.359,5533.065
S1525,500112064,YouBike2.0_捷運象山站(3號出口),信義區,25.03295,121.5712,5362.796,6069.743
S1526,500112065,YouBike2.0_松德公園,信義區,25.03657,121.57349,5472.183,5880.204
S1527,500112066,YouBike2.0_世貿三館,信義區,25.03511,121.56369,5004.065,5956.648
S1528,500112067,YouBike2.0_松德虎林街口,信義區,25.0383,121.5762,5601.632,5789.624
S1529,500112068,YouBike2.0_富台公園,信義區,25.04185,121.57204,5402.921,5603.75
S1530,500112069,YouBike2.0_基隆路一段101巷口,信義區,25.04516,121.56702,5163.13,5430.442
S1531,500112070,YouBike2.0_捷運永春站(2號出口),信義區,25.0405,121.57538,5562.463,5674.434
S1532,500112071,YouBike2.0_吳興街260巷,信義區,25.02606,121.5631,4975.883,6430.496
S1533,500112072,YouBike2.0_松山家商(林口街),信義區,25.03593,121.57906,5738.246,5913.714
S1534,500112073,YouBike2.0_仁愛逸仙路口,信義區,25.03771,121.56124,4887.036,5820.515
S1535,500112075,YouBike2.0_信義基隆路口,信義區,25.03321,121.55873,4767.14,6056.13
S1536,500112076,YouBike2.0_捷運台北101/世貿站(2號出口),信義區,25.0327,121.56157,4902.799,6082.833
S1537,500112078,YouBike2.0_吳興街284巷36弄口,信義區,25.02236,121.56268,4955.82,6624.224
S1538,500112079,YouBike2.0_協和祐德高級中學,信義區,25.0426,121.58381,5965.14,5564.481
S1539,500112080,YouBike2.0_福德國小公車站,信義區,25.03929,121.58755,6143.789,5737.788
S1540,500112081,YouBike2.0_松仁路95巷口,信義區,25.03656,121.56866,5241.468,5880.728
S1541,500112082,YouBike2.0_臺北南山廣場_1,信義區,25.03404,121.56598,5113.452,6012.672
S1542,500112083,YouBike2.0_景聯廣場,信義區,25.03214,121.55974,4815.385,6112.154
S1543,500112084,YouBike2.0_景平公園,信義區,25.02976,121.5642,5028.426,6236.768
S1544,500112085,YouBike2.0_捷運市政府站(3號出口),信義區,25.04084,121.56789,5204.687,5656.632
S1545,500112086,YouBike2.0_五分埔公園,信義區,25.04719,121.58058,5810.852,5324.153
S1546,500112087,YouBike2.0_松仁路305號,信義區,25.02306,121.57036,5322.672,6587.573
S1547,500112088,YouBike2.0_吳興街394巷口,信義區,25.02474,121.56741,5181.759,6499.61
S1548,500112089,YouBike2.0_忠孝東路五段215巷口,信義區,25.0409,121.5705,5329.359,5653.491
S1549,500112090,YouBike2.0_松勤莊敬路口,信義區,25.03203,121.5615,4899.455,6117.914
S1550,500112091,YouBike2.0_松仁松平路口,信義區,25.03047,121.56838,5228.093,6199.593
S1551,500112092,YouBike2.0_信義松德路口,信義區,25.03322,121.57433,5512.308,6055.607
S1552,500112093,YouBike2.0_捷運市政府站(4號出口),信義區,25.04146,121.56731,5176.982,5624.17
S1553,500112094,YouBike2.0_吳興街284巷(廣安宮),信義區,25.02326,121.56329,4984.958,6577.101
S1554,500112095,YouBike2.0_景勤二號公園(西南側),信義區,25.02605,121.5577,4717.94,6431.02
S1555,500112096,YouBike2.0_克勤新村,信義區,25.02589,121.56073,4862.674,6439.397
S1556,500112097,YouBike2.0_和平東路三段291號,信義區,25.02186,121.55532,4604.254,6650.403
S1557,500112098,YouBike2.0_永吉路468巷口,信義區,25.04533,121.57915,5742.545,5421.541
S1558,500112099,YouBike2.0_廣慈博愛園區(西側),信義區,25.03866,121.58082,5822.316,5770.774
S1559,500112100,YouBike2.0_和平東路三段341巷口,信義區,25.02188,121.55891,4775.738,6649.356
S1560,500112101,YouBike2.0_革新公園,信義區,25.04367,121.56741,5181.759,5508.457
S1561,500112102,YouBike2.0_黎雙公園,信義區,25.0246,121.56028,4841.179,6506.94
S1562,500112103,YouBike2.0_臺北文化體育園區辦公大樓,信義區,25.04144,121.56126,4887.991,5625.217
S1563,500112104,YouBike2.0_捷運國父紀念館站(5號出口),信義區,25.04206,121.55792,4728.449,5592.754
S1564,500112105,YouBike2.0_光復南菸廠路口,信義區,25.04482,121.55795,4729.882,5448.244
S1565,500112106,YouBike2.0_中坡北永吉路口,信義區,25.04557,121.58059,5811.33,5408.975
S1566,500112107,YouBike2.0_松仁路281巷66弄,信義區,25.02261,121.57178,5390.501,6611.134
S1567,500112108,YouBike2.0_基隆市民路口,信義區,25.04892,121.56906,5260.575,5233.573
S1568,500112109,YouBike2.0_松仁路253巷4弄口,信義區,25.02559,121.56954,5283.503,6455.105
S1569,500112110,YouBike2.0_松德路169巷口,信義區,25.03633,121.57582,5583.481,5892.771
S1570,500112111,YouBike2.0_吳興新村,信義區,25.02815,121.56114,4882.259,6321.066
S1571,500112112,YouBike2.0_松山文創園區(一號倉庫),信義區,25.04503,121.55951,4804.399,5437.249
S1572,500112113,YouBike2.0_永吉路187巷口,信義區,25.04584,121.57273,5435.88,5394.838
S1573,500112114,YouBike2.0_仁愛路四段512巷,信義區,25.03706,121.56124,4887.036,5854.549
S1574,500112115,YouBike2.0_信安街/富陽街44巷口,信義區,25.02309,121.55537,4606.643,6586.002
S1575,500112116,YouBike2.0_吳興公園,信義區,25.02383,121.56767,5194.178,6547.256
S1576,500112117,YouBike2.0_逸仙松高路口,信義區,25.03942,121.56149,4898.977,5730.982
S1577,500112118,YouBike2.0_光復仁愛路口,信義區,25.03784,121.55768,4716.985,5813.709
S1578,500112119,YouBike2.0_信義松智路口(東南側),信義區,25.03284,121.56555,5092.912,6075.503
S1579,500112120,YouBike2.0_松山家商(東側),信義區,25.03568,121.58133,5846.677,5926.804
S1580,500112123,YouBike2.0_松山松隆路口,信義區,25.04831,121.57766,5671.372,5265.512
S1581,500112124,YouBike2.0_松智松平路口,信義區,25.0304,121.5654,5085.747,6203.259
S1582,500112125,YouBike2.0_象山公園(松勤街140巷),信義區,25.03098,121.5697,5291.146,6172.89
S1583,500112127,YouBike2.0_永吉路120巷15弄口,信義區,25.04501,121.57028,5318.851,5438.296
S1584,500112128,YouBike2.0_臺北文創大樓(菸廠路),信義區,25.04499,121.56082,4866.974,5439.343
S1585,500112129,YouBike2.0_松德路25巷口,信義區,25.0392,121.57742,5659.908,5742.501
S1586,500112130,YouBike2.0_國家鐵道博物館,信義區,25.04728,121.56337,4988.78,5319.441
S1587,500112132,YouBike2.0_六張犁社會住宅B基地,信義區,25.02783,121.56024,4839.269,6337.821
S1588,500112133,YouBike2.0_莊敬路341巷3弄,信義區,25.02864,121.56482,5058.042,6295.41
S1589,500112134,YouBike2.0_信義國中,信義區,25.02953,121.56817,5218.062,6248.811
S1590,500113001,YouBike2.0_德昌寶興街口(西北角),萬華區,25.02365,121.49528,1736.315,6556.681
S1591,500113002,YouBike2.0_寶興長泰街口(西南角),萬華區,25.0216,121.49597,1769.275,6664.016
S1592,500113003,YouBike2.0_萬大路486巷口,萬華區,25.01975,121.4973,1832.805,6760.88
S1593,500113004,YouBike2.0_國興中華路口,萬華區,25.02485,121.50898,2390.725,6493.85
S1594,500113005,YouBike2.0_古亭國中,萬華區,25.02442,121.5107,2472.885,6516.364
S1595,500113006,YouBike2.0_國興水源路口,萬華區,25.02297,121.50845,2365.409,6592.285
S1596,500113007,YouBike2.0_青年公園高爾夫球場,萬華區,25.02481,121.50755,2322.418,6495.945
S1597,500113008,YouBike2.0_國興青年路口,萬華區,25.02594,121.50651,2272.74,6436.779
S1598,500113009,YouBike2.0_青年公園棒球場,萬華區,25.0241,121.50289,2099.823,6533.119
S1599,500113010,YouBike2.0_青年公園籃球場,萬華區,25.02085,121.50539,2219.241,6703.286
S1600,500113012,YouBike2.0_復華花園新城,萬華區,25.02964,121.50258,2085.016,6243.051
S1601,500113013,YouBike2.0_新和國小,萬華區,25.02582,121.50255,2083.583,6443.062
S1602,500113014,YouBike2.0_莒光郵局,萬華區,25.03124,121.50122,2020.052,6159.277
S1603,500113015,YouBike2.0_莒光立體停車場,萬華區,25.03116,121.50336,2122.274,6163.466
S1604,500113016,YouBike2.0_艋舺大道146巷口,萬華區,25.03301,121.5016,2038.204,6066.602
S1605,500113017,YouBike2.0_東園國小,萬華區,25.02257,121.49807,1869.586,6613.228
S1606,500113018,YouBike2.0_華中疏散門,萬華區,25.01688,121.49534,1739.181,6911.15
S1607,500113019,YouBike2.0_錦德公園,萬華區,25.02332,121.49264,1610.21,6573.959
S1608,500113020,YouBike2.0_忠德公園,萬華區,25.02516,121.49604,1772.618,6477.619
S1609,500113022,YouBike2.0_華江高中,萬華區,25.02744,121.49619,1779.784,6358.241
S1610,500113023,YouBike2.0_西園艋舺路口,萬華區,25.03267,121.49757,1845.702,6084.404
S1611,500113025,YouBike2.0_雙園國中,萬華區,25.02673,121.49176,1568.175,6395.416
S1612,500113026,YouBike2.0_長順區民活動中心,萬華區,25.03284,121.48908,1440.159,6075.503
S1613,500113027,YouBike2.0_萬華安居社會住宅A區,萬華區,25.03397,121.49029,1497.957,6016.337
S1614,500113028,YouBike2.0_華江八號公園,萬華區,25.03388,121.49293,1624.063,6021.05
S1615,500113029,YouBike2.0_環河南雙園街口,萬華區,25.03203,121.49127,1544.769,6117.914
S1616,500113030,YouBike2.0_大理高中,萬華區,25.03124,121.49075,1519.93,6159.277
S1617,500113031,YouBike2.0_糖廍文化園區,萬華區,25.03383,121.4946,1703.834,6023.668
S1618,500113032,YouBike2.0_兩棵樹公園,萬華區,25.03253,121.49549,1746.347,6091.734
S1619,500113033,YouBike2.0_萬華青年公宅,萬華區,25.02021,121.50376,2141.381,6736.795
S1620,500113034,YouBike2.0_開封西寧路口,萬華區,25.04662,121.50717,2304.267,5353.998
S1621,500113035,YouBike2.0_峨眉停車場,萬華區,25.04441,121.50541,2220.197,5469.711
S1622,500113036,YouBike2.0_長沙公園,萬華區,25.0417,121.49992,1957.955,5611.604
S1623,500113037,YouBike2.0_貓公園(中興橋頭),萬華區,25.04369,121.5018,2047.757,5507.409
S1624,500113038,YouBike2.0_西本願寺廣場,萬華區,25.04099,121.50769,2329.106,5648.778
S1625,500113039,YouBike2.0_中華桂林路口,萬華區,25.03771,121.50662,2277.995,5820.515
S1626,500113041,YouBike2.0_龍山國小,萬華區,25.0355,121.49541,1742.525,5936.228
S1627,500113042,YouBike2.0_華西公園,萬華區,25.03852,121.49881,1904.933,5778.105
S1628,500113043,YouBike2.0_老松國小,萬華區,25.03792,121.50177,2046.324,5809.52
S1629,500113044,YouBike2.0_萬華火車站,萬華區,25.03364,121.50322,2115.587,6033.616
S1630,500113045,YouBike2.0_萬華火車站(D2廣場),萬華區,25.03394,121.50117,2017.664,6017.908
S1631,500113046,YouBike2.0_捷運龍山寺站(3號出口),萬華區,25.03509,121.50199,2056.833,5957.696
S1632,500113047,YouBike2.0_臺北市電影主題公園(峨眉街),萬華區,25.04445,121.50306,2107.944,5467.617
S1633,500113048,YouBike2.0_臺北市電影主題公園(康定路),萬華區,25.04551,121.50318,2113.676,5412.116
S1634,500113049,YouBike2.0_中華峨眉街口,萬華區,25.04345,121.50841,2363.498,5519.976
S1635,500113050,YouBike2.0_萬華266號綠地,萬華區,25.0403,121.50197,2055.878,5684.906
S1636,500113051,YouBike2.0_萬大國小(萬大路344巷口),萬華區,25.02376,121.49986,1955.089,6550.921
S1637,500113052,YouBike2.0_德昌街10巷口,萬華區,25.02533,121.4996,1942.669,6468.718
S1638,500113053,YouBike2.0_環河南和平西路口,萬華區,25.03517,121.49048,1507.033,5953.507
S1639,500113054,YouBike2.0_長順街60巷口,萬華區,25.03119,121.48858,1416.276,6161.895
S1640,500113055,YouBike2.0_西園公園,萬華區,25.0271,121.49775,1854.3,6376.043
S1641,500113056,YouBike2.0_華江污水廠,萬華區,25.03606,121.49163,1561.965,5906.907
S1642,500113057,YouBike2.0_柳鄉公園,萬華區,25.03731,121.49526,1735.36,5841.459
S1643,500113058,YouBike2.0_綠堤社區公園,萬華區,25.03302,121.4931,1632.183,6066.078
S1644,500113059,YouBike2.0_長順艋舺大道口,萬華區,25.03035,121.49228,1593.014,6205.876
S1645,500113060,YouBike2.0_富民路145巷口,萬華區,25.01796,121.49988,1956.044,6854.603
S1646,500113061,YouBike2.0_環南綜合市場,萬華區,25.0286,121.48908,1440.159,6297.504
S1647,500113062,YouBike2.0_龍山國中,萬華區,25.03646,121.50492,2196.791,5885.964
S1648,500113064,YouBike2.0_桂林昆明街口,萬華區,25.03811,121.50362,2134.693,5799.572
S1649,500113065,YouBike2.0_萬華國中_1,萬華區,25.02926,121.49936,1931.205,6262.948
S1650,500113066,YouBike2.0_青年公園3號出口,萬華區,25.02273,121.50271,2091.225,6604.851
S1651,500113069,YouBike2.0_莒光社會住宅,萬華區,25.0317,121.50033,1977.539,6135.192
S1652,500113070,YouBike2.0_艋舺西藏路口,萬華區,25.0287,121.49156,1558.622,6292.269
S1653,500113071,YouBike2.0_萬大路493巷,萬華區,25.01975,121.4992,1923.563,6760.88
S1654,500113072,YouBike2.0_雙園國中地下停車場,萬華區,25.02768,121.49134,1548.113,6345.675
S1655,500113073,YouBike2.0_青年路152巷口,萬華區,25.01979,121.5009,2004.767,6758.786
S1656,500113074,YouBike2.0_和平西路二段190巷口,萬華區,25.03348,121.50445,2174.34,6041.993
S1657,500113075,YouBike2.0_萬大路424巷口,萬華區,25.02039,121.4927,1613.076,6727.371
S1658,500113077,YouBike2.0_長泰街52巷口,萬華區,25.0232,121.50028,1975.151,6580.242
S1659,500113078,YouBike2.0_水源青年路口,萬華區,25.02005,121.50429,2166.697,6745.173
S1660,500113079,YouBike2.0_青年公園4號出口,萬華區,25.02114,121.50265,2088.359,6688.101
S1661,500113081,YouBike2.0_大理高中(西藏路),萬華區,25.03062,121.49021,1494.136,6191.74
S1662,500113083,YouBike2.0_綠堤公園(西北側),萬華區,25.03338,121.49267,1611.643,6047.229
S1663,500113085,YouBike2.0_艋舺雙園街口,萬華區,25.0301,121.49324,1638.871,6218.966
S1664,500113086,YouBike2.0_德昌街125巷口,萬華區,25.02406,121.49639,1789.337,6535.214
S1665,500113087,YouBike2.0_萬青街186號,萬華區,25.02263,121.50154,2035.338,6610.087
S1666,500113088,YouBike2.0_艋舺大道/西園路140巷口,萬華區,25.03174,121.49502,1723.896,6133.098
S1667,500113089,YouBike2.0_龍山國中(廣州街),萬華區,25.03614,121.50625,2260.321,5902.719
S1668,500113090,YouBike2.0_華江高中(西藏路),萬華區,25.02901,121.49659,1798.89,6276.037
S1669,500113091,YouBike2.0_新和國小(中華路二段416巷),萬華區,25.02677,121.50283,2096.957,6393.321
S1670,500113092,YouBike2.0_環南綜合市場(西藏路),萬華區,25.0294,121.49082,1523.274,6255.617
S1671,500113093,YouBike2.0_萬華青年社會住宅(青年路168巷49弄),萬華區,25.01995,121.50229,2071.163,6750.409
S1672,500113094,YouBike2.0_萬華51號公園,萬華區,25.03484,121.49928,1927.384,5970.785
S1673,500113095,YouBike2.0_萬華區公所(大理街),萬華區,25.03457,121.5,1961.776,5984.922
S1674,500113096,YouBike2.0_環河南路一段350巷口,萬華區,25.03935,121.49743,1839.015,5734.647
S1675,500113097,YouBike2.0_萬華安居社會住宅B區,萬華區,25.03349,121.49089,1526.618,6041.47
S1676,500113098,YouBike2.0_青年公園(西藏路125巷口),萬華區,25.0251,121.50371,2138.992,6480.76
S1677,500113099,YouBike2.0_漢口街二段53巷口,萬華區,25.04581,121.50636,2265.575,5396.409
S1678,500113100,YouBike2.0_環河福德宮,萬華區,25.03788,121.49429,1689.026,5811.614
S1679,500113101,YouBike2.0_崇仁花園(萬大路423巷),萬華區,25.02183,121.50133,2025.307,6651.974
S1680,500119005,YouBike2.0_臺大水源舍區A棟,臺大公館校區,25.01493,121.53044,3415.808,7013.25
S1681,500119006,YouBike2.0_臺大卓越研究大樓,臺大公館校區,25.01466,121.52917,3355.144,7027.387
S1682,500119007,YouBike2.0_臺大水源修齊會館,臺大公館校區,25.01411,121.52997,3393.357,7056.184
S1683,500119008,YouBike2.0_臺大檔案展示館,臺大公館校區,25.01391,121.52895,3344.635,7066.656
S1684,500119009,YouBike2.0_臺大水源舍區B棟,臺大公館校區,25.01525,121.53009,3399.089,6996.495
S1685,500119043,YouBike2.0_臺大男八舍東側,臺大公館校區,25.01729,121.54531,4126.105,6889.683
S1686,500119044,YouBike2.0_臺大禮賢樓東南側,臺大公館校區,25.01415,121.53767,3761.164,7054.09
S1687,500119045,YouBike2.0_臺大農業陳列館北側,臺大公館校區,25.01839,121.53404,3587.77,6832.088
S1688,500119046,YouBike2.0_臺大管理學院二館北側,臺大公館校區,25.01355,121.53673,3716.263,7085.505
S1689,500119047,YouBike2.0_臺大土木系館,臺大公館校區,25.01761,121.53844,3797.945,6872.928
S1690,500119048,YouBike2.0_臺大大一女舍北側,臺大公館校區,25.01547,121.53436,3603.055,6984.976
S1691,500119049,YouBike2.0_臺大女九舍西南側,臺大公館校區,25.01981,121.53903,3826.128,6757.739
S1692,500119050,YouBike2.0_臺大小福樓東側,臺大公館校區,25.01846,121.5376,3757.821,6828.423
S1693,500119051,YouBike2.0_臺大立體機車停車場,臺大公館校區,25.01616,121.54251,3992.357,6948.849
S1694,500119052,YouBike2.0_臺大工綜館南側,臺大公館校區,25.01857,121.54059,3900.644,6822.664
S1695,500119053,YouBike2.0_臺大天文數學館南側,臺大公館校區,25.02108,121.53783,3768.807,6691.243
S1696,500119054,YouBike2.0_臺大心理系館南側,臺大公館校區,25.01941,121.5404,3891.569,6778.682
S1697,500119055,YouBike2.0_臺大樂學館東側,臺大公館校區,25.01793,121.53585,3674.228,6856.173
S1698,500119056,YouBike2.0_臺大農化新館西側,臺大公館校區,25.01627,121.53535,3650.345,6943.089
S1699,500119057,YouBike2.0_臺大五號館西側,臺大公館校區,25.01666,121.53718,3737.758,6922.669
S1700,500119058,YouBike2.0_臺大舊體育館西側,臺大公館校區,25.0198,121.53583,3673.273,6758.262
S1701,500119059,YouBike2.0_臺大共同教室北側,臺大公館校區,25.01595,121.53791,3772.628,6959.844
S1702,500119060,YouBike2.0_臺大共同教室東南側,臺大公館校區,25.01566,121.53786,3770.24,6975.028
S1703,500119061,YouBike2.0_臺大鹿鳴堂東側,臺大公館校區,25.01511,121.53786,3770.24,7003.825
S1704,500119062,YouBike2.0_臺大公館停車場西北側,臺大公館校區,25.01345,121.53798,3775.972,7090.741
S1705,500119063,YouBike2.0_臺大第二行政大樓南側,臺大公館校區,25.01603,121.53635,3698.112,6955.655
S1706,500119064,YouBike2.0_臺大明達館機車停車場,臺大公館校區,25.01754,121.54398,4062.575,6876.593
S1707,500119065,YouBike2.0_臺大二號館,臺大公館校區,25.01699,121.53574,3668.974,6905.391
S1708,500119066,YouBike2.0_臺大凝態館南側,臺大公館校區,25.02157,121.53633,3697.156,6665.587
S1709,500119067,YouBike2.0_臺大社科院西側,臺大公館校區,25.02053,121.54145,3941.724,6720.04
S1710,500119068,YouBike2.0_臺大社會系館南側,臺大公館校區,25.01987,121.54175,3956.054,6754.597
S1711,500119069,YouBike2.0_臺大思亮館東南側,臺大公館校區,25.02074,121.53906,3827.561,6709.045
S1712,500119070,YouBike2.0_臺大椰林小舖,臺大公館校區,25.01561,121.53583,3673.273,6977.646
S1713,500119071,YouBike2.0_臺大計資中心南側,臺大公館校區,25.02036,121.53992,3868.64,6728.941
S1714,500119072,YouBike2.0_臺大原分所北側,臺大公館校區,25.01881,121.53868,3809.409,6810.098
S1715,500119074,YouBike2.0_臺大生命科學館西北側,臺大公館校區,25.01548,121.53825,3788.869,6984.453
S1716,500119075,YouBike2.0_臺大第一活動中心西南側,臺大公館校區,25.01761,121.53995,3870.073,6872.928
S1717,500119076,YouBike2.0_臺大博理館西側,臺大公館校區,25.01922,121.54195,3965.608,6788.63
S1718,500119077,YouBike2.0_臺大博雅館西側,臺大公館校區,25.0189,121.536,3681.393,6805.385
S1719,500119078,YouBike2.0_臺大森林館北側,臺大公館校區,25.01704,121.53888,3818.963,6902.773
S1720,500119079,YouBike2.0_臺大一號館,臺大公館校區,25.01698,121.53455,3612.131,6905.914
S1721,500119080,YouBike2.0_臺大小小福西南側,臺大公館校區,25.01539,121.53686,3722.473,6989.165
S1722,500119081,YouBike2.0_臺大教研館北側,臺大公館校區,25.01337,121.53909,3828.994,7094.93
S1723,500119082,YouBike2.0_臺大四號館東北側,臺大公館校區,25.01703,121.53781,3767.852,6903.296
S1724,500119083,YouBike2.0_臺大新生教室南側,臺大公館校區,25.0196,121.53846,3798.9,6768.734
S1725,500119084,YouBike2.0_臺大鄭江樓北側,臺大公館校區,25.01854,121.54309,4020.062,6824.235
S1726,500119085,YouBike2.0_臺大電機二館東南側,臺大公館校區,25.01857,121.54247,3990.447,6822.664
S1727,500119086,YouBike2.0_臺大圖資系館北側,臺大公館校區,25.01804,121.53928,3838.069,6850.414
S1728,500119087,YouBike2.0_臺大總圖書館西南側,臺大公館校區,25.0169,121.54031,3887.27,6910.103
S1729,500119088,YouBike2.0_臺大黑森林西側,臺大公館校區,25.01995,121.54347,4038.214,6750.409
S1730,500119089,YouBike2.0_臺大獸醫館南側,臺大公館校區,25.01791,121.54242,3988.058,6857.221
S1731,500119090,YouBike2.0_臺大新體育館東南側,臺大公館校區,25.02112,121.53591,3677.094,6689.149
S1732,500119091,YouBike2.0_臺大明達館北側(員工宿舍),臺大公館校區,25.01816,121.54469,4096.49,6844.131
S1733,500119092,YouBike2.0_臺大管理學院一館,臺大公館校區,25.01436,121.53828,3790.302,7043.095
S1734,500119093,YouBike2.0_臺大禮賢樓西側,臺大公館校區,25.01467,121.53765,3760.209,7026.863
S1735,500119094,YouBike2.0_臺大大一女餐廳廣場,臺大公館校區,25.01479,121.53494,3630.76,7020.58
S1736,500119095,YouBike2.0_臺大學新館,臺大公館校區,25.01944,121.54339,4034.392,6777.112
S1737,500119096,YouBike2.0_臺大水源舍區C棟,臺大公館校區,25.01547,121.52892,3343.202,6984.976
S1738,500119097,YouBike2.0_臺大人文館,臺大公館校區,25.0182,121.53476,3622.162,6842.037
S1739,500119098,YouBike2.0_臺大數學研究中心(東側),臺大公館校區,25.02004,121.53881,3815.619,6745.696
