sno,time_period,lambda_rent_hr,lambda_return_hr
500101001,00:00-02:00,5.7,4.83
500101001,02:00-04:00,0.89,1.22
500101001,04:00-06:00,1.03,3.35
500101001,06:00-08:00,29.54,25.32
500101001,08:00-10:00,47.38,39.79
500101001,10:00-12:00,30.52,23.05
500101001,12:00-14:00,35.18,29.83
500101001,14:00-16:00,28.58,31.26
500101001,16:00-18:00,39.16,49.39
500101001,18:00-20:00,44.1,36.63
500101001,20:00-22:00,29.39,32.56
500101001,22:00-24:00,22.73,20.3
500101002,00:00-02:00,2.54,3.16
500101002,02:00-04:00,0.69,1.37
500101002,04:00-06:00,1.16,1.66
500101002,06:00-08:00,9.12,4.59
500101002,08:00-10:00,14.08,8.86
500101002,10:00-12:00,14.16,8.9
500101002,12:00-14:00,16.49,12.19
500101002,14:00-16:00,11.79,12.04
500101002,16:00-18:00,12.31,20.23
500101002,18:00-20:00,20.9,16.33
500101002,20:00-22:00,14.57,13.9
500101002,22:00-24:00,8.27,7.81
500101003,00:00-02:00,0.79,0.92
500101003,02:00-04:00,0.09,0.1
500101003,04:00-06:00,0.75,0.26
500101003,06:00-08:00,7.38,7.55
500101003,08:00-10:00,15.21,11.03
500101003,10:00-12:00,8.25,5.87
500101003,12:00-14:00,9.83,13.2
500101003,14:00-16:00,7.96,6.48
500101003,16:00-18:00,13.55,12.14
500101003,18:00-20:00,9.36,10.03
500101003,20:00-22:00,5.29,5.72
500101003,22:00-24:00,2.1,3.61
500101004,00:00-02:00,1.31,1.45
500101004,02:00-04:00,0.56,0.37
500101004,04:00-06:00,1.08,0.42
500101004,06:00-08:00,4.83,2.65
500101004,08:00-10:00,5.44,4.25
500101004,10:00-12:00,7.08,9.59
500101004,12:00-14:00,15.95,15.29
500101004,14:00-16:00,6.71,6.16
500101004,16:00-18:00,9.67,15.43
500101004,18:00-20:00,16.82,15.65
500101004,20:00-22:00,7.05,8.46
500101004,22:00-24:00,3.32,5.12
500101005,00:00-02:00,1.51,3.2
500101005,02:00-04:00,0.31,0.42
500101005,04:00-06:00,0.85,0.32
500101005,06:00-08:00,8.63,9.39
500101005,08:00-10:00,19.38,17.54
500101005,10:00-12:00,15.85,18.55
500101005,12:00-14:00,28.03,26.13
500101005,14:00-16:00,12.13,11.34
500101005,16:00-18:00,20.36,20.72
500101005,18:00-20:00,24.89,21.43
500101005,20:00-22:00,10.99,10.53
500101005,22:00-24:00,6.74,7.46
500101006,00:00-02:00,1.31,1.56
500101006,02:00-04:00,0.53,0.37
500101006,04:00-06:00,0.44,0.88
500101006,06:00-08:00,4.75,2.69
500101006,08:00-10:00,10.38,9.66
500101006,10:00-12:00,8.53,8.5
500101006,12:00-14:00,14.84,14.25
500101006,14:00-16:00,8.29,6.94
500101006,16:00-18:00,8.81,19.99
500101006,18:00-20:00,17.08,12.52
500101006,20:00-22:00,9.01,6.67
500101006,22:00-24:00,3.99,4.72
500101007,00:00-02:00,0.46,1.65
500101007,02:00-04:00,0.25,0.41
500101007,04:00-06:00,0.84,0.47
500101007,06:00-08:00,3.98,1.27
500101007,08:00-10:00,6.86,4.99
500101007,10:00-12:00,6.02,7.88
500101007,12:00-14:00,13.48,10.99
500101007,14:00-16:00,4.96,3.41
500101007,16:00-18:00,8.11,10.35
500101007,18:00-20:00,12.78,12.03
500101007,20:00-22:00,7.73,7.06
500101007,22:00-24:00,3.89,5.49
500101008,00:00-02:00,1.28,0.9
500101008,02:00-04:00,0.25,0.19
500101008,04:00-06:00,1.03,0.64
500101008,06:00-08:00,4.19,2.52
500101008,08:00-10:00,4.81,4.34
500101008,10:00-12:00,5.72,3.96
500101008,12:00-14:00,7.45,8.97
500101008,14:00-16:00,5.84,5.34
500101008,16:00-18:00,6.11,10.24
500101008,18:00-20:00,7.21,9.21
500101008,20:00-22:00,6.47,5.77
500101008,22:00-24:00,4.5,3.42
500101009,00:00-02:00,0.72,0.62
500101009,02:00-04:00,0.1,0.31
500101009,04:00-06:00,0.26,0.53
500101009,06:00-08:00,2.64,1.56
500101009,08:00-10:00,6.29,5.4
500101009,10:00-12:00,8.57,9.9
500101009,12:00-14:00,18.75,17.79
500101009,14:00-16:00,9.0,8.46
500101009,16:00-18:00,9.91,17.22
500101009,18:00-20:00,14.97,19.06
500101009,20:00-22:00,10.87,7.81
500101009,22:00-24:00,3.48,2.85
500101010,00:00-02:00,1.39,2.17
500101010,02:00-04:00,0.44,0.72
500101010,04:00-06:00,0.71,0.72
500101010,06:00-08:00,6.12,3.91
500101010,08:00-10:00,12.01,8.8
500101010,10:00-12:00,12.95,13.11
500101010,12:00-14:00,22.23,22.66
500101010,14:00-16:00,13.38,12.43
500101010,16:00-18:00,12.85,24.42
500101010,18:00-20:00,16.46,22.15
500101010,20:00-22:00,17.52,12.31
500101010,22:00-24:00,8.58,6.05
500101012,00:00-02:00,1.07,0.59
500101012,02:00-04:00,0.26,0.38
500101012,04:00-06:00,0.3,0.22
500101012,06:00-08:00,4.46,3.64
500101012,08:00-10:00,7.85,6.12
500101012,10:00-12:00,6.39,4.5
500101012,12:00-14:00,8.18,7.22
500101012,14:00-16:00,5.64,5.32
500101012,16:00-18:00,7.59,9.57
500101012,18:00-20:00,7.49,9.73
500101012,20:00-22:00,5.89,6.22
500101012,22:00-24:00,2.75,2.75
500101013,00:00-02:00,1.29,1.06
500101013,02:00-04:00,0.22,0.28
500101013,04:00-06:00,0.34,0.97
500101013,06:00-08:00,4.87,3.88
500101013,08:00-10:00,12.8,12.52
500101013,10:00-12:00,9.86,8.26
500101013,12:00-14:00,13.3,13.56
500101013,14:00-16:00,9.62,9.18
500101013,16:00-18:00,12.07,16.62
500101013,18:00-20:00,11.35,14.41
500101013,20:00-22:00,9.34,9.03
500101013,22:00-24:00,4.1,4.69
500101014,00:00-02:00,2.89,3.42
500101014,02:00-04:00,1.2,0.92
500101014,04:00-06:00,1.24,1.27
500101014,06:00-08:00,7.97,8.28
500101014,08:00-10:00,16.4,11.94
500101014,10:00-12:00,14.95,12.33
500101014,12:00-14:00,19.01,18.71
500101014,14:00-16:00,13.94,13.52
500101014,16:00-18:00,17.86,22.42
500101014,18:00-20:00,17.89,21.87
500101014,20:00-22:00,14.72,15.91
500101014,22:00-24:00,8.88,7.81
500101015,00:00-02:00,0.23,0.36
500101015,02:00-04:00,0.16,0.12
500101015,04:00-06:00,0.19,0.25
500101015,06:00-08:00,3.13,2.63
500101015,08:00-10:00,4.59,7.16
500101015,10:00-12:00,3.86,6.55
500101015,12:00-14:00,5.2,5.53
500101015,14:00-16:00,4.46,5.0
500101015,16:00-18:00,9.7,5.27
500101015,18:00-20:00,6.03,3.9
500101015,20:00-22:00,2.86,3.25
500101015,22:00-24:00,1.87,2.16
500101016,00:00-02:00,0.97,1.04
500101016,02:00-04:00,0.23,0.46
500101016,04:00-06:00,0.41,0.52
500101016,06:00-08:00,3.35,2.77
500101016,08:00-10:00,8.06,5.17
500101016,10:00-12:00,7.61,4.63
500101016,12:00-14:00,8.3,7.02
500101016,14:00-16:00,5.61,4.29
500101016,16:00-18:00,6.61,8.82
500101016,18:00-20:00,8.51,8.75
500101016,20:00-22:00,6.23,6.12
500101016,22:00-24:00,2.96,3.47
500101018,00:00-02:00,0.36,1.2
500101018,02:00-04:00,0.25,0.58
500101018,04:00-06:00,0.94,0.18
500101018,06:00-08:00,4.74,2.84
500101018,08:00-10:00,7.23,4.78
500101018,10:00-12:00,9.03,7.03
500101018,12:00-14:00,11.79,11.85
500101018,14:00-16:00,7.26,7.09
500101018,16:00-18:00,8.42,13.24
500101018,18:00-20:00,9.17,11.33
500101018,20:00-22:00,8.61,10.24
500101018,22:00-24:00,5.21,6.09
500101019,00:00-02:00,1.58,2.98
500101019,02:00-04:00,0.31,0.53
500101019,04:00-06:00,1.09,0.31
500101019,06:00-08:00,9.36,4.73
500101019,08:00-10:00,14.22,20.87
500101019,10:00-12:00,14.24,12.15
500101019,12:00-14:00,16.47,15.4
500101019,14:00-16:00,10.95,10.6
500101019,16:00-18:00,15.34,12.86
500101019,18:00-20:00,15.45,12.73
500101019,20:00-22:00,9.99,9.94
500101019,22:00-24:00,5.56,9.37
500101021,00:00-02:00,0.42,0.13
500101021,02:00-04:00,0.13,0.28
500101021,04:00-06:00,1.07,0.91
500101021,06:00-08:00,5.01,3.59
500101021,08:00-10:00,9.96,5.41
500101021,10:00-12:00,9.48,6.9
500101021,12:00-14:00,13.61,10.33
500101021,14:00-16:00,8.66,8.97
500101021,16:00-18:00,11.21,17.95
500101021,18:00-20:00,12.06,14.53
500101021,20:00-22:00,7.19,7.43
500101021,22:00-24:00,3.03,1.98
500101022,00:00-02:00,10.17,7.16
500101022,02:00-04:00,1.44,5.47
500101022,04:00-06:00,1.09,4.63
500101022,06:00-08:00,39.59,34.44
500101022,08:00-10:00,44.46,24.44
500101022,10:00-12:00,37.69,37.14
500101022,12:00-14:00,58.17,55.47
500101022,14:00-16:00,44.18,58.16
500101022,16:00-18:00,57.92,72.42
500101022,18:00-20:00,50.91,60.4
500101022,20:00-22:00,47.26,43.61
500101022,22:00-24:00,35.81,28.3
500101023,00:00-02:00,2.2,1.48
500101023,02:00-04:00,0.78,3.62
500101023,04:00-06:00,0.89,3.03
500101023,06:00-08:00,7.65,7.56
500101023,08:00-10:00,16.09,10.69
500101023,10:00-12:00,10.88,8.96
500101023,12:00-14:00,16.28,17.54
500101023,14:00-16:00,13.95,12.06
500101023,16:00-18:00,17.08,22.02
500101023,18:00-20:00,16.55,26.02
500101023,20:00-22:00,22.43,11.22
500101023,22:00-24:00,7.32,4.33
500101024,00:00-02:00,1.54,1.22
500101024,02:00-04:00,0.5,0.31
500101024,04:00-06:00,0.2,0.5
500101024,06:00-08:00,1.25,10.13
500101024,08:00-10:00,14.5,25.3
500101024,10:00-12:00,11.99,15.73
500101024,12:00-14:00,18.21,21.56
500101024,14:00-16:00,16.56,12.43
500101024,16:00-18:00,30.13,16.7
500101024,18:00-20:00,17.53,13.49
500101024,20:00-22:00,9.79,6.34
500101024,22:00-24:00,4.52,2.67
500101025,00:00-02:00,1.12,1.22
500101025,02:00-04:00,0.22,0.28
500101025,04:00-06:00,0.94,0.34
500101025,06:00-08:00,5.19,14.78
500101025,08:00-10:00,27.81,45.97
500101025,10:00-12:00,26.49,27.63
500101025,12:00-14:00,31.2,33.43
500101025,14:00-16:00,30.66,15.72
500101025,16:00-18:00,42.28,29.39
500101025,18:00-20:00,17.03,14.34
500101025,20:00-22:00,9.0,7.84
500101025,22:00-24:00,4.77,4.64
500101026,00:00-02:00,1.91,0.96
500101026,02:00-04:00,0.22,0.09
500101026,04:00-06:00,0.54,0.41
500101026,06:00-08:00,2.94,6.59
500101026,08:00-10:00,4.15,5.41
500101026,10:00-12:00,6.49,6.49
500101026,12:00-14:00,7.98,7.29
500101026,14:00-16:00,5.52,5.47
500101026,16:00-18:00,16.7,5.07
500101026,18:00-20:00,9.23,6.03
500101026,20:00-22:00,4.7,6.72
500101026,22:00-24:00,3.28,4.96
500101027,00:00-02:00,7.72,7.81
500101027,02:00-04:00,2.4,1.76
500101027,04:00-06:00,2.88,1.13
500101027,06:00-08:00,9.09,10.66
500101027,08:00-10:00,15.54,18.69
500101027,10:00-12:00,17.01,18.12
500101027,12:00-14:00,24.55,26.02
500101027,14:00-16:00,19.73,18.12
500101027,16:00-18:00,33.23,18.82
500101027,18:00-20:00,34.02,30.76
500101027,20:00-22:00,28.34,29.79
500101027,22:00-24:00,18.21,23.74
500101028,00:00-02:00,0.81,0.6
500101028,02:00-04:00,0.28,0.19
500101028,04:00-06:00,0.28,1.98
500101028,06:00-08:00,10.08,10.35
500101028,08:00-10:00,9.97,18.26
500101028,10:00-12:00,10.02,10.41
500101028,12:00-14:00,11.06,13.82
500101028,14:00-16:00,9.73,8.91
500101028,16:00-18:00,20.3,16.16
500101028,18:00-20:00,9.96,6.61
500101028,20:00-22:00,5.18,4.69
500101028,22:00-24:00,2.44,2.79
500101029,00:00-02:00,0.42,0.36
500101029,02:00-04:00,0.2,0.25
500101029,04:00-06:00,0.38,0.25
500101029,06:00-08:00,2.05,4.28
500101029,08:00-10:00,5.14,8.98
500101029,10:00-12:00,8.93,9.69
500101029,12:00-14:00,6.86,7.67
500101029,14:00-16:00,6.44,4.86
500101029,16:00-18:00,12.24,5.22
500101029,18:00-20:00,6.24,4.31
500101029,20:00-22:00,2.44,1.72
500101029,22:00-24:00,1.33,1.0
500101030,00:00-02:00,1.74,2.64
500101030,02:00-04:00,0.47,0.35
500101030,04:00-06:00,1.07,0.1
500101030,06:00-08:00,5.1,3.5
500101030,08:00-10:00,9.89,13.5
500101030,10:00-12:00,14.98,12.09
500101030,12:00-14:00,13.08,13.16
500101030,14:00-16:00,9.41,9.59
500101030,16:00-18:00,15.9,9.53
500101030,18:00-20:00,8.31,5.37
500101030,20:00-22:00,2.56,3.41
500101030,22:00-24:00,1.65,6.99
500101031,00:00-02:00,1.54,3.69
500101031,02:00-04:00,0.47,1.05
500101031,04:00-06:00,0.97,0.3
500101031,06:00-08:00,7.69,6.07
500101031,08:00-10:00,19.17,15.21
500101031,10:00-12:00,15.53,9.62
500101031,12:00-14:00,17.6,19.63
500101031,14:00-16:00,15.64,12.52
500101031,16:00-18:00,18.39,11.9
500101031,18:00-20:00,12.74,12.74
500101031,20:00-22:00,7.08,12.92
500101031,22:00-24:00,4.77,9.6
500101032,00:00-02:00,3.61,6.75
500101032,02:00-04:00,0.62,1.84
500101032,04:00-06:00,2.0,1.09
500101032,06:00-08:00,17.34,3.32
500101032,08:00-10:00,30.02,15.59
500101032,10:00-12:00,23.98,15.43
500101032,12:00-14:00,42.59,35.77
500101032,14:00-16:00,28.22,28.37
500101032,16:00-18:00,36.1,30.87
500101032,18:00-20:00,33.36,33.23
500101032,20:00-22:00,12.34,32.47
500101032,22:00-24:00,6.96,16.4
500101033,00:00-02:00,4.5,13.6
500101033,02:00-04:00,2.65,3.44
500101033,04:00-06:00,2.94,1.81
500101033,06:00-08:00,9.16,3.85
500101033,08:00-10:00,24.53,14.02
500101033,10:00-12:00,17.87,8.96
500101033,12:00-14:00,26.21,18.45
500101033,14:00-16:00,22.24,20.91
500101033,16:00-18:00,22.3,14.88
500101033,18:00-20:00,18.95,17.65
500101033,20:00-22:00,8.88,20.76
500101033,22:00-24:00,18.72,23.29
500101034,00:00-02:00,0.9,1.47
500101034,02:00-04:00,0.14,0.32
500101034,04:00-06:00,0.7,0.24
500101034,06:00-08:00,3.35,8.84
500101034,08:00-10:00,9.94,15.94
500101034,10:00-12:00,14.27,11.9
500101034,12:00-14:00,13.86,17.65
500101034,14:00-16:00,12.46,9.94
500101034,16:00-18:00,16.23,9.02
500101034,18:00-20:00,11.88,7.06
500101034,20:00-22:00,7.18,3.34
500101034,22:00-24:00,3.72,4.55
500101035,00:00-02:00,1.75,0.85
500101035,02:00-04:00,0.69,0.56
500101035,04:00-06:00,0.0,0.41
500101035,06:00-08:00,2.69,5.53
500101035,08:00-10:00,7.72,11.72
500101035,10:00-12:00,11.88,7.31
500101035,12:00-14:00,12.8,14.48
500101035,14:00-16:00,10.1,11.56
500101035,16:00-18:00,17.9,9.35
500101035,18:00-20:00,8.35,9.15
500101035,20:00-22:00,5.28,5.22
500101035,22:00-24:00,3.84,2.7
500101036,00:00-02:00,0.21,0.43
500101036,02:00-04:00,0.14,0.09
500101036,04:00-06:00,0.03,0.31
500101036,06:00-08:00,0.99,1.72
500101036,08:00-10:00,4.51,6.23
500101036,10:00-12:00,3.97,7.03
500101036,12:00-14:00,8.38,6.33
500101036,14:00-16:00,5.69,4.45
500101036,16:00-18:00,5.96,4.15
500101036,18:00-20:00,5.3,5.06
500101036,20:00-22:00,3.46,1.56
500101036,22:00-24:00,1.13,1.04
500101037,00:00-02:00,1.28,2.05
500101037,02:00-04:00,0.45,0.91
500101037,04:00-06:00,0.66,0.54
500101037,06:00-08:00,3.25,2.18
500101037,08:00-10:00,10.09,8.38
500101037,10:00-12:00,8.24,9.43
500101037,12:00-14:00,8.83,9.19
500101037,14:00-16:00,6.23,6.99
500101037,16:00-18:00,9.75,6.45
500101037,18:00-20:00,8.3,8.15
500101037,20:00-22:00,9.18,7.78
500101037,22:00-24:00,5.05,5.65
500101038,00:00-02:00,1.23,0.36
500101038,02:00-04:00,0.33,0.34
500101038,04:00-06:00,0.25,0.94
500101038,06:00-08:00,1.81,1.69
500101038,08:00-10:00,9.85,14.18
500101038,10:00-12:00,11.18,16.77
500101038,12:00-14:00,20.39,20.49
500101038,14:00-16:00,14.41,13.74
500101038,16:00-18:00,16.37,13.17
500101038,18:00-20:00,13.24,11.62
500101038,20:00-22:00,9.95,4.0
500101038,22:00-24:00,4.03,2.45
500101039,00:00-02:00,0.95,0.43
500101039,02:00-04:00,0.17,0.22
500101039,04:00-06:00,0.46,1.16
500101039,06:00-08:00,0.86,4.75
500101039,08:00-10:00,8.5,15.19
500101039,10:00-12:00,7.09,9.12
500101039,12:00-14:00,10.01,8.96
500101039,14:00-16:00,5.78,6.31
500101039,16:00-18:00,13.04,9.13
500101039,18:00-20:00,8.96,6.52
500101039,20:00-22:00,5.29,1.94
500101039,22:00-24:00,2.96,1.32
500101040,00:00-02:00,1.12,0.53
500101040,02:00-04:00,0.33,0.12
500101040,04:00-06:00,0.19,0.63
500101040,06:00-08:00,1.52,2.91
500101040,08:00-10:00,5.13,8.14
500101040,10:00-12:00,6.53,8.53
500101040,12:00-14:00,5.64,6.25
500101040,14:00-16:00,4.44,6.73
500101040,16:00-18:00,6.58,5.15
500101040,18:00-20:00,5.15,7.61
500101040,20:00-22:00,7.75,2.54
500101040,22:00-24:00,6.21,6.02
500101041,00:00-02:00,1.61,1.71
500101041,02:00-04:00,0.66,2.5
500101041,04:00-06:00,0.53,1.09
500101041,06:00-08:00,4.47,4.78
500101041,08:00-10:00,14.21,9.41
500101041,10:00-12:00,7.83,8.0
500101041,12:00-14:00,10.1,10.44
500101041,14:00-16:00,7.57,10.34
500101041,16:00-18:00,12.33,12.84
500101041,18:00-20:00,8.37,12.52
500101041,20:00-22:00,13.09,7.38
500101041,22:00-24:00,8.02,4.42
500101042,00:00-02:00,2.33,6.83
500101042,02:00-04:00,1.09,3.38
500101042,04:00-06:00,1.06,3.44
500101042,06:00-08:00,6.94,7.95
500101042,08:00-10:00,21.49,13.49
500101042,10:00-12:00,17.64,7.87
500101042,12:00-14:00,24.34,15.29
500101042,14:00-16:00,17.2,11.75
500101042,16:00-18:00,16.74,12.27
500101042,18:00-20:00,16.6,12.54
500101042,20:00-22:00,9.07,14.6
500101042,22:00-24:00,6.27,14.18
500101091,00:00-02:00,0.62,1.76
500101091,02:00-04:00,0.19,0.57
500101091,04:00-06:00,0.47,0.85
500101091,06:00-08:00,4.94,4.84
500101091,08:00-10:00,9.66,11.15
500101091,10:00-12:00,8.16,8.79
500101091,12:00-14:00,10.4,10.13
500101091,14:00-16:00,8.39,5.96
500101091,16:00-18:00,13.44,7.83
500101091,18:00-20:00,9.62,7.4
500101091,20:00-22:00,6.69,8.47
500101091,22:00-24:00,4.16,6.65
500101092,00:00-02:00,0.13,0.82
500101092,02:00-04:00,0.0,0.09
500101092,04:00-06:00,0.5,0.09
500101092,06:00-08:00,2.72,2.94
500101092,08:00-10:00,5.59,10.33
500101092,10:00-12:00,6.1,5.77
500101092,12:00-14:00,6.68,7.45
500101092,14:00-16:00,4.94,3.04
500101092,16:00-18:00,8.61,3.37
500101092,18:00-20:00,5.41,3.25
500101092,20:00-22:00,1.21,2.69
500101092,22:00-24:00,1.07,1.94
500101093,00:00-02:00,0.12,0.82
500101093,02:00-04:00,0.22,0.5
500101093,04:00-06:00,0.1,0.09
500101093,06:00-08:00,2.8,2.5
500101093,08:00-10:00,7.25,8.09
500101093,10:00-12:00,7.21,5.03
500101093,12:00-14:00,6.2,8.51
500101093,14:00-16:00,6.5,8.51
500101093,16:00-18:00,10.4,7.05
500101093,18:00-20:00,8.17,5.9
500101093,20:00-22:00,5.56,2.31
500101093,22:00-24:00,1.54,1.32
500101094,00:00-02:00,0.79,1.36
500101094,02:00-04:00,0.06,0.38
500101094,04:00-06:00,0.41,0.33
500101094,06:00-08:00,6.09,4.83
500101094,08:00-10:00,11.11,6.64
500101094,10:00-12:00,6.61,5.78
500101094,12:00-14:00,8.17,6.38
500101094,14:00-16:00,5.38,5.37
500101094,16:00-18:00,8.13,10.67
500101094,18:00-20:00,10.53,10.95
500101094,20:00-22:00,6.89,8.46
500101094,22:00-24:00,5.33,5.27
500101095,00:00-02:00,0.26,1.31
500101095,02:00-04:00,1.06,0.28
500101095,04:00-06:00,0.72,0.41
500101095,06:00-08:00,4.88,16.55
500101095,08:00-10:00,14.66,12.88
500101095,10:00-12:00,11.81,8.09
500101095,12:00-14:00,13.87,5.78
500101095,14:00-16:00,11.39,6.75
500101095,16:00-18:00,17.72,8.59
500101095,18:00-20:00,6.33,7.93
500101095,20:00-22:00,4.06,7.34
500101095,22:00-24:00,0.82,5.74
500101097,00:00-02:00,0.92,1.31
500101097,02:00-04:00,0.34,1.19
500101097,04:00-06:00,1.5,1.81
500101097,06:00-08:00,8.47,1.09
500101097,08:00-10:00,12.4,2.34
500101097,10:00-12:00,5.25,3.19
500101097,12:00-14:00,3.76,2.69
500101097,14:00-16:00,3.13,2.84
500101097,16:00-18:00,3.54,6.42
500101097,18:00-20:00,2.78,8.56
500101097,20:00-22:00,2.5,7.82
500101097,22:00-24:00,3.26,5.22
500101098,00:00-02:00,0.07,0.2
500101098,02:00-04:00,0.56,0.16
500101098,04:00-06:00,0.44,0.03
500101098,06:00-08:00,4.81,3.06
500101098,08:00-10:00,5.35,2.84
500101098,10:00-12:00,3.18,2.06
500101098,12:00-14:00,3.5,3.44
500101098,14:00-16:00,2.05,3.09
500101098,16:00-18:00,4.24,2.89
500101098,18:00-20:00,2.37,3.69
500101098,20:00-22:00,0.97,2.69
500101098,22:00-24:00,0.41,2.13
500101099,00:00-02:00,2.27,3.65
500101099,02:00-04:00,0.28,0.82
500101099,04:00-06:00,1.63,1.88
500101099,06:00-08:00,17.64,9.22
500101099,08:00-10:00,18.75,10.91
500101099,10:00-12:00,11.34,8.78
500101099,12:00-14:00,13.48,10.91
500101099,14:00-16:00,9.74,8.97
500101099,16:00-18:00,13.77,20.8
500101099,18:00-20:00,19.3,19.62
500101099,20:00-22:00,10.22,14.02
500101099,22:00-24:00,8.19,9.48
500101100,00:00-02:00,0.79,1.54
500101100,02:00-04:00,1.62,0.69
500101100,04:00-06:00,1.59,1.19
500101100,06:00-08:00,5.56,5.88
500101100,08:00-10:00,12.33,9.97
500101100,10:00-12:00,8.47,4.93
500101100,12:00-14:00,6.33,5.19
500101100,14:00-16:00,5.83,4.37
500101100,16:00-18:00,7.46,7.14
500101100,18:00-20:00,6.78,9.78
500101100,20:00-22:00,5.03,7.89
500101100,22:00-24:00,3.7,5.24
500101101,00:00-02:00,3.42,6.28
500101101,02:00-04:00,0.66,2.84
500101101,04:00-06:00,2.41,3.6
500101101,06:00-08:00,29.31,24.75
500101101,08:00-10:00,38.08,34.38
500101101,10:00-12:00,20.8,19.3
500101101,12:00-14:00,24.86,26.14
500101101,14:00-16:00,21.01,20.25
500101101,16:00-18:00,30.1,31.05
500101101,18:00-20:00,29.76,26.2
500101101,20:00-22:00,22.92,23.28
500101101,22:00-24:00,14.96,16.37
500101102,00:00-02:00,1.85,1.56
500101102,02:00-04:00,0.19,0.97
500101102,04:00-06:00,0.91,0.97
500101102,06:00-08:00,7.21,1.84
500101102,08:00-10:00,10.33,8.8
500101102,10:00-12:00,6.62,5.12
500101102,12:00-14:00,7.97,8.0
500101102,14:00-16:00,4.62,5.89
500101102,16:00-18:00,7.47,6.69
500101102,18:00-20:00,7.02,6.75
500101102,20:00-22:00,4.71,5.59
500101102,22:00-24:00,2.91,5.05
500101103,00:00-02:00,2.46,2.96
500101103,02:00-04:00,0.22,0.16
500101103,04:00-06:00,1.5,1.16
500101103,06:00-08:00,10.5,5.72
500101103,08:00-10:00,15.97,7.09
500101103,10:00-12:00,6.38,5.09
500101103,12:00-14:00,7.36,5.57
500101103,14:00-16:00,5.15,4.69
500101103,16:00-18:00,6.85,12.93
500101103,18:00-20:00,14.62,14.15
500101103,20:00-22:00,5.97,9.2
500101103,22:00-24:00,2.42,7.18
500101104,00:00-02:00,1.36,1.76
500101104,02:00-04:00,0.28,0.09
500101104,04:00-06:00,0.16,0.52
500101104,06:00-08:00,12.85,10.67
500101104,08:00-10:00,21.44,14.37
500101104,10:00-12:00,15.55,7.55
500101104,12:00-14:00,13.94,10.19
500101104,14:00-16:00,11.72,11.74
500101104,16:00-18:00,17.61,22.8
500101104,18:00-20:00,16.61,17.77
500101104,20:00-22:00,11.83,14.43
500101104,22:00-24:00,9.15,7.01
500101105,00:00-02:00,2.86,2.53
500101105,02:00-04:00,1.69,0.62
500101105,04:00-06:00,0.63,1.09
500101105,06:00-08:00,6.37,7.88
500101105,08:00-10:00,13.92,12.81
500101105,10:00-12:00,12.42,12.74
500101105,12:00-14:00,14.7,16.41
500101105,14:00-16:00,12.4,12.78
500101105,16:00-18:00,17.61,18.72
500101105,18:00-20:00,16.37,15.21
500101105,20:00-22:00,13.02,10.72
500101105,22:00-24:00,7.03,6.84
500101107,00:00-02:00,3.79,4.29
500101107,02:00-04:00,1.31,1.55
500101107,04:00-06:00,2.38,0.93
500101107,06:00-08:00,14.26,9.88
500101107,08:00-10:00,19.75,17.59
500101107,10:00-12:00,18.13,18.21
500101107,12:00-14:00,22.31,26.2
500101107,14:00-16:00,18.56,18.53
500101107,16:00-18:00,24.76,22.24
500101107,18:00-20:00,22.52,26.11
500101107,20:00-22:00,19.99,23.52
500101107,22:00-24:00,14.26,16.66
500101108,00:00-02:00,1.38,3.65
500101108,02:00-04:00,1.06,0.53
500101108,04:00-06:00,1.25,0.74
500101108,06:00-08:00,10.72,9.34
500101108,08:00-10:00,17.98,12.85
500101108,10:00-12:00,13.65,11.74
500101108,12:00-14:00,15.68,16.43
500101108,14:00-16:00,12.07,12.9
500101108,16:00-18:00,18.5,18.64
500101108,18:00-20:00,18.09,20.44
500101108,20:00-22:00,12.0,15.0
500101108,22:00-24:00,7.28,9.83
500101109,00:00-02:00,4.04,3.68
500101109,02:00-04:00,0.98,0.91
500101109,04:00-06:00,1.1,1.03
500101109,06:00-08:00,11.18,12.47
500101109,08:00-10:00,32.5,39.72
500101109,10:00-12:00,27.99,30.58
500101109,12:00-14:00,31.07,36.02
500101109,14:00-16:00,27.57,21.57
500101109,16:00-18:00,25.12,18.92
500101109,18:00-20:00,20.8,25.08
500101109,20:00-22:00,20.79,17.31
500101109,22:00-24:00,12.08,10.45
500101110,00:00-02:00,3.03,3.75
500101110,02:00-04:00,1.59,2.81
500101110,04:00-06:00,2.09,3.69
500101110,06:00-08:00,17.47,7.72
500101110,08:00-10:00,20.32,17.69
500101110,10:00-12:00,19.93,19.52
500101110,12:00-14:00,23.96,23.94
500101110,14:00-16:00,16.29,19.81
500101110,16:00-18:00,22.41,31.59
500101110,18:00-20:00,26.17,24.62
500101110,20:00-22:00,25.13,21.33
500101110,22:00-24:00,14.73,11.76
500101113,00:00-02:00,3.19,4.16
500101113,02:00-04:00,0.47,1.5
500101113,04:00-06:00,2.56,1.88
500101113,06:00-08:00,19.22,6.28
500101113,08:00-10:00,24.81,17.72
500101113,10:00-12:00,18.8,16.46
500101113,12:00-14:00,18.54,24.2
500101113,14:00-16:00,17.16,21.03
500101113,16:00-18:00,23.82,24.2
500101113,18:00-20:00,18.61,24.69
500101113,20:00-22:00,19.63,16.81
500101113,22:00-24:00,6.05,13.69
500101114,00:00-02:00,1.87,1.48
500101114,02:00-04:00,0.37,0.81
500101114,04:00-06:00,1.06,2.19
500101114,06:00-08:00,9.94,12.81
500101114,08:00-10:00,18.38,23.73
500101114,10:00-12:00,21.47,16.94
500101114,12:00-14:00,20.36,17.25
500101114,14:00-16:00,15.99,17.97
500101114,16:00-18:00,22.96,15.39
500101114,18:00-20:00,12.68,14.34
500101114,20:00-22:00,10.3,10.53
500101114,22:00-24:00,4.57,5.39
500101115,00:00-02:00,1.81,2.27
500101115,02:00-04:00,1.53,0.72
500101115,04:00-06:00,1.69,2.0
500101115,06:00-08:00,9.72,19.44
500101115,08:00-10:00,16.94,22.11
500101115,10:00-12:00,16.77,13.53
500101115,12:00-14:00,20.92,21.79
500101115,14:00-16:00,16.12,15.4
500101115,16:00-18:00,31.8,16.46
500101115,18:00-20:00,15.99,23.58
500101115,20:00-22:00,18.0,10.94
500101115,22:00-24:00,7.12,7.59
500101116,00:00-02:00,2.67,2.65
500101116,02:00-04:00,0.66,2.25
500101116,04:00-06:00,1.75,0.69
500101116,06:00-08:00,14.94,12.63
500101116,08:00-10:00,19.39,9.28
500101116,10:00-12:00,10.33,12.12
500101116,12:00-14:00,11.94,15.98
500101116,14:00-16:00,13.69,11.16
500101116,16:00-18:00,18.77,16.24
500101116,18:00-20:00,12.75,22.41
500101116,20:00-22:00,15.22,15.27
500101116,22:00-24:00,6.65,7.78
500101118,00:00-02:00,0.72,1.18
500101118,02:00-04:00,0.22,0.34
500101118,04:00-06:00,0.47,0.25
500101118,06:00-08:00,5.73,5.28
500101118,08:00-10:00,7.97,10.28
500101118,10:00-12:00,7.9,6.89
500101118,12:00-14:00,9.11,11.7
500101118,14:00-16:00,8.35,4.82
500101118,16:00-18:00,11.97,10.76
500101118,18:00-20:00,10.25,11.55
500101118,20:00-22:00,8.97,6.5
500101118,22:00-24:00,3.34,3.96
500101119,00:00-02:00,2.2,1.29
500101119,02:00-04:00,0.81,0.12
500101119,04:00-06:00,0.72,0.19
500101119,06:00-08:00,4.94,3.84
500101119,08:00-10:00,8.07,6.19
500101119,10:00-12:00,4.6,4.15
500101119,12:00-14:00,6.0,5.97
500101119,14:00-16:00,3.63,2.91
500101119,16:00-18:00,7.13,5.66
500101119,18:00-20:00,5.66,8.78
500101119,20:00-22:00,4.81,7.24
500101119,22:00-24:00,3.61,3.27
500101120,00:00-02:00,0.73,0.46
500101120,02:00-04:00,0.78,0.22
500101120,04:00-06:00,0.91,0.31
500101120,06:00-08:00,4.91,7.88
500101120,08:00-10:00,9.19,11.63
500101120,10:00-12:00,7.12,5.56
500101120,12:00-14:00,10.59,12.35
500101120,14:00-16:00,9.32,5.87
500101120,16:00-18:00,11.95,8.53
500101120,18:00-20:00,8.25,12.18
500101120,20:00-22:00,6.38,3.91
500101120,22:00-24:00,3.91,2.29
500101122,00:00-02:00,0.1,0.53
500101122,02:00-04:00,0.03,0.03
500101122,04:00-06:00,0.16,0.22
500101122,06:00-08:00,5.06,2.16
500101122,08:00-10:00,10.77,8.9
500101122,10:00-12:00,4.9,3.25
500101122,12:00-14:00,5.52,5.91
500101122,14:00-16:00,4.63,5.78
500101122,16:00-18:00,5.57,1.98
500101122,18:00-20:00,4.39,3.25
500101122,20:00-22:00,2.47,1.75
500101122,22:00-24:00,0.5,2.51
500101123,00:00-02:00,0.36,0.3
500101123,02:00-04:00,0.53,0.16
500101123,04:00-06:00,0.5,0.47
500101123,06:00-08:00,5.16,10.17
500101123,08:00-10:00,31.31,35.25
500101123,10:00-12:00,11.56,14.04
500101123,12:00-14:00,11.38,17.3
500101123,14:00-16:00,12.87,12.07
500101123,16:00-18:00,23.73,13.98
500101123,18:00-20:00,11.93,7.0
500101123,20:00-22:00,4.47,5.66
500101123,22:00-24:00,2.43,2.32
500101124,00:00-02:00,1.72,1.64
500101124,02:00-04:00,0.28,0.56
500101124,04:00-06:00,1.19,2.0
500101124,06:00-08:00,6.8,7.38
500101124,08:00-10:00,11.94,13.92
500101124,10:00-12:00,11.22,9.38
500101124,12:00-14:00,11.99,12.1
500101124,14:00-16:00,9.23,10.28
500101124,16:00-18:00,15.39,14.09
500101124,18:00-20:00,14.47,12.06
500101124,20:00-22:00,11.47,11.72
500101124,22:00-24:00,9.05,6.46
500101125,00:00-02:00,5.55,6.05
500101125,02:00-04:00,1.0,2.71
500101125,04:00-06:00,3.1,3.19
500101125,06:00-08:00,19.04,12.88
500101125,08:00-10:00,21.32,13.78
500101125,10:00-12:00,14.86,12.87
500101125,12:00-14:00,16.27,13.48
500101125,14:00-16:00,10.84,12.31
500101125,16:00-18:00,14.0,21.88
500101125,18:00-20:00,27.13,26.98
500101125,20:00-22:00,17.01,19.15
500101125,22:00-24:00,10.95,10.72
500101126,00:00-02:00,4.4,3.55
500101126,02:00-04:00,1.19,3.0
500101126,04:00-06:00,1.81,1.47
500101126,06:00-08:00,10.87,6.43
500101126,08:00-10:00,16.17,11.75
500101126,10:00-12:00,12.18,9.53
500101126,12:00-14:00,11.89,9.25
500101126,14:00-16:00,7.53,8.78
500101126,16:00-18:00,12.35,14.98
500101126,18:00-20:00,16.5,16.29
500101126,20:00-22:00,13.09,14.27
500101126,22:00-24:00,10.81,10.73
500101127,00:00-02:00,2.64,2.56
500101127,02:00-04:00,0.91,5.12
500101127,04:00-06:00,1.09,2.44
500101127,06:00-08:00,6.88,5.38
500101127,08:00-10:00,12.59,20.25
500101127,10:00-12:00,15.24,14.46
500101127,12:00-14:00,14.7,21.14
500101127,14:00-16:00,17.94,10.53
500101127,16:00-18:00,20.84,10.54
500101127,18:00-20:00,14.17,14.09
500101127,20:00-22:00,10.35,10.44
500101127,22:00-24:00,6.01,7.37
500101128,00:00-02:00,1.25,2.27
500101128,02:00-04:00,1.0,1.81
500101128,04:00-06:00,0.97,1.78
500101128,06:00-08:00,7.75,5.0
500101128,08:00-10:00,17.73,11.78
500101128,10:00-12:00,10.84,9.96
500101128,12:00-14:00,12.8,13.76
500101128,14:00-16:00,10.83,9.53
500101128,16:00-18:00,13.22,18.56
500101128,18:00-20:00,16.46,15.52
500101128,20:00-22:00,10.89,10.97
500101128,22:00-24:00,6.37,8.41
500101129,00:00-02:00,0.92,1.0
500101129,02:00-04:00,0.34,0.67
500101129,04:00-06:00,0.25,1.47
500101129,06:00-08:00,12.69,9.44
500101129,08:00-10:00,15.31,15.85
500101129,10:00-12:00,12.76,10.83
500101129,12:00-14:00,13.44,12.67
500101129,14:00-16:00,9.32,10.59
500101129,16:00-18:00,17.44,16.67
500101129,18:00-20:00,13.47,13.68
500101129,20:00-22:00,7.81,11.36
500101129,22:00-24:00,4.33,4.82
500101130,00:00-02:00,1.81,2.09
500101130,02:00-04:00,0.34,0.44
500101130,04:00-06:00,0.91,0.09
500101130,06:00-08:00,7.91,3.22
500101130,08:00-10:00,11.16,6.31
500101130,10:00-12:00,7.55,6.93
500101130,12:00-14:00,7.23,8.69
500101130,14:00-16:00,7.84,8.09
500101130,16:00-18:00,11.42,12.68
500101130,18:00-20:00,9.82,14.23
500101130,20:00-22:00,6.56,10.25
500101130,22:00-24:00,3.8,4.82
500101131,00:00-02:00,1.41,1.97
500101131,02:00-04:00,0.16,0.78
500101131,04:00-06:00,1.5,1.34
500101131,06:00-08:00,6.81,9.22
500101131,08:00-10:00,9.34,18.47
500101131,10:00-12:00,10.56,9.72
500101131,12:00-14:00,15.39,12.6
500101131,14:00-16:00,10.05,9.36
500101131,16:00-18:00,15.95,9.25
500101131,18:00-20:00,10.78,9.31
500101131,20:00-22:00,7.2,5.44
500101131,22:00-24:00,3.98,2.63
500101132,00:00-02:00,0.37,0.92
500101132,02:00-04:00,0.06,0.16
500101132,04:00-06:00,0.91,0.34
500101132,06:00-08:00,5.03,11.06
500101132,08:00-10:00,9.97,9.63
500101132,10:00-12:00,8.65,4.59
500101132,12:00-14:00,8.61,9.1
500101132,14:00-16:00,5.97,6.34
500101132,16:00-18:00,12.7,8.09
500101132,18:00-20:00,10.23,8.9
500101132,20:00-22:00,7.31,5.47
500101132,22:00-24:00,1.61,2.67
500101133,00:00-02:00,1.11,2.3
500101133,02:00-04:00,0.43,3.53
500101133,04:00-06:00,0.31,2.22
500101133,06:00-08:00,13.16,7.78
500101133,08:00-10:00,14.01,14.91
500101133,10:00-12:00,12.08,12.33
500101133,12:00-14:00,14.37,16.2
500101133,14:00-16:00,14.18,14.18
500101133,16:00-18:00,19.87,19.9
500101133,18:00-20:00,18.62,16.52
500101133,20:00-22:00,11.21,8.66
500101133,22:00-24:00,4.55,4.58
500101134,00:00-02:00,4.32,3.47
500101134,02:00-04:00,0.73,0.75
500101134,04:00-06:00,0.5,3.85
500101134,06:00-08:00,21.17,17.7
500101134,08:00-10:00,30.97,25.29
500101134,10:00-12:00,24.87,18.21
500101134,12:00-14:00,27.1,21.74
500101134,14:00-16:00,22.2,19.21
500101134,16:00-18:00,30.89,30.58
500101134,18:00-20:00,29.03,26.21
500101134,20:00-22:00,24.69,20.85
500101134,22:00-24:00,15.83,10.43
500101135,00:00-02:00,1.34,0.82
500101135,02:00-04:00,0.69,0.47
500101135,04:00-06:00,1.22,0.44
500101135,06:00-08:00,4.47,17.41
500101135,08:00-10:00,13.69,14.21
500101135,10:00-12:00,16.42,8.58
500101135,12:00-14:00,13.17,12.82
500101135,14:00-16:00,12.49,14.57
500101135,16:00-18:00,24.96,13.25
500101135,18:00-20:00,11.33,13.49
500101135,20:00-22:00,12.03,10.31
500101135,22:00-24:00,5.62,3.76
500101136,00:00-02:00,0.86,2.5
500101136,02:00-04:00,0.66,0.97
500101136,04:00-06:00,0.88,0.78
500101136,06:00-08:00,6.75,8.77
500101136,08:00-10:00,15.03,11.94
500101136,10:00-12:00,11.09,8.96
500101136,12:00-14:00,13.12,14.3
500101136,14:00-16:00,9.46,8.82
500101136,16:00-18:00,16.03,11.45
500101136,18:00-20:00,12.9,11.84
500101136,20:00-22:00,9.25,7.91
500101136,22:00-24:00,4.67,3.83
500101137,00:00-02:00,2.45,1.38
500101137,02:00-04:00,0.88,4.5
500101137,04:00-06:00,0.69,3.03
500101137,06:00-08:00,7.81,9.63
500101137,08:00-10:00,17.0,16.98
500101137,10:00-12:00,13.31,17.15
500101137,12:00-14:00,16.85,21.55
500101137,14:00-16:00,17.12,17.23
500101137,16:00-18:00,25.33,21.31
500101137,18:00-20:00,21.8,22.47
500101137,20:00-22:00,18.7,10.0
500101137,22:00-24:00,9.15,4.39
500101138,00:00-02:00,1.83,1.68
500101138,02:00-04:00,0.5,0.41
500101138,04:00-06:00,1.28,1.5
500101138,06:00-08:00,10.52,19.88
500101138,08:00-10:00,16.31,20.5
500101138,10:00-12:00,15.46,14.31
500101138,12:00-14:00,17.2,17.5
500101138,14:00-16:00,14.19,16.01
500101138,16:00-18:00,25.51,15.42
500101138,18:00-20:00,16.29,15.27
500101138,20:00-22:00,9.08,6.72
500101138,22:00-24:00,4.74,4.23
500101139,00:00-02:00,2.34,2.3
500101139,02:00-04:00,0.44,4.75
500101139,04:00-06:00,2.53,2.03
500101139,06:00-08:00,11.76,4.5
500101139,08:00-10:00,17.33,17.44
500101139,10:00-12:00,16.9,14.4
500101139,12:00-14:00,16.49,19.79
500101139,14:00-16:00,15.02,17.0
500101139,16:00-18:00,20.24,16.11
500101139,18:00-20:00,16.82,15.4
500101139,20:00-22:00,12.21,11.0
500101139,22:00-24:00,5.51,8.15
500101140,00:00-02:00,0.86,0.85
500101140,02:00-04:00,0.37,0.34
500101140,04:00-06:00,0.09,0.19
500101140,06:00-08:00,6.53,12.47
500101140,08:00-10:00,6.97,7.01
500101140,10:00-12:00,4.68,4.39
500101140,12:00-14:00,5.2,4.55
500101140,14:00-16:00,4.49,5.26
500101140,16:00-18:00,14.77,7.68
500101140,18:00-20:00,7.65,7.31
500101140,20:00-22:00,6.52,3.31
500101140,22:00-24:00,1.45,1.16
500101141,00:00-02:00,2.1,1.85
500101141,02:00-04:00,0.62,1.78
500101141,04:00-06:00,1.16,1.09
500101141,06:00-08:00,17.85,11.38
500101141,08:00-10:00,19.91,15.31
500101141,10:00-12:00,13.63,12.71
500101141,12:00-14:00,15.91,16.63
500101141,14:00-16:00,14.03,14.08
500101141,16:00-18:00,16.99,24.16
500101141,18:00-20:00,18.8,17.78
500101141,20:00-22:00,13.04,10.84
500101141,22:00-24:00,7.02,8.77
500101142,00:00-02:00,2.23,1.51
500101142,02:00-04:00,1.25,0.44
500101142,04:00-06:00,0.66,0.44
500101142,06:00-08:00,5.47,4.76
500101142,08:00-10:00,8.44,13.0
500101142,10:00-12:00,8.94,7.13
500101142,12:00-14:00,8.37,10.8
500101142,14:00-16:00,9.37,6.26
500101142,16:00-18:00,11.24,7.46
500101142,18:00-20:00,10.33,9.96
500101142,20:00-22:00,6.57,8.66
500101142,22:00-24:00,5.3,6.97
500101143,00:00-02:00,2.53,1.31
500101143,02:00-04:00,0.56,0.22
500101143,04:00-06:00,0.81,0.31
500101143,06:00-08:00,3.04,2.75
500101143,08:00-10:00,7.59,10.13
500101143,10:00-12:00,8.01,5.88
500101143,12:00-14:00,8.47,10.81
500101143,14:00-16:00,6.13,5.57
500101143,16:00-18:00,9.28,6.7
500101143,18:00-20:00,8.74,9.68
500101143,20:00-22:00,5.07,5.78
500101143,22:00-24:00,2.29,3.61
500101144,00:00-02:00,2.67,2.4
500101144,02:00-04:00,0.44,9.46
500101144,04:00-06:00,1.41,4.13
500101144,06:00-08:00,15.44,12.73
500101144,08:00-10:00,31.29,17.19
500101144,10:00-12:00,16.35,14.72
500101144,12:00-14:00,15.38,23.32
500101144,14:00-16:00,16.95,19.19
500101144,16:00-18:00,22.53,25.87
500101144,18:00-20:00,24.39,20.77
500101144,20:00-22:00,17.2,15.89
500101144,22:00-24:00,10.18,7.9
500101145,00:00-02:00,1.71,1.97
500101145,02:00-04:00,0.47,0.53
500101145,04:00-06:00,1.19,0.78
500101145,06:00-08:00,5.94,4.34
500101145,08:00-10:00,12.71,13.69
500101145,10:00-12:00,9.18,9.02
500101145,12:00-14:00,10.8,11.08
500101145,14:00-16:00,9.08,9.18
500101145,16:00-18:00,12.36,12.93
500101145,18:00-20:00,12.02,12.26
500101145,20:00-22:00,9.01,9.2
500101145,22:00-24:00,5.45,4.87
500101146,00:00-02:00,2.26,3.58
500101146,02:00-04:00,0.28,1.0
500101146,04:00-06:00,1.66,2.58
500101146,06:00-08:00,10.08,6.53
500101146,08:00-10:00,12.29,10.0
500101146,10:00-12:00,7.53,6.81
500101146,12:00-14:00,9.43,8.44
500101146,14:00-16:00,6.42,8.16
500101146,16:00-18:00,11.92,15.57
500101146,18:00-20:00,14.28,13.75
500101146,20:00-22:00,8.15,7.66
500101146,22:00-24:00,6.14,4.52
500101147,00:00-02:00,1.69,1.41
500101147,02:00-04:00,0.41,0.44
500101147,04:00-06:00,0.71,1.09
500101147,06:00-08:00,5.92,4.44
500101147,08:00-10:00,8.3,6.44
500101147,10:00-12:00,6.28,9.68
500101147,12:00-14:00,9.79,9.63
500101147,14:00-16:00,7.62,8.25
500101147,16:00-18:00,8.88,13.67
500101147,18:00-20:00,11.34,12.29
500101147,20:00-22:00,10.15,5.78
500101147,22:00-24:00,5.43,3.36
500101148,00:00-02:00,1.25,2.23
500101148,02:00-04:00,1.12,2.09
500101148,04:00-06:00,0.66,1.16
500101148,06:00-08:00,7.69,21.33
500101148,08:00-10:00,18.47,11.69
500101148,10:00-12:00,12.96,8.0
500101148,12:00-14:00,12.48,10.35
500101148,14:00-16:00,10.41,8.44
500101148,16:00-18:00,22.07,13.47
500101148,18:00-20:00,13.98,17.62
500101148,20:00-22:00,11.16,10.72
500101148,22:00-24:00,3.42,6.24
500101149,00:00-02:00,0.63,1.45
500101149,02:00-04:00,0.22,4.06
500101149,04:00-06:00,0.19,1.19
500101149,06:00-08:00,5.19,2.81
500101149,08:00-10:00,11.62,6.5
500101149,10:00-12:00,4.42,4.06
500101149,12:00-14:00,5.04,5.03
500101149,14:00-16:00,5.51,4.28
500101149,16:00-18:00,7.07,6.61
500101149,18:00-20:00,6.57,7.46
500101149,20:00-22:00,4.38,3.41
500101149,22:00-24:00,2.11,2.45
500101150,00:00-02:00,2.85,2.86
500101150,02:00-04:00,0.89,4.75
500101150,04:00-06:00,0.79,4.13
500101150,06:00-08:00,16.59,9.28
500101150,08:00-10:00,22.96,21.41
500101150,10:00-12:00,19.38,18.68
500101150,12:00-14:00,20.3,20.23
500101150,14:00-16:00,18.55,18.22
500101150,16:00-18:00,22.77,24.73
500101150,18:00-20:00,23.61,20.61
500101150,20:00-22:00,15.69,12.28
500101150,22:00-24:00,10.05,11.45
500101151,00:00-02:00,1.8,2.79
500101151,02:00-04:00,0.59,1.0
500101151,04:00-06:00,0.88,2.16
500101151,06:00-08:00,7.91,7.79
500101151,08:00-10:00,15.59,10.55
500101151,10:00-12:00,9.6,6.06
500101151,12:00-14:00,11.33,10.13
500101151,14:00-16:00,9.8,9.1
500101151,16:00-18:00,17.08,13.74
500101151,18:00-20:00,13.44,14.85
500101151,20:00-22:00,9.98,8.8
500101151,22:00-24:00,5.66,5.99
500101152,00:00-02:00,1.24,2.0
500101152,02:00-04:00,0.56,2.16
500101152,04:00-06:00,0.38,3.16
500101152,06:00-08:00,13.98,7.91
500101152,08:00-10:00,15.31,12.31
500101152,10:00-12:00,9.67,10.31
500101152,12:00-14:00,11.09,10.32
500101152,14:00-16:00,9.52,8.62
500101152,16:00-18:00,13.3,17.71
500101152,18:00-20:00,16.12,16.66
500101152,20:00-22:00,12.09,8.97
500101152,22:00-24:00,7.27,6.05
500101153,00:00-02:00,2.11,1.87
500101153,02:00-04:00,0.92,2.5
500101153,04:00-06:00,1.22,3.06
500101153,06:00-08:00,7.47,5.43
500101153,08:00-10:00,8.2,7.06
500101153,10:00-12:00,8.62,12.2
500101153,12:00-14:00,13.69,15.93
500101153,14:00-16:00,12.85,13.33
500101153,16:00-18:00,12.96,16.76
500101153,18:00-20:00,12.59,15.92
500101153,20:00-22:00,14.4,11.25
500101153,22:00-24:00,7.62,5.98
500101154,00:00-02:00,2.27,2.02
500101154,02:00-04:00,1.81,1.84
500101154,04:00-06:00,0.93,1.88
500101154,06:00-08:00,7.54,3.19
500101154,08:00-10:00,9.93,8.47
500101154,10:00-12:00,7.16,6.09
500101154,12:00-14:00,8.4,8.94
500101154,14:00-16:00,8.3,8.81
500101154,16:00-18:00,9.38,13.42
500101154,18:00-20:00,12.06,14.88
500101154,20:00-22:00,8.76,7.25
500101154,22:00-24:00,5.3,3.89
500101155,00:00-02:00,2.18,1.91
500101155,02:00-04:00,0.39,0.53
500101155,04:00-06:00,0.79,2.19
500101155,06:00-08:00,19.41,18.4
500101155,08:00-10:00,26.18,21.41
500101155,10:00-12:00,19.17,14.49
500101155,12:00-14:00,21.85,20.31
500101155,14:00-16:00,17.72,18.26
500101155,16:00-18:00,26.4,26.23
500101155,18:00-20:00,24.04,23.58
500101155,20:00-22:00,18.39,19.4
500101155,22:00-24:00,11.09,8.35
500101156,00:00-02:00,2.6,1.61
500101156,02:00-04:00,1.25,3.0
500101156,04:00-06:00,1.75,3.6
500101156,06:00-08:00,16.81,9.22
500101156,08:00-10:00,17.9,10.44
500101156,10:00-12:00,12.75,12.81
500101156,12:00-14:00,15.91,16.91
500101156,14:00-16:00,12.68,14.34
500101156,16:00-18:00,21.1,18.15
500101156,18:00-20:00,16.22,18.46
500101156,20:00-22:00,13.54,16.41
500101156,22:00-24:00,10.65,7.68
500101157,00:00-02:00,1.18,0.64
500101157,02:00-04:00,0.06,0.22
500101157,04:00-06:00,0.84,0.06
500101157,06:00-08:00,6.21,3.24
500101157,08:00-10:00,8.38,6.69
500101157,10:00-12:00,6.98,7.15
500101157,12:00-14:00,7.88,9.3
500101157,14:00-16:00,8.02,7.68
500101157,16:00-18:00,10.43,9.22
500101157,18:00-20:00,9.74,9.54
500101157,20:00-22:00,6.76,7.8
500101157,22:00-24:00,2.59,4.18
500101158,00:00-02:00,1.05,1.14
500101158,02:00-04:00,0.47,0.23
500101158,04:00-06:00,0.5,0.59
500101158,06:00-08:00,5.95,2.16
500101158,08:00-10:00,8.82,7.09
500101158,10:00-12:00,7.43,6.62
500101158,12:00-14:00,8.13,8.1
500101158,14:00-16:00,5.56,7.08
500101158,16:00-18:00,7.64,9.21
500101158,18:00-20:00,9.59,8.97
500101158,20:00-22:00,6.32,7.58
500101158,22:00-24:00,2.76,4.63
500101159,00:00-02:00,0.83,0.69
500101159,02:00-04:00,0.65,2.9
500101159,04:00-06:00,1.03,3.47
500101159,06:00-08:00,7.29,1.97
500101159,08:00-10:00,9.32,7.91
500101159,10:00-12:00,7.18,10.76
500101159,12:00-14:00,11.32,14.66
500101159,14:00-16:00,10.26,10.1
500101159,16:00-18:00,12.52,14.06
500101159,18:00-20:00,13.46,14.49
500101159,20:00-22:00,12.9,7.4
500101159,22:00-24:00,5.3,2.71
500101160,00:00-02:00,3.85,2.76
500101160,02:00-04:00,1.32,1.03
500101160,04:00-06:00,2.09,3.63
500101160,06:00-08:00,7.06,6.25
500101160,08:00-10:00,11.18,12.33
500101160,10:00-12:00,10.05,13.83
500101160,12:00-14:00,13.02,15.79
500101160,14:00-16:00,13.23,15.5
500101160,16:00-18:00,16.8,19.72
500101160,18:00-20:00,14.25,21.94
500101160,20:00-22:00,15.71,11.95
500101160,22:00-24:00,9.3,6.79
500101161,00:00-02:00,3.56,2.9
500101161,02:00-04:00,1.48,2.06
500101161,04:00-06:00,1.3,2.71
500101161,06:00-08:00,13.64,8.03
500101161,08:00-10:00,20.46,17.59
500101161,10:00-12:00,12.49,15.68
500101161,12:00-14:00,16.48,21.29
500101161,14:00-16:00,16.64,18.65
500101161,16:00-18:00,20.53,23.24
500101161,18:00-20:00,19.2,23.42
500101161,20:00-22:00,17.19,12.2
500101161,22:00-24:00,9.11,7.46
500101163,00:00-02:00,2.96,2.91
500101163,02:00-04:00,0.32,0.66
500101163,04:00-06:00,1.06,1.72
500101163,06:00-08:00,11.81,7.48
500101163,08:00-10:00,17.85,12.54
500101163,10:00-12:00,13.11,11.15
500101163,12:00-14:00,14.37,13.05
500101163,14:00-16:00,11.29,12.08
500101163,16:00-18:00,15.37,19.53
500101163,18:00-20:00,18.83,20.75
500101163,20:00-22:00,13.2,14.71
500101163,22:00-24:00,6.61,8.23
500101165,00:00-02:00,1.22,1.45
500101165,02:00-04:00,0.53,0.27
500101165,04:00-06:00,1.16,1.0
500101165,06:00-08:00,7.41,5.81
500101165,08:00-10:00,11.11,5.98
500101165,10:00-12:00,6.9,5.34
500101165,12:00-14:00,7.08,7.28
500101165,14:00-16:00,5.42,5.47
500101165,16:00-18:00,6.92,9.95
500101165,18:00-20:00,13.74,11.94
500101165,20:00-22:00,6.77,7.85
500101165,22:00-24:00,2.48,4.21
500101166,00:00-02:00,0.95,3.06
500101166,02:00-04:00,0.31,0.72
500101166,04:00-06:00,0.47,2.6
500101166,06:00-08:00,10.34,5.53
500101166,08:00-10:00,23.88,21.75
500101166,10:00-12:00,19.86,13.34
500101166,12:00-14:00,20.19,21.23
500101166,14:00-16:00,14.36,12.37
500101166,16:00-18:00,19.9,23.6
500101166,18:00-20:00,20.16,16.05
500101166,20:00-22:00,11.15,9.81
500101166,22:00-24:00,5.92,15.09
500101167,00:00-02:00,4.18,3.32
500101167,02:00-04:00,0.78,4.06
500101167,04:00-06:00,0.72,3.28
500101167,06:00-08:00,18.36,16.59
500101167,08:00-10:00,28.7,24.81
500101167,10:00-12:00,18.12,20.33
500101167,12:00-14:00,25.67,26.36
500101167,14:00-16:00,19.27,20.81
500101167,16:00-18:00,24.07,28.31
500101167,18:00-20:00,26.11,29.62
500101167,20:00-22:00,26.45,18.24
500101167,22:00-24:00,14.86,10.3
500101168,00:00-02:00,3.36,1.54
500101168,02:00-04:00,0.47,0.47
500101168,04:00-06:00,2.07,0.88
500101168,06:00-08:00,6.91,19.71
500101168,08:00-10:00,24.84,23.83
500101168,10:00-12:00,24.46,19.86
500101168,12:00-14:00,17.78,24.89
500101168,14:00-16:00,22.5,21.15
500101168,16:00-18:00,25.11,14.83
500101168,18:00-20:00,15.76,13.65
500101168,20:00-22:00,9.15,7.34
500101168,22:00-24:00,4.31,5.33
500101169,00:00-02:00,5.78,5.45
500101169,02:00-04:00,1.6,9.71
500101169,04:00-06:00,3.6,3.75
500101169,06:00-08:00,23.09,21.36
500101169,08:00-10:00,33.96,25.44
500101169,10:00-12:00,21.4,20.2
500101169,12:00-14:00,25.97,26.95
500101169,14:00-16:00,21.21,20.78
500101169,16:00-18:00,29.86,33.38
500101169,18:00-20:00,33.16,35.68
500101169,20:00-22:00,28.14,24.13
500101169,22:00-24:00,17.77,18.16
500101170,00:00-02:00,2.69,3.21
500101170,02:00-04:00,0.53,0.44
500101170,04:00-06:00,2.69,0.63
500101170,06:00-08:00,17.16,13.41
500101170,08:00-10:00,23.09,18.97
500101170,10:00-12:00,15.02,14.37
500101170,12:00-14:00,15.72,15.32
500101170,14:00-16:00,14.02,13.69
500101170,16:00-18:00,17.08,24.39
500101170,18:00-20:00,24.22,19.6
500101170,20:00-22:00,13.02,18.54
500101170,22:00-24:00,8.44,12.07
500101171,00:00-02:00,2.2,1.38
500101171,02:00-04:00,0.32,0.22
500101171,04:00-06:00,0.84,1.03
500101171,06:00-08:00,10.34,13.49
500101171,08:00-10:00,17.22,23.66
500101171,10:00-12:00,15.05,14.19
500101171,12:00-14:00,18.0,20.01
500101171,14:00-16:00,15.41,14.01
500101171,16:00-18:00,21.04,16.95
500101171,18:00-20:00,16.78,16.23
500101171,20:00-22:00,11.08,8.23
500101171,22:00-24:00,5.49,5.68
500101172,00:00-02:00,3.29,3.61
500101172,02:00-04:00,1.06,5.81
500101172,04:00-06:00,2.03,2.44
500101172,06:00-08:00,19.78,13.64
500101172,08:00-10:00,24.47,17.09
500101172,10:00-12:00,16.04,16.99
500101172,12:00-14:00,18.55,18.63
500101172,14:00-16:00,16.44,16.03
500101172,16:00-18:00,20.69,26.71
500101172,18:00-20:00,23.78,24.34
500101172,20:00-22:00,17.42,14.4
500101172,22:00-24:00,11.05,12.67
500101173,00:00-02:00,1.24,0.79
500101173,02:00-04:00,0.16,0.09
500101173,04:00-06:00,0.41,0.88
500101173,06:00-08:00,14.77,18.65
500101173,08:00-10:00,38.09,36.9
500101173,10:00-12:00,16.38,18.07
500101173,12:00-14:00,16.27,20.88
500101173,14:00-16:00,14.28,13.92
500101173,16:00-18:00,26.39,26.1
500101173,18:00-20:00,20.36,10.4
500101173,20:00-22:00,5.88,3.88
500101173,22:00-24:00,3.21,1.94
500101174,00:00-02:00,4.4,3.82
500101174,02:00-04:00,1.66,1.47
500101174,04:00-06:00,1.94,1.34
500101174,06:00-08:00,13.66,13.97
500101174,08:00-10:00,23.19,18.53
500101174,10:00-12:00,15.26,13.99
500101174,12:00-14:00,18.08,19.04
500101174,14:00-16:00,15.16,15.12
500101174,16:00-18:00,21.28,25.14
500101174,18:00-20:00,19.55,22.3
500101174,20:00-22:00,18.97,17.18
500101174,22:00-24:00,8.81,10.34
500101175,00:00-02:00,0.35,1.18
500101175,02:00-04:00,0.34,0.75
500101175,04:00-06:00,0.47,1.47
500101175,06:00-08:00,2.19,3.69
500101175,08:00-10:00,5.97,9.66
500101175,10:00-12:00,6.12,5.9
500101175,12:00-14:00,9.41,10.58
500101175,14:00-16:00,6.18,5.59
500101175,16:00-18:00,12.4,6.2
500101175,18:00-20:00,6.47,9.4
500101175,20:00-22:00,8.79,5.12
500101175,22:00-24:00,1.97,1.76
500101176,00:00-02:00,0.16,1.02
500101176,02:00-04:00,0.19,0.18
500101176,04:00-06:00,0.75,0.07
500101176,06:00-08:00,1.5,0.53
500101176,08:00-10:00,4.08,1.5
500101176,10:00-12:00,3.37,2.12
500101176,12:00-14:00,2.98,3.41
500101176,14:00-16:00,2.67,2.72
500101176,16:00-18:00,2.82,2.12
500101176,18:00-20:00,2.8,4.47
500101176,20:00-22:00,1.48,2.69
500101176,22:00-24:00,0.91,1.48
500101177,00:00-02:00,0.89,2.21
500101177,02:00-04:00,0.94,1.07
500101177,04:00-06:00,1.19,1.41
500101177,06:00-08:00,4.67,1.84
500101177,08:00-10:00,8.46,6.22
500101177,10:00-12:00,6.08,6.75
500101177,12:00-14:00,9.19,10.42
500101177,14:00-16:00,6.88,6.73
500101177,16:00-18:00,9.42,12.18
500101177,18:00-20:00,9.56,11.91
500101177,20:00-22:00,8.38,7.79
500101177,22:00-24:00,6.55,5.52
500101179,00:00-02:00,4.07,5.42
500101179,02:00-04:00,1.0,3.37
500101179,04:00-06:00,2.28,2.16
500101179,06:00-08:00,23.47,16.37
500101179,08:00-10:00,31.87,29.48
500101179,10:00-12:00,26.25,28.63
500101179,12:00-14:00,33.54,32.01
500101179,14:00-16:00,25.65,28.15
500101179,16:00-18:00,30.44,39.52
500101179,18:00-20:00,30.33,32.81
500101179,20:00-22:00,30.99,27.01
500101179,22:00-24:00,15.59,16.15
500101180,00:00-02:00,1.47,1.48
500101180,02:00-04:00,0.35,0.87
500101180,04:00-06:00,0.69,0.09
500101180,06:00-08:00,6.07,2.06
500101180,08:00-10:00,8.22,9.09
500101180,10:00-12:00,6.27,7.34
500101180,12:00-14:00,7.03,9.13
500101180,14:00-16:00,6.57,7.16
500101180,16:00-18:00,9.11,9.28
500101180,18:00-20:00,10.57,10.8
500101180,20:00-22:00,7.42,8.15
500101180,22:00-24:00,5.42,5.32
500101181,00:00-02:00,6.41,2.32
500101181,02:00-04:00,1.2,0.53
500101181,04:00-06:00,0.57,2.19
500101181,06:00-08:00,31.46,21.63
500101181,08:00-10:00,43.16,15.25
500101181,10:00-12:00,26.97,19.11
500101181,12:00-14:00,36.45,34.53
500101181,14:00-16:00,27.84,33.44
500101181,16:00-18:00,31.21,64.55
500101181,18:00-20:00,40.54,45.08
500101181,20:00-22:00,27.81,27.32
500101181,22:00-24:00,22.28,14.01
500101182,00:00-02:00,1.37,1.28
500101182,02:00-04:00,0.52,0.5
500101182,04:00-06:00,0.84,2.16
500101182,06:00-08:00,2.95,2.0
500101182,08:00-10:00,6.3,9.59
500101182,10:00-12:00,7.59,8.58
500101182,12:00-14:00,9.24,11.66
500101182,14:00-16:00,8.56,6.35
500101182,16:00-18:00,10.76,7.21
500101182,18:00-20:00,8.44,7.37
500101182,20:00-22:00,5.52,4.59
500101182,22:00-24:00,4.09,2.73
500101184,00:00-02:00,1.83,1.91
500101184,02:00-04:00,0.43,0.53
500101184,04:00-06:00,0.45,1.09
500101184,06:00-08:00,4.36,5.95
500101184,08:00-10:00,12.89,7.47
500101184,10:00-12:00,11.63,9.81
500101184,12:00-14:00,19.21,19.67
500101184,14:00-16:00,13.16,11.91
500101184,16:00-18:00,14.35,19.91
500101184,18:00-20:00,17.65,19.26
500101184,20:00-22:00,15.19,10.16
500101184,22:00-24:00,6.33,4.96
500101185,00:00-02:00,1.05,1.31
500101185,02:00-04:00,0.12,0.66
500101185,04:00-06:00,0.97,0.17
500101185,06:00-08:00,7.53,6.51
500101185,08:00-10:00,20.99,9.94
500101185,10:00-12:00,8.31,6.5
500101185,12:00-14:00,10.67,9.94
500101185,14:00-16:00,7.91,7.97
500101185,16:00-18:00,13.24,16.3
500101185,18:00-20:00,11.02,13.0
500101185,20:00-22:00,8.34,10.24
500101185,22:00-24:00,4.14,6.34
500101186,00:00-02:00,1.08,3.32
500101186,02:00-04:00,1.22,1.14
500101186,04:00-06:00,0.56,0.63
500101186,06:00-08:00,9.06,5.0
500101186,08:00-10:00,14.26,12.34
500101186,10:00-12:00,11.49,11.43
500101186,12:00-14:00,12.53,13.48
500101186,14:00-16:00,11.77,11.59
500101186,16:00-18:00,15.57,13.56
500101186,18:00-20:00,14.72,15.03
500101186,20:00-22:00,9.65,9.06
500101186,22:00-24:00,6.35,7.16
500101187,00:00-02:00,0.36,1.08
500101187,02:00-04:00,0.09,0.05
500101187,04:00-06:00,0.63,0.96
500101187,06:00-08:00,6.37,3.31
500101187,08:00-10:00,6.77,4.77
500101187,10:00-12:00,4.91,4.34
500101187,12:00-14:00,5.27,3.31
500101187,14:00-16:00,2.3,3.25
500101187,16:00-18:00,5.57,5.41
500101187,18:00-20:00,5.23,7.84
500101187,20:00-22:00,3.47,5.3
500101187,22:00-24:00,1.76,2.48
500101188,00:00-02:00,0.16,0.78
500101188,02:00-04:00,0.03,0.06
500101188,04:00-06:00,0.5,0.03
500101188,06:00-08:00,4.69,3.18
500101188,08:00-10:00,7.96,8.94
500101188,10:00-12:00,4.62,2.16
500101188,12:00-14:00,3.87,2.81
500101188,14:00-16:00,2.58,3.44
500101188,16:00-18:00,6.89,3.84
500101188,18:00-20:00,3.08,3.9
500101188,20:00-22:00,2.05,3.47
500101188,22:00-24:00,0.56,1.91
500101189,00:00-02:00,0.07,0.36
500101189,02:00-04:00,0.0,0.12
500101189,04:00-06:00,0.47,0.16
500101189,06:00-08:00,4.16,12.51
500101189,08:00-10:00,8.63,9.5
500101189,10:00-12:00,7.91,4.04
500101189,12:00-14:00,6.84,5.78
500101189,14:00-16:00,7.0,6.47
500101189,16:00-18:00,13.82,6.7
500101189,18:00-20:00,6.07,5.78
500101189,20:00-22:00,4.42,3.25
500101189,22:00-24:00,1.2,1.47
500101190,00:00-02:00,1.28,2.14
500101190,02:00-04:00,0.37,0.51
500101190,04:00-06:00,2.0,0.47
500101190,06:00-08:00,14.34,11.22
500101190,08:00-10:00,20.28,15.75
500101190,10:00-12:00,11.89,13.09
500101190,12:00-14:00,17.33,18.05
500101190,14:00-16:00,11.22,10.91
500101190,16:00-18:00,15.2,19.15
500101190,18:00-20:00,18.9,17.55
500101190,20:00-22:00,11.97,14.2
500101190,22:00-24:00,6.24,8.87
500101191,00:00-02:00,0.12,0.33
500101191,02:00-04:00,0.04,0.09
500101191,04:00-06:00,0.29,1.34
500101191,06:00-08:00,8.27,14.34
500101191,08:00-10:00,18.54,16.06
500101191,10:00-12:00,15.15,13.93
500101191,12:00-14:00,14.69,16.82
500101191,14:00-16:00,15.66,17.11
500101191,16:00-18:00,22.82,15.62
500101191,18:00-20:00,17.79,18.21
500101191,20:00-22:00,16.29,11.03
500101191,22:00-24:00,1.74,1.54
500101192,00:00-02:00,1.74,2.79
500101192,02:00-04:00,1.44,1.44
500101192,04:00-06:00,1.38,1.31
500101192,06:00-08:00,10.13,8.19
500101192,08:00-10:00,16.27,20.71
500101192,10:00-12:00,14.38,10.43
500101192,12:00-14:00,15.28,12.98
500101192,14:00-16:00,10.42,13.47
500101192,16:00-18:00,16.74,11.84
500101192,18:00-20:00,15.79,14.15
500101192,20:00-22:00,9.92,8.28
500101192,22:00-24:00,5.1,8.72
500101193,00:00-02:00,2.1,6.68
500101193,02:00-04:00,0.72,1.54
500101193,04:00-06:00,1.41,0.6
500101193,06:00-08:00,6.38,1.37
500101193,08:00-10:00,27.15,13.4
500101193,10:00-12:00,25.17,11.06
500101193,12:00-14:00,12.08,9.57
500101193,14:00-16:00,13.89,11.94
500101193,16:00-18:00,9.52,4.94
500101193,18:00-20:00,5.6,3.72
500101193,20:00-22:00,2.36,11.09
500101193,22:00-24:00,5.8,20.26
500101194,00:00-02:00,0.59,1.25
500101194,02:00-04:00,0.22,0.03
500101194,04:00-06:00,0.34,0.47
500101194,06:00-08:00,5.43,15.75
500101194,08:00-10:00,8.44,10.71
500101194,10:00-12:00,8.81,5.36
500101194,12:00-14:00,11.57,12.11
500101194,14:00-16:00,7.77,9.44
500101194,16:00-18:00,22.18,9.2
500101194,18:00-20:00,13.62,10.78
500101194,20:00-22:00,8.57,3.19
500101194,22:00-24:00,1.52,1.25
500101196,00:00-02:00,1.74,1.74
500101196,02:00-04:00,0.62,0.5
500101196,04:00-06:00,1.0,0.78
500101196,06:00-08:00,4.46,4.16
500101196,08:00-10:00,11.58,10.56
500101196,10:00-12:00,10.06,7.62
500101196,12:00-14:00,10.34,11.91
500101196,14:00-16:00,9.11,7.78
500101196,16:00-18:00,10.17,11.92
500101196,18:00-20:00,11.77,13.9
500101196,20:00-22:00,8.72,8.35
500101196,22:00-24:00,6.25,4.96
500101197,00:00-02:00,0.95,0.99
500101197,02:00-04:00,0.38,0.72
500101197,04:00-06:00,0.38,1.47
500101197,06:00-08:00,3.84,0.88
500101197,08:00-10:00,2.25,2.0
500101197,10:00-12:00,2.54,4.57
500101197,12:00-14:00,5.08,5.71
500101197,14:00-16:00,4.94,4.91
500101197,16:00-18:00,6.08,6.96
500101197,18:00-20:00,5.68,7.91
500101197,20:00-22:00,6.54,2.99
500101197,22:00-24:00,2.83,2.42
500101198,00:00-02:00,2.86,2.1
500101198,02:00-04:00,0.91,0.66
500101198,04:00-06:00,1.15,1.16
500101198,06:00-08:00,5.12,2.72
500101198,08:00-10:00,10.67,9.81
500101198,10:00-12:00,9.77,12.31
500101198,12:00-14:00,10.01,13.07
500101198,14:00-16:00,10.34,11.16
500101198,16:00-18:00,10.07,15.19
500101198,18:00-20:00,11.93,14.55
500101198,20:00-22:00,12.92,7.9
500101198,22:00-24:00,7.82,6.34
500101199,00:00-02:00,1.91,2.16
500101199,02:00-04:00,0.59,1.06
500101199,04:00-06:00,1.09,0.91
500101199,06:00-08:00,9.09,6.19
500101199,08:00-10:00,18.35,16.14
500101199,10:00-12:00,15.97,12.61
500101199,12:00-14:00,15.54,16.53
500101199,14:00-16:00,13.87,14.85
500101199,16:00-18:00,18.61,16.0
500101199,18:00-20:00,13.92,17.71
500101199,20:00-22:00,10.0,14.52
500101199,22:00-24:00,6.71,8.54
500101200,00:00-02:00,0.76,0.88
500101200,02:00-04:00,0.25,0.31
500101200,04:00-06:00,0.38,0.88
500101200,06:00-08:00,4.84,3.77
500101200,08:00-10:00,8.25,6.92
500101200,10:00-12:00,5.38,4.5
500101200,12:00-14:00,5.87,5.94
500101200,14:00-16:00,4.33,4.67
500101200,16:00-18:00,7.35,8.1
500101200,18:00-20:00,9.14,9.01
500101200,20:00-22:00,5.59,5.0
500101200,22:00-24:00,2.55,4.4
500101201,00:00-02:00,1.37,1.45
500101201,02:00-04:00,0.5,0.37
500101201,04:00-06:00,0.79,0.41
500101201,06:00-08:00,6.84,10.97
500101201,08:00-10:00,17.5,13.98
500101201,10:00-12:00,12.39,9.37
500101201,12:00-14:00,15.92,15.73
500101201,14:00-16:00,11.62,11.41
500101201,16:00-18:00,19.15,14.57
500101201,18:00-20:00,16.23,15.99
500101201,20:00-22:00,12.59,12.0
500101201,22:00-24:00,6.99,5.52
500101202,00:00-02:00,0.41,1.38
500101202,02:00-04:00,0.06,0.12
500101202,04:00-06:00,0.57,0.47
500101202,06:00-08:00,4.77,9.02
500101202,08:00-10:00,9.03,10.13
500101202,10:00-12:00,9.07,8.57
500101202,12:00-14:00,11.64,11.6
500101202,14:00-16:00,6.93,8.71
500101202,16:00-18:00,11.96,6.94
500101202,18:00-20:00,8.8,6.6
500101202,20:00-22:00,5.98,3.75
500101202,22:00-24:00,3.39,1.73
500101203,00:00-02:00,0.59,0.49
500101203,02:00-04:00,0.06,0.22
500101203,04:00-06:00,0.94,0.69
500101203,06:00-08:00,3.56,9.5
500101203,08:00-10:00,9.25,15.6
500101203,10:00-12:00,10.65,8.11
500101203,12:00-14:00,13.19,12.28
500101203,14:00-16:00,9.37,8.09
500101203,16:00-18:00,14.22,9.12
500101203,18:00-20:00,8.71,9.31
500101203,20:00-22:00,4.63,3.56
500101203,22:00-24:00,2.73,2.98
500101204,00:00-02:00,0.78,1.08
500101204,02:00-04:00,0.44,0.31
500101204,04:00-06:00,0.75,0.16
500101204,06:00-08:00,4.31,4.56
500101204,08:00-10:00,9.63,15.98
500101204,10:00-12:00,7.44,7.75
500101204,12:00-14:00,9.49,8.82
500101204,14:00-16:00,6.99,6.56
500101204,16:00-18:00,13.52,9.12
500101204,18:00-20:00,9.32,7.85
500101204,20:00-22:00,7.4,5.12
500101204,22:00-24:00,3.91,3.23
500101205,00:00-02:00,2.38,1.12
500101205,02:00-04:00,0.47,0.22
500101205,04:00-06:00,0.89,0.97
500101205,06:00-08:00,3.83,3.66
500101205,08:00-10:00,6.07,14.37
500101205,10:00-12:00,9.25,6.05
500101205,12:00-14:00,9.11,9.56
500101205,14:00-16:00,6.67,7.1
500101205,16:00-18:00,9.75,7.14
500101205,18:00-20:00,9.71,7.8
500101205,20:00-22:00,4.27,4.77
500101205,22:00-24:00,4.03,3.52
500101206,00:00-02:00,3.06,7.0
500101206,02:00-04:00,1.08,2.4
500101206,04:00-06:00,0.56,2.19
500101206,06:00-08:00,14.28,10.21
500101206,08:00-10:00,26.71,19.41
500101206,10:00-12:00,15.72,13.29
500101206,12:00-14:00,21.81,22.76
500101206,14:00-16:00,15.6,17.91
500101206,16:00-18:00,26.99,21.87
500101206,18:00-20:00,21.01,20.99
500101206,20:00-22:00,18.1,16.19
500101206,22:00-24:00,8.24,9.1
500101207,00:00-02:00,2.0,1.26
500101207,02:00-04:00,0.81,0.34
500101207,04:00-06:00,0.72,0.84
500101207,06:00-08:00,9.89,6.83
500101207,08:00-10:00,15.75,9.5
500101207,10:00-12:00,12.73,8.43
500101207,12:00-14:00,12.81,9.41
500101207,14:00-16:00,10.48,11.06
500101207,16:00-18:00,14.82,18.89
500101207,18:00-20:00,18.1,15.81
500101207,20:00-22:00,11.57,12.78
500101207,22:00-24:00,5.57,7.67
500101208,00:00-02:00,0.94,1.03
500101208,02:00-04:00,0.29,0.12
500101208,04:00-06:00,0.33,0.5
500101208,06:00-08:00,6.58,4.12
500101208,08:00-10:00,8.54,5.96
500101208,10:00-12:00,7.39,8.04
500101208,12:00-14:00,8.96,8.04
500101208,14:00-16:00,6.42,7.77
500101208,16:00-18:00,9.96,14.03
500101208,18:00-20:00,13.58,11.49
500101208,20:00-22:00,9.5,8.04
500101208,22:00-24:00,3.44,3.97
500101209,00:00-02:00,0.88,0.79
500101209,02:00-04:00,2.03,0.19
500101209,04:00-06:00,0.1,0.59
500101209,06:00-08:00,2.06,9.44
500101209,08:00-10:00,8.13,25.19
500101209,10:00-12:00,17.08,24.02
500101209,12:00-14:00,19.48,18.92
500101209,14:00-16:00,13.41,10.02
500101209,16:00-18:00,25.67,13.28
500101209,18:00-20:00,14.95,12.17
500101209,20:00-22:00,11.99,4.81
500101209,22:00-24:00,5.42,2.67
500101210,00:00-02:00,1.54,0.82
500101210,02:00-04:00,0.31,0.34
500101210,04:00-06:00,0.84,0.38
500101210,06:00-08:00,2.81,11.26
500101210,08:00-10:00,7.41,15.26
500101210,10:00-12:00,14.55,9.03
500101210,12:00-14:00,14.6,15.2
500101210,14:00-16:00,11.65,9.5
500101210,16:00-18:00,16.32,7.9
500101210,18:00-20:00,9.34,7.37
500101210,20:00-22:00,4.82,4.56
500101210,22:00-24:00,2.47,3.07
500101211,00:00-02:00,2.73,1.31
500101211,02:00-04:00,0.25,0.5
500101211,04:00-06:00,1.0,0.53
500101211,06:00-08:00,5.17,2.63
500101211,08:00-10:00,8.78,7.16
500101211,10:00-12:00,6.32,6.53
500101211,12:00-14:00,7.87,8.78
500101211,14:00-16:00,6.96,6.03
500101211,16:00-18:00,8.74,9.53
500101211,18:00-20:00,9.04,11.46
500101211,20:00-22:00,5.88,7.32
500101211,22:00-24:00,4.49,3.78
500101212,00:00-02:00,2.39,3.45
500101212,02:00-04:00,0.71,0.94
500101212,04:00-06:00,1.28,0.81
500101212,06:00-08:00,9.53,8.29
500101212,08:00-10:00,15.07,15.81
500101212,10:00-12:00,10.75,10.99
500101212,12:00-14:00,13.01,14.02
500101212,14:00-16:00,10.53,9.85
500101212,16:00-18:00,14.77,16.3
500101212,18:00-20:00,14.92,17.96
500101212,20:00-22:00,12.61,9.17
500101212,22:00-24:00,8.95,4.95
500101213,00:00-02:00,0.4,1.35
500101213,02:00-04:00,0.03,0.09
500101213,04:00-06:00,1.78,0.72
500101213,06:00-08:00,3.53,3.97
500101213,08:00-10:00,7.41,7.41
500101213,10:00-12:00,5.08,4.84
500101213,12:00-14:00,4.73,5.1
500101213,14:00-16:00,3.94,4.25
500101213,16:00-18:00,10.89,7.74
500101213,18:00-20:00,6.67,7.06
500101213,20:00-22:00,4.0,4.59
500101213,22:00-24:00,1.99,2.26
500101214,00:00-02:00,1.13,0.85
500101214,02:00-04:00,0.27,0.56
500101214,04:00-06:00,1.93,0.69
500101214,06:00-08:00,6.06,10.79
500101214,08:00-10:00,9.66,11.79
500101214,10:00-12:00,9.21,8.24
500101214,12:00-14:00,11.04,12.04
500101214,14:00-16:00,8.62,8.49
500101214,16:00-18:00,14.03,11.04
500101214,18:00-20:00,10.86,9.56
500101214,20:00-22:00,7.72,3.81
500101214,22:00-24:00,2.57,2.48
500101215,00:00-02:00,1.12,1.08
500101215,02:00-04:00,0.28,0.72
500101215,04:00-06:00,1.28,0.53
500101215,06:00-08:00,6.8,3.13
500101215,08:00-10:00,10.53,9.06
500101215,10:00-12:00,8.24,7.5
500101215,12:00-14:00,8.73,9.35
500101215,14:00-16:00,7.5,8.89
500101215,16:00-18:00,8.05,11.31
500101215,18:00-20:00,12.31,11.95
500101215,20:00-22:00,8.95,7.24
500101215,22:00-24:00,2.99,4.97
500101216,00:00-02:00,0.33,1.06
500101216,02:00-04:00,0.06,0.18
500101216,04:00-06:00,0.22,0.07
500101216,06:00-08:00,7.53,4.96
500101216,08:00-10:00,13.32,9.43
500101216,10:00-12:00,7.69,8.4
500101216,12:00-14:00,8.48,8.6
500101216,14:00-16:00,6.87,7.09
500101216,16:00-18:00,11.6,11.32
500101216,18:00-20:00,9.98,12.22
500101216,20:00-22:00,6.06,8.71
500101216,22:00-24:00,4.89,4.44
500101217,00:00-02:00,3.43,7.49
500101217,02:00-04:00,0.78,1.0
500101217,04:00-06:00,0.56,1.16
500101217,06:00-08:00,13.37,8.36
500101217,08:00-10:00,22.68,20.05
500101217,10:00-12:00,17.13,11.32
500101217,12:00-14:00,17.88,18.11
500101217,14:00-16:00,15.51,15.47
500101217,16:00-18:00,23.21,23.14
500101217,18:00-20:00,21.71,19.75
500101217,20:00-22:00,16.93,13.96
500101217,22:00-24:00,10.07,6.3
500101218,00:00-02:00,1.22,1.86
500101218,02:00-04:00,0.53,0.74
500101218,04:00-06:00,1.84,1.52
500101218,06:00-08:00,14.01,5.72
500101218,08:00-10:00,10.82,6.78
500101218,10:00-12:00,7.21,5.78
500101218,12:00-14:00,8.2,7.03
500101218,14:00-16:00,4.38,4.91
500101218,16:00-18:00,6.98,11.42
500101218,18:00-20:00,13.96,13.87
500101218,20:00-22:00,9.35,10.52
500101218,22:00-24:00,4.52,6.39
500101219,00:00-02:00,0.2,0.87
500101219,02:00-04:00,0.06,0.17
500101219,04:00-06:00,0.94,0.08
500101219,06:00-08:00,2.03,1.16
500101219,08:00-10:00,3.64,3.79
500101219,10:00-12:00,3.09,1.61
500101219,12:00-14:00,2.08,2.5
500101219,14:00-16:00,2.39,1.72
500101219,16:00-18:00,3.24,3.24
500101219,18:00-20:00,2.42,2.82
500101219,20:00-22:00,1.4,2.03
500101219,22:00-24:00,0.63,1.8
500101221,00:00-02:00,3.43,2.46
500101221,02:00-04:00,1.21,3.25
500101221,04:00-06:00,1.13,2.22
500101221,06:00-08:00,6.98,3.63
500101221,08:00-10:00,13.05,19.8
500101221,10:00-12:00,13.56,16.42
500101221,12:00-14:00,19.12,18.37
500101221,14:00-16:00,17.37,18.72
500101221,16:00-18:00,16.62,22.03
500101221,18:00-20:00,19.51,23.22
500101221,20:00-22:00,16.16,11.5
500101221,22:00-24:00,7.5,5.35
500101222,00:00-02:00,2.05,1.15
500101222,02:00-04:00,0.56,0.5
500101222,04:00-06:00,1.26,0.66
500101222,06:00-08:00,5.48,5.25
500101222,08:00-10:00,9.94,15.14
500101222,10:00-12:00,11.14,11.37
500101222,12:00-14:00,14.38,15.03
500101222,14:00-16:00,11.26,11.0
500101222,16:00-18:00,13.42,12.48
500101222,18:00-20:00,12.41,14.2
500101222,20:00-22:00,9.14,6.05
500101222,22:00-24:00,4.19,3.64
500101223,00:00-02:00,2.36,2.6
500101223,02:00-04:00,0.53,0.47
500101223,04:00-06:00,1.67,1.36
500101223,06:00-08:00,5.32,3.53
500101223,08:00-10:00,10.72,8.67
500101223,10:00-12:00,6.93,4.19
500101223,12:00-14:00,7.86,7.82
500101223,14:00-16:00,6.38,6.5
500101223,16:00-18:00,8.78,10.06
500101223,18:00-20:00,12.72,13.98
500101223,20:00-22:00,8.35,8.81
500101223,22:00-24:00,3.82,4.26
500101224,00:00-02:00,1.81,1.77
500101224,02:00-04:00,0.5,0.22
500101224,04:00-06:00,0.66,0.16
500101224,06:00-08:00,5.85,5.97
500101224,08:00-10:00,9.98,5.19
500101224,10:00-12:00,6.77,5.75
500101224,12:00-14:00,8.24,8.32
500101224,14:00-16:00,6.32,7.98
500101224,16:00-18:00,7.95,10.44
500101224,18:00-20:00,13.24,13.14
500101224,20:00-22:00,8.14,7.81
500101224,22:00-24:00,3.26,4.8
500101225,00:00-02:00,0.76,0.54
500101225,02:00-04:00,0.19,0.28
500101225,04:00-06:00,0.56,0.19
500101225,06:00-08:00,7.48,4.41
500101225,08:00-10:00,9.15,8.03
500101225,10:00-12:00,6.65,8.11
500101225,12:00-14:00,8.35,7.75
500101225,14:00-16:00,6.17,6.59
500101225,16:00-18:00,9.66,10.34
500101225,18:00-20:00,11.08,9.66
500101225,20:00-22:00,6.29,6.26
500101225,22:00-24:00,2.47,4.28
500101226,00:00-02:00,1.84,2.26
500101226,02:00-04:00,0.19,0.26
500101226,04:00-06:00,1.59,2.12
500101226,06:00-08:00,15.79,8.36
500101226,08:00-10:00,16.56,10.41
500101226,10:00-12:00,9.29,7.4
500101226,12:00-14:00,7.9,7.91
500101226,14:00-16:00,5.08,5.84
500101226,16:00-18:00,8.65,13.94
500101226,18:00-20:00,19.6,18.09
500101226,20:00-22:00,9.32,12.41
500101226,22:00-24:00,5.11,6.03
500101227,00:00-02:00,0.7,0.33
500101227,02:00-04:00,0.3,1.87
500101227,04:00-06:00,0.82,2.66
500101227,06:00-08:00,2.5,2.75
500101227,08:00-10:00,8.33,5.54
500101227,10:00-12:00,3.46,4.11
500101227,12:00-14:00,5.01,6.43
500101227,14:00-16:00,5.12,5.38
500101227,16:00-18:00,5.6,7.52
500101227,18:00-20:00,8.45,6.79
500101227,20:00-22:00,5.42,3.56
500101227,22:00-24:00,2.77,1.32
500101228,00:00-02:00,1.07,1.22
500101228,02:00-04:00,0.59,0.19
500101228,04:00-06:00,0.47,0.81
500101228,06:00-08:00,4.72,7.55
500101228,08:00-10:00,8.14,14.3
500101228,10:00-12:00,10.17,9.24
500101228,12:00-14:00,10.26,12.55
500101228,14:00-16:00,9.28,8.69
500101228,16:00-18:00,13.48,10.34
500101228,18:00-20:00,9.54,7.95
500101228,20:00-22:00,5.47,3.79
500101228,22:00-24:00,2.21,2.07
500101229,00:00-02:00,4.56,4.04
500101229,02:00-04:00,1.25,1.53
500101229,04:00-06:00,1.0,0.52
500101229,06:00-08:00,7.16,3.5
500101229,08:00-10:00,13.23,13.91
500101229,10:00-12:00,15.39,16.35
500101229,12:00-14:00,20.42,24.05
500101229,14:00-16:00,15.93,17.45
500101229,16:00-18:00,21.42,21.71
500101229,18:00-20:00,18.12,23.53
500101229,20:00-22:00,18.32,18.73
500101229,22:00-24:00,12.78,12.49
500101230,00:00-02:00,2.46,1.94
500101230,02:00-04:00,0.91,0.79
500101230,04:00-06:00,1.69,0.59
500101230,06:00-08:00,7.07,4.25
500101230,08:00-10:00,10.2,6.84
500101230,10:00-12:00,9.74,7.81
500101230,12:00-14:00,11.1,11.89
500101230,14:00-16:00,7.52,9.41
500101230,16:00-18:00,12.17,15.95
500101230,18:00-20:00,14.8,15.26
500101230,20:00-22:00,11.31,12.88
500101230,22:00-24:00,6.52,6.96
500101231,00:00-02:00,0.76,1.37
500101231,02:00-04:00,0.25,0.25
500101231,04:00-06:00,1.66,0.17
500101231,06:00-08:00,7.53,2.69
500101231,08:00-10:00,12.68,7.63
500101231,10:00-12:00,5.19,2.84
500101231,12:00-14:00,4.93,3.6
500101231,14:00-16:00,2.89,3.78
500101231,16:00-18:00,6.64,6.48
500101231,18:00-20:00,4.27,7.78
500101231,20:00-22:00,2.96,6.42
500101231,22:00-24:00,1.1,3.54
500101232,00:00-02:00,3.55,2.98
500101232,02:00-04:00,0.4,0.59
500101232,04:00-06:00,0.71,1.47
500101232,06:00-08:00,10.82,10.78
500101232,08:00-10:00,19.87,18.18
500101232,10:00-12:00,16.27,15.81
500101232,12:00-14:00,19.19,18.5
500101232,14:00-16:00,16.24,16.24
500101232,16:00-18:00,18.93,21.67
500101232,18:00-20:00,20.99,21.46
500101232,20:00-22:00,18.13,14.51
500101232,22:00-24:00,10.93,10.68
500101233,00:00-02:00,1.78,1.45
500101233,02:00-04:00,0.72,1.25
500101233,04:00-06:00,0.91,1.97
500101233,06:00-08:00,8.0,4.19
500101233,08:00-10:00,10.24,9.59
500101233,10:00-12:00,7.47,9.66
500101233,12:00-14:00,9.72,10.95
500101233,14:00-16:00,9.35,10.97
500101233,16:00-18:00,13.84,16.46
500101233,18:00-20:00,14.34,14.73
500101233,20:00-22:00,14.43,6.9
500101233,22:00-24:00,6.4,4.08
500101234,00:00-02:00,0.23,0.67
500101234,02:00-04:00,0.06,0.4
500101234,04:00-06:00,0.81,0.42
500101234,06:00-08:00,3.66,6.66
500101234,08:00-10:00,9.17,5.53
500101234,10:00-12:00,5.88,4.72
500101234,12:00-14:00,6.52,5.82
500101234,14:00-16:00,3.54,3.9
500101234,16:00-18:00,11.13,7.49
500101234,18:00-20:00,7.18,10.05
500101234,20:00-22:00,5.75,4.72
500101234,22:00-24:00,1.95,2.63
500101235,00:00-02:00,1.25,1.7
500101235,02:00-04:00,0.37,0.56
500101235,04:00-06:00,0.34,0.44
500101235,06:00-08:00,6.37,3.16
500101235,08:00-10:00,9.45,9.71
500101235,10:00-12:00,8.67,7.6
500101235,12:00-14:00,8.86,9.03
500101235,14:00-16:00,6.99,7.85
500101235,16:00-18:00,8.9,12.49
500101235,18:00-20:00,12.0,12.79
500101235,20:00-22:00,8.36,6.46
500101235,22:00-24:00,4.27,4.43
500101236,00:00-02:00,0.99,1.95
500101236,02:00-04:00,0.31,0.79
500101236,04:00-06:00,0.75,0.66
500101236,06:00-08:00,5.64,1.16
500101236,08:00-10:00,8.43,6.75
500101236,10:00-12:00,5.8,4.19
500101236,12:00-14:00,4.86,4.19
500101236,14:00-16:00,4.8,4.12
500101236,16:00-18:00,6.17,7.62
500101236,18:00-20:00,7.74,9.63
500101236,20:00-22:00,5.59,7.59
500101236,22:00-24:00,7.0,7.24
500101237,00:00-02:00,1.18,1.12
500101237,02:00-04:00,0.22,0.16
500101237,04:00-06:00,0.69,0.47
500101237,06:00-08:00,4.13,10.06
500101237,08:00-10:00,8.09,16.08
500101237,10:00-12:00,12.27,9.52
500101237,12:00-14:00,14.34,15.63
500101237,14:00-16:00,10.25,9.27
500101237,16:00-18:00,14.93,9.3
500101237,18:00-20:00,10.89,8.59
500101237,20:00-22:00,6.65,5.41
500101237,22:00-24:00,3.5,2.26
500101238,00:00-02:00,1.47,1.18
500101238,02:00-04:00,0.16,0.03
500101238,04:00-06:00,0.5,0.41
500101238,06:00-08:00,3.13,9.79
500101238,08:00-10:00,7.03,10.0
500101238,10:00-12:00,8.53,7.67
500101238,12:00-14:00,12.07,9.15
500101238,14:00-16:00,7.12,8.15
500101238,16:00-18:00,15.44,9.23
500101238,18:00-20:00,11.47,9.86
500101238,20:00-22:00,5.89,4.53
500101238,22:00-24:00,2.43,1.98
500101239,00:00-02:00,1.08,1.17
500101239,02:00-04:00,0.16,0.55
500101239,04:00-06:00,0.34,0.84
500101239,06:00-08:00,4.38,2.37
500101239,08:00-10:00,10.65,6.96
500101239,10:00-12:00,6.68,5.44
500101239,12:00-14:00,6.16,5.78
500101239,14:00-16:00,5.46,5.97
500101239,16:00-18:00,8.62,11.19
500101239,18:00-20:00,10.61,11.12
500101239,20:00-22:00,5.05,8.04
500101239,22:00-24:00,3.39,3.84
500101240,00:00-02:00,0.69,1.15
500101240,02:00-04:00,0.06,0.23
500101240,04:00-06:00,1.13,0.2
500101240,06:00-08:00,11.91,6.44
500101240,08:00-10:00,12.86,6.94
500101240,10:00-12:00,5.88,2.94
500101240,12:00-14:00,6.01,5.85
500101240,14:00-16:00,5.18,6.66
500101240,16:00-18:00,8.5,12.55
500101240,18:00-20:00,10.56,14.85
500101240,20:00-22:00,5.66,10.45
500101240,22:00-24:00,5.61,4.64
500101241,00:00-02:00,0.56,1.14
500101241,02:00-04:00,0.31,0.69
500101241,04:00-06:00,1.03,0.19
500101241,06:00-08:00,9.07,7.91
500101241,08:00-10:00,18.26,18.07
500101241,10:00-12:00,14.39,11.87
500101241,12:00-14:00,13.87,16.0
500101241,14:00-16:00,12.78,12.38
500101241,16:00-18:00,15.31,11.58
500101241,18:00-20:00,13.97,12.43
500101241,20:00-22:00,7.93,6.78
500101241,22:00-24:00,3.77,6.27
500101242,00:00-02:00,1.1,1.35
500101242,02:00-04:00,0.59,0.95
500101242,04:00-06:00,1.47,1.43
500101242,06:00-08:00,6.63,3.07
500101242,08:00-10:00,10.43,6.77
500101242,10:00-12:00,6.64,4.44
500101242,12:00-14:00,6.89,5.78
500101242,14:00-16:00,4.21,5.16
500101242,16:00-18:00,6.13,10.39
500101242,18:00-20:00,9.25,8.77
500101242,20:00-22:00,6.22,8.3
500101242,22:00-24:00,5.31,5.25
500101243,00:00-02:00,1.35,1.38
500101243,02:00-04:00,0.34,0.5
500101243,04:00-06:00,0.66,1.28
500101243,06:00-08:00,10.69,7.84
500101243,08:00-10:00,13.7,11.75
500101243,10:00-12:00,9.56,8.75
500101243,12:00-14:00,11.03,13.31
500101243,14:00-16:00,8.8,8.83
500101243,16:00-18:00,13.56,11.29
500101243,18:00-20:00,13.33,12.49
500101243,20:00-22:00,7.47,7.63
500101243,22:00-24:00,3.3,4.62
500101244,00:00-02:00,1.12,1.54
500101244,02:00-04:00,0.16,0.36
500101244,04:00-06:00,1.19,0.27
500101244,06:00-08:00,5.84,3.81
500101244,08:00-10:00,9.26,6.66
500101244,10:00-12:00,5.74,5.16
500101244,12:00-14:00,6.3,5.83
500101244,14:00-16:00,4.49,5.47
500101244,16:00-18:00,8.77,11.25
500101244,18:00-20:00,9.28,11.69
500101244,20:00-22:00,4.94,7.79
500101244,22:00-24:00,2.45,3.48
500101245,00:00-02:00,0.07,0.03
500101245,02:00-04:00,0.09,0.03
500101245,04:00-06:00,0.06,0.13
500101245,06:00-08:00,0.28,2.56
500101245,08:00-10:00,2.53,3.27
500101245,10:00-12:00,2.62,2.48
500101245,12:00-14:00,2.78,2.86
500101245,14:00-16:00,3.22,1.75
500101245,16:00-18:00,2.61,1.45
500101245,18:00-20:00,1.47,1.72
500101245,20:00-22:00,0.53,0.53
500101245,22:00-24:00,0.5,0.13
500101246,00:00-02:00,1.47,2.46
500101246,02:00-04:00,0.44,1.19
500101246,04:00-06:00,0.97,2.14
500101246,06:00-08:00,7.88,5.22
500101246,08:00-10:00,10.66,6.0
500101246,10:00-12:00,8.14,7.93
500101246,12:00-14:00,10.69,10.91
500101246,14:00-16:00,8.38,9.94
500101246,16:00-18:00,14.19,15.2
500101246,18:00-20:00,15.5,13.34
500101246,20:00-22:00,8.68,8.84
500101246,22:00-24:00,5.24,6.84
500101247,00:00-02:00,0.52,0.39
500101247,02:00-04:00,0.34,4.97
500101247,04:00-06:00,0.26,2.38
500101247,06:00-08:00,5.15,1.13
500101247,08:00-10:00,7.44,5.53
500101247,10:00-12:00,5.04,3.94
500101247,12:00-14:00,6.23,6.15
500101247,14:00-16:00,6.47,5.78
500101247,16:00-18:00,6.82,8.43
500101247,18:00-20:00,8.21,9.75
500101247,20:00-22:00,8.36,3.68
500101247,22:00-24:00,3.27,1.76
500101248,00:00-02:00,0.69,2.01
500101248,02:00-04:00,0.19,0.26
500101248,04:00-06:00,0.75,0.47
500101248,06:00-08:00,8.88,5.44
500101248,08:00-10:00,14.73,12.03
500101248,10:00-12:00,11.29,9.18
500101248,12:00-14:00,12.5,12.88
500101248,14:00-16:00,10.17,8.31
500101248,16:00-18:00,12.07,11.6
500101248,18:00-20:00,11.53,12.64
500101248,20:00-22:00,8.23,12.8
500101248,22:00-24:00,5.87,7.58
500101250,00:00-02:00,0.16,0.72
500101250,02:00-04:00,0.12,0.28
500101250,04:00-06:00,0.31,1.31
500101250,06:00-08:00,5.19,4.19
500101250,08:00-10:00,6.54,7.38
500101250,10:00-12:00,6.59,5.75
500101250,12:00-14:00,7.37,6.66
500101250,14:00-16:00,5.56,5.66
500101250,16:00-18:00,8.2,7.68
500101250,18:00-20:00,7.55,8.0
500101250,20:00-22:00,7.05,6.19
500101250,22:00-24:00,2.68,1.91
500101251,00:00-02:00,2.43,2.83
500101251,02:00-04:00,0.89,3.59
500101251,04:00-06:00,1.16,2.81
500101251,06:00-08:00,17.47,11.09
500101251,08:00-10:00,22.04,16.31
500101251,10:00-12:00,12.54,14.59
500101251,12:00-14:00,17.62,18.82
500101251,14:00-16:00,16.56,17.37
500101251,16:00-18:00,21.22,26.53
500101251,18:00-20:00,24.42,24.35
500101251,20:00-22:00,19.99,14.91
500101251,22:00-24:00,9.8,7.77
500101252,00:00-02:00,1.71,1.32
500101252,02:00-04:00,0.36,0.47
500101252,04:00-06:00,1.03,0.56
500101252,06:00-08:00,5.44,5.88
500101252,08:00-10:00,12.43,12.54
500101252,10:00-12:00,11.25,11.47
500101252,12:00-14:00,13.19,14.78
500101252,14:00-16:00,7.24,8.9
500101252,16:00-18:00,10.92,12.36
500101252,18:00-20:00,8.67,12.6
500101252,20:00-22:00,11.07,9.12
500101252,22:00-24:00,5.97,6.2
500101253,00:00-02:00,3.3,2.42
500101253,02:00-04:00,0.06,0.75
500101253,04:00-06:00,1.19,0.25
500101253,06:00-08:00,9.58,10.67
500101253,08:00-10:00,12.47,9.78
500101253,10:00-12:00,8.46,6.66
500101253,12:00-14:00,9.83,8.72
500101253,14:00-16:00,6.33,8.68
500101253,16:00-18:00,19.55,10.73
500101253,18:00-20:00,11.18,10.99
500101253,20:00-22:00,7.65,8.95
500101253,22:00-24:00,5.45,5.8
500101254,00:00-02:00,1.77,1.15
500101254,02:00-04:00,0.16,0.19
500101254,04:00-06:00,1.09,0.75
500101254,06:00-08:00,5.34,15.97
500101254,08:00-10:00,11.13,10.61
500101254,10:00-12:00,10.05,7.03
500101254,12:00-14:00,11.53,8.59
500101254,14:00-16:00,7.78,7.84
500101254,16:00-18:00,19.87,10.32
500101254,18:00-20:00,12.37,12.68
500101254,20:00-22:00,9.54,8.58
500101254,22:00-24:00,2.53,4.42
500101255,00:00-02:00,1.78,1.82
500101255,02:00-04:00,0.03,0.25
500101255,04:00-06:00,0.72,0.34
500101255,06:00-08:00,8.39,4.69
500101255,08:00-10:00,13.68,13.53
500101255,10:00-12:00,10.25,13.75
500101255,12:00-14:00,13.16,14.82
500101255,14:00-16:00,11.25,9.96
500101255,16:00-18:00,14.64,13.93
500101255,18:00-20:00,10.96,16.17
500101255,20:00-22:00,9.5,9.41
500101255,22:00-24:00,4.74,5.09
500101256,00:00-02:00,0.43,0.69
500101256,02:00-04:00,0.22,0.06
500101256,04:00-06:00,0.31,0.13
500101256,06:00-08:00,3.28,7.19
500101256,08:00-10:00,6.88,11.36
500101256,10:00-12:00,9.62,4.98
500101256,12:00-14:00,8.09,8.63
500101256,14:00-16:00,4.56,5.65
500101256,16:00-18:00,8.7,4.64
500101256,18:00-20:00,4.44,4.22
500101256,20:00-22:00,2.56,3.53
500101256,22:00-24:00,2.63,2.57
500101257,00:00-02:00,1.74,0.9
500101257,02:00-04:00,0.19,0.28
500101257,04:00-06:00,1.19,0.38
500101257,06:00-08:00,9.15,4.34
500101257,08:00-10:00,14.49,9.88
500101257,10:00-12:00,7.93,6.62
500101257,12:00-14:00,8.5,5.47
500101257,14:00-16:00,4.96,4.78
500101257,16:00-18:00,8.11,10.23
500101257,18:00-20:00,7.71,10.85
500101257,20:00-22:00,6.1,8.2
500101257,22:00-24:00,1.85,2.9
500101258,00:00-02:00,0.72,0.99
500101258,02:00-04:00,0.69,0.56
500101258,04:00-06:00,0.94,1.13
500101258,06:00-08:00,6.19,9.43
500101258,08:00-10:00,9.61,7.86
500101258,10:00-12:00,7.4,8.35
500101258,12:00-14:00,12.06,10.35
500101258,14:00-16:00,7.5,7.91
500101258,16:00-18:00,14.99,10.92
500101258,18:00-20:00,8.19,13.21
500101258,20:00-22:00,9.7,4.98
500101258,22:00-24:00,2.58,3.51
500101259,00:00-02:00,0.72,1.29
500101259,02:00-04:00,0.37,0.27
500101259,04:00-06:00,0.44,0.32
500101259,06:00-08:00,6.03,3.96
500101259,08:00-10:00,8.94,5.51
500101259,10:00-12:00,6.08,5.25
500101259,12:00-14:00,8.58,8.43
500101259,14:00-16:00,6.04,7.42
500101259,16:00-18:00,10.26,11.24
500101259,18:00-20:00,7.84,10.32
500101259,20:00-22:00,4.81,7.24
500101259,22:00-24:00,2.76,5.69
500101260,00:00-02:00,0.0,1.18
500101260,02:00-04:00,0.16,0.03
500101260,04:00-06:00,0.03,0.47
500101260,06:00-08:00,1.56,0.53
500101260,08:00-10:00,2.91,2.22
500101260,10:00-12:00,2.38,1.53
500101260,12:00-14:00,2.03,1.34
500101260,14:00-16:00,1.12,1.5
500101260,16:00-18:00,2.24,1.76
500101260,18:00-20:00,2.42,2.09
500101260,20:00-22:00,0.88,2.06
500101260,22:00-24:00,0.79,1.38
500101261,00:00-02:00,0.59,0.36
500101261,02:00-04:00,0.09,0.09
500101261,04:00-06:00,0.19,0.28
500101261,06:00-08:00,4.85,3.09
500101261,08:00-10:00,9.65,5.78
500101261,10:00-12:00,7.17,5.18
500101261,12:00-14:00,4.58,4.44
500101261,14:00-16:00,4.01,4.03
500101261,16:00-18:00,4.22,8.44
500101261,18:00-20:00,7.43,5.62
500101261,20:00-22:00,3.44,4.7
500101261,22:00-24:00,1.16,1.84
500101262,00:00-02:00,0.3,0.13
500101262,02:00-04:00,1.22,0.44
500101262,04:00-06:00,0.78,0.59
500101262,06:00-08:00,3.78,13.31
500101262,08:00-10:00,9.19,9.11
500101262,10:00-12:00,6.25,2.95
500101262,12:00-14:00,11.32,10.69
500101262,14:00-16:00,3.31,3.19
500101262,16:00-18:00,14.19,5.76
500101262,18:00-20:00,4.41,6.09
500101262,20:00-22:00,1.48,1.38
500101262,22:00-24:00,1.35,2.01
500101264,00:00-02:00,0.85,1.08
500101264,02:00-04:00,0.19,0.44
500101264,04:00-06:00,0.25,0.22
500101264,06:00-08:00,4.12,11.47
500101264,08:00-10:00,6.91,4.96
500101264,10:00-12:00,6.47,4.29
500101264,12:00-14:00,7.41,7.4
500101264,14:00-16:00,5.73,5.72
500101264,16:00-18:00,17.73,10.13
500101264,18:00-20:00,8.92,9.62
500101264,20:00-22:00,6.82,4.8
500101264,22:00-24:00,2.34,1.41
500101265,00:00-02:00,0.92,1.35
500101265,02:00-04:00,0.06,0.43
500101265,04:00-06:00,0.63,0.12
500101265,06:00-08:00,6.09,3.5
500101265,08:00-10:00,10.94,7.45
500101265,10:00-12:00,6.72,5.9
500101265,12:00-14:00,6.35,6.75
500101265,14:00-16:00,4.87,5.18
500101265,16:00-18:00,6.66,9.61
500101265,18:00-20:00,9.62,11.34
500101265,20:00-22:00,5.13,6.58
500101265,22:00-24:00,3.2,4.11
500101266,00:00-02:00,1.59,1.54
500101266,02:00-04:00,0.74,0.53
500101266,04:00-06:00,0.56,1.03
500101266,06:00-08:00,3.98,15.06
500101266,08:00-10:00,6.61,8.51
500101266,10:00-12:00,12.31,10.07
500101266,12:00-14:00,15.28,17.14
500101266,14:00-16:00,14.15,9.16
500101266,16:00-18:00,20.55,9.91
500101266,18:00-20:00,16.16,10.68
500101266,20:00-22:00,9.99,5.63
500101266,22:00-24:00,5.71,3.95
500101267,00:00-02:00,0.1,0.2
500101267,02:00-04:00,0.06,0.0
500101267,04:00-06:00,0.16,0.25
500101267,06:00-08:00,2.28,0.75
500101267,08:00-10:00,2.78,1.44
500101267,10:00-12:00,2.14,2.28
500101267,12:00-14:00,2.19,2.28
500101267,14:00-16:00,1.53,2.06
500101267,16:00-18:00,1.95,1.94
500101267,18:00-20:00,1.97,3.04
500101267,20:00-22:00,1.38,2.1
500101267,22:00-24:00,0.72,0.82
500101268,00:00-02:00,0.66,0.89
500101268,02:00-04:00,0.44,0.0
500101268,04:00-06:00,0.16,0.06
500101268,06:00-08:00,3.1,3.09
500101268,08:00-10:00,8.03,8.88
500101268,10:00-12:00,7.14,5.91
500101268,12:00-14:00,7.63,7.26
500101268,14:00-16:00,6.72,6.03
500101268,16:00-18:00,9.95,9.23
500101268,18:00-20:00,8.43,7.12
500101268,20:00-22:00,5.37,5.19
500101268,22:00-24:00,2.14,2.29
500101269,00:00-02:00,0.33,0.49
500101269,02:00-04:00,0.03,0.06
500101269,04:00-06:00,0.13,0.69
500101269,06:00-08:00,6.18,7.44
500101269,08:00-10:00,11.07,9.66
500101269,10:00-12:00,6.02,5.53
500101269,12:00-14:00,5.36,4.03
500101269,14:00-16:00,3.4,5.47
500101269,16:00-18:00,14.42,3.59
500101269,18:00-20:00,4.99,5.18
500101269,20:00-22:00,2.98,2.5
500101269,22:00-24:00,0.88,1.07
500101270,00:00-02:00,0.99,1.23
500101270,02:00-04:00,0.31,0.54
500101270,04:00-06:00,0.72,0.22
500101270,06:00-08:00,3.85,3.03
500101270,08:00-10:00,7.68,9.02
500101270,10:00-12:00,7.13,6.22
500101270,12:00-14:00,9.61,11.4
500101270,14:00-16:00,6.35,5.84
500101270,16:00-18:00,10.34,10.17
500101270,18:00-20:00,8.3,11.1
500101270,20:00-22:00,7.04,6.23
500101270,22:00-24:00,3.42,3.4
500101271,00:00-02:00,1.05,1.13
500101271,02:00-04:00,0.25,0.6
500101271,04:00-06:00,0.19,0.51
500101271,06:00-08:00,6.59,3.41
500101271,08:00-10:00,9.99,8.91
500101271,10:00-12:00,7.1,7.6
500101271,12:00-14:00,10.39,10.6
500101271,14:00-16:00,6.87,6.67
500101271,16:00-18:00,9.23,12.26
500101271,18:00-20:00,9.85,13.62
500101271,20:00-22:00,8.83,6.97
500101271,22:00-24:00,3.03,3.89
500101272,00:00-02:00,0.3,0.6
500101272,02:00-04:00,0.03,0.16
500101272,04:00-06:00,0.13,0.06
500101272,06:00-08:00,1.59,2.58
500101272,08:00-10:00,6.31,1.72
500101272,10:00-12:00,2.68,2.5
500101272,12:00-14:00,3.26,3.94
500101272,14:00-16:00,2.77,3.03
500101272,16:00-18:00,6.82,4.97
500101272,18:00-20:00,3.1,6.1
500101272,20:00-22:00,2.79,2.92
500101272,22:00-24:00,1.41,1.26
500101273,00:00-02:00,0.49,0.68
500101273,02:00-04:00,0.25,0.2
500101273,04:00-06:00,0.28,0.03
500101273,06:00-08:00,2.24,0.81
500101273,08:00-10:00,3.3,1.88
500101273,10:00-12:00,3.28,3.0
500101273,12:00-14:00,2.88,3.13
500101273,14:00-16:00,2.37,1.69
500101273,16:00-18:00,3.64,2.08
500101273,18:00-20:00,3.24,3.59
500101273,20:00-22:00,1.67,1.88
500101273,22:00-24:00,1.17,1.98
500101274,00:00-02:00,0.33,1.28
500101274,02:00-04:00,0.22,1.34
500101274,04:00-06:00,1.25,0.78
500101274,06:00-08:00,5.16,1.59
500101274,08:00-10:00,13.25,3.03
500101274,10:00-12:00,5.8,2.97
500101274,12:00-14:00,4.51,5.16
500101274,14:00-16:00,4.1,7.53
500101274,16:00-18:00,4.91,11.99
500101274,18:00-20:00,5.62,8.91
500101274,20:00-22:00,4.0,5.39
500101274,22:00-24:00,1.51,3.18
500101276,00:00-02:00,4.19,2.66
500101276,02:00-04:00,1.31,1.0
500101276,04:00-06:00,0.81,0.66
500101276,06:00-08:00,4.69,8.56
500101276,08:00-10:00,18.28,7.13
500101276,10:00-12:00,20.61,19.25
500101276,12:00-14:00,35.84,31.96
500101276,14:00-16:00,19.34,17.94
500101276,16:00-18:00,28.19,40.61
500101276,18:00-20:00,37.42,37.5
500101276,20:00-22:00,23.63,27.71
500101276,22:00-24:00,15.24,10.71
500103001,00:00-02:00,0.79,1.97
500103001,02:00-04:00,0.41,0.34
500103001,04:00-06:00,2.19,0.66
500103001,06:00-08:00,7.97,2.31
500103001,08:00-10:00,7.43,6.34
500103001,10:00-12:00,3.2,2.0
500103001,12:00-14:00,2.52,2.47
500103001,14:00-16:00,3.5,3.25
500103001,16:00-18:00,3.79,8.24
500103001,18:00-20:00,8.75,9.71
500103001,20:00-22:00,7.37,7.95
500103001,22:00-24:00,2.23,4.92
500103002,00:00-02:00,1.36,1.51
500103002,02:00-04:00,0.22,5.47
500103002,04:00-06:00,0.97,3.19
500103002,06:00-08:00,11.43,1.91
500103002,08:00-10:00,7.46,6.34
500103002,10:00-12:00,6.04,3.59
500103002,12:00-14:00,3.92,5.38
500103002,14:00-16:00,5.03,5.09
500103002,16:00-18:00,9.36,8.94
500103002,18:00-20:00,8.17,7.93
500103002,20:00-22:00,5.58,3.69
500103002,22:00-24:00,1.59,3.32
500103003,00:00-02:00,0.3,0.37
500103003,02:00-04:00,0.16,0.0
500103003,04:00-06:00,1.09,0.13
500103003,06:00-08:00,4.01,1.0
500103003,08:00-10:00,2.06,3.34
500103003,10:00-12:00,1.97,1.19
500103003,12:00-14:00,1.27,1.94
500103003,14:00-16:00,1.43,1.37
500103003,16:00-18:00,2.34,3.91
500103003,18:00-20:00,4.25,3.67
500103003,20:00-22:00,1.53,3.2
500103003,22:00-24:00,0.97,2.11
500103004,00:00-02:00,0.99,1.97
500103004,02:00-04:00,0.56,0.81
500103004,04:00-06:00,2.28,1.16
500103004,06:00-08:00,14.38,8.16
500103004,08:00-10:00,14.56,13.76
500103004,10:00-12:00,9.09,6.87
500103004,12:00-14:00,9.68,6.97
500103004,14:00-16:00,7.07,8.34
500103004,16:00-18:00,9.09,14.22
500103004,18:00-20:00,19.02,18.73
500103004,20:00-22:00,8.81,13.83
500103004,22:00-24:00,6.68,7.55
500103005,00:00-02:00,2.04,1.91
500103005,02:00-04:00,0.5,1.97
500103005,04:00-06:00,3.06,1.13
500103005,06:00-08:00,12.34,7.63
500103005,08:00-10:00,16.28,12.88
500103005,10:00-12:00,8.48,7.37
500103005,12:00-14:00,8.86,8.16
500103005,14:00-16:00,6.64,6.81
500103005,16:00-18:00,10.86,14.85
500103005,18:00-20:00,14.1,16.18
500103005,20:00-22:00,9.34,12.52
500103005,22:00-24:00,5.61,7.1
500103006,00:00-02:00,0.72,0.37
500103006,02:00-04:00,0.12,0.44
500103006,04:00-06:00,0.94,0.31
500103006,06:00-08:00,4.54,3.16
500103006,08:00-10:00,6.25,3.5
500103006,10:00-12:00,4.58,3.22
500103006,12:00-14:00,3.96,3.91
500103006,14:00-16:00,3.1,3.03
500103006,16:00-18:00,4.62,4.94
500103006,18:00-20:00,5.32,6.41
500103006,20:00-22:00,3.16,3.53
500103006,22:00-24:00,2.04,3.03
500103007,00:00-02:00,0.69,0.84
500103007,02:00-04:00,0.16,0.35
500103007,04:00-06:00,0.63,0.22
500103007,06:00-08:00,4.02,2.44
500103007,08:00-10:00,5.13,5.96
500103007,10:00-12:00,3.64,3.83
500103007,12:00-14:00,4.68,5.19
500103007,14:00-16:00,4.25,4.44
500103007,16:00-18:00,6.89,5.06
500103007,18:00-20:00,5.88,6.06
500103007,20:00-22:00,3.5,3.73
500103007,22:00-24:00,1.58,2.88
500103008,00:00-02:00,0.26,0.92
500103008,02:00-04:00,0.03,1.53
500103008,04:00-06:00,0.47,1.81
500103008,06:00-08:00,12.74,4.5
500103008,08:00-10:00,9.77,7.28
500103008,10:00-12:00,6.53,6.34
500103008,12:00-14:00,7.35,6.91
500103008,14:00-16:00,6.92,7.72
500103008,16:00-18:00,10.74,11.39
500103008,18:00-20:00,11.15,15.53
500103008,20:00-22:00,11.66,6.47
500103008,22:00-24:00,1.19,5.08
500103009,00:00-02:00,3.32,2.89
500103009,02:00-04:00,1.04,4.34
500103009,04:00-06:00,1.94,8.44
500103009,06:00-08:00,34.5,28.69
500103009,08:00-10:00,29.91,29.91
500103009,10:00-12:00,17.03,21.14
500103009,12:00-14:00,24.1,23.02
500103009,14:00-16:00,24.62,23.78
500103009,16:00-18:00,37.84,44.21
500103009,18:00-20:00,38.77,30.77
500103009,20:00-22:00,27.27,21.69
500103009,22:00-24:00,16.19,14.02
500103010,00:00-02:00,1.87,0.59
500103010,02:00-04:00,3.15,0.09
500103010,04:00-06:00,1.41,0.44
500103010,06:00-08:00,6.0,4.59
500103010,08:00-10:00,7.25,7.41
500103010,10:00-12:00,4.69,2.65
500103010,12:00-14:00,3.21,4.25
500103010,14:00-16:00,3.85,3.22
500103010,16:00-18:00,7.18,5.29
500103010,18:00-20:00,4.53,7.21
500103010,20:00-22:00,2.38,6.97
500103010,22:00-24:00,2.73,3.64
500103011,00:00-02:00,0.0,0.0
500103011,02:00-04:00,0.0,0.09
500103011,04:00-06:00,0.0,0.13
500103011,06:00-08:00,0.63,20.7
500103011,08:00-10:00,11.44,9.14
500103011,10:00-12:00,6.5,7.75
500103011,12:00-14:00,4.82,3.31
500103011,14:00-16:00,3.84,4.28
500103011,16:00-18:00,27.67,3.68
500103011,18:00-20:00,1.48,2.72
500103011,20:00-22:00,0.62,0.97
500103011,22:00-24:00,0.03,0.63
500103012,00:00-02:00,0.07,0.3
500103012,02:00-04:00,0.12,1.34
500103012,04:00-06:00,0.47,0.56
500103012,06:00-08:00,6.38,0.84
500103012,08:00-10:00,3.09,1.75
500103012,10:00-12:00,1.76,1.87
500103012,12:00-14:00,1.6,0.88
500103012,14:00-16:00,1.21,1.0
500103012,16:00-18:00,3.47,3.78
500103012,18:00-20:00,2.24,4.09
500103012,20:00-22:00,1.19,3.53
500103012,22:00-24:00,0.22,1.44
500103013,00:00-02:00,0.43,0.82
500103013,02:00-04:00,0.09,1.0
500103013,04:00-06:00,0.59,0.38
500103013,06:00-08:00,4.6,5.61
500103013,08:00-10:00,6.31,5.5
500103013,10:00-12:00,3.87,3.78
500103013,12:00-14:00,4.47,3.72
500103013,14:00-16:00,2.85,3.16
500103013,16:00-18:00,6.52,6.17
500103013,18:00-20:00,5.31,6.12
500103013,20:00-22:00,4.34,4.06
500103013,22:00-24:00,2.16,1.19
500103019,00:00-02:00,0.93,0.82
500103019,02:00-04:00,0.37,0.31
500103019,04:00-06:00,0.19,0.25
500103019,06:00-08:00,2.75,2.03
500103019,08:00-10:00,4.52,2.34
500103019,10:00-12:00,3.28,2.78
500103019,12:00-14:00,4.41,3.16
500103019,14:00-16:00,3.25,2.56
500103019,16:00-18:00,5.99,5.73
500103019,18:00-20:00,6.62,7.53
500103019,20:00-22:00,4.86,5.57
500103019,22:00-24:00,3.71,2.95
500103020,00:00-02:00,0.59,2.04
500103020,02:00-04:00,1.75,1.12
500103020,04:00-06:00,1.09,0.69
500103020,06:00-08:00,8.31,2.38
500103020,08:00-10:00,9.46,4.16
500103020,10:00-12:00,5.17,4.93
500103020,12:00-14:00,6.02,5.91
500103020,14:00-16:00,5.67,4.5
500103020,16:00-18:00,5.98,7.71
500103020,18:00-20:00,6.35,9.68
500103020,20:00-22:00,4.91,7.28
500103020,22:00-24:00,2.46,4.58
500103021,00:00-02:00,1.18,1.43
500103021,02:00-04:00,1.62,0.83
500103021,04:00-06:00,2.25,0.43
500103021,06:00-08:00,10.09,3.5
500103021,08:00-10:00,9.51,11.94
500103021,10:00-12:00,7.79,6.68
500103021,12:00-14:00,9.26,9.44
500103021,14:00-16:00,7.76,7.37
500103021,16:00-18:00,11.53,13.31
500103021,18:00-20:00,9.8,13.09
500103021,20:00-22:00,6.91,8.95
500103021,22:00-24:00,3.98,4.36
500103022,00:00-02:00,0.43,0.79
500103022,02:00-04:00,0.25,0.12
500103022,04:00-06:00,1.0,0.06
500103022,06:00-08:00,4.41,2.78
500103022,08:00-10:00,4.58,4.06
500103022,10:00-12:00,5.62,3.78
500103022,12:00-14:00,4.5,3.81
500103022,14:00-16:00,3.51,3.0
500103022,16:00-18:00,4.74,4.98
500103022,18:00-20:00,4.87,5.02
500103022,20:00-22:00,3.66,3.94
500103022,22:00-24:00,1.32,2.23
500103023,00:00-02:00,0.85,2.79
500103023,02:00-04:00,0.09,2.59
500103023,04:00-06:00,0.69,3.13
500103023,06:00-08:00,7.0,4.16
500103023,08:00-10:00,8.36,6.47
500103023,10:00-12:00,7.09,5.25
500103023,12:00-14:00,6.77,5.53
500103023,14:00-16:00,6.66,5.56
500103023,16:00-18:00,8.18,8.46
500103023,18:00-20:00,9.37,8.0
500103023,20:00-22:00,5.75,5.0
500103023,22:00-24:00,2.64,4.05
500103024,00:00-02:00,1.65,1.51
500103024,02:00-04:00,0.19,4.81
500103024,04:00-06:00,0.49,2.5
500103024,06:00-08:00,8.38,10.72
500103024,08:00-10:00,19.34,7.91
500103024,10:00-12:00,8.77,6.34
500103024,12:00-14:00,9.56,9.57
500103024,14:00-16:00,8.29,8.66
500103024,16:00-18:00,15.44,12.14
500103024,18:00-20:00,13.0,11.28
500103024,20:00-22:00,8.87,7.72
500103024,22:00-24:00,5.49,6.27
500103025,00:00-02:00,1.49,2.07
500103025,02:00-04:00,0.26,1.97
500103025,04:00-06:00,0.47,0.63
500103025,06:00-08:00,6.75,9.83
500103025,08:00-10:00,15.07,9.59
500103025,10:00-12:00,8.58,6.9
500103025,12:00-14:00,9.53,7.16
500103025,14:00-16:00,8.49,7.41
500103025,16:00-18:00,12.63,10.1
500103025,18:00-20:00,13.13,11.03
500103025,20:00-22:00,9.29,9.69
500103025,22:00-24:00,6.02,4.33
500103026,00:00-02:00,0.57,0.56
500103026,02:00-04:00,0.0,0.03
500103026,04:00-06:00,0.07,0.44
500103026,06:00-08:00,8.61,10.25
500103026,08:00-10:00,9.73,9.13
500103026,10:00-12:00,4.91,3.94
500103026,12:00-14:00,6.75,4.31
500103026,14:00-16:00,4.51,3.56
500103026,16:00-18:00,8.85,5.6
500103026,18:00-20:00,8.75,6.25
500103026,20:00-22:00,4.86,3.31
500103026,22:00-24:00,3.41,2.01
500103027,00:00-02:00,2.43,2.53
500103027,02:00-04:00,1.03,0.75
500103027,04:00-06:00,1.47,2.72
500103027,06:00-08:00,12.13,14.91
500103027,08:00-10:00,19.0,20.19
500103027,10:00-12:00,17.21,15.18
500103027,12:00-14:00,16.79,16.13
500103027,14:00-16:00,14.47,12.72
500103027,16:00-18:00,19.07,17.65
500103027,18:00-20:00,16.65,15.18
500103027,20:00-22:00,11.16,10.84
500103027,22:00-24:00,6.65,8.41
500103028,00:00-02:00,1.98,3.45
500103028,02:00-04:00,0.41,0.19
500103028,04:00-06:00,0.56,2.44
500103028,06:00-08:00,11.81,14.25
500103028,08:00-10:00,22.7,21.19
500103028,10:00-12:00,18.44,13.34
500103028,12:00-14:00,17.85,22.39
500103028,14:00-16:00,20.14,19.87
500103028,16:00-18:00,28.52,21.36
500103028,18:00-20:00,21.07,21.39
500103028,20:00-22:00,14.93,14.44
500103028,22:00-24:00,9.5,8.15
500103029,00:00-02:00,1.48,1.43
500103029,02:00-04:00,0.28,0.9
500103029,04:00-06:00,0.88,0.27
500103029,06:00-08:00,5.46,3.72
500103029,08:00-10:00,8.28,8.92
500103029,10:00-12:00,7.45,6.91
500103029,12:00-14:00,8.5,7.73
500103029,14:00-16:00,6.58,6.74
500103029,16:00-18:00,9.87,11.74
500103029,18:00-20:00,9.83,11.05
500103029,20:00-22:00,7.54,6.85
500103029,22:00-24:00,4.72,5.65
500103030,00:00-02:00,3.48,1.86
500103030,02:00-04:00,3.4,0.53
500103030,04:00-06:00,2.22,0.53
500103030,06:00-08:00,8.22,11.03
500103030,08:00-10:00,20.03,23.8
500103030,10:00-12:00,16.65,22.44
500103030,12:00-14:00,23.48,22.85
500103030,14:00-16:00,19.95,20.3
500103030,16:00-18:00,24.87,25.49
500103030,18:00-20:00,19.77,14.0
500103030,20:00-22:00,9.84,8.98
500103030,22:00-24:00,3.94,6.09
500103031,00:00-02:00,1.31,0.83
500103031,02:00-04:00,0.19,0.67
500103031,04:00-06:00,1.25,0.64
500103031,06:00-08:00,7.06,4.56
500103031,08:00-10:00,6.42,4.28
500103031,10:00-12:00,5.54,4.09
500103031,12:00-14:00,6.09,5.6
500103031,14:00-16:00,6.07,5.34
500103031,16:00-18:00,7.37,7.71
500103031,18:00-20:00,8.73,11.46
500103031,20:00-22:00,6.28,7.35
500103031,22:00-24:00,2.42,4.43
500103032,00:00-02:00,0.48,0.1
500103032,02:00-04:00,0.0,0.12
500103032,04:00-06:00,0.46,0.47
500103032,06:00-08:00,2.43,2.37
500103032,08:00-10:00,5.51,4.82
500103032,10:00-12:00,3.18,2.06
500103032,12:00-14:00,4.73,4.49
500103032,14:00-16:00,3.38,3.06
500103032,16:00-18:00,4.82,2.93
500103032,18:00-20:00,3.73,3.44
500103032,20:00-22:00,1.59,2.41
500103032,22:00-24:00,0.7,1.49
500103033,00:00-02:00,0.99,1.12
500103033,02:00-04:00,0.34,0.34
500103033,04:00-06:00,0.93,0.31
500103033,06:00-08:00,2.56,3.5
500103033,08:00-10:00,5.24,6.13
500103033,10:00-12:00,3.82,3.94
500103033,12:00-14:00,5.58,4.28
500103033,14:00-16:00,4.8,3.75
500103033,16:00-18:00,7.27,6.7
500103033,18:00-20:00,7.6,6.18
500103033,20:00-22:00,4.6,4.38
500103033,22:00-24:00,2.96,3.67
500103034,00:00-02:00,3.06,3.56
500103034,02:00-04:00,0.62,1.78
500103034,04:00-06:00,2.34,1.4
500103034,06:00-08:00,12.62,7.09
500103034,08:00-10:00,15.42,17.12
500103034,10:00-12:00,13.33,11.99
500103034,12:00-14:00,13.63,16.34
500103034,14:00-16:00,15.09,15.81
500103034,16:00-18:00,18.74,18.18
500103034,18:00-20:00,18.89,20.83
500103034,20:00-22:00,14.59,14.78
500103034,22:00-24:00,11.1,10.63
500103035,00:00-02:00,1.97,1.67
500103035,02:00-04:00,0.25,0.44
500103035,04:00-06:00,1.84,1.06
500103035,06:00-08:00,14.06,5.16
500103035,08:00-10:00,12.78,12.08
500103035,10:00-12:00,7.97,5.5
500103035,12:00-14:00,8.51,6.47
500103035,14:00-16:00,7.16,6.47
500103035,16:00-18:00,9.79,15.98
500103035,18:00-20:00,16.08,13.96
500103035,20:00-22:00,7.25,12.24
500103035,22:00-24:00,5.43,6.13
500103036,00:00-02:00,0.41,0.49
500103036,02:00-04:00,0.3,0.12
500103036,04:00-06:00,1.42,0.88
500103036,06:00-08:00,2.88,4.75
500103036,08:00-10:00,6.31,8.82
500103036,10:00-12:00,6.71,4.32
500103036,12:00-14:00,6.49,5.41
500103036,14:00-16:00,5.95,4.47
500103036,16:00-18:00,6.2,5.6
500103036,18:00-20:00,8.01,6.09
500103036,20:00-22:00,4.86,4.97
500103036,22:00-24:00,2.52,2.2
500103037,00:00-02:00,2.39,3.81
500103037,02:00-04:00,1.25,3.65
500103037,04:00-06:00,1.97,3.97
500103037,06:00-08:00,12.13,15.88
500103037,08:00-10:00,21.43,13.24
500103037,10:00-12:00,12.48,14.43
500103037,12:00-14:00,16.28,16.04
500103037,14:00-16:00,13.7,14.95
500103037,16:00-18:00,19.04,24.47
500103037,18:00-20:00,22.14,19.54
500103037,20:00-22:00,15.25,13.29
500103037,22:00-24:00,11.0,9.06
500103038,00:00-02:00,2.37,1.76
500103038,02:00-04:00,0.59,0.72
500103038,04:00-06:00,0.91,0.97
500103038,06:00-08:00,7.6,4.81
500103038,08:00-10:00,6.43,4.44
500103038,10:00-12:00,4.3,4.03
500103038,12:00-14:00,5.75,6.44
500103038,14:00-16:00,6.54,6.31
500103038,16:00-18:00,7.22,9.84
500103038,18:00-20:00,11.21,11.0
500103038,20:00-22:00,6.59,9.35
500103038,22:00-24:00,4.66,4.27
500103039,00:00-02:00,1.51,0.69
500103039,02:00-04:00,1.0,0.25
500103039,04:00-06:00,1.88,0.44
500103039,06:00-08:00,4.69,11.19
500103039,08:00-10:00,7.44,9.35
500103039,10:00-12:00,7.75,5.76
500103039,12:00-14:00,8.32,8.0
500103039,14:00-16:00,6.81,6.41
500103039,16:00-18:00,14.3,6.29
500103039,18:00-20:00,7.2,7.96
500103039,20:00-22:00,4.46,4.78
500103039,22:00-24:00,2.99,3.5
500103040,00:00-02:00,1.08,1.49
500103040,02:00-04:00,0.37,0.16
500103040,04:00-06:00,1.69,1.81
500103040,06:00-08:00,13.03,8.06
500103040,08:00-10:00,11.94,6.81
500103040,10:00-12:00,8.04,6.5
500103040,12:00-14:00,8.04,8.47
500103040,14:00-16:00,6.18,7.62
500103040,16:00-18:00,11.86,12.05
500103040,18:00-20:00,10.09,12.21
500103040,20:00-22:00,7.84,9.03
500103040,22:00-24:00,2.67,6.05
500103041,00:00-02:00,1.28,1.25
500103041,02:00-04:00,0.53,0.22
500103041,04:00-06:00,0.28,0.31
500103041,06:00-08:00,3.54,1.53
500103041,08:00-10:00,2.69,2.59
500103041,10:00-12:00,1.97,0.81
500103041,12:00-14:00,1.83,1.56
500103041,14:00-16:00,1.65,1.78
500103041,16:00-18:00,3.89,4.53
500103041,18:00-20:00,3.59,5.15
500103041,20:00-22:00,3.24,3.94
500103041,22:00-24:00,1.44,2.35
500103042,00:00-02:00,0.3,0.46
500103042,02:00-04:00,0.19,0.22
500103042,04:00-06:00,0.44,1.88
500103042,06:00-08:00,8.68,8.49
500103042,08:00-10:00,12.46,11.07
500103042,10:00-12:00,10.66,10.81
500103042,12:00-14:00,12.85,13.14
500103042,14:00-16:00,10.39,11.0
500103042,16:00-18:00,15.04,12.55
500103042,18:00-20:00,12.28,15.48
500103042,20:00-22:00,12.51,8.89
500103042,22:00-24:00,2.39,2.67
500103043,00:00-02:00,0.9,1.45
500103043,02:00-04:00,0.2,0.34
500103043,04:00-06:00,0.85,0.41
500103043,06:00-08:00,8.17,5.88
500103043,08:00-10:00,9.37,9.47
500103043,10:00-12:00,12.08,10.63
500103043,12:00-14:00,14.02,13.18
500103043,14:00-16:00,13.1,12.41
500103043,16:00-18:00,14.57,14.93
500103043,18:00-20:00,14.77,16.19
500103043,20:00-22:00,14.99,12.58
500103043,22:00-24:00,9.14,7.88
500103044,00:00-02:00,6.68,4.76
500103044,02:00-04:00,1.91,1.53
500103044,04:00-06:00,2.63,4.41
500103044,06:00-08:00,10.91,11.31
500103044,08:00-10:00,11.06,10.59
500103044,10:00-12:00,10.31,13.6
500103044,12:00-14:00,16.54,17.32
500103044,14:00-16:00,24.06,23.32
500103044,16:00-18:00,27.59,29.09
500103044,18:00-20:00,28.6,29.54
500103044,20:00-22:00,27.88,24.33
500103044,22:00-24:00,15.53,14.99
500103045,00:00-02:00,1.64,1.38
500103045,02:00-04:00,0.84,0.45
500103045,04:00-06:00,3.0,1.71
500103045,06:00-08:00,9.45,6.09
500103045,08:00-10:00,11.83,9.84
500103045,10:00-12:00,7.19,6.75
500103045,12:00-14:00,8.02,7.25
500103045,14:00-16:00,7.74,7.84
500103045,16:00-18:00,10.56,11.92
500103045,18:00-20:00,10.65,13.59
500103045,20:00-22:00,9.19,8.98
500103045,22:00-24:00,5.08,6.58
500103046,00:00-02:00,0.56,1.74
500103046,02:00-04:00,0.09,0.44
500103046,04:00-06:00,0.31,0.66
500103046,06:00-08:00,5.43,4.47
500103046,08:00-10:00,6.0,4.09
500103046,10:00-12:00,4.74,2.06
500103046,12:00-14:00,4.93,3.97
500103046,14:00-16:00,3.34,3.34
500103046,16:00-18:00,7.8,5.13
500103046,18:00-20:00,5.31,5.81
500103046,20:00-22:00,3.92,4.69
500103046,22:00-24:00,2.28,2.16
500103047,00:00-02:00,0.82,1.64
500103047,02:00-04:00,0.1,0.31
500103047,04:00-06:00,1.03,0.72
500103047,06:00-08:00,3.54,12.03
500103047,08:00-10:00,7.84,10.35
500103047,10:00-12:00,10.75,4.87
500103047,12:00-14:00,9.31,7.57
500103047,14:00-16:00,6.85,5.94
500103047,16:00-18:00,13.08,7.02
500103047,18:00-20:00,9.03,6.75
500103047,20:00-22:00,5.31,4.41
500103047,22:00-24:00,4.03,2.82
500103048,00:00-02:00,3.53,1.84
500103048,02:00-04:00,0.73,1.69
500103048,04:00-06:00,1.85,1.66
500103048,06:00-08:00,8.35,6.56
500103048,08:00-10:00,12.57,10.13
500103048,10:00-12:00,9.4,9.46
500103048,12:00-14:00,9.41,10.79
500103048,14:00-16:00,10.78,11.29
500103048,16:00-18:00,13.67,14.79
500103048,18:00-20:00,14.81,15.71
500103048,20:00-22:00,10.97,9.22
500103048,22:00-24:00,8.46,8.28
500103049,00:00-02:00,1.96,2.04
500103049,02:00-04:00,1.0,0.59
500103049,04:00-06:00,0.81,0.31
500103049,06:00-08:00,4.69,4.69
500103049,08:00-10:00,5.87,5.06
500103049,10:00-12:00,6.93,6.87
500103049,12:00-14:00,8.47,8.3
500103049,14:00-16:00,7.61,6.37
500103049,16:00-18:00,10.64,11.48
500103049,18:00-20:00,10.67,12.16
500103049,20:00-22:00,10.26,6.23
500103049,22:00-24:00,3.71,4.67
500103050,00:00-02:00,3.48,1.51
500103050,02:00-04:00,0.59,1.62
500103050,04:00-06:00,1.0,1.63
500103050,06:00-08:00,10.59,5.84
500103050,08:00-10:00,13.21,8.16
500103050,10:00-12:00,7.98,8.71
500103050,12:00-14:00,8.86,8.1
500103050,14:00-16:00,7.22,8.87
500103050,16:00-18:00,12.84,16.75
500103050,18:00-20:00,13.37,17.55
500103050,20:00-22:00,11.19,12.36
500103050,22:00-24:00,9.0,6.9
500103051,00:00-02:00,4.56,2.89
500103051,02:00-04:00,1.9,1.59
500103051,04:00-06:00,2.13,3.31
500103051,06:00-08:00,8.94,9.76
500103051,08:00-10:00,13.85,13.34
500103051,10:00-12:00,10.87,12.74
500103051,12:00-14:00,13.79,14.74
500103051,14:00-16:00,12.36,12.71
500103051,16:00-18:00,14.77,17.83
500103051,18:00-20:00,16.09,14.57
500103051,20:00-22:00,12.18,10.86
500103051,22:00-24:00,8.25,6.93
500103052,00:00-02:00,1.92,1.45
500103052,02:00-04:00,0.42,1.84
500103052,04:00-06:00,0.47,1.16
500103052,06:00-08:00,4.17,4.09
500103052,08:00-10:00,5.36,5.16
500103052,10:00-12:00,5.5,4.59
500103052,12:00-14:00,5.68,5.16
500103052,14:00-16:00,5.69,3.91
500103052,16:00-18:00,9.34,6.29
500103052,18:00-20:00,9.42,7.75
500103052,20:00-22:00,6.52,5.34
500103052,22:00-24:00,3.5,3.07
500103053,00:00-02:00,2.9,3.09
500103053,02:00-04:00,0.37,1.09
500103053,04:00-06:00,1.6,1.53
500103053,06:00-08:00,12.86,14.27
500103053,08:00-10:00,18.8,19.83
500103053,10:00-12:00,15.24,17.76
500103053,12:00-14:00,19.12,21.01
500103053,14:00-16:00,19.03,18.48
500103053,16:00-18:00,22.91,22.86
500103053,18:00-20:00,24.54,23.95
500103053,20:00-22:00,18.45,13.56
500103053,22:00-24:00,12.23,9.6
500103054,00:00-02:00,1.71,3.04
500103054,02:00-04:00,1.03,1.0
500103054,04:00-06:00,1.88,1.25
500103054,06:00-08:00,9.5,5.98
500103054,08:00-10:00,11.41,10.59
500103054,10:00-12:00,9.54,9.84
500103054,12:00-14:00,10.78,11.94
500103054,14:00-16:00,11.26,10.43
500103054,16:00-18:00,11.21,13.61
500103054,18:00-20:00,12.46,11.77
500103054,20:00-22:00,6.82,7.84
500103054,22:00-24:00,5.08,5.91
500103055,00:00-02:00,1.12,1.12
500103055,02:00-04:00,0.78,0.37
500103055,04:00-06:00,0.83,0.94
500103055,06:00-08:00,4.38,3.13
500103055,08:00-10:00,8.53,8.57
500103055,10:00-12:00,6.85,6.36
500103055,12:00-14:00,8.43,8.95
500103055,14:00-16:00,7.24,7.45
500103055,16:00-18:00,9.81,8.02
500103055,18:00-20:00,8.64,10.11
500103055,20:00-22:00,6.79,7.39
500103055,22:00-24:00,3.78,3.96
500103056,00:00-02:00,0.69,0.58
500103056,02:00-04:00,0.06,0.16
500103056,04:00-06:00,0.38,0.28
500103056,06:00-08:00,2.76,1.64
500103056,08:00-10:00,4.84,2.8
500103056,10:00-12:00,2.09,2.66
500103056,12:00-14:00,2.65,2.34
500103056,14:00-16:00,1.97,1.47
500103056,16:00-18:00,2.88,3.58
500103056,18:00-20:00,4.74,4.74
500103056,20:00-22:00,2.01,3.43
500103056,22:00-24:00,1.21,2.06
500103057,00:00-02:00,1.14,1.41
500103057,02:00-04:00,0.22,1.84
500103057,04:00-06:00,0.06,0.97
500103057,06:00-08:00,7.97,17.94
500103057,08:00-10:00,20.81,19.19
500103057,10:00-12:00,8.28,10.51
500103057,12:00-14:00,11.88,9.24
500103057,14:00-16:00,11.31,7.97
500103057,16:00-18:00,20.15,21.73
500103057,18:00-20:00,18.3,11.21
500103057,20:00-22:00,13.32,10.19
500103057,22:00-24:00,6.31,3.67
500103058,00:00-02:00,1.28,1.54
500103058,02:00-04:00,0.34,1.78
500103058,04:00-06:00,1.78,1.44
500103058,06:00-08:00,11.85,5.97
500103058,08:00-10:00,14.57,10.91
500103058,10:00-12:00,10.26,7.43
500103058,12:00-14:00,10.87,10.29
500103058,14:00-16:00,8.08,8.47
500103058,16:00-18:00,11.19,11.7
500103058,18:00-20:00,10.65,16.16
500103058,20:00-22:00,9.78,12.45
500103058,22:00-24:00,4.08,5.23
500103059,00:00-02:00,2.05,1.15
500103059,02:00-04:00,1.04,0.41
500103059,04:00-06:00,0.79,4.01
500103059,06:00-08:00,4.0,7.78
500103059,08:00-10:00,7.88,6.35
500103059,10:00-12:00,5.8,5.11
500103059,12:00-14:00,7.0,5.49
500103059,14:00-16:00,6.06,6.24
500103059,16:00-18:00,7.43,11.35
500103059,18:00-20:00,7.37,7.65
500103059,20:00-22:00,5.94,5.65
500103059,22:00-24:00,4.77,3.99
500103060,00:00-02:00,0.69,1.05
500103060,02:00-04:00,0.16,0.19
500103060,04:00-06:00,0.63,0.25
500103060,06:00-08:00,5.02,7.78
500103060,08:00-10:00,7.52,10.25
500103060,10:00-12:00,9.29,6.69
500103060,12:00-14:00,8.42,6.69
500103060,14:00-16:00,6.27,5.75
500103060,16:00-18:00,7.72,6.2
500103060,18:00-20:00,7.66,6.03
500103060,20:00-22:00,5.58,4.0
500103060,22:00-24:00,2.33,1.91
500103061,00:00-02:00,0.59,0.86
500103061,02:00-04:00,0.34,0.25
500103061,04:00-06:00,0.72,0.19
500103061,06:00-08:00,5.57,3.06
500103061,08:00-10:00,5.11,3.75
500103061,10:00-12:00,3.72,1.94
500103061,12:00-14:00,3.64,3.47
500103061,14:00-16:00,1.91,3.0
500103061,16:00-18:00,4.95,4.0
500103061,18:00-20:00,4.22,5.53
500103061,20:00-22:00,2.32,3.98
500103061,22:00-24:00,0.85,1.56
500103062,00:00-02:00,1.15,1.11
500103062,02:00-04:00,0.59,0.41
500103062,04:00-06:00,1.25,0.53
500103062,06:00-08:00,5.69,3.41
500103062,08:00-10:00,5.68,6.95
500103062,10:00-12:00,5.49,3.98
500103062,12:00-14:00,6.19,5.78
500103062,14:00-16:00,4.37,4.41
500103062,16:00-18:00,6.94,6.8
500103062,18:00-20:00,6.72,6.13
500103062,20:00-22:00,3.43,5.01
500103062,22:00-24:00,2.32,2.38
500103063,00:00-02:00,0.62,0.66
500103063,02:00-04:00,0.19,0.03
500103063,04:00-06:00,0.81,0.41
500103063,06:00-08:00,4.99,3.56
500103063,08:00-10:00,6.31,4.72
500103063,10:00-12:00,5.71,6.06
500103063,12:00-14:00,5.11,4.88
500103063,14:00-16:00,4.37,4.32
500103063,16:00-18:00,6.7,7.6
500103063,18:00-20:00,7.48,7.6
500103063,20:00-22:00,3.78,4.32
500103063,22:00-24:00,1.41,2.19
500103064,00:00-02:00,0.85,0.79
500103064,02:00-04:00,0.25,0.33
500103064,04:00-06:00,1.0,0.63
500103064,06:00-08:00,6.27,4.63
500103064,08:00-10:00,8.18,8.19
500103064,10:00-12:00,7.55,6.09
500103064,12:00-14:00,7.89,7.54
500103064,14:00-16:00,6.28,6.87
500103064,16:00-18:00,9.14,8.65
500103064,18:00-20:00,7.17,9.0
500103064,20:00-22:00,5.06,6.72
500103064,22:00-24:00,3.51,3.54
500103065,00:00-02:00,0.66,0.86
500103065,02:00-04:00,0.16,0.3
500103065,04:00-06:00,1.0,0.25
500103065,06:00-08:00,10.41,7.35
500103065,08:00-10:00,12.95,14.28
500103065,10:00-12:00,8.78,8.13
500103065,12:00-14:00,7.23,8.67
500103065,14:00-16:00,4.59,5.6
500103065,16:00-18:00,13.2,11.7
500103065,18:00-20:00,8.88,10.94
500103065,20:00-22:00,6.69,8.09
500103065,22:00-24:00,3.07,3.75
500103066,00:00-02:00,1.35,1.31
500103066,02:00-04:00,0.41,0.23
500103066,04:00-06:00,0.97,0.94
500103066,06:00-08:00,7.59,4.94
500103066,08:00-10:00,10.54,12.31
500103066,10:00-12:00,6.4,6.28
500103066,12:00-14:00,7.78,9.06
500103066,14:00-16:00,5.37,5.57
500103066,16:00-18:00,10.37,7.9
500103066,18:00-20:00,8.21,9.32
500103066,20:00-22:00,6.32,7.51
500103066,22:00-24:00,3.17,4.51
500103068,00:00-02:00,1.02,0.83
500103068,02:00-04:00,0.47,0.2
500103068,04:00-06:00,0.81,0.06
500103068,06:00-08:00,8.5,10.99
500103068,08:00-10:00,12.44,6.86
500103068,10:00-12:00,4.66,3.22
500103068,12:00-14:00,4.23,5.6
500103068,14:00-16:00,3.65,4.31
500103068,16:00-18:00,12.08,7.27
500103068,18:00-20:00,5.43,8.63
500103068,20:00-22:00,3.63,5.99
500103068,22:00-24:00,1.1,2.64
500103069,00:00-02:00,1.04,0.89
500103069,02:00-04:00,0.3,0.16
500103069,04:00-06:00,0.84,1.22
500103069,06:00-08:00,4.79,4.51
500103069,08:00-10:00,6.54,5.44
500103069,10:00-12:00,6.12,5.59
500103069,12:00-14:00,7.19,7.32
500103069,14:00-16:00,6.99,6.91
500103069,16:00-18:00,8.98,9.32
500103069,18:00-20:00,9.8,10.14
500103069,20:00-22:00,7.01,8.41
500103069,22:00-24:00,5.42,4.22
500103070,00:00-02:00,0.82,0.89
500103070,02:00-04:00,0.06,0.43
500103070,04:00-06:00,1.41,0.42
500103070,06:00-08:00,6.85,2.32
500103070,08:00-10:00,8.12,9.08
500103070,10:00-12:00,5.24,3.12
500103070,12:00-14:00,4.9,3.97
500103070,14:00-16:00,4.37,4.25
500103070,16:00-18:00,7.28,6.89
500103070,18:00-20:00,5.69,7.25
500103070,20:00-22:00,3.41,5.93
500103070,22:00-24:00,2.07,2.38
500103071,00:00-02:00,1.0,1.08
500103071,02:00-04:00,0.28,0.16
500103071,04:00-06:00,0.22,0.09
500103071,06:00-08:00,2.32,2.25
500103071,08:00-10:00,4.91,10.05
500103071,10:00-12:00,5.97,3.7
500103071,12:00-14:00,6.28,6.71
500103071,14:00-16:00,4.87,4.89
500103071,16:00-18:00,8.6,5.68
500103071,18:00-20:00,7.22,6.68
500103071,20:00-22:00,5.04,2.72
500103071,22:00-24:00,1.85,2.38
500103072,00:00-02:00,1.38,0.91
500103072,02:00-04:00,0.09,0.53
500103072,04:00-06:00,0.66,0.47
500103072,06:00-08:00,5.09,3.38
500103072,08:00-10:00,5.52,4.63
500103072,10:00-12:00,5.12,4.03
500103072,12:00-14:00,5.99,5.28
500103072,14:00-16:00,4.59,3.94
500103072,16:00-18:00,7.12,8.19
500103072,18:00-20:00,7.78,9.58
500103072,20:00-22:00,6.3,4.76
500103072,22:00-24:00,2.36,2.95
500103073,00:00-02:00,0.72,1.21
500103073,02:00-04:00,0.53,0.53
500103073,04:00-06:00,1.13,0.85
500103073,06:00-08:00,5.94,4.6
500103073,08:00-10:00,6.03,4.75
500103073,10:00-12:00,5.68,3.78
500103073,12:00-14:00,4.46,3.66
500103073,14:00-16:00,3.36,3.28
500103073,16:00-18:00,7.28,7.65
500103073,18:00-20:00,5.57,6.62
500103073,20:00-22:00,5.31,5.38
500103073,22:00-24:00,2.41,4.02
500103074,00:00-02:00,0.16,0.43
500103074,02:00-04:00,0.0,0.31
500103074,04:00-06:00,0.63,0.19
500103074,06:00-08:00,2.84,2.38
500103074,08:00-10:00,4.59,5.66
500103074,10:00-12:00,2.5,1.41
500103074,12:00-14:00,2.14,1.5
500103074,14:00-16:00,1.66,1.69
500103074,16:00-18:00,4.39,3.43
500103074,18:00-20:00,2.96,3.65
500103074,20:00-22:00,0.97,2.03
500103074,22:00-24:00,0.53,0.75
500103075,00:00-02:00,0.18,0.69
500103075,02:00-04:00,0.06,0.06
500103075,04:00-06:00,0.13,0.28
500103075,06:00-08:00,0.84,2.63
500103075,08:00-10:00,1.0,1.66
500103075,10:00-12:00,1.31,1.06
500103075,12:00-14:00,2.23,1.19
500103075,14:00-16:00,2.24,2.6
500103075,16:00-18:00,5.29,2.14
500103075,18:00-20:00,2.34,2.65
500103075,20:00-22:00,1.79,1.59
500103075,22:00-24:00,0.57,0.38
500103076,00:00-02:00,1.02,0.38
500103076,02:00-04:00,0.16,0.19
500103076,04:00-06:00,0.19,0.31
500103076,06:00-08:00,1.72,1.07
500103076,08:00-10:00,2.19,1.84
500103076,10:00-12:00,1.56,1.75
500103076,12:00-14:00,1.94,2.85
500103076,14:00-16:00,1.72,2.85
500103076,16:00-18:00,4.47,2.6
500103076,18:00-20:00,3.09,3.53
500103076,20:00-22:00,1.25,1.78
500103076,22:00-24:00,1.19,1.07
500103077,00:00-02:00,0.27,0.46
500103077,02:00-04:00,0.1,0.53
500103077,04:00-06:00,0.19,1.13
500103077,06:00-08:00,2.72,1.69
500103077,08:00-10:00,4.94,2.53
500103077,10:00-12:00,3.4,2.4
500103077,12:00-14:00,3.08,2.75
500103077,14:00-16:00,2.6,2.06
500103077,16:00-18:00,3.64,2.99
500103077,18:00-20:00,3.44,4.47
500103077,20:00-22:00,2.71,2.59
500103077,22:00-24:00,1.08,1.79
500103078,00:00-02:00,0.1,0.16
500103078,02:00-04:00,0.09,0.16
500103078,04:00-06:00,0.92,0.16
500103078,06:00-08:00,0.65,9.87
500103078,08:00-10:00,4.56,3.68
500103078,10:00-12:00,3.09,2.07
500103078,12:00-14:00,2.53,2.44
500103078,14:00-16:00,3.3,3.75
500103078,16:00-18:00,12.62,2.71
500103078,18:00-20:00,1.4,2.0
500103078,20:00-22:00,0.94,0.94
500103078,22:00-24:00,0.46,1.0
500103079,00:00-02:00,0.45,0.79
500103079,02:00-04:00,0.03,0.19
500103079,04:00-06:00,0.36,0.38
500103079,06:00-08:00,5.62,6.76
500103079,08:00-10:00,10.31,8.29
500103079,10:00-12:00,5.29,5.78
500103079,12:00-14:00,5.15,5.8
500103079,14:00-16:00,4.61,4.51
500103079,16:00-18:00,10.42,8.46
500103079,18:00-20:00,8.68,7.43
500103079,20:00-22:00,5.3,4.66
500103079,22:00-24:00,2.82,2.32
500103080,00:00-02:00,0.2,0.2
500103080,02:00-04:00,0.06,0.0
500103080,04:00-06:00,0.31,0.06
500103080,06:00-08:00,4.36,1.31
500103080,08:00-10:00,4.16,2.72
500103080,10:00-12:00,2.32,2.78
500103080,12:00-14:00,2.9,3.04
500103080,14:00-16:00,2.45,2.07
500103080,16:00-18:00,3.05,4.75
500103080,18:00-20:00,4.22,3.35
500103080,20:00-22:00,1.68,2.88
500103080,22:00-24:00,1.13,1.76
500103081,00:00-02:00,0.97,0.41
500103081,02:00-04:00,0.22,0.43
500103081,04:00-06:00,0.78,0.67
500103081,06:00-08:00,3.95,1.8
500103081,08:00-10:00,4.71,3.06
500103081,10:00-12:00,3.3,2.65
500103081,12:00-14:00,3.58,3.66
500103081,14:00-16:00,3.5,2.44
500103081,16:00-18:00,3.95,4.7
500103081,18:00-20:00,3.66,4.26
500103081,20:00-22:00,2.23,3.33
500103081,22:00-24:00,1.13,1.64
500103082,00:00-02:00,1.94,1.94
500103082,02:00-04:00,0.3,0.53
500103082,04:00-06:00,0.45,2.78
500103082,06:00-08:00,11.22,13.92
500103082,08:00-10:00,20.01,17.89
500103082,10:00-12:00,12.35,10.81
500103082,12:00-14:00,15.48,16.23
500103082,14:00-16:00,12.8,12.9
500103082,16:00-18:00,18.95,17.93
500103082,18:00-20:00,19.37,17.3
500103082,20:00-22:00,13.37,11.63
500103082,22:00-24:00,7.07,6.15
500103083,00:00-02:00,0.36,0.92
500103083,02:00-04:00,0.12,0.25
500103083,04:00-06:00,0.44,0.59
500103083,06:00-08:00,4.9,1.34
500103083,08:00-10:00,6.32,2.69
500103083,10:00-12:00,2.29,1.19
500103083,12:00-14:00,2.8,2.34
500103083,14:00-16:00,2.3,2.34
500103083,16:00-18:00,3.8,4.25
500103083,18:00-20:00,3.62,6.65
500103083,20:00-22:00,1.88,3.84
500103083,22:00-24:00,1.63,2.42
500103084,00:00-02:00,1.89,2.92
500103084,02:00-04:00,0.25,1.53
500103084,04:00-06:00,0.56,2.91
500103084,06:00-08:00,11.09,14.56
500103084,08:00-10:00,14.97,11.72
500103084,10:00-12:00,6.18,6.46
500103084,12:00-14:00,7.57,7.56
500103084,14:00-16:00,7.05,4.68
500103084,16:00-18:00,10.63,10.6
500103084,18:00-20:00,12.97,8.12
500103084,20:00-22:00,7.19,5.0
500103084,22:00-24:00,7.01,4.52
500103085,00:00-02:00,0.56,0.45
500103085,02:00-04:00,0.09,0.19
500103085,04:00-06:00,0.53,0.19
500103085,06:00-08:00,4.46,1.66
500103085,08:00-10:00,5.85,4.88
500103085,10:00-12:00,3.2,3.06
500103085,12:00-14:00,3.3,3.38
500103085,14:00-16:00,2.71,3.06
500103085,16:00-18:00,6.06,6.14
500103085,18:00-20:00,5.86,6.81
500103085,20:00-22:00,2.56,3.28
500103085,22:00-24:00,1.25,2.12
500103086,00:00-02:00,0.43,0.72
500103086,02:00-04:00,0.07,0.0
500103086,04:00-06:00,0.13,0.69
500103086,06:00-08:00,3.97,4.58
500103086,08:00-10:00,7.07,7.92
500103086,10:00-12:00,5.82,4.56
500103086,12:00-14:00,5.92,6.75
500103086,14:00-16:00,5.6,6.55
500103086,16:00-18:00,9.73,5.97
500103086,18:00-20:00,7.04,4.78
500103086,20:00-22:00,4.76,3.88
500103086,22:00-24:00,3.37,2.6
500103087,00:00-02:00,0.16,0.92
500103087,02:00-04:00,0.06,0.34
500103087,04:00-06:00,0.41,0.44
500103087,06:00-08:00,4.83,3.34
500103087,08:00-10:00,3.75,4.31
500103087,10:00-12:00,4.07,1.87
500103087,12:00-14:00,2.74,2.91
500103087,14:00-16:00,2.46,2.34
500103087,16:00-18:00,5.57,4.63
500103087,18:00-20:00,5.16,3.81
500103087,20:00-22:00,2.67,2.78
500103087,22:00-24:00,1.09,1.88
500103088,00:00-02:00,0.29,1.12
500103088,02:00-04:00,0.06,0.12
500103088,04:00-06:00,0.19,0.16
500103088,06:00-08:00,1.32,0.78
500103088,08:00-10:00,1.81,1.66
500103088,10:00-12:00,1.85,2.59
500103088,12:00-14:00,2.42,2.25
500103088,14:00-16:00,2.77,2.22
500103088,16:00-18:00,3.01,3.24
500103088,18:00-20:00,3.47,2.87
500103088,20:00-22:00,2.7,2.69
500103088,22:00-24:00,1.54,1.13
500103089,00:00-02:00,0.62,0.52
500103089,02:00-04:00,0.19,0.09
500103089,04:00-06:00,0.31,0.03
500103089,06:00-08:00,2.75,0.41
500103089,08:00-10:00,2.79,3.71
500103089,10:00-12:00,1.53,2.23
500103089,12:00-14:00,2.72,1.82
500103089,14:00-16:00,2.12,2.35
500103089,16:00-18:00,3.63,5.12
500103089,18:00-20:00,3.63,3.5
500103089,20:00-22:00,2.77,3.48
500103089,22:00-24:00,1.16,1.89
500104001,00:00-02:00,0.69,1.21
500104001,02:00-04:00,0.12,0.5
500104001,04:00-06:00,1.75,1.56
500104001,06:00-08:00,5.99,4.2
500104001,08:00-10:00,6.7,2.67
500104001,10:00-12:00,2.95,2.81
500104001,12:00-14:00,3.87,3.63
500104001,14:00-16:00,2.67,3.03
500104001,16:00-18:00,5.59,10.15
500104001,18:00-20:00,10.64,10.83
500104001,20:00-22:00,6.84,6.97
500104001,22:00-24:00,1.88,3.36
500104002,00:00-02:00,0.49,1.02
500104002,02:00-04:00,0.28,0.31
500104002,04:00-06:00,0.78,0.56
500104002,06:00-08:00,3.5,3.09
500104002,08:00-10:00,3.81,2.82
500104002,10:00-12:00,2.07,1.31
500104002,12:00-14:00,2.52,1.91
500104002,14:00-16:00,2.29,2.25
500104002,16:00-18:00,3.52,6.13
500104002,18:00-20:00,7.87,6.13
500104002,20:00-22:00,3.95,4.62
500104002,22:00-24:00,2.01,3.11
500104003,00:00-02:00,0.66,3.61
500104003,02:00-04:00,0.34,0.75
500104003,04:00-06:00,1.5,1.25
500104003,06:00-08:00,13.94,7.19
500104003,08:00-10:00,15.33,7.97
500104003,10:00-12:00,7.7,4.78
500104003,12:00-14:00,6.13,5.13
500104003,14:00-16:00,5.03,4.87
500104003,16:00-18:00,8.1,14.79
500104003,18:00-20:00,18.15,14.55
500104003,20:00-22:00,10.63,10.37
500104003,22:00-24:00,3.33,8.34
500104004,00:00-02:00,1.54,6.93
500104004,02:00-04:00,1.09,0.75
500104004,04:00-06:00,4.5,1.41
500104004,06:00-08:00,29.13,16.63
500104004,08:00-10:00,20.93,10.63
500104004,10:00-12:00,9.21,6.78
500104004,12:00-14:00,9.87,11.26
500104004,14:00-16:00,8.95,10.25
500104004,16:00-18:00,13.09,21.03
500104004,18:00-20:00,23.8,22.52
500104004,20:00-22:00,15.31,17.05
500104004,22:00-24:00,3.48,11.79
500104005,00:00-02:00,0.66,0.39
500104005,02:00-04:00,0.31,0.06
500104005,04:00-06:00,0.78,0.03
500104005,06:00-08:00,1.63,5.38
500104005,08:00-10:00,2.85,2.25
500104005,10:00-12:00,3.12,1.78
500104005,12:00-14:00,2.51,2.06
500104005,14:00-16:00,2.28,2.19
500104005,16:00-18:00,7.55,2.96
500104005,18:00-20:00,3.36,3.28
500104005,20:00-22:00,1.67,1.69
500104005,22:00-24:00,0.5,1.73
500104006,00:00-02:00,0.39,0.72
500104006,02:00-04:00,0.19,0.09
500104006,04:00-06:00,0.41,0.44
500104006,06:00-08:00,5.28,3.16
500104006,08:00-10:00,5.25,2.94
500104006,10:00-12:00,4.04,3.69
500104006,12:00-14:00,3.9,4.25
500104006,14:00-16:00,3.78,3.56
500104006,16:00-18:00,5.52,6.04
500104006,18:00-20:00,7.21,8.57
500104006,20:00-22:00,5.64,6.57
500104006,22:00-24:00,3.3,3.45
500104007,00:00-02:00,1.12,3.45
500104007,02:00-04:00,0.5,0.75
500104007,04:00-06:00,0.5,1.17
500104007,06:00-08:00,10.04,5.09
500104007,08:00-10:00,8.42,7.44
500104007,10:00-12:00,10.01,10.3
500104007,12:00-14:00,11.09,10.88
500104007,14:00-16:00,11.28,11.16
500104007,16:00-18:00,16.7,20.09
500104007,18:00-20:00,15.59,12.33
500104007,20:00-22:00,12.12,9.07
500104007,22:00-24:00,5.15,7.25
500104008,00:00-02:00,0.23,0.99
500104008,02:00-04:00,0.09,0.16
500104008,04:00-06:00,0.28,0.59
500104008,06:00-08:00,2.47,4.47
500104008,08:00-10:00,3.84,6.28
500104008,10:00-12:00,5.4,5.18
500104008,12:00-14:00,6.72,6.69
500104008,14:00-16:00,7.53,8.34
500104008,16:00-18:00,16.23,10.7
500104008,18:00-20:00,8.2,11.34
500104008,20:00-22:00,11.77,4.38
500104008,22:00-24:00,2.51,2.01
500104009,00:00-02:00,0.76,1.51
500104009,02:00-04:00,0.34,0.22
500104009,04:00-06:00,1.38,2.0
500104009,06:00-08:00,8.75,13.31
500104009,08:00-10:00,15.0,18.7
500104009,10:00-12:00,10.49,9.0
500104009,12:00-14:00,12.66,12.54
500104009,14:00-16:00,9.44,8.69
500104009,16:00-18:00,22.07,11.36
500104009,18:00-20:00,8.98,11.24
500104009,20:00-22:00,7.11,8.28
500104009,22:00-24:00,3.26,3.73
500104010,00:00-02:00,1.82,1.25
500104010,02:00-04:00,1.47,0.69
500104010,04:00-06:00,2.16,0.41
500104010,06:00-08:00,5.86,11.72
500104010,08:00-10:00,20.06,20.95
500104010,10:00-12:00,12.62,15.52
500104010,12:00-14:00,9.41,11.55
500104010,14:00-16:00,10.81,11.22
500104010,16:00-18:00,22.95,15.13
500104010,18:00-20:00,12.84,15.87
500104010,20:00-22:00,15.79,8.17
500104010,22:00-24:00,6.93,3.04
500104012,00:00-02:00,0.2,1.38
500104012,02:00-04:00,0.25,0.37
500104012,04:00-06:00,0.47,0.25
500104012,06:00-08:00,4.47,2.56
500104012,08:00-10:00,4.06,4.34
500104012,10:00-12:00,3.79,4.19
500104012,12:00-14:00,7.44,7.57
500104012,14:00-16:00,6.04,6.39
500104012,16:00-18:00,10.04,11.44
500104012,18:00-20:00,8.01,7.13
500104012,20:00-22:00,7.0,3.13
500104012,22:00-24:00,2.18,3.2
500104013,00:00-02:00,0.13,0.49
500104013,02:00-04:00,0.25,0.41
500104013,04:00-06:00,0.22,0.13
500104013,06:00-08:00,3.92,2.41
500104013,08:00-10:00,4.23,2.59
500104013,10:00-12:00,2.84,3.28
500104013,12:00-14:00,2.88,3.72
500104013,14:00-16:00,2.59,2.53
500104013,16:00-18:00,5.57,4.4
500104013,18:00-20:00,4.18,4.59
500104013,20:00-22:00,3.81,3.59
500104013,22:00-24:00,1.57,2.28
500104014,00:00-02:00,1.51,0.92
500104014,02:00-04:00,0.12,0.5
500104014,04:00-06:00,1.44,0.66
500104014,06:00-08:00,15.88,6.13
500104014,08:00-10:00,11.2,6.22
500104014,10:00-12:00,6.85,5.75
500104014,12:00-14:00,6.57,6.13
500104014,14:00-16:00,8.12,7.56
500104014,16:00-18:00,10.4,15.2
500104014,18:00-20:00,8.71,15.09
500104014,20:00-22:00,9.02,9.28
500104014,22:00-24:00,3.51,6.59
500104015,00:00-02:00,0.33,0.36
500104015,02:00-04:00,0.0,0.34
500104015,04:00-06:00,0.28,0.53
500104015,06:00-08:00,4.21,3.1
500104015,08:00-10:00,4.7,1.85
500104015,10:00-12:00,1.65,1.47
500104015,12:00-14:00,1.39,1.48
500104015,14:00-16:00,1.71,1.7
500104015,16:00-18:00,2.3,4.32
500104015,18:00-20:00,5.74,4.29
500104015,20:00-22:00,2.55,3.9
500104015,22:00-24:00,1.13,1.98
500104016,00:00-02:00,0.52,0.69
500104016,02:00-04:00,0.64,0.91
500104016,04:00-06:00,0.28,2.44
500104016,06:00-08:00,3.47,5.06
500104016,08:00-10:00,6.28,4.32
500104016,10:00-12:00,4.23,2.77
500104016,12:00-14:00,3.24,3.68
500104016,14:00-16:00,3.9,5.12
500104016,16:00-18:00,7.1,4.15
500104016,18:00-20:00,4.8,4.72
500104016,20:00-22:00,3.31,2.13
500104016,22:00-24:00,1.24,0.66
500104018,00:00-02:00,0.96,1.59
500104018,02:00-04:00,0.28,0.41
500104018,04:00-06:00,0.63,0.88
500104018,06:00-08:00,9.46,7.5
500104018,08:00-10:00,8.51,7.23
500104018,10:00-12:00,6.72,6.23
500104018,12:00-14:00,6.56,5.72
500104018,14:00-16:00,4.88,5.7
500104018,16:00-18:00,11.11,13.64
500104018,18:00-20:00,10.71,12.15
500104018,20:00-22:00,7.38,8.2
500104018,22:00-24:00,6.22,6.48
500104019,00:00-02:00,0.56,1.28
500104019,02:00-04:00,0.12,0.56
500104019,04:00-06:00,0.16,0.03
500104019,06:00-08:00,10.07,6.56
500104019,08:00-10:00,8.14,3.5
500104019,10:00-12:00,4.21,3.69
500104019,12:00-14:00,4.97,4.13
500104019,14:00-16:00,3.8,3.73
500104019,16:00-18:00,6.37,5.88
500104019,18:00-20:00,4.8,8.45
500104019,20:00-22:00,3.83,3.85
500104019,22:00-24:00,2.67,3.84
500104020,00:00-02:00,1.12,2.83
500104020,02:00-04:00,0.19,0.62
500104020,04:00-06:00,0.78,0.34
500104020,06:00-08:00,7.55,6.97
500104020,08:00-10:00,8.45,9.22
500104020,10:00-12:00,6.93,6.06
500104020,12:00-14:00,6.97,7.72
500104020,14:00-16:00,5.55,6.0
500104020,16:00-18:00,10.39,11.12
500104020,18:00-20:00,11.23,8.19
500104020,20:00-22:00,6.56,5.84
500104020,22:00-24:00,4.5,3.54
500104021,00:00-02:00,0.26,0.99
500104021,02:00-04:00,0.25,0.0
500104021,04:00-06:00,1.34,0.44
500104021,06:00-08:00,18.59,8.5
500104021,08:00-10:00,9.84,3.72
500104021,10:00-12:00,4.73,3.78
500104021,12:00-14:00,4.3,5.35
500104021,14:00-16:00,4.85,4.41
500104021,16:00-18:00,3.44,11.2
500104021,18:00-20:00,10.53,8.53
500104021,20:00-22:00,4.66,7.44
500104021,22:00-24:00,1.35,5.27
500104022,00:00-02:00,0.16,0.44
500104022,02:00-04:00,0.12,0.09
500104022,04:00-06:00,1.97,0.31
500104022,06:00-08:00,9.79,5.97
500104022,08:00-10:00,2.95,1.66
500104022,10:00-12:00,1.88,1.56
500104022,12:00-14:00,2.01,1.91
500104022,14:00-16:00,1.8,1.69
500104022,16:00-18:00,3.2,7.28
500104022,18:00-20:00,6.15,3.73
500104022,20:00-22:00,4.31,6.61
500104022,22:00-24:00,0.69,2.76
500104023,00:00-02:00,1.22,2.92
500104023,02:00-04:00,0.31,0.37
500104023,04:00-06:00,1.31,0.78
500104023,06:00-08:00,13.95,9.42
500104023,08:00-10:00,10.18,6.03
500104023,10:00-12:00,6.16,5.49
500104023,12:00-14:00,7.04,5.25
500104023,14:00-16:00,5.11,5.53
500104023,16:00-18:00,7.61,15.1
500104023,18:00-20:00,16.27,12.45
500104023,20:00-22:00,7.06,8.94
500104023,22:00-24:00,4.42,5.87
500104024,00:00-02:00,0.66,2.07
500104024,02:00-04:00,0.16,0.47
500104024,04:00-06:00,6.72,2.41
500104024,06:00-08:00,8.91,4.66
500104024,08:00-10:00,6.97,5.06
500104024,10:00-12:00,3.67,2.78
500104024,12:00-14:00,4.23,3.75
500104024,14:00-16:00,2.56,2.41
500104024,16:00-18:00,4.4,6.89
500104024,18:00-20:00,6.93,7.46
500104024,20:00-22:00,4.16,5.88
500104024,22:00-24:00,2.16,4.85
500104025,00:00-02:00,0.39,1.02
500104025,02:00-04:00,0.56,0.69
500104025,04:00-06:00,1.34,1.41
500104025,06:00-08:00,8.79,5.52
500104025,08:00-10:00,7.14,3.5
500104025,10:00-12:00,3.4,3.15
500104025,12:00-14:00,4.53,4.31
500104025,14:00-16:00,3.88,3.59
500104025,16:00-18:00,7.68,9.63
500104025,18:00-20:00,11.02,12.06
500104025,20:00-22:00,6.91,6.4
500104025,22:00-24:00,2.91,4.25
500104026,00:00-02:00,0.37,1.74
500104026,02:00-04:00,0.22,0.37
500104026,04:00-06:00,0.5,1.59
500104026,06:00-08:00,6.09,3.31
500104026,08:00-10:00,10.28,7.44
500104026,10:00-12:00,5.74,4.37
500104026,12:00-14:00,5.05,5.6
500104026,14:00-16:00,4.11,3.34
500104026,16:00-18:00,7.29,8.02
500104026,18:00-20:00,6.45,7.31
500104026,20:00-22:00,4.51,4.28
500104026,22:00-24:00,3.96,3.17
500104027,00:00-02:00,0.96,0.59
500104027,02:00-04:00,0.59,0.25
500104027,04:00-06:00,0.57,0.28
500104027,06:00-08:00,6.75,12.65
500104027,08:00-10:00,8.63,9.19
500104027,10:00-12:00,5.34,2.85
500104027,12:00-14:00,4.41,5.07
500104027,14:00-16:00,3.56,4.78
500104027,16:00-18:00,15.12,7.82
500104027,18:00-20:00,8.35,10.01
500104027,20:00-22:00,6.81,3.99
500104027,22:00-24:00,2.65,2.29
500104028,00:00-02:00,1.88,2.2
500104028,02:00-04:00,0.25,0.31
500104028,04:00-06:00,0.5,0.13
500104028,06:00-08:00,6.34,7.53
500104028,08:00-10:00,6.03,5.72
500104028,10:00-12:00,3.21,4.15
500104028,12:00-14:00,4.66,4.47
500104028,14:00-16:00,5.12,4.12
500104028,16:00-18:00,9.9,11.8
500104028,18:00-20:00,11.24,5.93
500104028,20:00-22:00,6.44,5.25
500104028,22:00-24:00,6.99,5.11
500104029,00:00-02:00,0.56,0.56
500104029,02:00-04:00,0.0,0.06
500104029,04:00-06:00,0.66,0.44
500104029,06:00-08:00,3.16,7.56
500104029,08:00-10:00,6.0,6.67
500104029,10:00-12:00,3.4,2.04
500104029,12:00-14:00,4.09,3.69
500104029,14:00-16:00,3.97,5.03
500104029,16:00-18:00,9.22,2.83
500104029,18:00-20:00,2.35,3.78
500104029,20:00-22:00,1.62,1.66
500104029,22:00-24:00,1.15,0.35
500104030,00:00-02:00,0.88,0.69
500104030,02:00-04:00,0.03,0.0
500104030,04:00-06:00,0.13,0.0
500104030,06:00-08:00,0.31,3.69
500104030,08:00-10:00,0.78,6.31
500104030,10:00-12:00,0.84,1.05
500104030,12:00-14:00,1.97,1.84
500104030,14:00-16:00,1.37,1.81
500104030,16:00-18:00,5.38,1.1
500104030,18:00-20:00,3.25,1.75
500104030,20:00-22:00,4.0,0.75
500104030,22:00-24:00,2.28,0.28
500104031,00:00-02:00,1.7,2.69
500104031,02:00-04:00,0.5,0.19
500104031,04:00-06:00,1.0,3.22
500104031,06:00-08:00,21.13,37.8
500104031,08:00-10:00,36.84,39.09
500104031,10:00-12:00,16.49,17.26
500104031,12:00-14:00,16.35,16.11
500104031,14:00-16:00,16.69,12.33
500104031,16:00-18:00,25.36,24.18
500104031,18:00-20:00,37.78,32.54
500104031,20:00-22:00,19.65,13.06
500104031,22:00-24:00,13.98,6.46
500104032,00:00-02:00,1.05,0.7
500104032,02:00-04:00,0.47,0.25
500104032,04:00-06:00,0.94,0.5
500104032,06:00-08:00,7.26,2.41
500104032,08:00-10:00,5.54,3.41
500104032,10:00-12:00,4.0,2.81
500104032,12:00-14:00,3.46,4.69
500104032,14:00-16:00,4.4,3.37
500104032,16:00-18:00,5.69,6.67
500104032,18:00-20:00,5.77,6.44
500104032,20:00-22:00,3.25,5.31
500104032,22:00-24:00,1.6,3.84
500104033,00:00-02:00,0.23,0.79
500104033,02:00-04:00,0.12,0.19
500104033,04:00-06:00,1.03,0.22
500104033,06:00-08:00,8.61,4.67
500104033,08:00-10:00,5.21,3.41
500104033,10:00-12:00,4.71,2.81
500104033,12:00-14:00,4.35,3.94
500104033,14:00-16:00,3.39,3.81
500104033,16:00-18:00,4.29,6.1
500104033,18:00-20:00,6.47,7.6
500104033,20:00-22:00,4.61,4.38
500104033,22:00-24:00,1.51,3.02
500104034,00:00-02:00,0.9,2.27
500104034,02:00-04:00,0.75,0.28
500104034,04:00-06:00,0.28,1.53
500104034,06:00-08:00,6.67,4.47
500104034,08:00-10:00,4.62,5.5
500104034,10:00-12:00,5.35,6.4
500104034,12:00-14:00,7.26,7.89
500104034,14:00-16:00,6.08,5.88
500104034,16:00-18:00,6.86,11.65
500104034,18:00-20:00,9.06,7.33
500104034,20:00-22:00,6.27,4.37
500104034,22:00-24:00,3.96,1.85
500104035,00:00-02:00,1.31,2.37
500104035,02:00-04:00,0.47,0.19
500104035,04:00-06:00,1.47,1.72
500104035,06:00-08:00,11.64,10.56
500104035,08:00-10:00,17.38,16.1
500104035,10:00-12:00,12.8,10.59
500104035,12:00-14:00,11.76,15.16
500104035,14:00-16:00,12.04,12.41
500104035,16:00-18:00,18.21,19.66
500104035,18:00-20:00,14.09,16.93
500104035,20:00-22:00,14.44,11.57
500104035,22:00-24:00,7.19,4.96
500104036,00:00-02:00,0.89,0.59
500104036,02:00-04:00,0.47,0.25
500104036,04:00-06:00,1.19,4.91
500104036,06:00-08:00,5.28,10.63
500104036,08:00-10:00,3.44,8.72
500104036,10:00-12:00,2.59,2.4
500104036,12:00-14:00,3.72,2.72
500104036,14:00-16:00,4.19,3.78
500104036,16:00-18:00,21.83,4.72
500104036,18:00-20:00,4.16,6.03
500104036,20:00-22:00,3.99,3.44
500104036,22:00-24:00,1.14,1.19
500104037,00:00-02:00,0.6,0.2
500104037,02:00-04:00,0.44,0.0
500104037,04:00-06:00,0.25,0.09
500104037,06:00-08:00,1.73,3.16
500104037,08:00-10:00,3.34,5.72
500104037,10:00-12:00,3.87,4.13
500104037,12:00-14:00,2.31,3.87
500104037,14:00-16:00,4.5,4.02
500104037,16:00-18:00,7.45,3.76
500104037,18:00-20:00,2.9,3.1
500104037,20:00-22:00,1.84,2.16
500104037,22:00-24:00,1.13,0.35
500104038,00:00-02:00,0.72,0.56
500104038,02:00-04:00,1.0,0.06
500104038,04:00-06:00,0.56,0.66
500104038,06:00-08:00,4.17,10.5
500104038,08:00-10:00,6.81,10.02
500104038,10:00-12:00,5.59,5.04
500104038,12:00-14:00,8.69,8.35
500104038,14:00-16:00,5.97,8.19
500104038,16:00-18:00,19.92,7.99
500104038,18:00-20:00,4.95,5.25
500104038,20:00-22:00,2.8,2.88
500104038,22:00-24:00,1.24,0.94
500104039,00:00-02:00,1.48,2.63
500104039,02:00-04:00,0.66,0.53
500104039,04:00-06:00,1.81,1.09
500104039,06:00-08:00,8.31,5.06
500104039,08:00-10:00,8.19,7.88
500104039,10:00-12:00,8.34,11.31
500104039,12:00-14:00,9.68,9.1
500104039,14:00-16:00,10.53,8.31
500104039,16:00-18:00,14.37,15.73
500104039,18:00-20:00,10.49,14.32
500104039,20:00-22:00,8.84,6.75
500104039,22:00-24:00,4.64,5.17
500104040,00:00-02:00,0.53,0.79
500104040,02:00-04:00,0.09,0.16
500104040,04:00-06:00,0.31,0.72
500104040,06:00-08:00,3.53,2.81
500104040,08:00-10:00,4.79,6.91
500104040,10:00-12:00,3.85,3.94
500104040,12:00-14:00,5.99,7.13
500104040,14:00-16:00,4.78,4.81
500104040,16:00-18:00,5.98,12.53
500104040,18:00-20:00,7.71,5.65
500104040,20:00-22:00,6.95,4.13
500104040,22:00-24:00,4.28,1.91
500104041,00:00-02:00,2.93,1.71
500104041,02:00-04:00,0.27,0.59
500104041,04:00-06:00,0.61,2.31
500104041,06:00-08:00,17.87,16.19
500104041,08:00-10:00,16.6,25.06
500104041,10:00-12:00,13.08,14.37
500104041,12:00-14:00,16.57,16.72
500104041,14:00-16:00,14.25,16.91
500104041,16:00-18:00,15.64,26.65
500104041,18:00-20:00,21.58,17.38
500104041,20:00-22:00,18.19,12.38
500104041,22:00-24:00,8.82,5.27
500104042,00:00-02:00,1.14,1.61
500104042,02:00-04:00,0.37,0.09
500104042,04:00-06:00,0.44,0.38
500104042,06:00-08:00,1.79,4.34
500104042,08:00-10:00,4.95,6.94
500104042,10:00-12:00,5.9,4.15
500104042,12:00-14:00,7.75,6.85
500104042,14:00-16:00,4.86,4.47
500104042,16:00-18:00,7.71,6.1
500104042,18:00-20:00,5.68,5.43
500104042,20:00-22:00,4.24,4.28
500104042,22:00-24:00,3.98,1.25
500104043,00:00-02:00,0.16,0.16
500104043,02:00-04:00,0.28,0.0
500104043,04:00-06:00,0.32,0.09
500104043,06:00-08:00,9.7,11.44
500104043,08:00-10:00,7.88,12.21
500104043,10:00-12:00,3.97,3.27
500104043,12:00-14:00,4.83,4.56
500104043,14:00-16:00,4.42,5.19
500104043,16:00-18:00,16.62,11.09
500104043,18:00-20:00,5.12,4.9
500104043,20:00-22:00,2.55,1.84
500104043,22:00-24:00,1.21,1.0
500104044,00:00-02:00,0.96,1.15
500104044,02:00-04:00,0.16,0.03
500104044,04:00-06:00,0.44,1.25
500104044,06:00-08:00,7.88,16.2
500104044,08:00-10:00,14.97,10.03
500104044,10:00-12:00,9.53,9.02
500104044,12:00-14:00,8.29,8.91
500104044,14:00-16:00,8.61,8.25
500104044,16:00-18:00,20.33,13.5
500104044,18:00-20:00,9.1,14.4
500104044,20:00-22:00,14.33,7.75
500104044,22:00-24:00,5.8,6.18
500104045,00:00-02:00,0.59,0.26
500104045,02:00-04:00,0.62,0.28
500104045,04:00-06:00,1.13,0.13
500104045,06:00-08:00,4.06,10.12
500104045,08:00-10:00,5.31,4.16
500104045,10:00-12:00,3.68,3.6
500104045,12:00-14:00,3.97,3.19
500104045,14:00-16:00,3.75,3.91
500104045,16:00-18:00,8.1,3.37
500104045,18:00-20:00,3.88,3.72
500104045,20:00-22:00,1.28,1.81
500104045,22:00-24:00,1.04,1.07
500104046,00:00-02:00,3.64,2.96
500104046,02:00-04:00,0.75,0.34
500104046,04:00-06:00,0.47,3.78
500104046,06:00-08:00,33.19,36.08
500104046,08:00-10:00,31.97,28.82
500104046,10:00-12:00,16.15,17.43
500104046,12:00-14:00,18.45,15.81
500104046,14:00-16:00,16.75,16.56
500104046,16:00-18:00,29.24,28.17
500104046,18:00-20:00,23.56,17.9
500104046,20:00-22:00,18.6,15.94
500104046,22:00-24:00,15.1,13.06
500104047,00:00-02:00,0.66,1.18
500104047,02:00-04:00,0.44,0.09
500104047,04:00-06:00,0.53,0.22
500104047,06:00-08:00,2.88,2.28
500104047,08:00-10:00,2.38,2.52
500104047,10:00-12:00,2.31,1.66
500104047,12:00-14:00,2.41,2.75
500104047,14:00-16:00,2.94,1.79
500104047,16:00-18:00,5.06,3.15
500104047,18:00-20:00,3.2,3.4
500104047,20:00-22:00,1.5,3.06
500104047,22:00-24:00,0.53,1.77
500104048,00:00-02:00,0.03,0.26
500104048,02:00-04:00,0.81,0.16
500104048,04:00-06:00,0.75,0.72
500104048,06:00-08:00,0.88,2.34
500104048,08:00-10:00,1.06,1.49
500104048,10:00-12:00,1.16,1.59
500104048,12:00-14:00,1.13,1.82
500104048,14:00-16:00,2.46,1.56
500104048,16:00-18:00,5.17,0.79
500104048,18:00-20:00,0.91,1.91
500104048,20:00-22:00,0.36,0.47
500104048,22:00-24:00,0.19,0.5
500104050,00:00-02:00,0.1,0.85
500104050,02:00-04:00,0.06,0.03
500104050,04:00-06:00,0.13,0.03
500104050,06:00-08:00,0.5,1.13
500104050,08:00-10:00,1.4,0.56
500104050,10:00-12:00,1.48,1.34
500104050,12:00-14:00,1.13,1.16
500104050,14:00-16:00,1.83,1.59
500104050,16:00-18:00,5.09,2.36
500104050,18:00-20:00,1.95,1.53
500104050,20:00-22:00,0.93,1.97
500104050,22:00-24:00,0.5,1.25
500104051,00:00-02:00,0.89,1.06
500104051,02:00-04:00,0.34,0.37
500104051,04:00-06:00,0.69,0.78
500104051,06:00-08:00,4.59,2.81
500104051,08:00-10:00,3.36,2.56
500104051,10:00-12:00,2.75,3.69
500104051,12:00-14:00,3.19,2.97
500104051,14:00-16:00,3.22,2.84
500104051,16:00-18:00,4.94,6.04
500104051,18:00-20:00,6.09,9.08
500104051,20:00-22:00,5.19,4.31
500104051,22:00-24:00,2.48,2.56
500104052,00:00-02:00,0.16,0.36
500104052,02:00-04:00,0.0,0.0
500104052,04:00-06:00,0.03,0.19
500104052,06:00-08:00,1.34,0.44
500104052,08:00-10:00,1.38,0.25
500104052,10:00-12:00,0.34,0.22
500104052,12:00-14:00,0.44,0.53
500104052,14:00-16:00,0.81,0.5
500104052,16:00-18:00,0.79,1.38
500104052,18:00-20:00,1.34,1.97
500104052,20:00-22:00,1.53,1.41
500104052,22:00-24:00,0.44,1.07
500104053,00:00-02:00,0.56,0.5
500104053,02:00-04:00,0.09,0.16
500104053,04:00-06:00,0.19,0.16
500104053,06:00-08:00,2.5,1.19
500104053,08:00-10:00,1.78,2.31
500104053,10:00-12:00,1.81,0.91
500104053,12:00-14:00,1.24,0.88
500104053,14:00-16:00,1.17,1.59
500104053,16:00-18:00,2.34,2.39
500104053,18:00-20:00,2.73,3.39
500104053,20:00-22:00,2.25,2.64
500104053,22:00-24:00,0.69,1.04
500104054,00:00-02:00,0.79,0.69
500104054,02:00-04:00,0.81,0.37
500104054,04:00-06:00,1.09,1.31
500104054,06:00-08:00,4.72,1.13
500104054,08:00-10:00,3.31,2.91
500104054,10:00-12:00,1.81,0.94
500104054,12:00-14:00,1.63,1.38
500104054,14:00-16:00,1.99,2.09
500104054,16:00-18:00,2.7,6.47
500104054,18:00-20:00,6.47,7.21
500104054,20:00-22:00,5.31,4.75
500104054,22:00-24:00,1.57,2.98
500104055,00:00-02:00,1.28,1.61
500104055,02:00-04:00,0.03,0.41
500104055,04:00-06:00,0.25,0.28
500104055,06:00-08:00,5.43,11.09
500104055,08:00-10:00,11.94,13.07
500104055,10:00-12:00,6.81,9.34
500104055,12:00-14:00,8.82,10.94
500104055,14:00-16:00,12.04,9.28
500104055,16:00-18:00,16.83,12.44
500104055,18:00-20:00,18.82,17.74
500104055,20:00-22:00,11.16,6.17
500104055,22:00-24:00,4.56,1.44
500104056,00:00-02:00,0.99,0.83
500104056,02:00-04:00,0.37,0.22
500104056,04:00-06:00,0.56,0.41
500104056,06:00-08:00,2.69,2.34
500104056,08:00-10:00,2.69,2.23
500104056,10:00-12:00,2.35,2.19
500104056,12:00-14:00,2.39,2.19
500104056,14:00-16:00,2.79,2.29
500104056,16:00-18:00,3.7,7.32
500104056,18:00-20:00,5.72,6.79
500104056,20:00-22:00,6.42,4.8
500104056,22:00-24:00,1.73,2.96
500104057,00:00-02:00,0.49,0.62
500104057,02:00-04:00,0.22,0.47
500104057,04:00-06:00,0.28,0.41
500104057,06:00-08:00,2.18,0.59
500104057,08:00-10:00,0.9,1.06
500104057,10:00-12:00,1.25,1.19
500104057,12:00-14:00,1.55,1.25
500104057,14:00-16:00,1.42,1.62
500104057,16:00-18:00,1.35,3.54
500104057,18:00-20:00,4.67,3.83
500104057,20:00-22:00,2.92,2.84
500104057,22:00-24:00,1.04,1.47
500104058,00:00-02:00,0.3,0.39
500104058,02:00-04:00,0.19,0.12
500104058,04:00-06:00,1.0,0.34
500104058,06:00-08:00,3.06,0.91
500104058,08:00-10:00,1.56,1.47
500104058,10:00-12:00,1.09,0.69
500104058,12:00-14:00,1.16,1.19
500104058,14:00-16:00,1.12,1.44
500104058,16:00-18:00,1.54,2.39
500104058,18:00-20:00,2.25,3.15
500104058,20:00-22:00,1.25,2.22
500104058,22:00-24:00,0.88,1.02
500104059,00:00-02:00,0.79,1.32
500104059,02:00-04:00,0.53,0.09
500104059,04:00-06:00,0.66,0.88
500104059,06:00-08:00,6.43,4.42
500104059,08:00-10:00,4.92,2.78
500104059,10:00-12:00,3.32,3.28
500104059,12:00-14:00,3.42,3.72
500104059,14:00-16:00,3.54,4.09
500104059,16:00-18:00,5.92,6.97
500104059,18:00-20:00,6.72,7.91
500104059,20:00-22:00,4.78,4.99
500104059,22:00-24:00,3.04,3.58
500104060,00:00-02:00,1.48,0.87
500104060,02:00-04:00,0.78,0.0
500104060,04:00-06:00,1.03,0.47
500104060,06:00-08:00,4.47,2.16
500104060,08:00-10:00,3.37,1.88
500104060,10:00-12:00,1.95,2.56
500104060,12:00-14:00,2.62,1.72
500104060,14:00-16:00,3.0,2.59
500104060,16:00-18:00,2.52,7.83
500104060,18:00-20:00,7.57,7.27
500104060,20:00-22:00,6.07,6.37
500104060,22:00-24:00,1.79,3.64
500104061,00:00-02:00,0.16,0.56
500104061,02:00-04:00,0.06,0.03
500104061,04:00-06:00,0.25,0.38
500104061,06:00-08:00,1.69,1.34
500104061,08:00-10:00,0.88,1.44
500104061,10:00-12:00,2.37,1.94
500104061,12:00-14:00,1.23,2.05
500104061,14:00-16:00,1.42,1.26
500104061,16:00-18:00,5.11,1.42
500104061,18:00-20:00,1.83,2.22
500104061,20:00-22:00,0.94,1.09
500104061,22:00-24:00,0.41,1.22
500104062,00:00-02:00,0.49,0.66
500104062,02:00-04:00,0.16,0.19
500104062,04:00-06:00,0.09,0.19
500104062,06:00-08:00,2.75,5.72
500104062,08:00-10:00,4.34,3.51
500104062,10:00-12:00,2.72,2.31
500104062,12:00-14:00,2.92,2.91
500104062,14:00-16:00,1.72,2.87
500104062,16:00-18:00,9.08,3.22
500104062,18:00-20:00,3.68,3.25
500104062,20:00-22:00,1.72,3.0
500104062,22:00-24:00,1.17,1.22
500104063,00:00-02:00,0.1,0.59
500104063,02:00-04:00,0.09,0.12
500104063,04:00-06:00,0.09,0.13
500104063,06:00-08:00,2.47,1.22
500104063,08:00-10:00,2.18,2.28
500104063,10:00-12:00,1.19,0.91
500104063,12:00-14:00,1.38,1.28
500104063,14:00-16:00,1.68,1.63
500104063,16:00-18:00,2.27,2.77
500104063,18:00-20:00,1.78,2.53
500104063,20:00-22:00,2.2,1.58
500104063,22:00-24:00,0.88,1.52
500104064,00:00-02:00,0.56,0.36
500104064,02:00-04:00,0.19,0.09
500104064,04:00-06:00,0.31,0.44
500104064,06:00-08:00,4.66,2.59
500104064,08:00-10:00,2.38,1.47
500104064,10:00-12:00,1.0,0.84
500104064,12:00-14:00,0.88,0.88
500104064,14:00-16:00,1.09,1.19
500104064,16:00-18:00,1.89,3.11
500104064,18:00-20:00,2.12,3.97
500104064,20:00-22:00,2.38,1.72
500104064,22:00-24:00,0.78,2.17
500104065,00:00-02:00,0.36,0.56
500104065,02:00-04:00,0.31,0.44
500104065,04:00-06:00,0.69,1.16
500104065,06:00-08:00,3.34,2.31
500104065,08:00-10:00,2.72,4.11
500104065,10:00-12:00,4.25,4.15
500104065,12:00-14:00,5.03,4.6
500104065,14:00-16:00,6.92,6.62
500104065,16:00-18:00,7.61,6.99
500104065,18:00-20:00,6.88,6.53
500104065,20:00-22:00,5.92,5.56
500104065,22:00-24:00,1.91,2.13
500104066,00:00-02:00,0.0,0.2
500104066,02:00-04:00,0.06,0.16
500104066,04:00-06:00,0.41,0.41
500104066,06:00-08:00,0.34,0.25
500104066,08:00-10:00,0.59,1.19
500104066,10:00-12:00,0.31,0.31
500104066,12:00-14:00,0.63,0.56
500104066,14:00-16:00,0.78,0.91
500104066,16:00-18:00,1.87,1.16
500104066,18:00-20:00,1.61,0.91
500104066,20:00-22:00,0.93,0.91
500104066,22:00-24:00,0.16,0.53
500104067,00:00-02:00,0.43,0.39
500104067,02:00-04:00,0.44,0.06
500104067,04:00-06:00,0.0,0.03
500104067,06:00-08:00,0.31,0.38
500104067,08:00-10:00,0.66,0.53
500104067,10:00-12:00,0.78,0.48
500104067,12:00-14:00,1.06,0.39
500104067,14:00-16:00,0.75,0.44
500104067,16:00-18:00,1.01,2.3
500104067,18:00-20:00,1.5,0.96
500104067,20:00-22:00,1.22,1.29
500104067,22:00-24:00,0.35,0.95
500104068,00:00-02:00,0.03,0.33
500104068,02:00-04:00,0.03,0.0
500104068,04:00-06:00,0.25,0.22
500104068,06:00-08:00,0.72,1.19
500104068,08:00-10:00,0.88,0.69
500104068,10:00-12:00,0.78,0.84
500104068,12:00-14:00,0.91,0.94
500104068,14:00-16:00,1.69,1.25
500104068,16:00-18:00,3.51,1.86
500104068,18:00-20:00,1.67,2.22
500104068,20:00-22:00,0.56,0.88
500104068,22:00-24:00,0.25,0.41
500104069,00:00-02:00,0.13,0.0
500104069,02:00-04:00,0.12,0.0
500104069,04:00-06:00,0.03,0.03
500104069,06:00-08:00,0.03,0.66
500104069,08:00-10:00,0.13,0.22
500104069,10:00-12:00,0.22,0.56
500104069,12:00-14:00,0.47,0.5
500104069,14:00-16:00,0.56,0.79
500104069,16:00-18:00,2.01,0.31
500104069,18:00-20:00,0.22,1.0
500104069,20:00-22:00,0.56,0.31
500104069,22:00-24:00,0.47,0.19
500104070,00:00-02:00,0.62,0.56
500104070,02:00-04:00,0.25,0.16
500104070,04:00-06:00,0.78,0.47
500104070,06:00-08:00,2.44,2.53
500104070,08:00-10:00,2.03,2.41
500104070,10:00-12:00,2.22,2.5
500104070,12:00-14:00,3.35,3.5
500104070,14:00-16:00,4.0,4.04
500104070,16:00-18:00,6.35,6.04
500104070,18:00-20:00,5.66,5.43
500104070,20:00-22:00,2.6,2.97
500104070,22:00-24:00,1.79,1.19
500104071,00:00-02:00,0.33,0.7
500104071,02:00-04:00,0.16,0.33
500104071,04:00-06:00,0.72,0.16
500104071,06:00-08:00,12.27,7.59
500104071,08:00-10:00,10.7,6.97
500104071,10:00-12:00,7.1,5.78
500104071,12:00-14:00,8.67,8.25
500104071,14:00-16:00,6.01,7.21
500104071,16:00-18:00,10.58,16.07
500104071,18:00-20:00,13.71,14.25
500104071,20:00-22:00,8.7,9.35
500104071,22:00-24:00,2.79,5.45
500104072,00:00-02:00,1.12,2.17
500104072,02:00-04:00,0.09,0.19
500104072,04:00-06:00,1.75,0.41
500104072,06:00-08:00,12.71,8.91
500104072,08:00-10:00,12.77,11.15
500104072,10:00-12:00,8.94,5.78
500104072,12:00-14:00,7.23,6.6
500104072,14:00-16:00,6.27,6.53
500104072,16:00-18:00,9.47,16.86
500104072,18:00-20:00,17.43,13.83
500104072,20:00-22:00,8.97,10.97
500104072,22:00-24:00,4.27,7.59
500104073,00:00-02:00,0.49,2.28
500104073,02:00-04:00,0.31,0.47
500104073,04:00-06:00,1.91,0.34
500104073,06:00-08:00,9.37,4.47
500104073,08:00-10:00,12.4,14.06
500104073,10:00-12:00,8.13,5.09
500104073,12:00-14:00,6.12,6.63
500104073,14:00-16:00,6.09,6.44
500104073,16:00-18:00,8.86,11.92
500104073,18:00-20:00,16.96,15.56
500104073,20:00-22:00,9.32,10.59
500104073,22:00-24:00,4.55,5.68
500104074,00:00-02:00,0.33,1.97
500104074,02:00-04:00,0.09,0.62
500104074,04:00-06:00,0.75,0.44
500104074,06:00-08:00,11.16,3.41
500104074,08:00-10:00,6.5,7.38
500104074,10:00-12:00,5.84,4.93
500104074,12:00-14:00,4.78,5.28
500104074,14:00-16:00,3.78,4.41
500104074,16:00-18:00,7.83,9.47
500104074,18:00-20:00,7.0,7.63
500104074,20:00-22:00,5.5,6.53
500104074,22:00-24:00,3.54,4.24
500104075,00:00-02:00,0.59,0.92
500104075,02:00-04:00,0.0,0.06
500104075,04:00-06:00,0.75,0.16
500104075,06:00-08:00,5.5,6.09
500104075,08:00-10:00,5.09,11.09
500104075,10:00-12:00,5.28,4.31
500104075,12:00-14:00,7.79,6.07
500104075,14:00-16:00,6.09,5.44
500104075,16:00-18:00,12.63,7.72
500104075,18:00-20:00,6.77,8.5
500104075,20:00-22:00,5.38,4.41
500104075,22:00-24:00,2.07,2.54
500104076,00:00-02:00,0.31,0.76
500104076,02:00-04:00,0.06,0.12
500104076,04:00-06:00,0.22,1.03
500104076,06:00-08:00,0.91,2.81
500104076,08:00-10:00,5.92,3.72
500104076,10:00-12:00,3.72,2.94
500104076,12:00-14:00,4.14,4.81
500104076,14:00-16:00,3.03,2.94
500104076,16:00-18:00,5.92,5.1
500104076,18:00-20:00,3.35,2.97
500104076,20:00-22:00,2.52,1.41
500104076,22:00-24:00,0.77,1.29
500104077,00:00-02:00,0.33,0.95
500104077,02:00-04:00,0.16,0.53
500104077,04:00-06:00,0.34,2.25
500104077,06:00-08:00,2.23,1.59
500104077,08:00-10:00,4.66,5.0
500104077,10:00-12:00,4.15,2.84
500104077,12:00-14:00,3.75,5.69
500104077,14:00-16:00,5.41,6.75
500104077,16:00-18:00,10.13,3.62
500104077,18:00-20:00,4.7,4.19
500104077,20:00-22:00,3.43,2.31
500104077,22:00-24:00,1.84,1.66
500104078,00:00-02:00,1.35,1.58
500104078,02:00-04:00,0.44,0.28
500104078,04:00-06:00,0.97,0.22
500104078,06:00-08:00,3.22,0.88
500104078,08:00-10:00,2.92,3.25
500104078,10:00-12:00,2.64,3.06
500104078,12:00-14:00,2.97,2.73
500104078,14:00-16:00,3.34,2.78
500104078,16:00-18:00,3.68,7.97
500104078,18:00-20:00,8.89,7.34
500104078,20:00-22:00,5.44,6.34
500104078,22:00-24:00,2.85,3.46
500104079,00:00-02:00,0.03,0.4
500104079,02:00-04:00,0.09,0.22
500104079,04:00-06:00,0.72,0.78
500104079,06:00-08:00,3.47,2.15
500104079,08:00-10:00,3.42,2.0
500104079,10:00-12:00,1.77,1.75
500104079,12:00-14:00,1.69,1.97
500104079,14:00-16:00,1.63,1.84
500104079,16:00-18:00,2.58,3.73
500104079,18:00-20:00,5.35,4.16
500104079,20:00-22:00,2.85,3.87
500104079,22:00-24:00,1.13,1.85
500104080,00:00-02:00,0.43,0.03
500104080,02:00-04:00,0.06,0.09
500104080,04:00-06:00,0.13,0.25
500104080,06:00-08:00,0.88,0.34
500104080,08:00-10:00,0.47,0.41
500104080,10:00-12:00,0.31,0.12
500104080,12:00-14:00,0.59,0.19
500104080,14:00-16:00,0.66,0.22
500104080,16:00-18:00,0.84,2.08
500104080,18:00-20:00,1.5,1.52
500104080,20:00-22:00,0.97,0.89
500104080,22:00-24:00,0.35,0.75
500104081,00:00-02:00,0.07,0.43
500104081,02:00-04:00,0.06,0.31
500104081,04:00-06:00,0.88,0.64
500104081,06:00-08:00,9.15,4.91
500104081,08:00-10:00,5.27,2.63
500104081,10:00-12:00,3.73,2.62
500104081,12:00-14:00,4.26,3.75
500104081,14:00-16:00,3.91,4.31
500104081,16:00-18:00,5.89,5.95
500104081,18:00-20:00,4.87,6.06
500104081,20:00-22:00,4.84,6.47
500104081,22:00-24:00,1.57,2.48
500104082,00:00-02:00,1.39,2.59
500104082,02:00-04:00,0.78,1.26
500104082,04:00-06:00,1.81,1.72
500104082,06:00-08:00,7.99,3.99
500104082,08:00-10:00,5.95,3.53
500104082,10:00-12:00,4.59,4.0
500104082,12:00-14:00,5.17,5.25
500104082,14:00-16:00,3.77,4.13
500104082,16:00-18:00,7.79,11.58
500104082,18:00-20:00,11.0,11.92
500104082,20:00-22:00,7.76,8.46
500104082,22:00-24:00,3.82,4.31
500104083,00:00-02:00,0.16,0.33
500104083,02:00-04:00,0.0,0.0
500104083,04:00-06:00,0.16,0.44
500104083,06:00-08:00,2.28,4.52
500104083,08:00-10:00,4.25,1.56
500104083,10:00-12:00,2.37,2.03
500104083,12:00-14:00,1.69,2.34
500104083,14:00-16:00,2.28,1.84
500104083,16:00-18:00,4.83,3.43
500104083,18:00-20:00,1.87,2.69
500104083,20:00-22:00,1.53,1.69
500104083,22:00-24:00,0.88,0.44
500104084,00:00-02:00,0.49,0.67
500104084,02:00-04:00,0.25,0.22
500104084,04:00-06:00,1.31,1.44
500104084,06:00-08:00,7.84,4.86
500104084,08:00-10:00,5.48,3.76
500104084,10:00-12:00,5.01,3.97
500104084,12:00-14:00,4.15,3.88
500104084,14:00-16:00,4.71,4.44
500104084,16:00-18:00,6.14,8.97
500104084,18:00-20:00,6.79,7.16
500104084,20:00-22:00,5.62,6.68
500104084,22:00-24:00,2.96,2.86
500104085,00:00-02:00,0.62,1.61
500104085,02:00-04:00,0.25,0.69
500104085,04:00-06:00,2.0,3.41
500104085,06:00-08:00,8.81,5.35
500104085,08:00-10:00,8.7,4.72
500104085,10:00-12:00,5.61,4.22
500104085,12:00-14:00,5.91,5.28
500104085,14:00-16:00,5.59,5.75
500104085,16:00-18:00,8.49,10.73
500104085,18:00-20:00,7.9,8.53
500104085,20:00-22:00,6.39,7.48
500104085,22:00-24:00,2.32,3.91
500104086,00:00-02:00,0.03,0.03
500104086,02:00-04:00,0.03,0.0
500104086,04:00-06:00,0.06,0.03
500104086,06:00-08:00,1.99,0.5
500104086,08:00-10:00,1.1,1.22
500104086,10:00-12:00,1.14,1.26
500104086,12:00-14:00,0.93,0.65
500104086,14:00-16:00,0.88,1.66
500104086,16:00-18:00,1.77,0.98
500104086,18:00-20:00,0.62,0.97
500104086,20:00-22:00,0.87,0.97
500104086,22:00-24:00,0.29,0.66
500104087,00:00-02:00,1.96,0.89
500104087,02:00-04:00,0.22,0.28
500104087,04:00-06:00,0.44,0.59
500104087,06:00-08:00,3.06,10.06
500104087,08:00-10:00,8.69,7.5
500104087,10:00-12:00,2.9,4.31
500104087,12:00-14:00,5.82,5.6
500104087,14:00-16:00,4.84,6.12
500104087,16:00-18:00,14.74,13.35
500104087,18:00-20:00,11.16,8.53
500104087,20:00-22:00,8.47,5.32
500104087,22:00-24:00,5.45,3.58
500104088,00:00-02:00,1.71,1.61
500104088,02:00-04:00,0.5,0.47
500104088,04:00-06:00,1.5,0.84
500104088,06:00-08:00,6.06,4.03
500104088,08:00-10:00,5.09,2.47
500104088,10:00-12:00,4.4,3.69
500104088,12:00-14:00,3.56,3.41
500104088,14:00-16:00,4.73,4.25
500104088,16:00-18:00,7.21,9.79
500104088,18:00-20:00,8.49,8.0
500104088,20:00-22:00,7.59,6.63
500104088,22:00-24:00,3.47,8.06
500104089,00:00-02:00,0.11,2.46
500104089,02:00-04:00,0.25,0.5
500104089,04:00-06:00,0.16,0.41
500104089,06:00-08:00,3.41,1.03
500104089,08:00-10:00,2.61,1.19
500104089,10:00-12:00,1.01,0.87
500104089,12:00-14:00,1.43,1.91
500104089,14:00-16:00,1.67,2.22
500104089,16:00-18:00,2.63,2.33
500104089,18:00-20:00,3.07,2.94
500104089,20:00-22:00,2.28,2.97
500104089,22:00-24:00,1.89,0.82
500104090,00:00-02:00,0.79,0.49
500104090,02:00-04:00,2.0,0.12
500104090,04:00-06:00,1.41,0.41
500104090,06:00-08:00,2.0,1.75
500104090,08:00-10:00,2.91,2.47
500104090,10:00-12:00,2.25,1.59
500104090,12:00-14:00,1.91,1.47
500104090,14:00-16:00,2.6,2.19
500104090,16:00-18:00,4.0,4.12
500104090,18:00-20:00,3.15,5.34
500104090,20:00-22:00,2.25,3.34
500104090,22:00-24:00,1.51,3.11
500104091,00:00-02:00,1.58,3.45
500104091,02:00-04:00,0.32,0.62
500104091,04:00-06:00,0.34,3.44
500104091,06:00-08:00,18.65,17.19
500104091,08:00-10:00,23.23,23.66
500104091,10:00-12:00,7.78,10.74
500104091,12:00-14:00,13.23,14.01
500104091,14:00-16:00,12.28,11.56
500104091,16:00-18:00,22.12,24.82
500104091,18:00-20:00,20.19,13.81
500104091,20:00-22:00,13.77,8.19
500104091,22:00-24:00,7.43,4.01
500104092,00:00-02:00,0.2,0.92
500104092,02:00-04:00,0.09,0.12
500104092,04:00-06:00,0.34,0.31
500104092,06:00-08:00,2.54,1.22
500104092,08:00-10:00,1.42,1.24
500104092,10:00-12:00,1.97,1.47
500104092,12:00-14:00,2.19,1.16
500104092,14:00-16:00,1.23,1.41
500104092,16:00-18:00,1.33,2.23
500104092,18:00-20:00,2.18,2.31
500104092,20:00-22:00,1.86,1.82
500104092,22:00-24:00,0.94,1.72
500104094,00:00-02:00,0.56,0.4
500104094,02:00-04:00,0.19,0.37
500104094,04:00-06:00,0.25,0.25
500104094,06:00-08:00,1.28,0.69
500104094,08:00-10:00,1.81,0.78
500104094,10:00-12:00,0.99,1.12
500104094,12:00-14:00,1.12,1.0
500104094,14:00-16:00,1.04,0.75
500104094,16:00-18:00,1.18,3.93
500104094,18:00-20:00,3.15,2.62
500104094,20:00-22:00,1.91,1.5
500104094,22:00-24:00,0.56,0.87
500104095,00:00-02:00,0.13,0.53
500104095,02:00-04:00,0.75,0.19
500104095,04:00-06:00,0.66,0.5
500104095,06:00-08:00,3.22,0.69
500104095,08:00-10:00,2.84,1.25
500104095,10:00-12:00,1.64,0.97
500104095,12:00-14:00,1.37,1.78
500104095,14:00-16:00,1.19,1.09
500104095,16:00-18:00,2.52,4.5
500104095,18:00-20:00,2.87,5.72
500104095,20:00-22:00,5.16,3.25
500104095,22:00-24:00,0.88,2.29
500104096,00:00-02:00,0.49,1.02
500104096,02:00-04:00,0.12,0.31
500104096,04:00-06:00,1.09,0.16
500104096,06:00-08:00,2.35,1.47
500104096,08:00-10:00,1.3,1.38
500104096,10:00-12:00,1.74,1.84
500104096,12:00-14:00,1.6,1.47
500104096,14:00-16:00,2.02,1.34
500104096,16:00-18:00,2.64,5.21
500104096,18:00-20:00,5.37,5.35
500104096,20:00-22:00,3.65,3.19
500104096,22:00-24:00,1.69,2.39
500104097,00:00-02:00,0.95,0.5
500104097,02:00-04:00,0.22,0.28
500104097,04:00-06:00,0.63,0.31
500104097,06:00-08:00,2.56,1.82
500104097,08:00-10:00,1.42,1.91
500104097,10:00-12:00,1.04,1.37
500104097,12:00-14:00,1.67,1.02
500104097,14:00-16:00,1.18,1.28
500104097,16:00-18:00,2.11,4.3
500104097,18:00-20:00,4.01,3.69
500104097,20:00-22:00,2.76,3.33
500104097,22:00-24:00,1.02,1.74
500104098,00:00-02:00,0.97,1.97
500104098,02:00-04:00,0.12,0.22
500104098,04:00-06:00,0.59,1.38
500104098,06:00-08:00,5.22,7.56
500104098,08:00-10:00,9.52,8.44
500104098,10:00-12:00,7.6,6.66
500104098,12:00-14:00,7.74,8.83
500104098,14:00-16:00,6.59,6.02
500104098,16:00-18:00,11.06,8.76
500104098,18:00-20:00,10.32,10.2
500104098,20:00-22:00,8.7,6.69
500104098,22:00-24:00,4.11,2.76
500104099,00:00-02:00,1.44,2.3
500104099,02:00-04:00,1.09,0.94
500104099,04:00-06:00,0.41,0.72
500104099,06:00-08:00,2.33,1.72
500104099,08:00-10:00,1.28,2.25
500104099,10:00-12:00,2.21,1.66
500104099,12:00-14:00,2.7,2.78
500104099,14:00-16:00,2.02,2.35
500104099,16:00-18:00,2.94,3.89
500104099,18:00-20:00,3.9,4.21
500104099,20:00-22:00,3.78,2.32
500104099,22:00-24:00,3.21,2.17
500104100,00:00-02:00,0.95,0.7
500104100,02:00-04:00,0.06,0.16
500104100,04:00-06:00,0.38,0.5
500104100,06:00-08:00,1.53,0.69
500104100,08:00-10:00,2.0,2.38
500104100,10:00-12:00,1.94,2.42
500104100,12:00-14:00,2.03,2.29
500104100,14:00-16:00,2.57,1.83
500104100,16:00-18:00,3.11,4.78
500104100,18:00-20:00,4.52,5.11
500104100,20:00-22:00,3.3,3.1
500104100,22:00-24:00,1.54,2.36
500104101,00:00-02:00,0.13,0.2
500104101,02:00-04:00,0.22,0.37
500104101,04:00-06:00,0.63,0.31
500104101,06:00-08:00,2.49,0.97
500104101,08:00-10:00,2.53,1.81
500104101,10:00-12:00,1.07,1.56
500104101,12:00-14:00,1.36,1.16
500104101,14:00-16:00,1.32,1.16
500104101,16:00-18:00,1.57,4.06
500104101,18:00-20:00,3.28,3.94
500104101,20:00-22:00,3.78,2.81
500104101,22:00-24:00,1.29,1.8
500104102,00:00-02:00,0.39,0.99
500104102,02:00-04:00,0.06,0.06
500104102,04:00-06:00,0.25,0.03
500104102,06:00-08:00,4.03,5.68
500104102,08:00-10:00,5.66,3.13
500104102,10:00-12:00,3.09,3.06
500104102,12:00-14:00,3.39,3.47
500104102,14:00-16:00,3.91,3.69
500104102,16:00-18:00,7.41,5.52
500104102,18:00-20:00,4.51,5.45
500104102,20:00-22:00,3.84,2.86
500104102,22:00-24:00,1.76,2.76
500104103,00:00-02:00,0.43,1.25
500104103,02:00-04:00,0.16,0.59
500104103,04:00-06:00,0.72,0.22
500104103,06:00-08:00,3.33,1.06
500104103,08:00-10:00,3.0,2.59
500104103,10:00-12:00,2.6,2.4
500104103,12:00-14:00,2.93,2.81
500104103,14:00-16:00,2.75,2.55
500104103,16:00-18:00,3.1,3.87
500104103,18:00-20:00,3.06,2.48
500104103,20:00-22:00,2.77,1.78
500104103,22:00-24:00,1.13,2.42
500104104,00:00-02:00,0.74,2.5
500104104,02:00-04:00,0.62,0.09
500104104,04:00-06:00,1.67,0.97
500104104,06:00-08:00,5.04,6.44
500104104,08:00-10:00,12.02,12.08
500104104,10:00-12:00,7.85,7.92
500104104,12:00-14:00,8.0,10.01
500104104,14:00-16:00,8.17,6.06
500104104,16:00-18:00,12.65,10.14
500104104,18:00-20:00,11.79,11.52
500104104,20:00-22:00,8.64,6.29
500104104,22:00-24:00,4.62,2.63
500104105,00:00-02:00,1.19,2.23
500104105,02:00-04:00,0.5,0.75
500104105,04:00-06:00,0.16,0.06
500104105,06:00-08:00,2.88,1.22
500104105,08:00-10:00,2.53,3.06
500104105,10:00-12:00,2.25,2.53
500104105,12:00-14:00,3.29,3.96
500104105,14:00-16:00,3.35,2.66
500104105,16:00-18:00,4.12,4.86
500104105,18:00-20:00,4.51,5.07
500104105,20:00-22:00,4.74,2.76
500104105,22:00-24:00,2.69,1.51
500104106,00:00-02:00,0.36,1.38
500104106,02:00-04:00,0.44,0.09
500104106,04:00-06:00,1.06,0.97
500104106,06:00-08:00,5.96,3.63
500104106,08:00-10:00,5.96,4.69
500104106,10:00-12:00,3.19,3.53
500104106,12:00-14:00,3.67,3.47
500104106,14:00-16:00,3.77,3.16
500104106,16:00-18:00,5.28,7.17
500104106,18:00-20:00,6.25,7.02
500104106,20:00-22:00,3.86,3.66
500104106,22:00-24:00,2.63,2.95
500104107,00:00-02:00,1.64,0.49
500104107,02:00-04:00,0.34,0.44
500104107,04:00-06:00,0.72,0.94
500104107,06:00-08:00,11.41,14.0
500104107,08:00-10:00,9.91,11.22
500104107,10:00-12:00,6.19,6.56
500104107,12:00-14:00,8.94,10.95
500104107,14:00-16:00,8.63,8.34
500104107,16:00-18:00,11.95,21.54
500104107,18:00-20:00,13.46,9.79
500104107,20:00-22:00,12.44,5.22
500104107,22:00-24:00,6.13,2.04
500104108,00:00-02:00,4.27,3.55
500104108,02:00-04:00,0.56,0.19
500104108,04:00-06:00,1.49,5.25
500104108,06:00-08:00,29.94,38.56
500104108,08:00-10:00,36.43,34.88
500104108,10:00-12:00,21.08,21.96
500104108,12:00-14:00,26.64,23.88
500104108,14:00-16:00,25.95,20.66
500104108,16:00-18:00,37.07,37.25
500104108,18:00-20:00,33.06,26.83
500104108,20:00-22:00,25.82,23.19
500104108,22:00-24:00,24.78,15.49
500104109,00:00-02:00,0.27,1.22
500104109,02:00-04:00,0.34,0.41
500104109,04:00-06:00,0.84,0.5
500104109,06:00-08:00,1.97,2.41
500104109,08:00-10:00,2.34,4.81
500104109,10:00-12:00,3.42,3.59
500104109,12:00-14:00,4.44,4.13
500104109,14:00-16:00,3.4,2.39
500104109,16:00-18:00,5.01,2.05
500104109,18:00-20:00,2.48,2.37
500104109,20:00-22:00,1.84,1.56
500104109,22:00-24:00,0.76,1.04
500104110,00:00-02:00,0.23,0.26
500104110,02:00-04:00,0.09,0.19
500104110,04:00-06:00,0.31,0.94
500104110,06:00-08:00,3.61,1.28
500104110,08:00-10:00,1.51,1.45
500104110,10:00-12:00,0.99,1.06
500104110,12:00-14:00,1.43,1.03
500104110,14:00-16:00,1.59,1.37
500104110,16:00-18:00,1.91,4.7
500104110,18:00-20:00,3.78,4.01
500104110,20:00-22:00,3.59,3.3
500104110,22:00-24:00,0.85,1.22
500104111,00:00-02:00,0.33,0.76
500104111,02:00-04:00,0.06,0.37
500104111,04:00-06:00,0.53,0.88
500104111,06:00-08:00,7.14,6.25
500104111,08:00-10:00,6.69,3.64
500104111,10:00-12:00,3.54,3.0
500104111,12:00-14:00,3.79,3.03
500104111,14:00-16:00,1.91,2.94
500104111,16:00-18:00,6.3,6.26
500104111,18:00-20:00,7.44,9.12
500104111,20:00-22:00,5.43,6.09
500104111,22:00-24:00,2.7,3.14
500104112,00:00-02:00,0.72,0.69
500104112,02:00-04:00,0.09,0.19
500104112,04:00-06:00,0.25,1.06
500104112,06:00-08:00,6.31,13.08
500104112,08:00-10:00,9.25,10.33
500104112,10:00-12:00,4.78,6.65
500104112,12:00-14:00,5.25,6.29
500104112,14:00-16:00,6.66,4.51
500104112,16:00-18:00,11.68,8.56
500104112,18:00-20:00,10.82,11.26
500104112,20:00-22:00,7.58,3.5
500104112,22:00-24:00,3.25,1.76
500104113,00:00-02:00,0.39,0.36
500104113,02:00-04:00,0.12,0.06
500104113,04:00-06:00,0.5,0.72
500104113,06:00-08:00,9.29,6.29
500104113,08:00-10:00,9.55,8.11
500104113,10:00-12:00,7.56,6.78
500104113,12:00-14:00,8.45,8.0
500104113,14:00-16:00,7.32,5.92
500104113,16:00-18:00,8.82,11.18
500104113,18:00-20:00,10.07,9.86
500104113,20:00-22:00,7.3,7.91
500104113,22:00-24:00,4.76,5.55
500104114,00:00-02:00,2.0,0.36
500104114,02:00-04:00,0.44,0.28
500104114,04:00-06:00,0.88,0.88
500104114,06:00-08:00,5.78,10.14
500104114,08:00-10:00,10.72,9.56
500104114,10:00-12:00,5.5,6.17
500104114,12:00-14:00,5.85,5.74
500104114,14:00-16:00,4.94,6.63
500104114,16:00-18:00,11.05,6.39
500104114,18:00-20:00,6.89,7.18
500104114,20:00-22:00,4.18,4.09
500104114,22:00-24:00,4.02,4.58
500104115,00:00-02:00,1.22,0.93
500104115,02:00-04:00,0.34,0.31
500104115,04:00-06:00,0.56,0.78
500104115,06:00-08:00,8.13,10.68
500104115,08:00-10:00,9.09,10.17
500104115,10:00-12:00,9.61,7.9
500104115,12:00-14:00,8.31,11.06
500104115,14:00-16:00,6.98,5.47
500104115,16:00-18:00,15.02,7.35
500104115,18:00-20:00,5.8,5.5
500104115,20:00-22:00,4.5,4.0
500104115,22:00-24:00,1.98,2.67
500104116,00:00-02:00,0.53,0.69
500104116,02:00-04:00,0.09,0.03
500104116,04:00-06:00,0.5,1.0
500104116,06:00-08:00,6.16,3.59
500104116,08:00-10:00,5.4,3.25
500104116,10:00-12:00,4.15,4.69
500104116,12:00-14:00,3.59,4.76
500104116,14:00-16:00,4.76,5.07
500104116,16:00-18:00,5.69,7.83
500104116,18:00-20:00,7.65,6.8
500104116,20:00-22:00,6.69,4.63
500104116,22:00-24:00,2.28,3.67
500104117,00:00-02:00,0.33,0.49
500104117,02:00-04:00,0.03,0.09
500104117,04:00-06:00,0.59,0.16
500104117,06:00-08:00,3.19,0.72
500104117,08:00-10:00,2.53,1.5
500104117,10:00-12:00,1.09,0.72
500104117,12:00-14:00,1.55,1.66
500104117,14:00-16:00,1.16,1.5
500104117,16:00-18:00,2.56,3.68
500104117,18:00-20:00,2.65,3.15
500104117,20:00-22:00,1.63,2.91
500104117,22:00-24:00,1.32,2.12
500104118,00:00-02:00,0.13,0.46
500104118,02:00-04:00,0.03,0.44
500104118,04:00-06:00,1.09,0.31
500104118,06:00-08:00,0.44,1.0
500104118,08:00-10:00,1.04,0.44
500104118,10:00-12:00,0.81,0.69
500104118,12:00-14:00,1.1,1.22
500104118,14:00-16:00,0.89,0.81
500104118,16:00-18:00,1.13,1.23
500104118,18:00-20:00,1.6,1.63
500104118,20:00-22:00,1.19,0.95
500104118,22:00-24:00,0.31,0.6
500104119,00:00-02:00,0.36,0.66
500104119,02:00-04:00,0.0,0.34
500104119,04:00-06:00,0.19,0.16
500104119,06:00-08:00,4.54,1.42
500104119,08:00-10:00,5.4,3.97
500104119,10:00-12:00,3.46,3.47
500104119,12:00-14:00,3.26,3.44
500104119,14:00-16:00,2.89,3.66
500104119,16:00-18:00,5.24,6.29
500104119,18:00-20:00,4.01,6.29
500104119,20:00-22:00,4.64,2.93
500104119,22:00-24:00,1.62,2.36
500104120,00:00-02:00,0.76,0.72
500104120,02:00-04:00,0.37,0.62
500104120,04:00-06:00,0.75,0.41
500104120,06:00-08:00,8.14,5.43
500104120,08:00-10:00,9.09,6.69
500104120,10:00-12:00,5.13,4.34
500104120,12:00-14:00,4.78,4.66
500104120,14:00-16:00,4.75,4.44
500104120,16:00-18:00,7.89,7.96
500104120,18:00-20:00,6.98,7.53
500104120,20:00-22:00,4.79,4.46
500104120,22:00-24:00,2.97,3.54
500104121,00:00-02:00,0.56,2.0
500104121,02:00-04:00,0.31,0.34
500104121,04:00-06:00,0.47,0.28
500104121,06:00-08:00,4.63,2.41
500104121,08:00-10:00,4.67,4.59
500104121,10:00-12:00,4.29,4.53
500104121,12:00-14:00,4.6,4.35
500104121,14:00-16:00,2.87,4.0
500104121,16:00-18:00,6.12,7.47
500104121,18:00-20:00,7.21,5.55
500104121,20:00-22:00,5.2,4.02
500104121,22:00-24:00,2.56,2.82
500104122,00:00-02:00,0.46,0.36
500104122,02:00-04:00,0.19,0.16
500104122,04:00-06:00,0.06,0.34
500104122,06:00-08:00,0.88,0.97
500104122,08:00-10:00,0.6,0.66
500104122,10:00-12:00,0.53,0.94
500104122,12:00-14:00,0.88,0.99
500104122,14:00-16:00,1.16,1.21
500104122,16:00-18:00,1.86,1.21
500104122,18:00-20:00,2.21,1.47
500104122,20:00-22:00,0.73,0.81
500104122,22:00-24:00,0.63,0.66
500104123,00:00-02:00,0.3,0.39
500104123,02:00-04:00,0.06,0.03
500104123,04:00-06:00,0.34,0.03
500104123,06:00-08:00,2.91,1.5
500104123,08:00-10:00,5.62,2.48
500104123,10:00-12:00,1.84,1.44
500104123,12:00-14:00,2.54,3.16
500104123,14:00-16:00,1.9,3.03
500104123,16:00-18:00,3.13,3.21
500104123,18:00-20:00,4.05,4.93
500104123,20:00-22:00,2.62,3.86
500104123,22:00-24:00,1.73,1.9
500104124,00:00-02:00,0.56,1.22
500104124,02:00-04:00,0.06,0.06
500104124,04:00-06:00,0.97,1.03
500104124,06:00-08:00,5.2,3.38
500104124,08:00-10:00,4.22,3.16
500104124,10:00-12:00,3.54,3.34
500104124,12:00-14:00,2.97,3.47
500104124,14:00-16:00,3.49,3.34
500104124,16:00-18:00,6.3,5.33
500104124,18:00-20:00,4.98,7.19
500104124,20:00-22:00,3.5,3.66
500104124,22:00-24:00,2.48,2.97
500104125,00:00-02:00,0.65,1.25
500104125,02:00-04:00,0.09,0.37
500104125,04:00-06:00,0.88,0.09
500104125,06:00-08:00,3.66,3.19
500104125,08:00-10:00,5.91,6.1
500104125,10:00-12:00,5.02,4.4
500104125,12:00-14:00,6.19,5.95
500104125,14:00-16:00,4.89,5.37
500104125,16:00-18:00,7.38,8.71
500104125,18:00-20:00,8.1,8.01
500104125,20:00-22:00,6.48,5.21
500104125,22:00-24:00,2.54,3.23
500104126,00:00-02:00,0.16,0.89
500104126,02:00-04:00,0.03,0.41
500104126,04:00-06:00,0.69,1.35
500104126,06:00-08:00,9.64,3.69
500104126,08:00-10:00,6.03,4.75
500104126,10:00-12:00,3.46,2.4
500104126,12:00-14:00,3.16,3.81
500104126,14:00-16:00,2.8,3.28
500104126,16:00-18:00,5.93,9.19
500104126,18:00-20:00,8.15,6.64
500104126,20:00-22:00,4.16,4.72
500104126,22:00-24:00,1.35,4.13
500104128,00:00-02:00,0.62,1.2
500104128,02:00-04:00,0.0,0.03
500104128,04:00-06:00,1.22,0.75
500104128,06:00-08:00,10.37,8.06
500104128,08:00-10:00,11.05,10.36
500104128,10:00-12:00,9.71,8.81
500104128,12:00-14:00,7.26,8.09
500104128,14:00-16:00,6.65,6.72
500104128,16:00-18:00,12.36,13.1
500104128,18:00-20:00,11.73,13.62
500104128,20:00-22:00,7.3,8.87
500104128,22:00-24:00,4.45,5.14
500104129,00:00-02:00,0.03,0.03
500104129,02:00-04:00,0.0,0.0
500104129,04:00-06:00,0.09,0.16
500104129,06:00-08:00,2.03,0.41
500104129,08:00-10:00,1.75,0.53
500104129,10:00-12:00,0.76,0.62
500104129,12:00-14:00,0.8,1.25
500104129,14:00-16:00,0.62,1.12
500104129,16:00-18:00,1.22,1.67
500104129,18:00-20:00,0.83,1.59
500104129,20:00-22:00,0.5,0.91
500104129,22:00-24:00,0.0,0.19
500104130,00:00-02:00,0.03,0.23
500104130,02:00-04:00,0.0,0.25
500104130,04:00-06:00,0.53,0.31
500104130,06:00-08:00,1.84,3.57
500104130,08:00-10:00,4.66,1.35
500104130,10:00-12:00,1.46,0.81
500104130,12:00-14:00,1.51,1.75
500104130,14:00-16:00,0.91,1.28
500104130,16:00-18:00,4.11,2.39
500104130,18:00-20:00,2.51,3.59
500104130,20:00-22:00,2.23,2.31
500104130,22:00-24:00,0.66,2.32
500104131,00:00-02:00,0.07,0.2
500104131,02:00-04:00,0.0,0.09
500104131,04:00-06:00,0.44,0.16
500104131,06:00-08:00,0.59,0.5
500104131,08:00-10:00,1.72,0.22
500104131,10:00-12:00,0.44,0.22
500104131,12:00-14:00,0.47,0.25
500104131,14:00-16:00,0.41,0.25
500104131,16:00-18:00,0.52,1.38
500104131,18:00-20:00,1.77,1.7
500104131,20:00-22:00,0.69,1.09
500104131,22:00-24:00,0.44,1.32
500104132,00:00-02:00,0.56,0.82
500104132,02:00-04:00,0.16,0.34
500104132,04:00-06:00,0.88,0.16
500104132,06:00-08:00,8.01,3.19
500104132,08:00-10:00,6.69,4.06
500104132,10:00-12:00,4.83,3.59
500104132,12:00-14:00,3.43,3.13
500104132,14:00-16:00,3.11,3.37
500104132,16:00-18:00,4.71,6.85
500104132,18:00-20:00,6.68,7.37
500104132,20:00-22:00,4.42,5.62
500104132,22:00-24:00,3.61,4.67
500104133,00:00-02:00,0.23,0.44
500104133,02:00-04:00,0.06,0.03
500104133,04:00-06:00,0.09,0.0
500104133,06:00-08:00,0.94,0.94
500104133,08:00-10:00,2.64,0.81
500104133,10:00-12:00,1.43,0.84
500104133,12:00-14:00,1.27,1.09
500104133,14:00-16:00,1.28,0.34
500104133,16:00-18:00,2.17,1.57
500104133,18:00-20:00,1.55,1.84
500104133,20:00-22:00,0.64,1.59
500104133,22:00-24:00,0.28,2.2
500104134,00:00-02:00,0.3,0.66
500104134,02:00-04:00,0.25,0.31
500104134,04:00-06:00,0.16,1.0
500104134,06:00-08:00,1.53,0.91
500104134,08:00-10:00,1.97,2.25
500104134,10:00-12:00,2.25,1.37
500104134,12:00-14:00,2.51,1.94
500104134,14:00-16:00,1.87,2.03
500104134,16:00-18:00,3.43,4.34
500104134,18:00-20:00,2.56,2.9
500104134,20:00-22:00,2.64,1.31
500104134,22:00-24:00,1.21,0.91
500104135,00:00-02:00,0.46,0.93
500104135,02:00-04:00,0.28,0.28
500104135,04:00-06:00,0.41,0.44
500104135,06:00-08:00,9.15,4.31
500104135,08:00-10:00,6.12,4.36
500104135,10:00-12:00,2.24,4.78
500104135,12:00-14:00,3.41,3.64
500104135,14:00-16:00,4.94,4.74
500104135,16:00-18:00,6.12,6.15
500104135,18:00-20:00,4.72,6.67
500104135,20:00-22:00,4.25,4.9
500104135,22:00-24:00,1.85,2.32
500104136,00:00-02:00,0.16,0.66
500104136,02:00-04:00,0.06,0.28
500104136,04:00-06:00,0.06,0.56
500104136,06:00-08:00,0.91,0.53
500104136,08:00-10:00,0.9,0.53
500104136,10:00-12:00,1.67,0.72
500104136,12:00-14:00,1.29,1.13
500104136,14:00-16:00,0.78,1.19
500104136,16:00-18:00,2.17,1.79
500104136,18:00-20:00,1.4,1.84
500104136,20:00-22:00,1.4,0.97
500104136,22:00-24:00,0.63,0.56
500104137,00:00-02:00,0.26,0.43
500104137,02:00-04:00,0.34,0.59
500104137,04:00-06:00,0.63,1.0
500104137,06:00-08:00,3.0,2.69
500104137,08:00-10:00,1.75,0.94
500104137,10:00-12:00,1.46,1.66
500104137,12:00-14:00,0.59,0.75
500104137,14:00-16:00,1.35,1.53
500104137,16:00-18:00,3.98,2.27
500104137,18:00-20:00,2.08,1.69
500104137,20:00-22:00,0.84,0.75
500104137,22:00-24:00,0.32,1.13
500104138,00:00-02:00,0.13,0.2
500104138,02:00-04:00,0.06,0.16
500104138,04:00-06:00,0.0,0.0
500104138,06:00-08:00,0.03,0.16
500104138,08:00-10:00,0.19,0.09
500104138,10:00-12:00,0.16,0.16
500104138,12:00-14:00,0.34,0.22
500104138,14:00-16:00,0.5,0.25
500104138,16:00-18:00,0.76,0.63
500104138,18:00-20:00,0.34,0.59
500104138,20:00-22:00,0.53,0.44
500104138,22:00-24:00,0.5,0.63
500104139,00:00-02:00,1.12,0.71
500104139,02:00-04:00,0.09,0.07
500104139,04:00-06:00,1.63,0.31
500104139,06:00-08:00,6.76,5.96
500104139,08:00-10:00,6.81,5.18
500104139,10:00-12:00,4.95,4.12
500104139,12:00-14:00,3.46,3.25
500104139,14:00-16:00,4.84,4.56
500104139,16:00-18:00,6.98,7.57
500104139,18:00-20:00,6.63,7.66
500104139,20:00-22:00,4.22,5.51
500104139,22:00-24:00,2.54,3.93
500104140,00:00-02:00,2.66,2.3
500104140,02:00-04:00,0.47,1.16
500104140,04:00-06:00,0.91,0.28
500104140,06:00-08:00,3.83,0.97
500104140,08:00-10:00,4.17,3.91
500104140,10:00-12:00,4.34,4.4
500104140,12:00-14:00,5.25,5.28
500104140,14:00-16:00,4.09,5.16
500104140,16:00-18:00,6.44,10.3
500104140,18:00-20:00,6.43,7.61
500104140,20:00-22:00,7.78,5.19
500104140,22:00-24:00,4.77,3.32
500104141,00:00-02:00,0.46,1.74
500104141,02:00-04:00,0.28,0.59
500104141,04:00-06:00,0.63,0.41
500104141,06:00-08:00,5.45,2.94
500104141,08:00-10:00,4.92,4.5
500104141,10:00-12:00,4.23,5.12
500104141,12:00-14:00,4.94,5.07
500104141,14:00-16:00,5.95,5.08
500104141,16:00-18:00,8.12,10.09
500104141,18:00-20:00,7.1,8.09
500104141,20:00-22:00,6.75,4.48
500104141,22:00-24:00,2.2,3.17
500104142,00:00-02:00,3.29,1.51
500104142,02:00-04:00,0.28,0.37
500104142,04:00-06:00,0.69,0.13
500104142,06:00-08:00,3.41,5.31
500104142,08:00-10:00,9.98,13.85
500104142,10:00-12:00,8.38,9.01
500104142,12:00-14:00,7.12,7.65
500104142,14:00-16:00,9.58,7.73
500104142,16:00-18:00,14.06,8.46
500104142,18:00-20:00,6.85,5.18
500104142,20:00-22:00,4.77,4.41
500104142,22:00-24:00,3.53,5.96
500104143,00:00-02:00,0.1,0.3
500104143,02:00-04:00,0.16,0.19
500104143,04:00-06:00,0.13,0.03
500104143,06:00-08:00,2.44,0.94
500104143,08:00-10:00,3.36,0.72
500104143,10:00-12:00,2.12,0.69
500104143,12:00-14:00,1.34,1.41
500104143,14:00-16:00,1.38,0.81
500104143,16:00-18:00,2.07,2.67
500104143,18:00-20:00,1.26,2.78
500104143,20:00-22:00,0.75,2.09
500104143,22:00-24:00,0.44,2.03
500104144,00:00-02:00,0.36,0.69
500104144,02:00-04:00,0.09,0.19
500104144,04:00-06:00,0.88,1.22
500104144,06:00-08:00,6.71,4.67
500104144,08:00-10:00,6.02,6.24
500104144,10:00-12:00,5.49,4.72
500104144,12:00-14:00,5.07,5.08
500104144,14:00-16:00,4.63,5.06
500104144,16:00-18:00,7.65,9.69
500104144,18:00-20:00,9.53,8.0
500104144,20:00-22:00,6.12,7.01
500104144,22:00-24:00,3.26,4.28
500104145,00:00-02:00,0.03,0.43
500104145,02:00-04:00,0.06,0.12
500104145,04:00-06:00,0.13,0.0
500104145,06:00-08:00,1.47,0.75
500104145,08:00-10:00,2.08,0.91
500104145,10:00-12:00,1.31,1.09
500104145,12:00-14:00,0.87,0.84
500104145,14:00-16:00,1.36,2.22
500104145,16:00-18:00,1.89,1.1
500104145,18:00-20:00,1.3,1.53
500104145,20:00-22:00,1.04,1.56
500104145,22:00-24:00,0.22,0.82
500104146,00:00-02:00,0.03,0.46
500104146,02:00-04:00,0.09,0.0
500104146,04:00-06:00,0.56,0.16
500104146,06:00-08:00,0.28,0.88
500104146,08:00-10:00,0.59,0.22
500104146,10:00-12:00,0.44,0.25
500104146,12:00-14:00,0.75,0.69
500104146,14:00-16:00,0.56,0.47
500104146,16:00-18:00,0.82,0.82
500104146,18:00-20:00,1.34,1.5
500104146,20:00-22:00,0.28,0.41
500104146,22:00-24:00,0.16,0.19
500104147,00:00-02:00,0.13,0.79
500104147,02:00-04:00,0.44,0.25
500104147,04:00-06:00,0.38,0.34
500104147,06:00-08:00,1.97,1.88
500104147,08:00-10:00,2.41,2.69
500104147,10:00-12:00,1.75,1.22
500104147,12:00-14:00,1.91,2.03
500104147,14:00-16:00,2.34,2.37
500104147,16:00-18:00,5.2,1.89
500104147,18:00-20:00,2.36,3.9
500104147,20:00-22:00,1.88,2.75
500104147,22:00-24:00,1.07,1.44
500104148,00:00-02:00,0.3,0.62
500104148,02:00-04:00,0.06,0.22
500104148,04:00-06:00,3.06,1.31
500104148,06:00-08:00,2.89,3.29
500104148,08:00-10:00,5.3,5.68
500104148,10:00-12:00,4.37,4.05
500104148,12:00-14:00,3.43,4.29
500104148,14:00-16:00,3.38,3.47
500104148,16:00-18:00,4.62,6.45
500104148,18:00-20:00,6.39,6.75
500104148,20:00-22:00,3.46,3.02
500104148,22:00-24:00,2.28,2.36
500104149,00:00-02:00,0.27,1.68
500104149,02:00-04:00,0.12,0.09
500104149,04:00-06:00,0.19,0.03
500104149,06:00-08:00,3.16,4.34
500104149,08:00-10:00,3.47,1.63
500104149,10:00-12:00,2.31,1.22
500104149,12:00-14:00,2.45,2.31
500104149,14:00-16:00,1.91,1.78
500104149,16:00-18:00,3.28,3.15
500104149,18:00-20:00,2.8,2.44
500104149,20:00-22:00,1.81,1.94
500104149,22:00-24:00,1.35,2.26
500104150,00:00-02:00,0.36,0.43
500104150,02:00-04:00,0.03,0.12
500104150,04:00-06:00,0.59,0.44
500104150,06:00-08:00,1.13,1.07
500104150,08:00-10:00,2.16,0.84
500104150,10:00-12:00,1.31,1.28
500104150,12:00-14:00,0.94,0.59
500104150,14:00-16:00,0.91,0.78
500104150,16:00-18:00,1.57,2.15
500104150,18:00-20:00,1.59,1.51
500104150,20:00-22:00,0.78,1.56
500104150,22:00-24:00,0.31,0.85
500104151,00:00-02:00,0.36,0.82
500104151,02:00-04:00,0.09,0.06
500104151,04:00-06:00,0.38,0.47
500104151,06:00-08:00,3.0,3.23
500104151,08:00-10:00,3.91,3.94
500104151,10:00-12:00,2.62,1.94
500104151,12:00-14:00,4.03,3.19
500104151,14:00-16:00,2.06,2.31
500104151,16:00-18:00,6.39,3.61
500104151,18:00-20:00,3.19,4.44
500104151,20:00-22:00,3.21,3.71
500104151,22:00-24:00,1.64,2.93
500104152,00:00-02:00,0.0,0.03
500104152,02:00-04:00,0.09,0.03
500104152,04:00-06:00,0.22,0.03
500104152,06:00-08:00,1.41,0.13
500104152,08:00-10:00,1.2,1.09
500104152,10:00-12:00,1.1,1.47
500104152,12:00-14:00,1.31,1.41
500104152,14:00-16:00,1.55,1.0
500104152,16:00-18:00,1.01,1.48
500104152,18:00-20:00,0.84,0.62
500104152,20:00-22:00,0.72,0.97
500104152,22:00-24:00,0.25,0.66
500104153,00:00-02:00,0.07,1.18
500104153,02:00-04:00,0.03,0.03
500104153,04:00-06:00,0.72,0.5
500104153,06:00-08:00,4.27,2.88
500104153,08:00-10:00,4.96,2.16
500104153,10:00-12:00,2.34,1.91
500104153,12:00-14:00,2.8,2.63
500104153,14:00-16:00,1.91,2.09
500104153,16:00-18:00,2.3,4.01
500104153,18:00-20:00,6.66,6.95
500104153,20:00-22:00,4.36,4.92
500104153,22:00-24:00,2.35,3.45
500104154,00:00-02:00,0.03,0.1
500104154,02:00-04:00,0.0,0.06
500104154,04:00-06:00,0.0,0.0
500104154,06:00-08:00,0.09,0.0
500104154,08:00-10:00,0.0,0.0
500104154,10:00-12:00,0.09,0.12
500104154,12:00-14:00,0.06,0.03
500104154,14:00-16:00,0.03,0.06
500104154,16:00-18:00,0.13,0.19
500104154,18:00-20:00,0.28,0.31
500104154,20:00-22:00,0.06,0.03
500104154,22:00-24:00,0.03,0.13
500105001,00:00-02:00,2.0,4.01
500105001,02:00-04:00,0.44,0.78
500105001,04:00-06:00,1.84,1.56
500105001,06:00-08:00,14.56,7.13
500105001,08:00-10:00,17.83,18.9
500105001,10:00-12:00,16.8,13.02
500105001,12:00-14:00,15.67,12.73
500105001,14:00-16:00,11.84,15.66
500105001,16:00-18:00,20.39,24.05
500105001,18:00-20:00,19.71,25.3
500105001,20:00-22:00,19.06,21.23
500105001,22:00-24:00,14.55,10.74
500105002,00:00-02:00,1.87,1.97
500105002,02:00-04:00,0.22,0.62
500105002,04:00-06:00,1.33,1.16
500105002,06:00-08:00,7.6,8.57
500105002,08:00-10:00,12.47,10.27
500105002,10:00-12:00,9.69,8.4
500105002,12:00-14:00,11.13,10.04
500105002,14:00-16:00,7.83,9.88
500105002,16:00-18:00,14.66,15.56
500105002,18:00-20:00,17.12,16.08
500105002,20:00-22:00,11.24,10.63
500105002,22:00-24:00,6.3,6.59
500105003,00:00-02:00,1.12,1.64
500105003,02:00-04:00,0.31,0.66
500105003,04:00-06:00,1.19,1.03
500105003,06:00-08:00,7.34,10.83
500105003,08:00-10:00,14.98,9.05
500105003,10:00-12:00,6.64,7.84
500105003,12:00-14:00,7.43,8.22
500105003,14:00-16:00,6.41,10.16
500105003,16:00-18:00,12.59,12.05
500105003,18:00-20:00,12.93,11.54
500105003,20:00-22:00,9.02,7.53
500105003,22:00-24:00,5.17,4.33
500105004,00:00-02:00,1.31,1.0
500105004,02:00-04:00,0.53,0.28
500105004,04:00-06:00,1.38,0.56
500105004,06:00-08:00,11.88,3.84
500105004,08:00-10:00,7.79,6.94
500105004,10:00-12:00,5.42,5.15
500105004,12:00-14:00,6.83,7.16
500105004,14:00-16:00,5.63,5.62
500105004,16:00-18:00,9.89,13.12
500105004,18:00-20:00,8.37,11.22
500105004,20:00-22:00,5.19,8.57
500105004,22:00-24:00,2.7,3.66
500105005,00:00-02:00,2.21,1.45
500105005,02:00-04:00,0.11,1.12
500105005,04:00-06:00,0.63,1.34
500105005,06:00-08:00,12.91,21.58
500105005,08:00-10:00,23.77,24.02
500105005,10:00-12:00,14.08,14.79
500105005,12:00-14:00,14.73,14.13
500105005,14:00-16:00,12.32,11.46
500105005,16:00-18:00,20.31,18.31
500105005,18:00-20:00,23.38,17.59
500105005,20:00-22:00,16.63,11.16
500105005,22:00-24:00,10.41,6.05
500105006,00:00-02:00,0.69,0.43
500105006,02:00-04:00,0.0,0.22
500105006,04:00-06:00,0.28,0.38
500105006,06:00-08:00,6.63,4.41
500105006,08:00-10:00,6.24,7.74
500105006,10:00-12:00,5.34,4.54
500105006,12:00-14:00,6.21,7.25
500105006,14:00-16:00,4.31,4.04
500105006,16:00-18:00,10.48,7.27
500105006,18:00-20:00,6.68,7.47
500105006,20:00-22:00,5.13,6.43
500105006,22:00-24:00,2.54,3.07
500105007,00:00-02:00,1.58,2.66
500105007,02:00-04:00,0.09,0.34
500105007,04:00-06:00,0.72,1.84
500105007,06:00-08:00,5.06,11.41
500105007,08:00-10:00,9.47,11.88
500105007,10:00-12:00,10.71,10.59
500105007,12:00-14:00,10.04,8.16
500105007,14:00-16:00,7.78,9.72
500105007,16:00-18:00,19.07,10.57
500105007,18:00-20:00,13.51,11.68
500105007,20:00-22:00,11.91,7.13
500105007,22:00-24:00,4.98,5.36
500105008,00:00-02:00,1.22,1.61
500105008,02:00-04:00,0.25,0.56
500105008,04:00-06:00,0.5,0.56
500105008,06:00-08:00,8.38,5.41
500105008,08:00-10:00,8.3,5.81
500105008,10:00-12:00,6.48,5.34
500105008,12:00-14:00,6.48,5.91
500105008,14:00-16:00,5.85,5.59
500105008,16:00-18:00,8.62,9.94
500105008,18:00-20:00,9.62,9.34
500105008,20:00-22:00,6.47,8.53
500105008,22:00-24:00,3.33,3.54
500105009,00:00-02:00,1.84,0.41
500105009,02:00-04:00,0.19,0.13
500105009,04:00-06:00,0.75,0.5
500105009,06:00-08:00,6.23,2.56
500105009,08:00-10:00,6.28,7.21
500105009,10:00-12:00,5.45,4.31
500105009,12:00-14:00,4.92,3.97
500105009,14:00-16:00,3.94,4.62
500105009,16:00-18:00,8.51,9.74
500105009,18:00-20:00,8.9,10.29
500105009,20:00-22:00,5.03,8.39
500105009,22:00-24:00,3.58,3.83
500105010,00:00-02:00,0.16,0.49
500105010,02:00-04:00,0.06,0.12
500105010,04:00-06:00,1.41,0.31
500105010,06:00-08:00,10.97,4.81
500105010,08:00-10:00,8.04,6.16
500105010,10:00-12:00,5.42,3.59
500105010,12:00-14:00,4.42,2.22
500105010,14:00-16:00,2.9,3.16
500105010,16:00-18:00,3.71,8.78
500105010,18:00-20:00,8.62,9.58
500105010,20:00-22:00,4.81,6.84
500105010,22:00-24:00,2.42,3.23
500105011,00:00-02:00,0.3,0.41
500105011,02:00-04:00,0.19,0.29
500105011,04:00-06:00,0.66,0.44
500105011,06:00-08:00,10.46,8.01
500105011,08:00-10:00,10.42,8.68
500105011,10:00-12:00,6.14,2.94
500105011,12:00-14:00,4.1,3.94
500105011,14:00-16:00,3.34,3.47
500105011,16:00-18:00,7.52,8.78
500105011,18:00-20:00,10.31,10.08
500105011,20:00-22:00,4.41,6.83
500105011,22:00-24:00,2.38,3.46
500105012,00:00-02:00,0.39,0.43
500105012,02:00-04:00,0.0,0.22
500105012,04:00-06:00,0.84,0.09
500105012,06:00-08:00,8.74,3.0
500105012,08:00-10:00,6.04,4.81
500105012,10:00-12:00,3.96,2.44
500105012,12:00-14:00,2.95,2.19
500105012,14:00-16:00,2.83,2.22
500105012,16:00-18:00,4.81,7.36
500105012,18:00-20:00,5.09,8.87
500105012,20:00-22:00,3.91,5.28
500105012,22:00-24:00,1.1,2.2
500105013,00:00-02:00,0.79,1.02
500105013,02:00-04:00,0.22,0.5
500105013,04:00-06:00,0.28,0.72
500105013,06:00-08:00,7.72,2.14
500105013,08:00-10:00,10.38,6.03
500105013,10:00-12:00,5.92,5.09
500105013,12:00-14:00,5.9,4.16
500105013,14:00-16:00,3.33,4.06
500105013,16:00-18:00,5.07,7.17
500105013,18:00-20:00,6.86,8.76
500105013,20:00-22:00,4.94,7.07
500105013,22:00-24:00,3.42,3.59
500105014,00:00-02:00,1.54,1.14
500105014,02:00-04:00,0.56,0.32
500105014,04:00-06:00,0.56,0.69
500105014,06:00-08:00,4.63,4.36
500105014,08:00-10:00,6.87,6.19
500105014,10:00-12:00,6.64,7.06
500105014,12:00-14:00,6.47,6.35
500105014,14:00-16:00,4.49,4.89
500105014,16:00-18:00,8.95,9.3
500105014,18:00-20:00,9.41,7.55
500105014,20:00-22:00,7.13,6.5
500105014,22:00-24:00,2.68,3.99
500105015,00:00-02:00,1.38,2.86
500105015,02:00-04:00,1.16,0.91
500105015,04:00-06:00,0.88,0.57
500105015,06:00-08:00,2.44,2.95
500105015,08:00-10:00,7.7,8.21
500105015,10:00-12:00,9.02,5.76
500105015,12:00-14:00,11.03,12.11
500105015,14:00-16:00,8.0,6.78
500105015,16:00-18:00,11.92,7.29
500105015,18:00-20:00,9.44,9.06
500105015,20:00-22:00,5.97,7.62
500105015,22:00-24:00,3.43,4.76
500105016,00:00-02:00,0.46,1.31
500105016,02:00-04:00,0.09,0.23
500105016,04:00-06:00,1.44,0.66
500105016,06:00-08:00,13.01,3.63
500105016,08:00-10:00,14.09,9.26
500105016,10:00-12:00,8.85,6.93
500105016,12:00-14:00,7.55,7.07
500105016,14:00-16:00,7.43,6.59
500105016,16:00-18:00,9.91,12.27
500105016,18:00-20:00,12.43,14.46
500105016,20:00-22:00,8.91,10.74
500105016,22:00-24:00,2.04,5.04
500105017,00:00-02:00,1.05,1.31
500105017,02:00-04:00,0.19,0.22
500105017,04:00-06:00,0.28,1.53
500105017,06:00-08:00,4.22,3.59
500105017,08:00-10:00,5.46,4.53
500105017,10:00-12:00,6.07,6.01
500105017,12:00-14:00,4.77,4.63
500105017,14:00-16:00,4.77,4.81
500105017,16:00-18:00,6.04,6.14
500105017,18:00-20:00,5.82,6.03
500105017,20:00-22:00,6.3,3.53
500105017,22:00-24:00,2.5,2.45
500105018,00:00-02:00,2.27,2.37
500105018,02:00-04:00,0.91,0.5
500105018,04:00-06:00,0.47,1.41
500105018,06:00-08:00,2.28,4.53
500105018,08:00-10:00,5.34,11.77
500105018,10:00-12:00,6.25,10.3
500105018,12:00-14:00,10.54,9.42
500105018,14:00-16:00,6.97,7.69
500105018,16:00-18:00,13.47,6.71
500105018,18:00-20:00,8.43,8.59
500105018,20:00-22:00,8.66,6.38
500105018,22:00-24:00,7.03,3.58
500105019,00:00-02:00,2.26,1.25
500105019,02:00-04:00,0.07,0.44
500105019,04:00-06:00,0.27,1.56
500105019,06:00-08:00,3.31,4.22
500105019,08:00-10:00,5.54,5.16
500105019,10:00-12:00,4.32,4.68
500105019,12:00-14:00,5.51,7.97
500105019,14:00-16:00,5.44,5.87
500105019,16:00-18:00,7.87,5.88
500105019,18:00-20:00,7.11,4.78
500105019,20:00-22:00,4.4,2.53
500105019,22:00-24:00,3.1,2.13
500105020,00:00-02:00,1.75,1.02
500105020,02:00-04:00,0.24,0.53
500105020,04:00-06:00,0.53,0.97
500105020,06:00-08:00,3.07,4.97
500105020,08:00-10:00,3.72,5.59
500105020,10:00-12:00,3.23,4.03
500105020,12:00-14:00,4.44,5.07
500105020,14:00-16:00,5.06,4.25
500105020,16:00-18:00,6.05,5.29
500105020,18:00-20:00,7.22,4.72
500105020,20:00-22:00,4.7,3.66
500105020,22:00-24:00,3.37,1.85
500105021,00:00-02:00,0.62,0.49
500105021,02:00-04:00,0.13,0.16
500105021,04:00-06:00,0.35,0.19
500105021,06:00-08:00,2.29,1.84
500105021,08:00-10:00,2.72,3.06
500105021,10:00-12:00,1.77,1.91
500105021,12:00-14:00,1.66,1.78
500105021,14:00-16:00,1.36,1.66
500105021,16:00-18:00,4.25,2.8
500105021,18:00-20:00,3.81,3.94
500105021,20:00-22:00,2.93,2.66
500105021,22:00-24:00,1.36,1.38
500105022,00:00-02:00,1.18,0.69
500105022,02:00-04:00,0.28,0.37
500105022,04:00-06:00,1.05,1.81
500105022,06:00-08:00,3.55,5.5
500105022,08:00-10:00,6.91,6.97
500105022,10:00-12:00,6.17,4.15
500105022,12:00-14:00,4.49,6.35
500105022,14:00-16:00,5.95,5.91
500105022,16:00-18:00,9.22,7.74
500105022,18:00-20:00,8.07,6.65
500105022,20:00-22:00,7.92,6.25
500105022,22:00-24:00,2.54,3.17
500105023,00:00-02:00,0.64,0.59
500105023,02:00-04:00,0.11,0.22
500105023,04:00-06:00,0.2,1.69
500105023,06:00-08:00,6.47,15.85
500105023,08:00-10:00,14.28,13.41
500105023,10:00-12:00,4.15,5.93
500105023,12:00-14:00,7.07,5.82
500105023,14:00-16:00,6.62,3.72
500105023,16:00-18:00,16.21,11.48
500105023,18:00-20:00,13.61,7.56
500105023,20:00-22:00,8.23,4.41
500105023,22:00-24:00,4.17,2.2
500105024,00:00-02:00,0.3,0.52
500105024,02:00-04:00,0.06,0.03
500105024,04:00-06:00,1.75,0.94
500105024,06:00-08:00,4.11,4.48
500105024,08:00-10:00,7.12,4.19
500105024,10:00-12:00,5.13,4.19
500105024,12:00-14:00,5.53,5.78
500105024,14:00-16:00,4.15,4.34
500105024,16:00-18:00,6.43,6.7
500105024,18:00-20:00,7.69,8.09
500105024,20:00-22:00,6.69,5.19
500105024,22:00-24:00,1.26,4.09
500105025,00:00-02:00,0.62,1.45
500105025,02:00-04:00,0.12,0.19
500105025,04:00-06:00,1.03,1.56
500105025,06:00-08:00,3.66,5.09
500105025,08:00-10:00,5.66,4.47
500105025,10:00-12:00,3.9,3.15
500105025,12:00-14:00,4.13,3.0
500105025,14:00-16:00,4.0,3.5
500105025,16:00-18:00,5.79,4.44
500105025,18:00-20:00,5.32,4.93
500105025,20:00-22:00,2.72,3.72
500105025,22:00-24:00,1.25,2.45
500105026,00:00-02:00,0.81,1.58
500105026,02:00-04:00,0.06,0.39
500105026,04:00-06:00,0.72,0.17
500105026,06:00-08:00,3.67,3.61
500105026,08:00-10:00,4.13,6.06
500105026,10:00-12:00,4.94,4.99
500105026,12:00-14:00,5.29,3.94
500105026,14:00-16:00,3.82,4.06
500105026,16:00-18:00,6.42,3.5
500105026,18:00-20:00,3.84,3.25
500105026,20:00-22:00,3.41,2.62
500105026,22:00-24:00,2.71,2.19
500105027,00:00-02:00,1.18,1.74
500105027,02:00-04:00,0.22,0.53
500105027,04:00-06:00,0.88,0.64
500105027,06:00-08:00,7.46,0.63
500105027,08:00-10:00,7.84,3.47
500105027,10:00-12:00,4.12,3.03
500105027,12:00-14:00,3.87,2.41
500105027,14:00-16:00,2.43,1.94
500105027,16:00-18:00,3.4,6.51
500105027,18:00-20:00,3.25,6.84
500105027,20:00-22:00,2.28,6.25
500105027,22:00-24:00,2.98,3.0
500105028,00:00-02:00,0.8,1.45
500105028,02:00-04:00,0.31,0.22
500105028,04:00-06:00,0.25,0.28
500105028,06:00-08:00,3.57,2.91
500105028,08:00-10:00,4.56,9.44
500105028,10:00-12:00,6.18,8.22
500105028,12:00-14:00,8.99,8.04
500105028,14:00-16:00,8.25,4.62
500105028,16:00-18:00,9.26,4.53
500105028,18:00-20:00,5.31,3.94
500105028,20:00-22:00,4.42,3.19
500105028,22:00-24:00,2.03,3.26
500105029,00:00-02:00,0.2,0.89
500105029,02:00-04:00,0.19,0.41
500105029,04:00-06:00,0.84,0.25
500105029,06:00-08:00,4.72,2.0
500105029,08:00-10:00,4.68,4.59
500105029,10:00-12:00,3.07,4.03
500105029,12:00-14:00,2.98,3.56
500105029,14:00-16:00,3.64,1.98
500105029,16:00-18:00,5.22,6.36
500105029,18:00-20:00,5.25,6.18
500105029,20:00-22:00,5.03,6.26
500105029,22:00-24:00,2.57,2.56
500105030,00:00-02:00,0.53,0.99
500105030,02:00-04:00,0.19,0.44
500105030,04:00-06:00,0.13,0.25
500105030,06:00-08:00,2.09,3.84
500105030,08:00-10:00,5.75,5.32
500105030,10:00-12:00,3.9,2.72
500105030,12:00-14:00,4.11,4.91
500105030,14:00-16:00,3.56,1.87
500105030,16:00-18:00,6.28,4.72
500105030,18:00-20:00,4.05,4.59
500105030,20:00-22:00,3.21,3.28
500105030,22:00-24:00,1.63,1.25
500105031,00:00-02:00,1.87,1.91
500105031,02:00-04:00,0.44,0.52
500105031,04:00-06:00,1.69,0.56
500105031,06:00-08:00,4.66,1.53
500105031,08:00-10:00,4.83,3.63
500105031,10:00-12:00,3.58,3.59
500105031,12:00-14:00,2.89,3.28
500105031,14:00-16:00,2.57,3.59
500105031,16:00-18:00,6.02,5.57
500105031,18:00-20:00,5.12,6.03
500105031,20:00-22:00,3.94,5.56
500105031,22:00-24:00,2.63,3.36
500105032,00:00-02:00,0.49,0.95
500105032,02:00-04:00,0.34,0.28
500105032,04:00-06:00,0.72,0.63
500105032,06:00-08:00,3.97,1.41
500105032,08:00-10:00,4.15,3.47
500105032,10:00-12:00,3.68,3.5
500105032,12:00-14:00,3.79,3.72
500105032,14:00-16:00,2.5,3.44
500105032,16:00-18:00,6.68,7.61
500105032,18:00-20:00,5.93,5.72
500105032,20:00-22:00,4.74,4.16
500105032,22:00-24:00,1.13,1.91
500105033,00:00-02:00,0.47,0.69
500105033,02:00-04:00,0.17,0.25
500105033,04:00-06:00,0.81,0.16
500105033,06:00-08:00,3.48,8.31
500105033,08:00-10:00,3.78,4.94
500105033,10:00-12:00,4.31,3.15
500105033,12:00-14:00,4.78,4.1
500105033,14:00-16:00,3.36,2.41
500105033,16:00-18:00,11.58,4.4
500105033,18:00-20:00,4.74,5.31
500105033,20:00-22:00,4.28,3.59
500105033,22:00-24:00,1.69,1.76
500105034,00:00-02:00,0.04,0.2
500105034,02:00-04:00,0.0,0.0
500105034,04:00-06:00,0.0,0.22
500105034,06:00-08:00,1.0,2.64
500105034,08:00-10:00,0.59,2.12
500105034,10:00-12:00,0.75,1.52
500105034,12:00-14:00,1.75,1.4
500105034,14:00-16:00,4.11,1.09
500105034,16:00-18:00,2.78,2.36
500105034,18:00-20:00,3.2,2.16
500105034,20:00-22:00,0.96,0.38
500105034,22:00-24:00,0.0,0.06
500105035,00:00-02:00,0.62,0.72
500105035,02:00-04:00,0.09,0.0
500105035,04:00-06:00,0.5,0.38
500105035,06:00-08:00,3.19,4.41
500105035,08:00-10:00,3.94,9.14
500105035,10:00-12:00,5.97,6.82
500105035,12:00-14:00,5.19,4.81
500105035,14:00-16:00,5.28,4.91
500105035,16:00-18:00,8.81,4.7
500105035,18:00-20:00,6.17,4.72
500105035,20:00-22:00,4.18,2.63
500105035,22:00-24:00,1.39,1.57
500105036,00:00-02:00,0.53,2.0
500105036,02:00-04:00,0.34,1.06
500105036,04:00-06:00,1.0,0.75
500105036,06:00-08:00,4.13,1.91
500105036,08:00-10:00,2.88,1.31
500105036,10:00-12:00,2.55,1.44
500105036,12:00-14:00,2.21,1.44
500105036,14:00-16:00,1.42,1.31
500105036,16:00-18:00,2.81,1.89
500105036,18:00-20:00,2.8,2.0
500105036,20:00-22:00,2.91,2.09
500105036,22:00-24:00,1.45,5.18
500105037,00:00-02:00,0.26,0.2
500105037,02:00-04:00,0.03,0.06
500105037,04:00-06:00,0.5,0.56
500105037,06:00-08:00,2.52,1.38
500105037,08:00-10:00,2.63,2.66
500105037,10:00-12:00,2.39,2.16
500105037,12:00-14:00,1.99,2.75
500105037,14:00-16:00,2.16,1.59
500105037,16:00-18:00,3.45,3.3
500105037,18:00-20:00,3.83,3.31
500105037,20:00-22:00,2.48,3.19
500105037,22:00-24:00,0.94,0.97
500105038,00:00-02:00,0.36,0.39
500105038,02:00-04:00,0.09,0.37
500105038,04:00-06:00,0.41,0.59
500105038,06:00-08:00,3.34,1.41
500105038,08:00-10:00,3.71,2.66
500105038,10:00-12:00,2.71,2.22
500105038,12:00-14:00,2.71,2.13
500105038,14:00-16:00,2.41,2.84
500105038,16:00-18:00,4.34,5.92
500105038,18:00-20:00,6.8,5.56
500105038,20:00-22:00,4.17,4.47
500105038,22:00-24:00,1.29,1.63
500105039,00:00-02:00,0.56,0.95
500105039,02:00-04:00,0.09,0.19
500105039,04:00-06:00,0.28,0.09
500105039,06:00-08:00,2.51,0.91
500105039,08:00-10:00,1.69,2.53
500105039,10:00-12:00,1.85,2.06
500105039,12:00-14:00,2.98,1.7
500105039,14:00-16:00,2.38,2.31
500105039,16:00-18:00,3.64,4.06
500105039,18:00-20:00,3.91,4.16
500105039,20:00-22:00,3.97,3.86
500105039,22:00-24:00,1.35,1.77
500105040,00:00-02:00,0.36,0.39
500105040,02:00-04:00,0.09,0.09
500105040,04:00-06:00,0.25,0.16
500105040,06:00-08:00,3.5,4.22
500105040,08:00-10:00,2.94,2.0
500105040,10:00-12:00,1.62,2.01
500105040,12:00-14:00,1.75,1.22
500105040,14:00-16:00,1.32,1.34
500105040,16:00-18:00,6.32,2.89
500105040,18:00-20:00,2.3,2.75
500105040,20:00-22:00,1.73,3.16
500105040,22:00-24:00,1.17,0.97
500105041,00:00-02:00,0.43,0.76
500105041,02:00-04:00,0.06,0.08
500105041,04:00-06:00,0.53,0.04
500105041,06:00-08:00,3.16,2.45
500105041,08:00-10:00,3.32,2.85
500105041,10:00-12:00,2.21,2.48
500105041,12:00-14:00,2.46,1.95
500105041,14:00-16:00,2.1,2.39
500105041,16:00-18:00,4.66,3.57
500105041,18:00-20:00,2.89,4.08
500105041,20:00-22:00,2.97,4.08
500105041,22:00-24:00,2.89,3.41
500105042,00:00-02:00,0.07,0.1
500105042,02:00-04:00,0.03,0.03
500105042,04:00-06:00,0.47,0.19
500105042,06:00-08:00,1.66,0.91
500105042,08:00-10:00,1.07,0.53
500105042,10:00-12:00,0.8,0.84
500105042,12:00-14:00,0.59,0.47
500105042,14:00-16:00,0.54,0.53
500105042,16:00-18:00,1.4,2.11
500105042,18:00-20:00,0.76,1.41
500105042,20:00-22:00,1.03,0.78
500105042,22:00-24:00,0.16,0.44
500105043,00:00-02:00,1.22,1.52
500105043,02:00-04:00,0.44,0.29
500105043,04:00-06:00,0.44,0.4
500105043,06:00-08:00,2.38,1.63
500105043,08:00-10:00,3.17,2.77
500105043,10:00-12:00,2.48,2.82
500105043,12:00-14:00,2.9,2.81
500105043,14:00-16:00,2.43,1.81
500105043,16:00-18:00,3.44,4.05
500105043,18:00-20:00,4.39,3.86
500105043,20:00-22:00,4.01,4.07
500105043,22:00-24:00,2.7,2.91
500105044,00:00-02:00,0.03,0.3
500105044,02:00-04:00,0.0,0.09
500105044,04:00-06:00,0.09,0.09
500105044,06:00-08:00,1.06,0.56
500105044,08:00-10:00,1.52,1.19
500105044,10:00-12:00,0.93,0.87
500105044,12:00-14:00,0.89,0.63
500105044,14:00-16:00,0.38,0.69
500105044,16:00-18:00,1.53,1.76
500105044,18:00-20:00,1.65,1.0
500105044,20:00-22:00,0.68,0.91
500105044,22:00-24:00,0.16,0.53
500105045,00:00-02:00,0.0,0.23
500105045,02:00-04:00,0.03,0.06
500105045,04:00-06:00,0.16,0.09
500105045,06:00-08:00,0.91,1.28
500105045,08:00-10:00,1.99,0.47
500105045,10:00-12:00,1.38,1.09
500105045,12:00-14:00,0.92,1.03
500105045,14:00-16:00,1.13,1.03
500105045,16:00-18:00,2.15,1.38
500105045,18:00-20:00,1.21,1.31
500105045,20:00-22:00,1.37,1.44
500105045,22:00-24:00,0.26,0.91
500105046,00:00-02:00,1.28,1.79
500105046,02:00-04:00,0.16,0.34
500105046,04:00-06:00,0.44,0.66
500105046,06:00-08:00,3.67,1.86
500105046,08:00-10:00,3.58,2.75
500105046,10:00-12:00,3.6,2.69
500105046,12:00-14:00,2.78,2.38
500105046,14:00-16:00,2.35,2.16
500105046,16:00-18:00,2.92,2.49
500105046,18:00-20:00,3.31,2.84
500105046,20:00-22:00,2.31,2.72
500105046,22:00-24:00,1.85,2.78
500105047,00:00-02:00,2.14,1.48
500105047,02:00-04:00,0.16,0.55
500105047,04:00-06:00,1.41,0.38
500105047,06:00-08:00,8.32,5.94
500105047,08:00-10:00,11.33,8.98
500105047,10:00-12:00,6.24,4.97
500105047,12:00-14:00,6.49,5.5
500105047,14:00-16:00,5.49,5.1
500105047,16:00-18:00,10.15,10.01
500105047,18:00-20:00,10.24,10.93
500105047,20:00-22:00,7.13,9.4
500105047,22:00-24:00,4.71,5.69
500105048,00:00-02:00,1.54,0.53
500105048,02:00-04:00,0.39,0.62
500105048,04:00-06:00,0.24,1.94
500105048,06:00-08:00,3.28,7.6
500105048,08:00-10:00,8.06,8.01
500105048,10:00-12:00,5.53,6.61
500105048,12:00-14:00,4.69,4.9
500105048,14:00-16:00,5.98,5.82
500105048,16:00-18:00,10.79,8.89
500105048,18:00-20:00,9.42,5.72
500105048,20:00-22:00,4.89,2.97
500105048,22:00-24:00,2.75,1.73
500105049,00:00-02:00,0.2,0.36
500105049,02:00-04:00,0.22,0.44
500105049,04:00-06:00,0.72,0.13
500105049,06:00-08:00,4.0,0.53
500105049,08:00-10:00,2.5,2.69
500105049,10:00-12:00,2.45,2.16
500105049,12:00-14:00,1.38,1.31
500105049,14:00-16:00,1.15,2.22
500105049,16:00-18:00,3.21,4.4
500105049,18:00-20:00,1.87,3.87
500105049,20:00-22:00,3.81,2.51
500105049,22:00-24:00,0.78,1.76
500105050,00:00-02:00,0.97,0.49
500105050,02:00-04:00,0.3,0.09
500105050,04:00-06:00,0.56,0.38
500105050,06:00-08:00,2.39,3.53
500105050,08:00-10:00,4.31,6.44
500105050,10:00-12:00,2.69,2.72
500105050,12:00-14:00,2.16,2.69
500105050,14:00-16:00,2.0,2.13
500105050,16:00-18:00,5.42,3.78
500105050,18:00-20:00,6.02,4.37
500105050,20:00-22:00,3.47,3.22
500105050,22:00-24:00,2.51,2.01
500105051,00:00-02:00,0.0,0.13
500105051,02:00-04:00,0.0,0.12
500105051,04:00-06:00,0.0,0.56
500105051,06:00-08:00,0.84,1.06
500105051,08:00-10:00,1.32,0.97
500105051,10:00-12:00,0.7,0.56
500105051,12:00-14:00,0.19,0.81
500105051,14:00-16:00,0.82,0.99
500105051,16:00-18:00,1.33,0.31
500105051,18:00-20:00,0.66,0.5
500105051,20:00-22:00,0.87,0.41
500105051,22:00-24:00,0.28,0.16
500105053,00:00-02:00,0.56,0.5
500105053,02:00-04:00,0.66,0.0
500105053,04:00-06:00,0.25,0.03
500105053,06:00-08:00,5.31,1.25
500105053,08:00-10:00,4.38,3.31
500105053,10:00-12:00,3.82,2.9
500105053,12:00-14:00,3.13,3.44
500105053,14:00-16:00,2.19,2.06
500105053,16:00-18:00,3.63,3.62
500105053,18:00-20:00,2.84,5.84
500105053,20:00-22:00,1.59,4.07
500105053,22:00-24:00,1.44,1.2
500105054,00:00-02:00,0.1,0.1
500105054,02:00-04:00,0.0,0.03
500105054,04:00-06:00,0.19,0.03
500105054,06:00-08:00,1.63,0.88
500105054,08:00-10:00,1.74,1.34
500105054,10:00-12:00,1.26,1.37
500105054,12:00-14:00,0.73,0.94
500105054,14:00-16:00,0.93,0.47
500105054,16:00-18:00,4.62,1.73
500105054,18:00-20:00,0.55,1.34
500105054,20:00-22:00,0.63,0.97
500105054,22:00-24:00,0.31,0.7
500105055,00:00-02:00,0.39,0.76
500105055,02:00-04:00,0.62,0.22
500105055,04:00-06:00,1.84,0.56
500105055,06:00-08:00,8.76,2.81
500105055,08:00-10:00,6.84,6.88
500105055,10:00-12:00,6.9,6.53
500105055,12:00-14:00,5.17,5.25
500105055,14:00-16:00,4.71,5.72
500105055,16:00-18:00,8.46,11.55
500105055,18:00-20:00,8.25,10.99
500105055,20:00-22:00,8.09,7.31
500105055,22:00-24:00,2.95,4.48
500105056,00:00-02:00,0.33,0.85
500105056,02:00-04:00,0.09,0.17
500105056,04:00-06:00,0.34,0.27
500105056,06:00-08:00,2.4,4.2
500105056,08:00-10:00,3.77,2.8
500105056,10:00-12:00,2.46,1.97
500105056,12:00-14:00,1.94,2.25
500105056,14:00-16:00,2.26,1.81
500105056,16:00-18:00,5.3,2.17
500105056,18:00-20:00,3.3,4.72
500105056,20:00-22:00,2.86,2.47
500105056,22:00-24:00,1.78,1.72
500105057,00:00-02:00,0.36,0.26
500105057,02:00-04:00,0.09,0.09
500105057,04:00-06:00,0.67,0.13
500105057,06:00-08:00,1.23,1.09
500105057,08:00-10:00,1.25,2.21
500105057,10:00-12:00,1.3,0.82
500105057,12:00-14:00,1.44,1.9
500105057,14:00-16:00,1.27,0.96
500105057,16:00-18:00,2.67,1.29
500105057,18:00-20:00,2.37,2.72
500105057,20:00-22:00,2.01,2.18
500105057,22:00-24:00,1.01,1.12
500105058,00:00-02:00,0.03,0.07
500105058,02:00-04:00,0.03,0.22
500105058,04:00-06:00,0.06,0.0
500105058,06:00-08:00,0.43,0.38
500105058,08:00-10:00,0.71,0.22
500105058,10:00-12:00,0.45,0.69
500105058,12:00-14:00,0.38,0.47
500105058,14:00-16:00,0.22,0.22
500105058,16:00-18:00,0.62,0.69
500105058,18:00-20:00,0.93,0.62
500105058,20:00-22:00,0.61,0.56
500105058,22:00-24:00,0.13,0.19
500105059,00:00-02:00,1.12,1.22
500105059,02:00-04:00,0.28,0.59
500105059,04:00-06:00,0.5,0.44
500105059,06:00-08:00,3.44,1.16
500105059,08:00-10:00,3.44,3.03
500105059,10:00-12:00,2.41,2.59
500105059,12:00-14:00,2.72,3.04
500105059,14:00-16:00,2.1,1.79
500105059,16:00-18:00,4.15,4.37
500105059,18:00-20:00,4.57,4.01
500105059,20:00-22:00,3.74,4.13
500105059,22:00-24:00,2.35,2.56
500105060,00:00-02:00,0.16,0.36
500105060,02:00-04:00,0.0,0.03
500105060,04:00-06:00,0.28,0.8
500105060,06:00-08:00,3.16,3.83
500105060,08:00-10:00,4.01,1.67
500105060,10:00-12:00,1.8,1.78
500105060,12:00-14:00,2.36,1.78
500105060,14:00-16:00,1.14,1.69
500105060,16:00-18:00,5.25,3.95
500105060,18:00-20:00,2.77,3.91
500105060,20:00-22:00,2.96,2.7
500105060,22:00-24:00,0.94,0.94
500105061,00:00-02:00,1.31,3.26
500105061,02:00-04:00,2.69,1.31
500105061,04:00-06:00,1.78,1.48
500105061,06:00-08:00,5.94,3.5
500105061,08:00-10:00,10.89,10.69
500105061,10:00-12:00,13.71,7.86
500105061,12:00-14:00,11.99,11.79
500105061,14:00-16:00,8.24,7.5
500105061,16:00-18:00,13.43,9.69
500105061,18:00-20:00,10.46,11.71
500105061,20:00-22:00,6.09,10.41
500105061,22:00-24:00,4.52,7.19
500105063,00:00-02:00,0.3,0.36
500105063,02:00-04:00,0.06,0.09
500105063,04:00-06:00,0.28,0.19
500105063,06:00-08:00,2.05,1.85
500105063,08:00-10:00,3.55,3.45
500105063,10:00-12:00,1.7,2.82
500105063,12:00-14:00,2.86,3.19
500105063,14:00-16:00,2.28,2.2
500105063,16:00-18:00,4.73,3.78
500105063,18:00-20:00,2.86,3.73
500105063,20:00-22:00,2.63,2.8
500105063,22:00-24:00,1.66,1.03
500105064,00:00-02:00,0.23,0.26
500105064,02:00-04:00,0.06,0.07
500105064,04:00-06:00,0.22,0.0
500105064,06:00-08:00,2.34,0.09
500105064,08:00-10:00,2.48,1.19
500105064,10:00-12:00,1.26,0.87
500105064,12:00-14:00,0.79,0.88
500105064,14:00-16:00,0.68,0.72
500105064,16:00-18:00,0.89,1.13
500105064,18:00-20:00,0.47,1.5
500105064,20:00-22:00,0.91,1.96
500105064,22:00-24:00,0.22,0.5
500105066,00:00-02:00,2.31,4.02
500105066,02:00-04:00,1.29,1.04
500105066,04:00-06:00,0.95,0.64
500105066,06:00-08:00,2.29,3.18
500105066,08:00-10:00,6.61,4.04
500105066,10:00-12:00,5.6,3.75
500105066,12:00-14:00,6.85,6.0
500105066,14:00-16:00,5.74,3.94
500105066,16:00-18:00,8.12,6.83
500105066,18:00-20:00,7.89,8.25
500105066,20:00-22:00,6.51,6.4
500105066,22:00-24:00,5.38,6.27
500105067,00:00-02:00,0.49,1.58
500105067,02:00-04:00,0.22,0.5
500105067,04:00-06:00,1.0,0.91
500105067,06:00-08:00,9.19,3.97
500105067,08:00-10:00,10.47,7.31
500105067,10:00-12:00,8.02,6.22
500105067,12:00-14:00,9.0,7.63
500105067,14:00-16:00,6.17,7.47
500105067,16:00-18:00,9.56,15.1
500105067,18:00-20:00,11.62,12.5
500105067,20:00-22:00,7.53,8.7
500105067,22:00-24:00,3.67,4.28
500105068,00:00-02:00,0.72,1.22
500105068,02:00-04:00,0.28,0.51
500105068,04:00-06:00,1.74,0.36
500105068,06:00-08:00,10.54,12.33
500105068,08:00-10:00,6.06,5.71
500105068,10:00-12:00,4.74,4.58
500105068,12:00-14:00,4.26,3.83
500105068,14:00-16:00,3.42,2.62
500105068,16:00-18:00,13.53,6.67
500105068,18:00-20:00,7.11,7.3
500105068,20:00-22:00,5.1,5.55
500105068,22:00-24:00,2.97,2.63
500105069,00:00-02:00,0.43,0.7
500105069,02:00-04:00,0.22,0.19
500105069,04:00-06:00,0.72,0.31
500105069,06:00-08:00,8.74,4.06
500105069,08:00-10:00,9.21,13.97
500105069,10:00-12:00,7.78,5.77
500105069,12:00-14:00,10.37,7.72
500105069,14:00-16:00,5.08,4.75
500105069,16:00-18:00,11.73,8.15
500105069,18:00-20:00,8.58,10.24
500105069,20:00-22:00,4.73,7.72
500105069,22:00-24:00,2.42,5.13
500105070,00:00-02:00,3.94,8.39
500105070,02:00-04:00,3.97,2.42
500105070,04:00-06:00,5.16,1.52
500105070,06:00-08:00,13.47,1.85
500105070,08:00-10:00,20.2,10.63
500105070,10:00-12:00,16.51,9.4
500105070,12:00-14:00,19.08,16.38
500105070,14:00-16:00,13.41,12.34
500105070,16:00-18:00,17.77,14.06
500105070,18:00-20:00,16.18,19.3
500105070,20:00-22:00,8.01,22.85
500105070,22:00-24:00,8.81,19.19
500105071,00:00-02:00,3.28,3.38
500105071,02:00-04:00,0.22,0.34
500105071,04:00-06:00,0.7,1.28
500105071,06:00-08:00,7.82,8.54
500105071,08:00-10:00,9.63,12.36
500105071,10:00-12:00,10.87,10.52
500105071,12:00-14:00,10.61,10.38
500105071,14:00-16:00,8.78,9.39
500105071,16:00-18:00,16.51,11.23
500105071,18:00-20:00,14.67,14.06
500105071,20:00-22:00,13.74,8.33
500105071,22:00-24:00,7.68,4.14
500105072,00:00-02:00,0.2,0.95
500105072,02:00-04:00,0.03,0.09
500105072,04:00-06:00,0.13,0.22
500105072,06:00-08:00,0.69,1.72
500105072,08:00-10:00,2.41,2.67
500105072,10:00-12:00,2.47,2.04
500105072,12:00-14:00,2.09,2.97
500105072,14:00-16:00,1.59,1.27
500105072,16:00-18:00,4.31,3.27
500105072,18:00-20:00,2.87,2.5
500105072,20:00-22:00,2.63,1.25
500105072,22:00-24:00,0.75,0.72
500105073,00:00-02:00,0.82,0.52
500105073,02:00-04:00,0.06,0.28
500105073,04:00-06:00,0.59,0.09
500105073,06:00-08:00,6.33,0.88
500105073,08:00-10:00,4.03,3.09
500105073,10:00-12:00,2.87,2.44
500105073,12:00-14:00,3.24,2.22
500105073,14:00-16:00,2.16,2.72
500105073,16:00-18:00,3.07,4.59
500105073,18:00-20:00,3.4,4.93
500105073,20:00-22:00,2.03,5.3
500105073,22:00-24:00,1.47,1.58
500105074,00:00-02:00,0.39,0.8
500105074,02:00-04:00,0.62,0.2
500105074,04:00-06:00,1.31,0.38
500105074,06:00-08:00,4.55,5.98
500105074,08:00-10:00,6.06,3.94
500105074,10:00-12:00,3.12,3.3
500105074,12:00-14:00,3.76,3.23
500105074,14:00-16:00,2.53,3.12
500105074,16:00-18:00,6.23,5.98
500105074,18:00-20:00,5.72,8.37
500105074,20:00-22:00,4.91,4.7
500105074,22:00-24:00,2.67,2.93
500105075,00:00-02:00,0.3,0.66
500105075,02:00-04:00,0.09,0.22
500105075,04:00-06:00,0.63,0.28
500105075,06:00-08:00,2.23,2.34
500105075,08:00-10:00,2.79,3.91
500105075,10:00-12:00,2.84,2.63
500105075,12:00-14:00,3.28,2.35
500105075,14:00-16:00,2.38,2.06
500105075,16:00-18:00,5.36,3.96
500105075,18:00-20:00,4.02,3.9
500105075,20:00-22:00,2.66,2.81
500105075,22:00-24:00,1.51,1.32
500105076,00:00-02:00,0.56,0.76
500105076,02:00-04:00,0.09,0.28
500105076,04:00-06:00,0.13,0.09
500105076,06:00-08:00,3.03,1.16
500105076,08:00-10:00,1.84,2.35
500105076,10:00-12:00,1.74,1.59
500105076,12:00-14:00,1.4,1.0
500105076,14:00-16:00,0.9,1.31
500105076,16:00-18:00,2.03,3.06
500105076,18:00-20:00,2.49,2.37
500105076,20:00-22:00,3.0,2.77
500105076,22:00-24:00,0.73,1.48
500105077,00:00-02:00,0.43,0.79
500105077,02:00-04:00,0.0,0.25
500105077,04:00-06:00,0.63,0.03
500105077,06:00-08:00,4.4,2.14
500105077,08:00-10:00,3.77,4.18
500105077,10:00-12:00,2.47,2.22
500105077,12:00-14:00,3.12,3.13
500105077,14:00-16:00,2.53,1.87
500105077,16:00-18:00,4.21,3.94
500105077,18:00-20:00,3.2,4.12
500105077,20:00-22:00,2.16,4.48
500105077,22:00-24:00,3.48,2.35
500105079,00:00-02:00,0.26,0.95
500105079,02:00-04:00,0.06,0.1
500105079,04:00-06:00,0.84,0.23
500105079,06:00-08:00,3.52,1.53
500105079,08:00-10:00,4.42,4.37
500105079,10:00-12:00,3.5,3.38
500105079,12:00-14:00,3.29,2.81
500105079,14:00-16:00,1.97,2.09
500105079,16:00-18:00,4.94,6.36
500105079,18:00-20:00,5.97,6.24
500105079,20:00-22:00,4.38,3.77
500105079,22:00-24:00,1.66,2.51
500105080,00:00-02:00,0.56,0.33
500105080,02:00-04:00,0.0,3.12
500105080,04:00-06:00,1.19,0.88
500105080,06:00-08:00,2.84,0.66
500105080,08:00-10:00,3.12,0.81
500105080,10:00-12:00,1.77,1.37
500105080,12:00-14:00,1.4,1.56
500105080,14:00-16:00,1.93,1.84
500105080,16:00-18:00,2.02,2.27
500105080,18:00-20:00,2.15,1.72
500105080,20:00-22:00,1.31,1.09
500105080,22:00-24:00,0.19,1.41
500105081,00:00-02:00,0.3,0.7
500105081,02:00-04:00,0.47,0.19
500105081,04:00-06:00,1.0,0.75
500105081,06:00-08:00,6.38,3.13
500105081,08:00-10:00,6.67,5.66
500105081,10:00-12:00,3.51,2.25
500105081,12:00-14:00,3.59,2.56
500105081,14:00-16:00,3.13,2.09
500105081,16:00-18:00,4.08,7.63
500105081,18:00-20:00,6.15,7.74
500105081,20:00-22:00,4.28,6.04
500105081,22:00-24:00,2.82,3.01
500105082,00:00-02:00,0.95,2.0
500105082,02:00-04:00,0.16,0.12
500105082,04:00-06:00,1.25,0.22
500105082,06:00-08:00,4.14,2.66
500105082,08:00-10:00,3.49,3.29
500105082,10:00-12:00,2.5,3.22
500105082,12:00-14:00,3.96,2.7
500105082,14:00-16:00,2.0,3.0
500105082,16:00-18:00,5.11,5.98
500105082,18:00-20:00,5.06,4.98
500105082,20:00-22:00,4.41,4.7
500105082,22:00-24:00,2.6,2.98
500105083,00:00-02:00,0.0,0.34
500105083,02:00-04:00,0.06,0.03
500105083,04:00-06:00,0.72,0.03
500105083,06:00-08:00,2.83,2.22
500105083,08:00-10:00,2.47,2.22
500105083,10:00-12:00,1.91,2.22
500105083,12:00-14:00,1.63,1.47
500105083,14:00-16:00,1.48,1.26
500105083,16:00-18:00,2.23,3.75
500105083,18:00-20:00,3.76,3.01
500105083,20:00-22:00,1.97,2.79
500105083,22:00-24:00,1.51,2.01
500105084,00:00-02:00,0.1,0.82
500105084,02:00-04:00,0.03,0.03
500105084,04:00-06:00,0.63,0.28
500105084,06:00-08:00,2.75,1.66
500105084,08:00-10:00,2.59,1.66
500105084,10:00-12:00,2.4,1.34
500105084,12:00-14:00,2.06,1.75
500105084,14:00-16:00,1.66,0.81
500105084,16:00-18:00,2.99,2.93
500105084,18:00-20:00,2.09,3.47
500105084,20:00-22:00,2.06,3.19
500105084,22:00-24:00,0.75,1.98
500105085,00:00-02:00,0.13,0.53
500105085,02:00-04:00,0.22,0.1
500105085,04:00-06:00,0.09,0.34
500105085,06:00-08:00,3.16,2.04
500105085,08:00-10:00,4.12,3.9
500105085,10:00-12:00,2.99,3.3
500105085,12:00-14:00,2.32,1.65
500105085,14:00-16:00,1.69,1.38
500105085,16:00-18:00,3.43,4.79
500105085,18:00-20:00,4.21,4.04
500105085,20:00-22:00,2.63,3.17
500105085,22:00-24:00,0.72,0.88
500105086,00:00-02:00,0.49,0.3
500105086,02:00-04:00,0.16,0.31
500105086,04:00-06:00,0.59,0.47
500105086,06:00-08:00,6.42,2.72
500105086,08:00-10:00,5.91,6.09
500105086,10:00-12:00,4.48,2.84
500105086,12:00-14:00,3.4,2.94
500105086,14:00-16:00,3.17,2.72
500105086,16:00-18:00,5.05,6.7
500105086,18:00-20:00,7.01,6.75
500105086,20:00-22:00,3.55,3.78
500105086,22:00-24:00,1.8,2.79
500105087,00:00-02:00,1.22,0.99
500105087,02:00-04:00,0.51,0.34
500105087,04:00-06:00,0.63,0.91
500105087,06:00-08:00,2.22,3.95
500105087,08:00-10:00,5.84,5.61
500105087,10:00-12:00,2.44,5.0
500105087,12:00-14:00,5.03,5.17
500105087,14:00-16:00,4.44,3.22
500105087,16:00-18:00,7.17,7.05
500105087,18:00-20:00,7.86,6.27
500105087,20:00-22:00,6.93,5.06
500105087,22:00-24:00,2.07,3.11
500105088,00:00-02:00,0.33,0.33
500105088,02:00-04:00,0.0,0.06
500105088,04:00-06:00,0.0,0.0
500105088,06:00-08:00,1.78,2.22
500105088,08:00-10:00,2.06,1.28
500105088,10:00-12:00,1.17,0.77
500105088,12:00-14:00,0.85,1.35
500105088,14:00-16:00,0.45,0.7
500105088,16:00-18:00,2.94,2.33
500105088,18:00-20:00,3.74,2.6
500105088,20:00-22:00,1.45,1.55
500105088,22:00-24:00,0.31,0.8
500105089,00:00-02:00,0.43,1.02
500105089,02:00-04:00,0.75,0.19
500105089,04:00-06:00,2.09,0.06
500105089,06:00-08:00,6.51,1.84
500105089,08:00-10:00,6.83,4.5
500105089,10:00-12:00,3.94,2.87
500105089,12:00-14:00,3.16,3.53
500105089,14:00-16:00,2.55,2.66
500105089,16:00-18:00,4.89,5.0
500105089,18:00-20:00,4.47,8.21
500105089,20:00-22:00,4.24,6.2
500105089,22:00-24:00,2.16,4.01
500105090,00:00-02:00,0.38,0.16
500105090,02:00-04:00,0.0,0.0
500105090,04:00-06:00,0.13,0.16
500105090,06:00-08:00,1.59,5.63
500105090,08:00-10:00,2.1,3.85
500105090,10:00-12:00,2.06,1.94
500105090,12:00-14:00,2.95,2.0
500105090,14:00-16:00,1.98,1.94
500105090,16:00-18:00,7.08,2.96
500105090,18:00-20:00,3.56,2.06
500105090,20:00-22:00,2.26,2.81
500105090,22:00-24:00,0.82,0.63
500105091,00:00-02:00,0.23,0.55
500105091,02:00-04:00,0.03,0.41
500105091,04:00-06:00,1.31,0.31
500105091,06:00-08:00,5.33,4.94
500105091,08:00-10:00,5.11,4.06
500105091,10:00-12:00,4.02,2.75
500105091,12:00-14:00,3.3,2.19
500105091,14:00-16:00,2.36,2.44
500105091,16:00-18:00,5.92,6.99
500105091,18:00-20:00,7.45,6.5
500105091,20:00-22:00,3.32,4.83
500105091,22:00-24:00,2.82,2.28
500105092,00:00-02:00,0.46,0.53
500105092,02:00-04:00,0.07,0.96
500105092,04:00-06:00,1.02,0.79
500105092,06:00-08:00,2.29,1.63
500105092,08:00-10:00,2.3,2.4
500105092,10:00-12:00,2.31,1.88
500105092,12:00-14:00,1.75,2.21
500105092,14:00-16:00,1.69,1.35
500105092,16:00-18:00,2.64,2.58
500105092,18:00-20:00,2.22,3.09
500105092,20:00-22:00,2.89,2.31
500105092,22:00-24:00,1.41,2.04
500105093,00:00-02:00,0.03,0.03
500105093,02:00-04:00,0.0,0.03
500105093,04:00-06:00,0.0,0.06
500105093,06:00-08:00,0.7,0.66
500105093,08:00-10:00,0.98,1.23
500105093,10:00-12:00,0.86,0.91
500105093,12:00-14:00,0.66,0.59
500105093,14:00-16:00,0.44,0.37
500105093,16:00-18:00,1.42,1.38
500105093,18:00-20:00,1.96,0.73
500105093,20:00-22:00,0.99,1.28
500105093,22:00-24:00,0.64,0.35
500105094,00:00-02:00,0.2,0.36
500105094,02:00-04:00,0.06,0.09
500105094,04:00-06:00,0.31,0.09
500105094,06:00-08:00,1.78,3.81
500105094,08:00-10:00,5.91,3.16
500105094,10:00-12:00,2.94,2.72
500105094,12:00-14:00,2.93,2.0
500105094,14:00-16:00,2.45,2.47
500105094,16:00-18:00,4.33,5.0
500105094,18:00-20:00,3.03,4.12
500105094,20:00-22:00,3.01,2.28
500105094,22:00-24:00,1.58,1.82
500105095,00:00-02:00,0.53,0.63
500105095,02:00-04:00,0.0,0.12
500105095,04:00-06:00,0.25,0.16
500105095,06:00-08:00,5.47,5.27
500105095,08:00-10:00,7.31,5.27
500105095,10:00-12:00,4.36,2.72
500105095,12:00-14:00,3.43,3.03
500105095,14:00-16:00,2.75,3.37
500105095,16:00-18:00,5.53,5.08
500105095,18:00-20:00,5.7,6.63
500105095,20:00-22:00,3.88,4.88
500105095,22:00-24:00,1.69,2.43
500105096,00:00-02:00,0.76,0.36
500105096,02:00-04:00,0.25,0.06
500105096,04:00-06:00,0.22,0.16
500105096,06:00-08:00,2.84,2.63
500105096,08:00-10:00,2.85,2.93
500105096,10:00-12:00,3.0,4.54
500105096,12:00-14:00,4.35,3.63
500105096,14:00-16:00,2.55,2.78
500105096,16:00-18:00,5.08,5.82
500105096,18:00-20:00,6.45,6.16
500105096,20:00-22:00,4.8,3.97
500105096,22:00-24:00,1.82,2.01
500105097,00:00-02:00,0.26,0.46
500105097,02:00-04:00,0.03,0.09
500105097,04:00-06:00,0.28,0.13
500105097,06:00-08:00,1.85,2.06
500105097,08:00-10:00,3.86,1.72
500105097,10:00-12:00,1.39,1.34
500105097,12:00-14:00,2.28,2.81
500105097,14:00-16:00,1.69,1.19
500105097,16:00-18:00,3.02,2.77
500105097,18:00-20:00,2.67,4.15
500105097,20:00-22:00,4.02,3.48
500105097,22:00-24:00,1.3,1.19
500105098,00:00-02:00,0.53,0.66
500105098,02:00-04:00,0.03,0.28
500105098,04:00-06:00,0.84,0.22
500105098,06:00-08:00,3.84,1.09
500105098,08:00-10:00,3.35,3.47
500105098,10:00-12:00,2.95,3.06
500105098,12:00-14:00,3.87,3.66
500105098,14:00-16:00,2.57,3.44
500105098,16:00-18:00,4.7,6.47
500105098,18:00-20:00,6.84,6.6
500105098,20:00-22:00,5.53,6.2
500105098,22:00-24:00,2.21,1.84
500105100,00:00-02:00,0.07,0.0
500105100,02:00-04:00,0.06,0.03
500105100,04:00-06:00,0.03,0.09
500105100,06:00-08:00,0.06,0.56
500105100,08:00-10:00,0.28,1.75
500105100,10:00-12:00,0.47,1.06
500105100,12:00-14:00,1.19,2.03
500105100,14:00-16:00,1.31,1.19
500105100,16:00-18:00,2.67,1.16
500105100,18:00-20:00,1.28,0.56
500105100,20:00-22:00,1.71,0.41
500105100,22:00-24:00,0.17,0.09
500105101,00:00-02:00,0.86,0.23
500105101,02:00-04:00,0.04,0.09
500105101,04:00-06:00,0.04,0.22
500105101,06:00-08:00,1.33,3.31
500105101,08:00-10:00,1.46,3.53
500105101,10:00-12:00,1.72,1.91
500105101,12:00-14:00,1.55,1.56
500105101,14:00-16:00,1.29,1.56
500105101,16:00-18:00,4.23,1.79
500105101,18:00-20:00,3.3,1.53
500105101,20:00-22:00,2.58,1.91
500105101,22:00-24:00,1.21,0.75
500105102,00:00-02:00,0.72,0.82
500105102,02:00-04:00,0.06,0.22
500105102,04:00-06:00,0.72,0.47
500105102,06:00-08:00,2.27,0.53
500105102,08:00-10:00,2.98,2.59
500105102,10:00-12:00,2.45,2.62
500105102,12:00-14:00,1.98,2.25
500105102,14:00-16:00,1.96,1.72
500105102,16:00-18:00,2.88,2.77
500105102,18:00-20:00,1.81,2.94
500105102,20:00-22:00,1.66,1.63
500105102,22:00-24:00,1.35,1.81
500105103,00:00-02:00,0.03,0.56
500105103,02:00-04:00,0.22,0.66
500105103,04:00-06:00,0.13,0.31
500105103,06:00-08:00,1.84,0.5
500105103,08:00-10:00,1.33,0.53
500105103,10:00-12:00,1.03,0.97
500105103,12:00-14:00,0.99,1.03
500105103,14:00-16:00,1.0,1.25
500105103,16:00-18:00,1.96,2.2
500105103,18:00-20:00,1.54,1.25
500105103,20:00-22:00,1.27,0.91
500105103,22:00-24:00,0.85,1.16
500105104,00:00-02:00,0.07,0.23
500105104,02:00-04:00,0.22,0.34
500105104,04:00-06:00,0.03,0.03
500105104,06:00-08:00,2.18,0.13
500105104,08:00-10:00,1.34,2.22
500105104,10:00-12:00,1.14,0.81
500105104,12:00-14:00,1.39,0.47
500105104,14:00-16:00,0.7,2.0
500105104,16:00-18:00,1.03,1.07
500105104,18:00-20:00,0.97,1.09
500105104,20:00-22:00,0.65,0.28
500105104,22:00-24:00,0.39,0.16
500105106,00:00-02:00,1.05,1.49
500105106,02:00-04:00,0.41,0.09
500105106,04:00-06:00,0.41,0.25
500105106,06:00-08:00,3.59,1.13
500105106,08:00-10:00,3.32,2.56
500105106,10:00-12:00,1.54,2.47
500105106,12:00-14:00,2.7,2.85
500105106,14:00-16:00,2.58,1.75
500105106,16:00-18:00,3.05,4.84
500105106,18:00-20:00,4.06,3.78
500105106,20:00-22:00,2.78,3.78
500105106,22:00-24:00,1.51,1.79
500105107,00:00-02:00,0.26,0.0
500105107,02:00-04:00,0.09,2.5
500105107,04:00-06:00,0.03,0.5
500105107,06:00-08:00,2.59,0.0
500105107,08:00-10:00,1.92,0.16
500105107,10:00-12:00,1.43,0.06
500105107,12:00-14:00,1.17,0.41
500105107,14:00-16:00,1.34,1.16
500105107,16:00-18:00,1.04,0.98
500105107,18:00-20:00,0.66,1.28
500105107,20:00-22:00,0.47,1.13
500105107,22:00-24:00,0.28,3.8
500105108,00:00-02:00,0.21,0.76
500105108,02:00-04:00,0.45,0.03
500105108,04:00-06:00,0.06,0.5
500105108,06:00-08:00,2.05,0.88
500105108,08:00-10:00,1.32,1.88
500105108,10:00-12:00,0.75,1.06
500105108,12:00-14:00,1.87,1.31
500105108,14:00-16:00,1.11,1.47
500105108,16:00-18:00,2.94,2.49
500105108,18:00-20:00,2.44,1.88
500105108,20:00-22:00,1.71,1.5
500105108,22:00-24:00,1.25,0.88
500105109,00:00-02:00,1.89,1.28
500105109,02:00-04:00,0.31,0.41
500105109,04:00-06:00,0.81,1.0
500105109,06:00-08:00,8.12,5.31
500105109,08:00-10:00,7.58,8.09
500105109,10:00-12:00,5.86,5.93
500105109,12:00-14:00,5.95,5.75
500105109,14:00-16:00,7.0,6.59
500105109,16:00-18:00,12.03,11.11
500105109,18:00-20:00,13.87,15.49
500105109,20:00-22:00,12.85,12.19
500105109,22:00-24:00,7.13,6.68
500105110,00:00-02:00,0.85,0.56
500105110,02:00-04:00,0.03,0.12
500105110,04:00-06:00,0.28,0.13
500105110,06:00-08:00,1.81,1.41
500105110,08:00-10:00,2.13,1.56
500105110,10:00-12:00,1.8,2.0
500105110,12:00-14:00,1.83,1.66
500105110,14:00-16:00,1.64,1.41
500105110,16:00-18:00,4.13,3.3
500105110,18:00-20:00,1.79,3.97
500105110,20:00-22:00,3.08,2.22
500105110,22:00-24:00,0.53,1.32
500105111,00:00-02:00,0.36,0.3
500105111,02:00-04:00,0.22,0.06
500105111,04:00-06:00,1.16,0.44
500105111,06:00-08:00,4.51,1.44
500105111,08:00-10:00,6.4,2.66
500105111,10:00-12:00,3.11,2.53
500105111,12:00-14:00,2.84,2.66
500105111,14:00-16:00,2.48,3.44
500105111,16:00-18:00,4.61,4.37
500105111,18:00-20:00,1.94,6.43
500105111,20:00-22:00,1.91,4.45
500105111,22:00-24:00,2.95,2.67
500105112,00:00-02:00,0.16,0.13
500105112,02:00-04:00,0.0,0.06
500105112,04:00-06:00,0.69,0.06
500105112,06:00-08:00,1.58,0.31
500105112,08:00-10:00,0.8,0.91
500105112,10:00-12:00,1.05,0.62
500105112,12:00-14:00,1.02,0.84
500105112,14:00-16:00,0.67,0.78
500105112,16:00-18:00,1.0,2.36
500105112,18:00-20:00,1.86,1.87
500105112,20:00-22:00,1.09,1.53
500105112,22:00-24:00,0.53,0.69
500105113,00:00-02:00,0.66,0.43
500105113,02:00-04:00,0.03,0.22
500105113,04:00-06:00,0.53,0.22
500105113,06:00-08:00,3.06,2.95
500105113,08:00-10:00,2.97,4.26
500105113,10:00-12:00,3.15,2.58
500105113,12:00-14:00,3.85,3.44
500105113,14:00-16:00,2.33,2.53
500105113,16:00-18:00,4.09,2.2
500105113,18:00-20:00,3.48,4.72
500105113,20:00-22:00,2.94,3.38
500105113,22:00-24:00,1.94,2.29
500105114,00:00-02:00,0.04,0.03
500105114,02:00-04:00,0.0,0.03
500105114,04:00-06:00,0.17,0.0
500105114,06:00-08:00,1.13,0.81
500105114,08:00-10:00,1.0,0.47
500105114,10:00-12:00,0.96,1.16
500105114,12:00-14:00,0.85,0.56
500105114,14:00-16:00,0.46,0.72
500105114,16:00-18:00,1.67,1.54
500105114,18:00-20:00,0.58,0.94
500105114,20:00-22:00,0.74,0.44
500105114,22:00-24:00,0.18,0.13
500105115,00:00-02:00,0.4,0.72
500105115,02:00-04:00,0.13,0.03
500105115,04:00-06:00,0.1,0.19
500105115,06:00-08:00,2.11,4.53
500105115,08:00-10:00,3.69,2.13
500105115,10:00-12:00,2.9,2.87
500105115,12:00-14:00,2.54,2.47
500105115,14:00-16:00,2.59,2.34
500105115,16:00-18:00,6.15,3.27
500105115,18:00-20:00,3.61,3.97
500105115,20:00-22:00,3.78,2.66
500105115,22:00-24:00,1.09,1.6
500105116,00:00-02:00,0.41,0.66
500105116,02:00-04:00,0.03,0.12
500105116,04:00-06:00,0.19,0.25
500105116,06:00-08:00,3.28,3.5
500105116,08:00-10:00,5.29,2.41
500105116,10:00-12:00,4.35,3.22
500105116,12:00-14:00,3.77,3.47
500105116,14:00-16:00,3.13,2.28
500105116,16:00-18:00,5.08,4.88
500105116,18:00-20:00,5.41,6.63
500105116,20:00-22:00,5.91,3.15
500105116,22:00-24:00,1.51,2.04
500105117,00:00-02:00,1.19,1.38
500105117,02:00-04:00,0.07,0.19
500105117,04:00-06:00,0.59,0.66
500105117,06:00-08:00,3.64,5.49
500105117,08:00-10:00,6.59,6.74
500105117,10:00-12:00,7.49,7.0
500105117,12:00-14:00,6.88,6.13
500105117,14:00-16:00,5.77,5.59
500105117,16:00-18:00,8.83,7.05
500105117,18:00-20:00,7.24,5.68
500105117,20:00-22:00,5.43,4.5
500105117,22:00-24:00,4.13,3.64
500105118,00:00-02:00,0.76,0.53
500105118,02:00-04:00,0.16,0.19
500105118,04:00-06:00,0.13,0.06
500105118,06:00-08:00,0.84,1.09
500105118,08:00-10:00,2.19,0.81
500105118,10:00-12:00,1.75,1.28
500105118,12:00-14:00,1.47,1.06
500105118,14:00-16:00,0.97,1.0
500105118,16:00-18:00,2.14,2.17
500105118,18:00-20:00,0.84,2.31
500105118,20:00-22:00,1.91,2.28
500105118,22:00-24:00,0.53,1.16
500105119,00:00-02:00,0.16,0.23
500105119,02:00-04:00,0.06,0.0
500105119,04:00-06:00,0.53,0.0
500105119,06:00-08:00,2.54,1.41
500105119,08:00-10:00,1.65,1.72
500105119,10:00-12:00,1.58,1.37
500105119,12:00-14:00,1.19,1.19
500105119,14:00-16:00,1.17,1.25
500105119,16:00-18:00,1.98,1.64
500105119,18:00-20:00,1.97,2.69
500105119,20:00-22:00,1.63,2.13
500105119,22:00-24:00,0.47,1.13
500105120,00:00-02:00,0.07,0.16
500105120,02:00-04:00,0.09,0.09
500105120,04:00-06:00,0.16,0.03
500105120,06:00-08:00,2.45,0.19
500105120,08:00-10:00,1.33,1.06
500105120,10:00-12:00,0.9,0.75
500105120,12:00-14:00,0.52,1.13
500105120,14:00-16:00,0.5,0.37
500105120,16:00-18:00,0.53,1.29
500105120,18:00-20:00,0.81,1.53
500105120,20:00-22:00,1.13,1.09
500105120,22:00-24:00,0.19,0.44
500105121,00:00-02:00,1.05,0.86
500105121,02:00-04:00,0.03,0.09
500105121,04:00-06:00,1.16,0.16
500105121,06:00-08:00,4.2,1.78
500105121,08:00-10:00,4.98,4.75
500105121,10:00-12:00,4.29,3.15
500105121,12:00-14:00,3.96,3.88
500105121,14:00-16:00,2.23,2.87
500105121,16:00-18:00,5.21,6.43
500105121,18:00-20:00,6.29,6.58
500105121,20:00-22:00,3.38,5.15
500105121,22:00-24:00,1.79,1.63
500105122,00:00-02:00,0.07,0.23
500105122,02:00-04:00,0.0,0.09
500105122,04:00-06:00,0.5,0.09
500105122,06:00-08:00,1.44,0.66
500105122,08:00-10:00,2.7,2.39
500105122,10:00-12:00,2.29,2.17
500105122,12:00-14:00,1.72,1.84
500105122,14:00-16:00,1.53,1.95
500105122,16:00-18:00,2.91,2.4
500105122,18:00-20:00,1.91,2.78
500105122,20:00-22:00,1.94,2.03
500105122,22:00-24:00,0.72,0.78
500105123,00:00-02:00,0.33,0.07
500105123,02:00-04:00,0.04,0.09
500105123,04:00-06:00,0.03,0.25
500105123,06:00-08:00,0.2,0.16
500105123,08:00-10:00,0.64,0.34
500105123,10:00-12:00,0.78,1.44
500105123,12:00-14:00,1.04,1.47
500105123,14:00-16:00,1.24,2.25
500105123,16:00-18:00,1.51,1.38
500105123,18:00-20:00,2.16,0.84
500105123,20:00-22:00,1.28,0.59
500105123,22:00-24:00,0.55,0.38
500105124,00:00-02:00,0.07,0.03
500105124,02:00-04:00,0.19,0.06
500105124,04:00-06:00,0.56,0.5
500105124,06:00-08:00,2.22,0.91
500105124,08:00-10:00,1.44,1.56
500105124,10:00-12:00,0.82,1.53
500105124,12:00-14:00,1.72,1.43
500105124,14:00-16:00,1.25,0.85
500105124,16:00-18:00,1.52,3.56
500105124,18:00-20:00,1.97,1.57
500105124,20:00-22:00,2.04,2.0
500105124,22:00-24:00,0.66,0.53
500105125,00:00-02:00,0.85,0.66
500105125,02:00-04:00,0.19,0.03
500105125,04:00-06:00,0.19,0.16
500105125,06:00-08:00,1.72,0.53
500105125,08:00-10:00,2.48,2.0
500105125,10:00-12:00,2.48,2.49
500105125,12:00-14:00,2.61,2.76
500105125,14:00-16:00,2.34,2.47
500105125,16:00-18:00,3.57,4.6
500105125,18:00-20:00,4.96,4.6
500105125,20:00-22:00,3.88,3.36
500105125,22:00-24:00,2.27,2.82
500105126,00:00-02:00,1.61,1.52
500105126,02:00-04:00,0.91,0.56
500105126,04:00-06:00,0.88,0.15
500105126,06:00-08:00,3.22,0.61
500105126,08:00-10:00,5.43,2.66
500105126,10:00-12:00,5.43,2.56
500105126,12:00-14:00,5.82,4.97
500105126,14:00-16:00,3.4,2.37
500105126,16:00-18:00,6.75,4.59
500105126,18:00-20:00,4.12,7.25
500105126,20:00-22:00,2.53,6.08
500105126,22:00-24:00,0.85,4.26
500106001,00:00-02:00,0.81,0.53
500106001,02:00-04:00,0.17,0.06
500106001,04:00-06:00,0.4,0.66
500106001,06:00-08:00,1.59,2.45
500106001,08:00-10:00,7.8,3.89
500106001,10:00-12:00,5.14,5.0
500106001,12:00-14:00,6.75,6.13
500106001,14:00-16:00,5.4,4.69
500106001,16:00-18:00,7.72,7.6
500106001,18:00-20:00,10.46,9.18
500106001,20:00-22:00,5.04,4.25
500106001,22:00-24:00,2.4,2.89
500106003,00:00-02:00,2.05,1.97
500106003,02:00-04:00,0.54,0.53
500106003,04:00-06:00,0.67,2.31
500106003,06:00-08:00,10.07,9.38
500106003,08:00-10:00,17.58,11.15
500106003,10:00-12:00,14.58,11.23
500106003,12:00-14:00,18.35,16.96
500106003,14:00-16:00,13.53,12.53
500106003,16:00-18:00,13.74,20.1
500106003,18:00-20:00,18.98,18.31
500106003,20:00-22:00,16.8,16.04
500106003,22:00-24:00,11.05,9.17
500106004,00:00-02:00,3.42,2.66
500106004,02:00-04:00,0.79,0.84
500106004,04:00-06:00,1.49,1.25
500106004,06:00-08:00,6.54,6.75
500106004,08:00-10:00,12.27,7.87
500106004,10:00-12:00,10.82,10.02
500106004,12:00-14:00,19.22,17.68
500106004,14:00-16:00,12.09,13.09
500106004,16:00-18:00,11.91,18.55
500106004,18:00-20:00,16.28,20.91
500106004,20:00-22:00,15.42,16.65
500106004,22:00-24:00,10.66,9.38
500106005,00:00-02:00,2.12,2.5
500106005,02:00-04:00,0.46,0.34
500106005,04:00-06:00,1.0,0.97
500106005,06:00-08:00,8.76,12.22
500106005,08:00-10:00,17.75,17.27
500106005,10:00-12:00,13.26,12.36
500106005,12:00-14:00,15.37,14.64
500106005,14:00-16:00,12.58,11.79
500106005,16:00-18:00,17.56,15.63
500106005,18:00-20:00,17.53,15.65
500106005,20:00-22:00,13.21,9.81
500106005,22:00-24:00,7.04,5.55
500106006,00:00-02:00,2.26,2.63
500106006,02:00-04:00,0.37,0.44
500106006,04:00-06:00,1.22,2.25
500106006,06:00-08:00,11.28,20.47
500106006,08:00-10:00,27.67,20.37
500106006,10:00-12:00,17.88,13.34
500106006,12:00-14:00,17.57,16.35
500106006,14:00-16:00,15.2,12.66
500106006,16:00-18:00,21.67,21.11
500106006,18:00-20:00,19.98,18.02
500106006,20:00-22:00,17.19,12.44
500106006,22:00-24:00,8.97,8.15
500106007,00:00-02:00,3.25,2.4
500106007,02:00-04:00,0.8,0.87
500106007,04:00-06:00,0.59,2.81
500106007,06:00-08:00,9.63,9.09
500106007,08:00-10:00,14.99,10.75
500106007,10:00-12:00,8.42,7.37
500106007,12:00-14:00,10.38,8.72
500106007,14:00-16:00,7.71,8.31
500106007,16:00-18:00,12.78,12.27
500106007,18:00-20:00,12.89,14.37
500106007,20:00-22:00,11.57,11.94
500106007,22:00-24:00,8.19,7.53
500106008,00:00-02:00,0.76,0.11
500106008,02:00-04:00,0.19,0.16
500106008,04:00-06:00,0.34,0.13
500106008,06:00-08:00,2.41,2.72
500106008,08:00-10:00,3.9,2.81
500106008,10:00-12:00,3.73,2.09
500106008,12:00-14:00,2.79,2.53
500106008,14:00-16:00,2.56,2.75
500106008,16:00-18:00,5.45,4.53
500106008,18:00-20:00,3.41,4.68
500106008,20:00-22:00,2.18,2.69
500106008,22:00-24:00,1.13,2.22
500106009,00:00-02:00,0.59,2.86
500106009,02:00-04:00,0.03,0.66
500106009,04:00-06:00,0.94,0.89
500106009,06:00-08:00,10.3,5.69
500106009,08:00-10:00,17.22,7.0
500106009,10:00-12:00,9.6,6.03
500106009,12:00-14:00,7.38,5.38
500106009,14:00-16:00,5.28,4.69
500106009,16:00-18:00,7.24,8.5
500106009,18:00-20:00,8.13,12.65
500106009,20:00-22:00,8.19,9.88
500106009,22:00-24:00,4.53,8.66
500106010,00:00-02:00,0.79,2.3
500106010,02:00-04:00,0.53,0.87
500106010,04:00-06:00,1.09,1.65
500106010,06:00-08:00,16.24,11.6
500106010,08:00-10:00,18.68,9.97
500106010,10:00-12:00,10.45,6.47
500106010,12:00-14:00,8.45,7.41
500106010,14:00-16:00,7.96,9.03
500106010,16:00-18:00,9.89,14.0
500106010,18:00-20:00,15.96,15.87
500106010,20:00-22:00,11.82,13.41
500106010,22:00-24:00,3.98,7.97
500106011,00:00-02:00,1.77,1.98
500106011,02:00-04:00,0.25,0.19
500106011,04:00-06:00,1.09,0.31
500106011,06:00-08:00,3.98,3.09
500106011,08:00-10:00,10.93,7.88
500106011,10:00-12:00,8.97,5.31
500106011,12:00-14:00,8.34,6.85
500106011,14:00-16:00,5.8,5.91
500106011,16:00-18:00,7.46,7.33
500106011,18:00-20:00,9.1,9.34
500106011,20:00-22:00,5.75,7.4
500106011,22:00-24:00,4.43,4.38
500106012,00:00-02:00,1.85,1.61
500106012,02:00-04:00,0.27,0.66
500106012,04:00-06:00,0.75,0.63
500106012,06:00-08:00,4.43,2.68
500106012,08:00-10:00,9.69,7.37
500106012,10:00-12:00,6.82,5.39
500106012,12:00-14:00,8.5,7.88
500106012,14:00-16:00,7.52,7.03
500106012,16:00-18:00,7.99,9.59
500106012,18:00-20:00,10.53,11.63
500106012,20:00-22:00,8.0,7.94
500106012,22:00-24:00,4.59,5.56
500106013,00:00-02:00,1.38,2.13
500106013,02:00-04:00,0.66,0.33
500106013,04:00-06:00,1.88,1.25
500106013,06:00-08:00,7.99,5.15
500106013,08:00-10:00,11.6,10.75
500106013,10:00-12:00,12.55,9.99
500106013,12:00-14:00,15.21,15.25
500106013,14:00-16:00,11.01,10.89
500106013,16:00-18:00,13.06,15.01
500106013,18:00-20:00,13.36,16.65
500106013,20:00-22:00,11.48,9.82
500106013,22:00-24:00,5.01,7.43
500106014,00:00-02:00,2.5,3.71
500106014,02:00-04:00,0.56,1.16
500106014,04:00-06:00,3.5,1.59
500106014,06:00-08:00,22.39,9.44
500106014,08:00-10:00,28.36,20.13
500106014,10:00-12:00,16.72,9.34
500106014,12:00-14:00,13.19,12.66
500106014,14:00-16:00,11.14,12.59
500106014,16:00-18:00,13.82,21.62
500106014,18:00-20:00,26.36,27.14
500106014,20:00-22:00,14.97,25.0
500106014,22:00-24:00,10.7,12.76
500106015,00:00-02:00,0.98,1.87
500106015,02:00-04:00,0.11,0.34
500106015,04:00-06:00,0.41,0.25
500106015,06:00-08:00,9.98,10.26
500106015,08:00-10:00,15.07,14.52
500106015,10:00-12:00,7.61,6.67
500106015,12:00-14:00,8.29,7.79
500106015,14:00-16:00,6.42,5.56
500106015,16:00-18:00,10.69,10.73
500106015,18:00-20:00,10.41,7.96
500106015,20:00-22:00,6.85,4.72
500106015,22:00-24:00,5.95,4.7
500106016,00:00-02:00,1.0,1.28
500106016,02:00-04:00,0.25,0.22
500106016,04:00-06:00,0.23,0.41
500106016,06:00-08:00,4.8,3.0
500106016,08:00-10:00,8.65,7.72
500106016,10:00-12:00,6.68,5.64
500106016,12:00-14:00,8.95,6.92
500106016,14:00-16:00,6.11,6.39
500106016,16:00-18:00,7.94,9.38
500106016,18:00-20:00,9.18,7.8
500106016,20:00-22:00,6.35,6.31
500106016,22:00-24:00,4.24,3.15
500106017,00:00-02:00,1.89,1.87
500106017,02:00-04:00,1.12,0.62
500106017,04:00-06:00,1.11,0.88
500106017,06:00-08:00,6.91,7.81
500106017,08:00-10:00,13.36,11.69
500106017,10:00-12:00,9.6,10.46
500106017,12:00-14:00,11.99,10.99
500106017,14:00-16:00,8.15,9.25
500106017,16:00-18:00,13.42,14.82
500106017,18:00-20:00,16.57,14.53
500106017,20:00-22:00,14.13,10.27
500106017,22:00-24:00,6.51,6.81
500106018,00:00-02:00,0.66,3.15
500106018,02:00-04:00,0.31,0.47
500106018,04:00-06:00,1.0,0.78
500106018,06:00-08:00,14.38,3.94
500106018,08:00-10:00,18.41,12.47
500106018,10:00-12:00,8.81,6.25
500106018,12:00-14:00,9.11,9.25
500106018,14:00-16:00,7.16,6.22
500106018,16:00-18:00,10.76,10.85
500106018,18:00-20:00,9.63,11.49
500106018,20:00-22:00,5.16,9.66
500106018,22:00-24:00,3.01,6.56
500106019,00:00-02:00,1.45,0.96
500106019,02:00-04:00,0.28,0.37
500106019,04:00-06:00,0.56,0.47
500106019,06:00-08:00,7.94,8.32
500106019,08:00-10:00,13.06,17.29
500106019,10:00-12:00,13.65,12.28
500106019,12:00-14:00,14.44,14.52
500106019,14:00-16:00,12.25,11.44
500106019,16:00-18:00,14.67,15.19
500106019,18:00-20:00,14.34,13.77
500106019,20:00-22:00,10.33,8.88
500106019,22:00-24:00,4.65,5.3
500106020,00:00-02:00,0.72,0.46
500106020,02:00-04:00,0.22,0.19
500106020,04:00-06:00,0.25,0.19
500106020,06:00-08:00,3.27,2.38
500106020,08:00-10:00,6.74,8.56
500106020,10:00-12:00,7.81,5.96
500106020,12:00-14:00,7.63,9.75
500106020,14:00-16:00,7.35,6.55
500106020,16:00-18:00,8.51,8.12
500106020,18:00-20:00,8.56,7.95
500106020,20:00-22:00,6.15,4.34
500106020,22:00-24:00,1.36,1.98
500106021,00:00-02:00,0.23,1.05
500106021,02:00-04:00,2.37,0.22
500106021,04:00-06:00,1.56,0.97
500106021,06:00-08:00,7.78,12.13
500106021,08:00-10:00,13.31,6.66
500106021,10:00-12:00,6.22,6.65
500106021,12:00-14:00,7.82,7.69
500106021,14:00-16:00,6.35,7.31
500106021,16:00-18:00,15.98,10.51
500106021,18:00-20:00,8.14,9.53
500106021,20:00-22:00,7.14,6.72
500106021,22:00-24:00,1.22,3.39
500106022,00:00-02:00,2.06,2.14
500106022,02:00-04:00,0.1,0.34
500106022,04:00-06:00,0.54,0.97
500106022,06:00-08:00,16.99,15.53
500106022,08:00-10:00,20.25,21.88
500106022,10:00-12:00,11.01,12.81
500106022,12:00-14:00,17.4,14.76
500106022,14:00-16:00,13.14,13.59
500106022,16:00-18:00,23.79,23.45
500106022,18:00-20:00,17.24,14.62
500106022,20:00-22:00,13.6,11.66
500106022,22:00-24:00,6.72,6.56
500106023,00:00-02:00,1.6,1.58
500106023,02:00-04:00,0.22,0.94
500106023,04:00-06:00,0.47,0.34
500106023,06:00-08:00,5.33,5.56
500106023,08:00-10:00,10.27,12.17
500106023,10:00-12:00,8.19,7.35
500106023,12:00-14:00,12.62,14.04
500106023,14:00-16:00,9.21,8.12
500106023,16:00-18:00,11.87,8.68
500106023,18:00-20:00,8.54,7.78
500106023,20:00-22:00,6.37,5.69
500106023,22:00-24:00,3.67,3.42
500106025,00:00-02:00,1.35,1.62
500106025,02:00-04:00,0.03,0.43
500106025,04:00-06:00,0.56,0.26
500106025,06:00-08:00,11.49,2.76
500106025,08:00-10:00,11.01,8.44
500106025,10:00-12:00,8.36,6.03
500106025,12:00-14:00,7.94,6.97
500106025,14:00-16:00,5.75,6.03
500106025,16:00-18:00,7.25,11.33
500106025,18:00-20:00,11.24,11.09
500106025,20:00-22:00,6.16,11.69
500106025,22:00-24:00,4.23,6.55
500106026,00:00-02:00,0.69,1.04
500106026,02:00-04:00,0.72,0.07
500106026,04:00-06:00,0.56,0.83
500106026,06:00-08:00,4.09,1.95
500106026,08:00-10:00,4.26,2.22
500106026,10:00-12:00,3.12,2.53
500106026,12:00-14:00,3.36,3.03
500106026,14:00-16:00,2.54,2.12
500106026,16:00-18:00,5.97,5.32
500106026,18:00-20:00,3.3,4.9
500106026,20:00-22:00,1.94,2.94
500106026,22:00-24:00,1.19,3.14
500106027,00:00-02:00,0.99,0.69
500106027,02:00-04:00,0.47,0.41
500106027,04:00-06:00,1.48,0.22
500106027,06:00-08:00,7.04,4.03
500106027,08:00-10:00,6.73,3.91
500106027,10:00-12:00,4.2,2.9
500106027,12:00-14:00,3.77,3.16
500106027,14:00-16:00,3.19,3.44
500106027,16:00-18:00,5.26,7.55
500106027,18:00-20:00,7.36,8.46
500106027,20:00-22:00,5.03,6.45
500106027,22:00-24:00,2.04,3.81
500106028,00:00-02:00,0.76,0.6
500106028,02:00-04:00,0.09,0.16
500106028,04:00-06:00,0.41,0.22
500106028,06:00-08:00,4.42,2.47
500106028,08:00-10:00,4.34,4.1
500106028,10:00-12:00,3.39,3.11
500106028,12:00-14:00,2.76,2.13
500106028,14:00-16:00,2.5,2.72
500106028,16:00-18:00,4.56,5.44
500106028,18:00-20:00,4.6,4.68
500106028,20:00-22:00,1.91,3.22
500106028,22:00-24:00,2.01,2.6
500106029,00:00-02:00,1.45,2.03
500106029,02:00-04:00,0.47,0.45
500106029,04:00-06:00,0.91,0.59
500106029,06:00-08:00,6.94,3.79
500106029,08:00-10:00,4.67,5.07
500106029,10:00-12:00,4.07,4.42
500106029,12:00-14:00,7.25,6.71
500106029,14:00-16:00,6.22,5.06
500106029,16:00-18:00,8.65,11.39
500106029,18:00-20:00,11.09,12.81
500106029,20:00-22:00,7.22,7.31
500106029,22:00-24:00,4.08,3.72
500106030,00:00-02:00,0.35,0.95
500106030,02:00-04:00,0.09,0.28
500106030,04:00-06:00,0.13,0.41
500106030,06:00-08:00,5.33,8.5
500106030,08:00-10:00,7.9,9.41
500106030,10:00-12:00,5.41,4.11
500106030,12:00-14:00,6.15,5.07
500106030,14:00-16:00,4.34,3.62
500106030,16:00-18:00,9.38,3.9
500106030,18:00-20:00,5.79,4.09
500106030,20:00-22:00,2.35,1.81
500106030,22:00-24:00,0.8,0.94
500106031,00:00-02:00,0.67,0.69
500106031,02:00-04:00,0.03,0.53
500106031,04:00-06:00,0.41,1.06
500106031,06:00-08:00,5.53,4.13
500106031,08:00-10:00,7.09,9.71
500106031,10:00-12:00,3.82,2.36
500106031,12:00-14:00,3.78,3.13
500106031,14:00-16:00,3.34,3.12
500106031,16:00-18:00,9.43,5.03
500106031,18:00-20:00,4.52,4.87
500106031,20:00-22:00,2.93,2.47
500106031,22:00-24:00,1.19,2.26
500106037,00:00-02:00,1.45,0.9
500106037,02:00-04:00,0.59,0.74
500106037,04:00-06:00,0.81,0.59
500106037,06:00-08:00,5.81,2.44
500106037,08:00-10:00,7.26,3.97
500106037,10:00-12:00,3.42,2.62
500106037,12:00-14:00,2.76,3.1
500106037,14:00-16:00,2.05,2.09
500106037,16:00-18:00,3.08,3.96
500106037,18:00-20:00,4.12,6.78
500106037,20:00-22:00,2.47,4.7
500106037,22:00-24:00,1.79,2.88
500106038,00:00-02:00,1.15,1.12
500106038,02:00-04:00,0.5,0.59
500106038,04:00-06:00,0.84,0.41
500106038,06:00-08:00,15.04,19.66
500106038,08:00-10:00,8.97,14.16
500106038,10:00-12:00,7.93,9.78
500106038,12:00-14:00,13.76,12.1
500106038,14:00-16:00,8.5,8.37
500106038,16:00-18:00,29.93,20.97
500106038,18:00-20:00,11.8,10.28
500106038,20:00-22:00,7.98,5.78
500106038,22:00-24:00,3.16,2.79
500106039,00:00-02:00,0.8,0.99
500106039,02:00-04:00,0.19,0.03
500106039,04:00-06:00,0.28,0.53
500106039,06:00-08:00,9.66,11.14
500106039,08:00-10:00,8.44,13.54
500106039,10:00-12:00,6.34,5.75
500106039,12:00-14:00,6.63,7.78
500106039,14:00-16:00,5.94,5.55
500106039,16:00-18:00,13.34,9.42
500106039,18:00-20:00,8.9,6.97
500106039,20:00-22:00,6.06,4.75
500106039,22:00-24:00,3.8,4.2
500106040,00:00-02:00,0.48,0.69
500106040,02:00-04:00,0.78,0.22
500106040,04:00-06:00,0.28,0.28
500106040,06:00-08:00,1.14,8.09
500106040,08:00-10:00,5.72,7.92
500106040,10:00-12:00,3.09,2.87
500106040,12:00-14:00,4.91,4.14
500106040,14:00-16:00,3.55,3.08
500106040,16:00-18:00,14.62,7.02
500106040,18:00-20:00,3.85,3.84
500106040,20:00-22:00,3.82,1.63
500106040,22:00-24:00,2.67,2.23
500106041,00:00-02:00,0.56,1.58
500106041,02:00-04:00,0.28,0.09
500106041,04:00-06:00,0.47,1.13
500106041,06:00-08:00,3.4,2.13
500106041,08:00-10:00,4.53,8.55
500106041,10:00-12:00,3.82,3.3
500106041,12:00-14:00,5.99,8.07
500106041,14:00-16:00,5.12,4.47
500106041,16:00-18:00,7.83,6.2
500106041,18:00-20:00,5.11,4.62
500106041,20:00-22:00,4.1,2.68
500106041,22:00-24:00,1.87,1.54
500106042,00:00-02:00,0.96,0.62
500106042,02:00-04:00,0.19,0.09
500106042,04:00-06:00,0.19,0.16
500106042,06:00-08:00,1.92,2.19
500106042,08:00-10:00,5.28,9.69
500106042,10:00-12:00,5.87,7.84
500106042,12:00-14:00,11.04,12.83
500106042,14:00-16:00,12.15,9.66
500106042,16:00-18:00,13.62,10.62
500106042,18:00-20:00,11.07,10.12
500106042,20:00-22:00,5.93,3.91
500106042,22:00-24:00,2.53,1.88
500106043,00:00-02:00,0.76,2.14
500106043,02:00-04:00,0.09,0.12
500106043,04:00-06:00,0.13,0.88
500106043,06:00-08:00,4.72,7.66
500106043,08:00-10:00,10.03,12.53
500106043,10:00-12:00,7.5,5.47
500106043,12:00-14:00,7.91,8.88
500106043,14:00-16:00,7.5,7.44
500106043,16:00-18:00,10.89,7.24
500106043,18:00-20:00,7.62,6.03
500106043,20:00-22:00,4.03,2.66
500106043,22:00-24:00,1.69,1.32
500106044,00:00-02:00,1.27,1.38
500106044,02:00-04:00,0.41,0.28
500106044,04:00-06:00,1.47,0.09
500106044,06:00-08:00,4.79,3.84
500106044,08:00-10:00,8.4,10.03
500106044,10:00-12:00,6.46,6.15
500106044,12:00-14:00,7.48,7.57
500106044,14:00-16:00,5.09,7.69
500106044,16:00-18:00,12.66,6.64
500106044,18:00-20:00,6.71,7.75
500106044,20:00-22:00,5.79,3.84
500106044,22:00-24:00,2.06,3.2
500106046,00:00-02:00,1.07,1.03
500106046,02:00-04:00,0.34,0.34
500106046,04:00-06:00,0.4,0.56
500106046,06:00-08:00,6.08,8.97
500106046,08:00-10:00,12.57,13.89
500106046,10:00-12:00,9.19,9.68
500106046,12:00-14:00,8.64,11.05
500106046,14:00-16:00,6.68,7.2
500106046,16:00-18:00,13.49,10.37
500106046,18:00-20:00,9.09,6.25
500106046,20:00-22:00,5.77,3.56
500106046,22:00-24:00,1.74,1.51
500106047,00:00-02:00,0.27,0.69
500106047,02:00-04:00,0.06,0.19
500106047,04:00-06:00,0.22,3.63
500106047,06:00-08:00,10.47,21.16
500106047,08:00-10:00,20.44,18.08
500106047,10:00-12:00,22.05,20.68
500106047,12:00-14:00,25.93,25.15
500106047,14:00-16:00,16.44,23.14
500106047,16:00-18:00,27.85,21.13
500106047,18:00-20:00,22.45,22.39
500106047,20:00-22:00,17.57,10.44
500106047,22:00-24:00,1.23,1.13
500106048,00:00-02:00,0.66,1.87
500106048,02:00-04:00,0.94,0.56
500106048,04:00-06:00,2.03,1.63
500106048,06:00-08:00,9.25,15.63
500106048,08:00-10:00,14.88,30.74
500106048,10:00-12:00,24.16,10.96
500106048,12:00-14:00,21.69,25.51
500106048,14:00-16:00,13.46,9.96
500106048,16:00-18:00,26.28,15.01
500106048,18:00-20:00,13.35,11.46
500106048,20:00-22:00,9.08,7.72
500106048,22:00-24:00,3.99,4.27
500106049,00:00-02:00,0.94,1.28
500106049,02:00-04:00,0.92,0.28
500106049,04:00-06:00,0.21,0.75
500106049,06:00-08:00,6.44,6.94
500106049,08:00-10:00,11.9,7.84
500106049,10:00-12:00,5.8,7.81
500106049,12:00-14:00,9.61,9.84
500106049,14:00-16:00,5.74,6.74
500106049,16:00-18:00,12.7,10.55
500106049,18:00-20:00,8.05,6.81
500106049,20:00-22:00,5.93,4.89
500106049,22:00-24:00,3.44,1.77
500106050,00:00-02:00,1.25,1.77
500106050,02:00-04:00,0.16,0.31
500106050,04:00-06:00,0.56,0.84
500106050,06:00-08:00,7.42,9.38
500106050,08:00-10:00,10.03,16.12
500106050,10:00-12:00,8.84,6.28
500106050,12:00-14:00,9.88,8.79
500106050,14:00-16:00,8.19,8.66
500106050,16:00-18:00,12.49,10.92
500106050,18:00-20:00,12.05,5.75
500106050,20:00-22:00,6.72,6.31
500106050,22:00-24:00,5.12,5.27
500106051,00:00-02:00,1.1,0.85
500106051,02:00-04:00,0.37,0.22
500106051,04:00-06:00,0.73,0.31
500106051,06:00-08:00,3.25,4.97
500106051,08:00-10:00,8.81,17.54
500106051,10:00-12:00,10.28,10.35
500106051,12:00-14:00,15.72,17.02
500106051,14:00-16:00,9.91,8.22
500106051,16:00-18:00,14.79,9.93
500106051,18:00-20:00,9.6,8.0
500106051,20:00-22:00,6.8,3.63
500106051,22:00-24:00,2.65,2.35
500106052,00:00-02:00,1.83,1.77
500106052,02:00-04:00,0.89,2.59
500106052,04:00-06:00,1.0,1.41
500106052,06:00-08:00,6.41,2.31
500106052,08:00-10:00,5.44,5.53
500106052,10:00-12:00,4.65,6.81
500106052,12:00-14:00,7.11,8.04
500106052,14:00-16:00,6.4,8.55
500106052,16:00-18:00,8.45,9.46
500106052,18:00-20:00,9.62,5.74
500106052,20:00-22:00,7.87,5.0
500106052,22:00-24:00,4.6,1.94
500106053,00:00-02:00,1.37,0.82
500106053,02:00-04:00,0.47,0.25
500106053,04:00-06:00,0.53,0.97
500106053,06:00-08:00,2.63,5.97
500106053,08:00-10:00,10.69,21.83
500106053,10:00-12:00,11.87,10.79
500106053,12:00-14:00,14.73,17.32
500106053,14:00-16:00,11.41,9.27
500106053,16:00-18:00,15.45,12.95
500106053,18:00-20:00,15.23,10.03
500106053,20:00-22:00,8.0,4.34
500106053,22:00-24:00,2.95,2.6
500106054,00:00-02:00,0.57,0.62
500106054,02:00-04:00,0.16,0.28
500106054,04:00-06:00,0.06,0.13
500106054,06:00-08:00,2.44,8.69
500106054,08:00-10:00,12.72,13.74
500106054,10:00-12:00,8.25,5.29
500106054,12:00-14:00,10.02,12.27
500106054,14:00-16:00,4.03,4.61
500106054,16:00-18:00,13.97,8.68
500106054,18:00-20:00,7.57,4.06
500106054,20:00-22:00,2.3,1.63
500106054,22:00-24:00,1.38,0.91
500106055,00:00-02:00,1.13,2.79
500106055,02:00-04:00,1.51,0.66
500106055,04:00-06:00,0.35,0.31
500106055,06:00-08:00,2.91,9.16
500106055,08:00-10:00,5.63,21.57
500106055,10:00-12:00,13.31,12.46
500106055,12:00-14:00,19.23,18.76
500106055,14:00-16:00,13.72,12.48
500106055,16:00-18:00,28.0,8.18
500106055,18:00-20:00,10.61,8.43
500106055,20:00-22:00,8.89,7.5
500106055,22:00-24:00,3.71,3.76
500106056,00:00-02:00,0.68,0.92
500106056,02:00-04:00,1.19,0.12
500106056,04:00-06:00,0.19,0.19
500106056,06:00-08:00,1.16,7.84
500106056,08:00-10:00,8.13,16.07
500106056,10:00-12:00,9.65,7.84
500106056,12:00-14:00,15.98,15.77
500106056,14:00-16:00,8.16,10.65
500106056,16:00-18:00,23.58,10.57
500106056,18:00-20:00,10.05,8.31
500106056,20:00-22:00,5.48,2.84
500106056,22:00-24:00,1.93,1.94
500106057,00:00-02:00,0.85,0.66
500106057,02:00-04:00,0.19,0.34
500106057,04:00-06:00,0.28,0.25
500106057,06:00-08:00,3.13,0.94
500106057,08:00-10:00,6.16,5.22
500106057,10:00-12:00,5.16,6.25
500106057,12:00-14:00,9.35,12.29
500106057,14:00-16:00,9.16,12.58
500106057,16:00-18:00,12.49,12.99
500106057,18:00-20:00,13.46,12.68
500106057,20:00-22:00,10.72,7.56
500106057,22:00-24:00,4.58,2.67
500106058,00:00-02:00,1.46,1.71
500106058,02:00-04:00,0.25,1.03
500106058,04:00-06:00,0.78,0.47
500106058,06:00-08:00,7.99,7.66
500106058,08:00-10:00,11.88,11.69
500106058,10:00-12:00,10.3,11.31
500106058,12:00-14:00,10.05,10.49
500106058,14:00-16:00,9.5,10.13
500106058,16:00-18:00,15.44,11.3
500106058,18:00-20:00,10.06,9.96
500106058,20:00-22:00,8.39,6.31
500106058,22:00-24:00,3.27,3.23
500106059,00:00-02:00,2.32,1.61
500106059,02:00-04:00,0.78,0.41
500106059,04:00-06:00,0.74,0.81
500106059,06:00-08:00,5.66,11.5
500106059,08:00-10:00,15.41,21.01
500106059,10:00-12:00,12.93,13.38
500106059,12:00-14:00,15.23,17.24
500106059,14:00-16:00,13.25,12.62
500106059,16:00-18:00,18.35,14.91
500106059,18:00-20:00,14.78,11.97
500106059,20:00-22:00,8.24,4.78
500106059,22:00-24:00,5.1,3.67
500106060,00:00-02:00,2.16,3.15
500106060,02:00-04:00,0.89,0.53
500106060,04:00-06:00,2.06,2.44
500106060,06:00-08:00,3.42,4.31
500106060,08:00-10:00,9.88,13.15
500106060,10:00-12:00,7.34,7.94
500106060,12:00-14:00,11.17,11.78
500106060,14:00-16:00,8.72,8.55
500106060,16:00-18:00,12.19,10.49
500106060,18:00-20:00,10.73,10.65
500106060,20:00-22:00,8.08,6.38
500106060,22:00-24:00,5.86,3.95
500106061,00:00-02:00,1.3,1.55
500106061,02:00-04:00,0.67,0.16
500106061,04:00-06:00,0.85,0.59
500106061,06:00-08:00,2.2,5.13
500106061,08:00-10:00,6.78,6.78
500106061,10:00-12:00,6.07,5.89
500106061,12:00-14:00,6.64,6.83
500106061,14:00-16:00,4.84,5.48
500106061,16:00-18:00,8.1,6.5
500106061,18:00-20:00,6.38,6.85
500106061,20:00-22:00,5.57,4.01
500106061,22:00-24:00,3.3,2.53
500106062,00:00-02:00,4.48,4.27
500106062,02:00-04:00,2.69,3.06
500106062,04:00-06:00,3.2,3.22
500106062,06:00-08:00,6.86,9.66
500106062,08:00-10:00,15.41,25.65
500106062,10:00-12:00,18.58,24.32
500106062,12:00-14:00,26.45,29.91
500106062,14:00-16:00,24.78,23.36
500106062,16:00-18:00,26.46,27.46
500106062,18:00-20:00,23.49,18.99
500106062,20:00-22:00,17.74,9.75
500106062,22:00-24:00,9.21,5.3
500106063,00:00-02:00,0.46,0.43
500106063,02:00-04:00,0.22,0.06
500106063,04:00-06:00,0.28,0.28
500106063,06:00-08:00,1.7,1.78
500106063,08:00-10:00,2.88,4.19
500106063,10:00-12:00,2.78,3.71
500106063,12:00-14:00,3.94,4.52
500106063,14:00-16:00,5.66,4.31
500106063,16:00-18:00,7.43,7.43
500106063,18:00-20:00,6.62,6.57
500106063,20:00-22:00,4.89,4.24
500106063,22:00-24:00,2.07,1.35
500106064,00:00-02:00,0.39,0.99
500106064,02:00-04:00,0.06,0.19
500106064,04:00-06:00,0.44,0.13
500106064,06:00-08:00,4.22,3.28
500106064,08:00-10:00,6.35,3.1
500106064,10:00-12:00,3.14,1.97
500106064,12:00-14:00,3.07,3.06
500106064,14:00-16:00,2.42,2.72
500106064,16:00-18:00,4.16,4.56
500106064,18:00-20:00,4.31,5.37
500106064,20:00-22:00,2.38,4.38
500106064,22:00-24:00,1.29,2.8
500106065,00:00-02:00,3.29,1.81
500106065,02:00-04:00,0.34,0.53
500106065,04:00-06:00,0.85,1.38
500106065,06:00-08:00,15.62,24.91
500106065,08:00-10:00,26.22,32.65
500106065,10:00-12:00,18.72,17.13
500106065,12:00-14:00,18.15,22.28
500106065,14:00-16:00,16.44,13.43
500106065,16:00-18:00,24.29,21.93
500106065,18:00-20:00,19.27,16.67
500106065,20:00-22:00,11.35,7.25
500106065,22:00-24:00,5.66,2.67
500106066,00:00-02:00,2.17,1.84
500106066,02:00-04:00,0.78,2.44
500106066,04:00-06:00,1.63,1.28
500106066,06:00-08:00,12.84,5.57
500106066,08:00-10:00,15.81,12.21
500106066,10:00-12:00,15.54,16.37
500106066,12:00-14:00,18.48,17.97
500106066,14:00-16:00,12.54,13.97
500106066,16:00-18:00,13.22,25.58
500106066,18:00-20:00,13.87,18.81
500106066,20:00-22:00,14.94,10.83
500106066,22:00-24:00,7.43,8.17
500106067,00:00-02:00,4.37,2.6
500106067,02:00-04:00,3.92,5.03
500106067,04:00-06:00,3.19,7.29
500106067,06:00-08:00,10.59,8.25
500106067,08:00-10:00,15.66,10.97
500106067,10:00-12:00,7.37,10.12
500106067,12:00-14:00,10.73,13.14
500106067,14:00-16:00,11.35,11.05
500106067,16:00-18:00,11.56,19.83
500106067,18:00-20:00,15.55,15.47
500106067,20:00-22:00,13.88,11.01
500106067,22:00-24:00,9.75,7.25
500106068,00:00-02:00,1.61,0.82
500106068,02:00-04:00,0.37,0.37
500106068,04:00-06:00,1.75,0.63
500106068,06:00-08:00,7.48,2.56
500106068,08:00-10:00,7.35,3.69
500106068,10:00-12:00,3.37,3.15
500106068,12:00-14:00,3.5,3.22
500106068,14:00-16:00,3.4,3.09
500106068,16:00-18:00,5.7,7.8
500106068,18:00-20:00,5.65,7.16
500106068,20:00-22:00,3.57,6.62
500106068,22:00-24:00,2.67,3.6
500106069,00:00-02:00,1.47,0.95
500106069,02:00-04:00,0.75,3.78
500106069,04:00-06:00,0.44,3.41
500106069,06:00-08:00,7.94,7.12
500106069,08:00-10:00,17.33,12.78
500106069,10:00-12:00,11.08,10.9
500106069,12:00-14:00,15.15,16.13
500106069,14:00-16:00,12.9,11.56
500106069,16:00-18:00,16.57,17.81
500106069,18:00-20:00,17.3,15.46
500106069,20:00-22:00,10.39,7.22
500106069,22:00-24:00,4.76,5.18
500106070,00:00-02:00,1.82,1.25
500106070,02:00-04:00,1.82,0.66
500106070,04:00-06:00,1.13,1.09
500106070,06:00-08:00,4.74,5.81
500106070,08:00-10:00,13.04,16.97
500106070,10:00-12:00,14.72,17.63
500106070,12:00-14:00,22.95,26.07
500106070,14:00-16:00,21.16,21.32
500106070,16:00-18:00,25.77,24.93
500106070,18:00-20:00,29.09,25.15
500106070,20:00-22:00,16.41,11.66
500106070,22:00-24:00,5.74,4.42
500106071,00:00-02:00,1.96,1.45
500106071,02:00-04:00,0.32,0.78
500106071,04:00-06:00,0.88,2.16
500106071,06:00-08:00,3.91,8.03
500106071,08:00-10:00,10.63,16.96
500106071,10:00-12:00,10.18,8.65
500106071,12:00-14:00,13.19,13.5
500106071,14:00-16:00,9.81,9.49
500106071,16:00-18:00,15.2,13.13
500106071,18:00-20:00,11.17,10.44
500106071,20:00-22:00,7.48,5.2
500106071,22:00-24:00,3.97,1.29
500106072,00:00-02:00,0.77,0.89
500106072,02:00-04:00,0.25,0.12
500106072,04:00-06:00,0.14,0.66
500106072,06:00-08:00,8.12,5.94
500106072,08:00-10:00,9.8,9.16
500106072,10:00-12:00,8.63,7.65
500106072,12:00-14:00,11.2,11.91
500106072,14:00-16:00,10.31,9.94
500106072,16:00-18:00,13.81,13.84
500106072,18:00-20:00,14.79,13.62
500106072,20:00-22:00,11.22,8.94
500106072,22:00-24:00,4.39,3.51
500106073,00:00-02:00,1.0,0.56
500106073,02:00-04:00,0.33,0.12
500106073,04:00-06:00,0.14,0.13
500106073,06:00-08:00,1.35,5.11
500106073,08:00-10:00,4.72,7.03
500106073,10:00-12:00,3.53,3.53
500106073,12:00-14:00,6.48,6.73
500106073,14:00-16:00,4.12,4.16
500106073,16:00-18:00,8.2,4.59
500106073,18:00-20:00,6.04,5.34
500106073,20:00-22:00,3.78,2.34
500106073,22:00-24:00,1.44,1.25
500106074,00:00-02:00,1.25,1.85
500106074,02:00-04:00,0.28,0.72
500106074,04:00-06:00,1.41,0.53
500106074,06:00-08:00,6.16,1.92
500106074,08:00-10:00,11.77,8.28
500106074,10:00-12:00,9.74,7.18
500106074,12:00-14:00,11.24,9.8
500106074,14:00-16:00,8.13,8.69
500106074,16:00-18:00,10.92,13.1
500106074,18:00-20:00,8.63,12.8
500106074,20:00-22:00,9.41,10.25
500106074,22:00-24:00,3.92,6.37
500106075,00:00-02:00,2.1,2.8
500106075,02:00-04:00,1.56,0.78
500106075,04:00-06:00,1.56,0.69
500106075,06:00-08:00,13.13,8.88
500106075,08:00-10:00,18.15,15.31
500106075,10:00-12:00,16.8,16.78
500106075,12:00-14:00,18.27,16.38
500106075,14:00-16:00,11.54,13.47
500106075,16:00-18:00,14.96,21.37
500106075,18:00-20:00,15.6,16.18
500106075,20:00-22:00,12.88,12.39
500106075,22:00-24:00,6.52,6.95
500106077,00:00-02:00,4.84,3.59
500106077,02:00-04:00,2.35,1.05
500106077,04:00-06:00,1.28,0.72
500106077,06:00-08:00,5.46,9.02
500106077,08:00-10:00,19.3,21.36
500106077,10:00-12:00,15.75,15.26
500106077,12:00-14:00,18.85,21.26
500106077,14:00-16:00,11.75,11.2
500106077,16:00-18:00,22.82,14.98
500106077,18:00-20:00,14.44,13.15
500106077,20:00-22:00,10.53,11.38
500106077,22:00-24:00,6.25,9.61
500106078,00:00-02:00,0.53,1.12
500106078,02:00-04:00,2.12,0.37
500106078,04:00-06:00,0.66,0.56
500106078,06:00-08:00,4.26,2.66
500106078,08:00-10:00,7.62,8.38
500106078,10:00-12:00,5.5,5.63
500106078,12:00-14:00,7.54,7.82
500106078,14:00-16:00,5.61,5.12
500106078,16:00-18:00,8.66,7.96
500106078,18:00-20:00,6.8,6.43
500106078,20:00-22:00,5.21,4.63
500106078,22:00-24:00,2.33,3.73
500106079,00:00-02:00,0.35,0.72
500106079,02:00-04:00,0.03,0.03
500106079,04:00-06:00,0.03,0.0
500106079,06:00-08:00,3.69,2.7
500106079,08:00-10:00,2.58,2.34
500106079,10:00-12:00,1.58,3.26
500106079,12:00-14:00,3.31,3.8
500106079,14:00-16:00,2.54,3.24
500106079,16:00-18:00,4.79,3.09
500106079,18:00-20:00,3.52,3.72
500106079,20:00-22:00,3.24,1.53
500106079,22:00-24:00,0.98,1.38
500106080,00:00-02:00,2.2,0.79
500106080,02:00-04:00,0.57,0.94
500106080,04:00-06:00,1.75,5.26
500106080,06:00-08:00,16.14,12.87
500106080,08:00-10:00,16.34,12.65
500106080,10:00-12:00,8.92,10.73
500106080,12:00-14:00,12.19,10.28
500106080,14:00-16:00,11.26,12.77
500106080,16:00-18:00,16.33,20.71
500106080,18:00-20:00,17.74,17.71
500106080,20:00-22:00,12.94,12.22
500106080,22:00-24:00,8.7,6.74
500106083,00:00-02:00,1.11,0.82
500106083,02:00-04:00,0.82,1.72
500106083,04:00-06:00,0.91,2.5
500106083,06:00-08:00,3.22,2.29
500106083,08:00-10:00,6.96,3.78
500106083,10:00-12:00,2.8,3.41
500106083,12:00-14:00,4.61,4.69
500106083,14:00-16:00,4.16,4.78
500106083,16:00-18:00,4.31,9.79
500106083,18:00-20:00,7.18,5.77
500106083,20:00-22:00,3.34,2.53
500106083,22:00-24:00,3.0,1.41
500106084,00:00-02:00,2.59,2.37
500106084,02:00-04:00,0.72,1.03
500106084,04:00-06:00,0.52,1.41
500106084,06:00-08:00,7.01,5.81
500106084,08:00-10:00,12.07,13.87
500106084,10:00-12:00,9.2,8.44
500106084,12:00-14:00,11.84,13.4
500106084,14:00-16:00,9.42,10.61
500106084,16:00-18:00,13.09,14.24
500106084,18:00-20:00,12.87,11.57
500106084,20:00-22:00,9.61,7.1
500106084,22:00-24:00,6.66,3.36
500106085,00:00-02:00,0.59,1.25
500106085,02:00-04:00,0.13,0.0
500106085,04:00-06:00,0.56,0.13
500106085,06:00-08:00,1.85,13.37
500106085,08:00-10:00,11.75,10.06
500106085,10:00-12:00,6.69,5.51
500106085,12:00-14:00,9.66,8.51
500106085,14:00-16:00,5.37,4.91
500106085,16:00-18:00,17.78,8.75
500106085,18:00-20:00,4.58,4.78
500106085,20:00-22:00,4.52,2.78
500106085,22:00-24:00,1.76,1.51
500106086,00:00-02:00,0.55,0.3
500106086,02:00-04:00,0.04,0.03
500106086,04:00-06:00,0.46,0.22
500106086,06:00-08:00,0.72,7.65
500106086,08:00-10:00,8.5,8.87
500106086,10:00-12:00,3.62,4.05
500106086,12:00-14:00,6.03,4.88
500106086,14:00-16:00,3.69,3.17
500106086,16:00-18:00,11.89,7.87
500106086,18:00-20:00,5.26,2.47
500106086,20:00-22:00,2.29,1.03
500106086,22:00-24:00,1.01,1.57
500106087,00:00-02:00,0.3,0.55
500106087,02:00-04:00,0.19,0.17
500106087,04:00-06:00,0.59,0.31
500106087,06:00-08:00,4.41,5.61
500106087,08:00-10:00,7.0,5.28
500106087,10:00-12:00,5.21,3.22
500106087,12:00-14:00,3.64,3.66
500106087,14:00-16:00,3.94,3.74
500106087,16:00-18:00,6.52,5.73
500106087,18:00-20:00,5.34,6.27
500106087,20:00-22:00,3.11,5.08
500106087,22:00-24:00,2.23,3.08
500106088,00:00-02:00,1.97,0.83
500106088,02:00-04:00,1.62,0.15
500106088,04:00-06:00,0.75,0.53
500106088,06:00-08:00,4.14,2.34
500106088,08:00-10:00,8.31,8.73
500106088,10:00-12:00,7.78,6.25
500106088,12:00-14:00,5.96,8.24
500106088,14:00-16:00,5.43,6.12
500106088,16:00-18:00,8.45,7.18
500106088,18:00-20:00,6.75,6.34
500106088,20:00-22:00,4.58,4.79
500106088,22:00-24:00,0.76,3.2
500106089,00:00-02:00,1.12,1.18
500106089,02:00-04:00,0.22,0.28
500106089,04:00-06:00,0.38,0.31
500106089,06:00-08:00,7.17,4.77
500106089,08:00-10:00,9.34,8.87
500106089,10:00-12:00,7.97,7.24
500106089,12:00-14:00,10.21,12.58
500106089,14:00-16:00,9.13,7.61
500106089,16:00-18:00,12.19,12.56
500106089,18:00-20:00,12.54,10.95
500106089,20:00-22:00,7.38,6.32
500106089,22:00-24:00,4.92,7.21
500106090,00:00-02:00,0.38,0.33
500106090,02:00-04:00,0.3,0.12
500106090,04:00-06:00,0.22,0.22
500106090,06:00-08:00,1.38,2.05
500106090,08:00-10:00,8.2,4.32
500106090,10:00-12:00,6.82,4.59
500106090,12:00-14:00,5.89,5.63
500106090,14:00-16:00,5.31,4.78
500106090,16:00-18:00,7.71,7.74
500106090,18:00-20:00,6.91,6.05
500106090,20:00-22:00,6.03,3.94
500106090,22:00-24:00,2.02,3.98
500106091,00:00-02:00,0.49,0.49
500106091,02:00-04:00,0.72,0.25
500106091,04:00-06:00,0.39,0.28
500106091,06:00-08:00,4.16,9.81
500106091,08:00-10:00,8.41,15.59
500106091,10:00-12:00,7.75,6.12
500106091,12:00-14:00,9.8,10.63
500106091,14:00-16:00,6.47,6.36
500106091,16:00-18:00,20.16,10.57
500106091,18:00-20:00,11.98,7.56
500106091,20:00-22:00,5.84,3.47
500106091,22:00-24:00,2.07,2.7
500106092,00:00-02:00,2.52,1.81
500106092,02:00-04:00,0.94,2.72
500106092,04:00-06:00,1.03,1.31
500106092,06:00-08:00,12.42,9.53
500106092,08:00-10:00,14.47,18.28
500106092,10:00-12:00,10.63,10.43
500106092,12:00-14:00,13.51,14.36
500106092,14:00-16:00,11.76,11.04
500106092,16:00-18:00,15.91,19.63
500106092,18:00-20:00,16.61,12.76
500106092,20:00-22:00,11.54,8.5
500106092,22:00-24:00,7.85,5.24
500106093,00:00-02:00,0.92,1.38
500106093,02:00-04:00,0.47,0.27
500106093,04:00-06:00,0.38,0.16
500106093,06:00-08:00,4.09,1.52
500106093,08:00-10:00,8.18,7.56
500106093,10:00-12:00,5.67,3.57
500106093,12:00-14:00,5.47,5.9
500106093,14:00-16:00,4.81,4.99
500106093,16:00-18:00,6.24,6.87
500106093,18:00-20:00,6.2,6.99
500106093,20:00-22:00,2.41,4.65
500106093,22:00-24:00,1.47,2.54
500106094,00:00-02:00,0.99,0.42
500106094,02:00-04:00,0.31,0.31
500106094,04:00-06:00,0.84,0.06
500106094,06:00-08:00,3.91,1.3
500106094,08:00-10:00,7.57,6.78
500106094,10:00-12:00,4.86,3.4
500106094,12:00-14:00,4.74,3.73
500106094,14:00-16:00,3.38,3.86
500106094,16:00-18:00,4.88,5.41
500106094,18:00-20:00,5.34,6.56
500106094,20:00-22:00,3.78,5.8
500106094,22:00-24:00,0.75,3.33
500106095,00:00-02:00,0.69,0.76
500106095,02:00-04:00,1.09,0.09
500106095,04:00-06:00,1.47,0.22
500106095,06:00-08:00,7.51,5.49
500106095,08:00-10:00,11.59,20.01
500106095,10:00-12:00,10.14,6.68
500106095,12:00-14:00,10.75,10.7
500106095,14:00-16:00,7.76,8.11
500106095,16:00-18:00,14.04,9.5
500106095,18:00-20:00,10.92,9.53
500106095,20:00-22:00,5.97,9.04
500106095,22:00-24:00,2.49,4.12
500106096,00:00-02:00,2.14,2.37
500106096,02:00-04:00,0.25,0.66
500106096,04:00-06:00,1.38,0.34
500106096,06:00-08:00,10.38,5.13
500106096,08:00-10:00,8.69,8.28
500106096,10:00-12:00,7.12,5.68
500106096,12:00-14:00,7.61,8.1
500106096,14:00-16:00,5.34,4.06
500106096,16:00-18:00,9.68,13.06
500106096,18:00-20:00,13.44,12.73
500106096,20:00-22:00,7.36,11.8
500106096,22:00-24:00,6.24,6.18
500106097,00:00-02:00,0.2,0.67
500106097,02:00-04:00,0.87,0.13
500106097,04:00-06:00,0.84,0.13
500106097,06:00-08:00,5.1,7.75
500106097,08:00-10:00,10.19,12.77
500106097,10:00-12:00,6.09,3.08
500106097,12:00-14:00,8.95,8.07
500106097,14:00-16:00,4.77,3.06
500106097,16:00-18:00,8.91,4.0
500106097,18:00-20:00,3.82,4.68
500106097,20:00-22:00,1.54,3.88
500106097,22:00-24:00,1.32,2.38
500106098,00:00-02:00,0.3,0.59
500106098,02:00-04:00,0.59,0.28
500106098,04:00-06:00,0.28,0.53
500106098,06:00-08:00,3.8,4.56
500106098,08:00-10:00,9.28,13.98
500106098,10:00-12:00,8.51,8.92
500106098,12:00-14:00,11.69,11.65
500106098,14:00-16:00,9.23,8.16
500106098,16:00-18:00,18.56,12.86
500106098,18:00-20:00,10.85,8.87
500106098,20:00-22:00,4.66,4.75
500106098,22:00-24:00,1.84,2.57
500106099,00:00-02:00,0.7,0.36
500106099,02:00-04:00,0.34,0.44
500106099,04:00-06:00,0.16,0.28
500106099,06:00-08:00,1.75,0.59
500106099,08:00-10:00,1.97,3.34
500106099,10:00-12:00,3.09,2.34
500106099,12:00-14:00,2.64,3.12
500106099,14:00-16:00,1.74,1.97
500106099,16:00-18:00,3.69,3.52
500106099,18:00-20:00,3.12,2.53
500106099,20:00-22:00,2.68,1.81
500106099,22:00-24:00,1.38,1.19
500106100,00:00-02:00,0.95,0.92
500106100,02:00-04:00,0.76,0.22
500106100,04:00-06:00,0.19,0.31
500106100,06:00-08:00,2.18,3.78
500106100,08:00-10:00,5.38,11.38
500106100,10:00-12:00,4.34,5.27
500106100,12:00-14:00,8.41,6.22
500106100,14:00-16:00,4.47,4.69
500106100,16:00-18:00,9.05,7.52
500106100,18:00-20:00,9.16,5.31
500106100,20:00-22:00,4.51,4.0
500106100,22:00-24:00,4.0,2.23
500106101,00:00-02:00,0.91,0.49
500106101,02:00-04:00,0.09,0.12
500106101,04:00-06:00,0.31,0.56
500106101,06:00-08:00,2.83,1.34
500106101,08:00-10:00,4.85,5.59
500106101,10:00-12:00,3.43,2.69
500106101,12:00-14:00,4.37,5.82
500106101,14:00-16:00,3.22,2.77
500106101,16:00-18:00,4.08,3.71
500106101,18:00-20:00,3.45,3.59
500106101,20:00-22:00,2.58,1.95
500106101,22:00-24:00,1.54,1.13
500106102,00:00-02:00,1.06,1.18
500106102,02:00-04:00,0.68,0.34
500106102,04:00-06:00,0.07,0.78
500106102,06:00-08:00,6.24,6.92
500106102,08:00-10:00,14.97,13.58
500106102,10:00-12:00,9.22,10.53
500106102,12:00-14:00,13.82,12.68
500106102,14:00-16:00,11.78,11.88
500106102,16:00-18:00,15.46,15.95
500106102,18:00-20:00,15.37,14.14
500106102,20:00-22:00,9.05,7.22
500106102,22:00-24:00,4.16,3.54
500106103,00:00-02:00,1.23,1.23
500106103,02:00-04:00,0.26,0.37
500106103,04:00-06:00,0.19,0.53
500106103,06:00-08:00,3.59,2.16
500106103,08:00-10:00,5.47,5.34
500106103,10:00-12:00,5.52,5.08
500106103,12:00-14:00,6.53,5.88
500106103,14:00-16:00,6.37,6.13
500106103,16:00-18:00,9.8,10.22
500106103,18:00-20:00,9.59,10.5
500106103,20:00-22:00,9.29,7.32
500106103,22:00-24:00,3.28,3.67
500106104,00:00-02:00,2.32,2.0
500106104,02:00-04:00,0.58,0.87
500106104,04:00-06:00,0.51,1.06
500106104,06:00-08:00,8.24,7.38
500106104,08:00-10:00,14.47,15.52
500106104,10:00-12:00,12.3,11.98
500106104,12:00-14:00,14.26,19.95
500106104,14:00-16:00,14.26,13.5
500106104,16:00-18:00,14.73,16.13
500106104,18:00-20:00,10.82,9.87
500106104,20:00-22:00,7.9,5.63
500106104,22:00-24:00,4.04,2.51
500106105,00:00-02:00,2.45,3.61
500106105,02:00-04:00,0.55,0.78
500106105,04:00-06:00,0.81,2.5
500106105,06:00-08:00,12.5,13.5
500106105,08:00-10:00,17.0,20.63
500106105,10:00-12:00,14.62,15.15
500106105,12:00-14:00,18.64,21.3
500106105,14:00-16:00,15.59,16.13
500106105,16:00-18:00,21.13,23.16
500106105,18:00-20:00,18.18,17.58
500106105,20:00-22:00,13.46,11.22
500106105,22:00-24:00,6.9,4.3
500106106,00:00-02:00,1.59,1.45
500106106,02:00-04:00,0.25,0.09
500106106,04:00-06:00,0.44,0.53
500106106,06:00-08:00,3.13,6.8
500106106,08:00-10:00,10.88,12.98
500106106,10:00-12:00,7.25,8.1
500106106,12:00-14:00,12.18,11.89
500106106,14:00-16:00,8.27,7.62
500106106,16:00-18:00,18.16,9.72
500106106,18:00-20:00,9.29,10.63
500106106,20:00-22:00,7.78,5.75
500106106,22:00-24:00,2.88,3.39
500106107,00:00-02:00,0.03,0.26
500106107,02:00-04:00,0.0,0.41
500106107,04:00-06:00,0.25,0.75
500106107,06:00-08:00,3.06,8.07
500106107,08:00-10:00,9.0,11.96
500106107,10:00-12:00,9.81,4.45
500106107,12:00-14:00,9.13,11.49
500106107,14:00-16:00,5.44,4.85
500106107,16:00-18:00,11.2,6.48
500106107,18:00-20:00,7.17,4.37
500106107,20:00-22:00,3.77,3.03
500106107,22:00-24:00,1.54,1.22
500106108,00:00-02:00,0.62,0.63
500106108,02:00-04:00,0.3,0.09
500106108,04:00-06:00,0.81,0.5
500106108,06:00-08:00,4.14,2.61
500106108,08:00-10:00,4.61,5.75
500106108,10:00-12:00,3.97,3.29
500106108,12:00-14:00,4.25,3.78
500106108,14:00-16:00,4.4,4.19
500106108,16:00-18:00,7.73,10.21
500106108,18:00-20:00,9.99,8.89
500106108,20:00-22:00,6.0,6.28
500106108,22:00-24:00,2.07,2.31
500106109,00:00-02:00,0.16,0.53
500106109,02:00-04:00,0.44,0.34
500106109,04:00-06:00,0.19,0.31
500106109,06:00-08:00,3.91,4.5
500106109,08:00-10:00,7.04,5.2
500106109,10:00-12:00,4.24,5.84
500106109,12:00-14:00,6.4,6.49
500106109,14:00-16:00,4.31,4.76
500106109,16:00-18:00,6.73,4.75
500106109,18:00-20:00,4.68,3.15
500106109,20:00-22:00,1.52,2.03
500106109,22:00-24:00,1.17,1.44
500106110,00:00-02:00,2.74,3.02
500106110,02:00-04:00,0.67,0.91
500106110,04:00-06:00,1.04,2.09
500106110,06:00-08:00,14.08,11.62
500106110,08:00-10:00,21.24,18.38
500106110,10:00-12:00,14.47,14.49
500106110,12:00-14:00,18.47,18.6
500106110,14:00-16:00,14.36,15.44
500106110,16:00-18:00,23.45,22.25
500106110,18:00-20:00,20.9,19.97
500106110,20:00-22:00,15.09,14.15
500106110,22:00-24:00,11.09,8.12
500106111,00:00-02:00,0.45,1.08
500106111,02:00-04:00,0.13,0.22
500106111,04:00-06:00,0.1,0.97
500106111,06:00-08:00,2.54,5.99
500106111,08:00-10:00,5.53,6.8
500106111,10:00-12:00,4.25,3.87
500106111,12:00-14:00,6.28,5.9
500106111,14:00-16:00,5.14,4.53
500106111,16:00-18:00,7.46,5.34
500106111,18:00-20:00,6.42,7.97
500106111,20:00-22:00,6.61,1.97
500106111,22:00-24:00,1.09,0.72
500106112,00:00-02:00,3.44,2.66
500106112,02:00-04:00,1.52,1.28
500106112,04:00-06:00,0.94,3.6
500106112,06:00-08:00,8.63,14.38
500106112,08:00-10:00,18.94,21.42
500106112,10:00-12:00,17.05,17.6
500106112,12:00-14:00,22.24,25.44
500106112,14:00-16:00,21.53,21.3
500106112,16:00-18:00,24.32,25.67
500106112,18:00-20:00,22.37,20.15
500106112,20:00-22:00,17.23,12.72
500106112,22:00-24:00,9.83,6.77
500106113,00:00-02:00,1.15,1.7
500106113,02:00-04:00,0.81,0.26
500106113,04:00-06:00,0.31,0.13
500106113,06:00-08:00,6.4,2.47
500106113,08:00-10:00,8.41,9.19
500106113,10:00-12:00,6.86,8.39
500106113,12:00-14:00,9.86,7.98
500106113,14:00-16:00,6.47,7.74
500106113,16:00-18:00,9.9,9.88
500106113,18:00-20:00,9.32,10.8
500106113,20:00-22:00,6.17,6.86
500106113,22:00-24:00,2.24,2.73
500106114,00:00-02:00,1.54,1.31
500106114,02:00-04:00,0.44,0.43
500106114,04:00-06:00,0.84,0.29
500106114,06:00-08:00,7.76,3.5
500106114,08:00-10:00,9.6,10.03
500106114,10:00-12:00,7.22,6.03
500106114,12:00-14:00,9.22,8.35
500106114,14:00-16:00,5.69,5.75
500106114,16:00-18:00,8.19,8.3
500106114,18:00-20:00,8.63,11.29
500106114,20:00-22:00,4.34,7.31
500106114,22:00-24:00,3.17,4.53
500106115,00:00-02:00,0.16,0.2
500106115,02:00-04:00,0.41,0.13
500106115,04:00-06:00,0.44,0.19
500106115,06:00-08:00,2.53,0.66
500106115,08:00-10:00,4.98,4.09
500106115,10:00-12:00,3.69,3.37
500106115,12:00-14:00,5.04,3.53
500106115,14:00-16:00,2.67,3.06
500106115,16:00-18:00,4.24,4.28
500106115,18:00-20:00,4.07,4.0
500106115,20:00-22:00,1.51,3.31
500106115,22:00-24:00,0.97,1.91
500106116,00:00-02:00,1.18,1.36
500106116,02:00-04:00,0.22,0.65
500106116,04:00-06:00,1.66,1.17
500106116,06:00-08:00,11.42,7.34
500106116,08:00-10:00,10.55,7.79
500106116,10:00-12:00,7.71,6.06
500106116,12:00-14:00,6.21,6.06
500106116,14:00-16:00,6.51,7.13
500106116,16:00-18:00,13.02,14.24
500106116,18:00-20:00,15.61,15.37
500106116,20:00-22:00,7.98,12.41
500106116,22:00-24:00,5.11,5.74
500106117,00:00-02:00,1.48,1.07
500106117,02:00-04:00,0.19,0.25
500106117,04:00-06:00,0.88,0.44
500106117,06:00-08:00,10.53,2.31
500106117,08:00-10:00,5.25,5.25
500106117,10:00-12:00,5.0,4.44
500106117,12:00-14:00,6.08,5.94
500106117,14:00-16:00,4.3,4.5
500106117,16:00-18:00,5.76,8.65
500106117,18:00-20:00,5.65,7.79
500106117,20:00-22:00,2.59,6.33
500106117,22:00-24:00,2.51,3.39
500106118,00:00-02:00,1.13,0.79
500106118,02:00-04:00,0.3,0.47
500106118,04:00-06:00,0.26,0.69
500106118,06:00-08:00,7.96,7.45
500106118,08:00-10:00,12.49,13.51
500106118,10:00-12:00,12.93,13.87
500106118,12:00-14:00,20.39,19.03
500106118,14:00-16:00,14.38,14.39
500106118,16:00-18:00,17.58,16.29
500106118,18:00-20:00,14.98,11.53
500106118,20:00-22:00,7.99,7.22
500106118,22:00-24:00,4.52,4.45
500106119,00:00-02:00,1.25,0.94
500106119,02:00-04:00,0.31,0.46
500106119,04:00-06:00,0.5,0.2
500106119,06:00-08:00,8.01,2.34
500106119,08:00-10:00,10.43,7.04
500106119,10:00-12:00,7.1,4.09
500106119,12:00-14:00,6.79,6.03
500106119,14:00-16:00,5.45,4.53
500106119,16:00-18:00,4.97,8.75
500106119,18:00-20:00,10.74,11.56
500106119,20:00-22:00,6.56,8.07
500106119,22:00-24:00,2.92,5.19
500106120,00:00-02:00,1.61,1.45
500106120,02:00-04:00,0.25,0.11
500106120,04:00-06:00,0.75,0.49
500106120,06:00-08:00,9.28,2.63
500106120,08:00-10:00,12.05,9.5
500106120,10:00-12:00,6.42,4.31
500106120,12:00-14:00,8.0,7.03
500106120,14:00-16:00,6.09,5.62
500106120,16:00-18:00,7.8,11.45
500106120,18:00-20:00,12.24,11.6
500106120,20:00-22:00,5.32,9.13
500106120,22:00-24:00,3.92,6.68
500106121,00:00-02:00,0.36,0.72
500106121,02:00-04:00,0.62,0.25
500106121,04:00-06:00,0.78,1.09
500106121,06:00-08:00,11.01,23.58
500106121,08:00-10:00,23.0,25.06
500106121,10:00-12:00,14.8,11.19
500106121,12:00-14:00,16.87,15.51
500106121,14:00-16:00,16.49,10.72
500106121,16:00-18:00,30.47,22.34
500106121,18:00-20:00,16.82,14.99
500106121,20:00-22:00,12.89,10.03
500106121,22:00-24:00,3.06,4.96
500106122,00:00-02:00,0.39,0.4
500106122,02:00-04:00,0.03,0.1
500106122,04:00-06:00,0.03,0.0
500106122,06:00-08:00,3.83,1.58
500106122,08:00-10:00,4.4,4.09
500106122,10:00-12:00,1.77,1.89
500106122,12:00-14:00,1.78,1.43
500106122,14:00-16:00,1.87,1.26
500106122,16:00-18:00,4.0,3.46
500106122,18:00-20:00,1.74,2.28
500106122,20:00-22:00,1.34,2.63
500106122,22:00-24:00,1.1,1.58
500106123,00:00-02:00,2.3,1.8
500106123,02:00-04:00,0.69,0.25
500106123,04:00-06:00,1.44,0.5
500106123,06:00-08:00,5.43,3.81
500106123,08:00-10:00,10.88,9.5
500106123,10:00-12:00,8.9,7.65
500106123,12:00-14:00,10.57,10.41
500106123,14:00-16:00,8.65,9.09
500106123,16:00-18:00,10.73,12.3
500106123,18:00-20:00,12.9,13.79
500106123,20:00-22:00,8.9,8.91
500106123,22:00-24:00,5.71,5.42
500106124,00:00-02:00,1.18,1.37
500106124,02:00-04:00,0.44,0.54
500106124,04:00-06:00,0.91,0.41
500106124,06:00-08:00,5.33,2.26
500106124,08:00-10:00,6.56,5.65
500106124,10:00-12:00,7.73,6.75
500106124,12:00-14:00,9.27,9.64
500106124,14:00-16:00,8.25,10.12
500106124,16:00-18:00,9.96,11.1
500106124,18:00-20:00,10.79,10.93
500106124,20:00-22:00,7.52,8.61
500106124,22:00-24:00,3.81,5.39
500106125,00:00-02:00,0.89,1.31
500106125,02:00-04:00,0.37,0.39
500106125,04:00-06:00,0.45,0.19
500106125,06:00-08:00,4.53,4.07
500106125,08:00-10:00,6.29,4.38
500106125,10:00-12:00,3.52,3.26
500106125,12:00-14:00,4.47,3.4
500106125,14:00-16:00,3.01,2.91
500106125,16:00-18:00,5.88,8.24
500106125,18:00-20:00,8.75,10.61
500106125,20:00-22:00,3.61,5.27
500106125,22:00-24:00,3.36,3.15
500106126,00:00-02:00,0.96,1.02
500106126,02:00-04:00,0.33,0.41
500106126,04:00-06:00,0.77,1.91
500106126,06:00-08:00,8.86,8.11
500106126,08:00-10:00,13.77,13.22
500106126,10:00-12:00,10.24,13.14
500106126,12:00-14:00,15.41,16.43
500106126,14:00-16:00,11.07,11.25
500106126,16:00-18:00,16.42,17.17
500106126,18:00-20:00,15.45,14.33
500106126,20:00-22:00,10.04,6.69
500106126,22:00-24:00,4.77,4.61
500106127,00:00-02:00,0.68,0.87
500106127,02:00-04:00,0.38,0.36
500106127,04:00-06:00,0.25,0.72
500106127,06:00-08:00,3.69,4.22
500106127,08:00-10:00,11.13,12.62
500106127,10:00-12:00,8.01,7.43
500106127,12:00-14:00,10.45,12.27
500106127,14:00-16:00,7.4,5.57
500106127,16:00-18:00,7.91,6.43
500106127,18:00-20:00,7.7,7.37
500106127,20:00-22:00,5.01,4.52
500106127,22:00-24:00,1.87,1.98
500106128,00:00-02:00,0.82,0.29
500106128,02:00-04:00,0.16,0.13
500106128,04:00-06:00,0.75,0.76
500106128,06:00-08:00,7.75,3.99
500106128,08:00-10:00,10.04,7.81
500106128,10:00-12:00,5.09,3.37
500106128,12:00-14:00,4.96,3.81
500106128,14:00-16:00,3.76,4.03
500106128,16:00-18:00,7.2,7.46
500106128,18:00-20:00,6.08,9.06
500106128,20:00-22:00,5.17,7.5
500106128,22:00-24:00,2.07,5.08
500106129,00:00-02:00,0.79,1.15
500106129,02:00-04:00,0.12,0.22
500106129,04:00-06:00,0.88,0.47
500106129,06:00-08:00,4.59,2.5
500106129,08:00-10:00,4.06,3.63
500106129,10:00-12:00,4.44,2.97
500106129,12:00-14:00,3.72,3.13
500106129,14:00-16:00,3.5,3.44
500106129,16:00-18:00,3.88,4.85
500106129,18:00-20:00,3.9,4.4
500106129,20:00-22:00,3.42,4.16
500106129,22:00-24:00,1.1,2.2
500106130,00:00-02:00,0.92,0.78
500106130,02:00-04:00,0.22,0.2
500106130,04:00-06:00,0.84,0.1
500106130,06:00-08:00,3.56,1.97
500106130,08:00-10:00,6.79,4.34
500106130,10:00-12:00,4.16,3.57
500106130,12:00-14:00,3.92,3.63
500106130,14:00-16:00,2.79,2.44
500106130,16:00-18:00,3.96,6.77
500106130,18:00-20:00,7.22,6.18
500106130,20:00-22:00,3.4,4.28
500106130,22:00-24:00,1.77,2.61
500106131,00:00-02:00,0.07,0.49
500106131,02:00-04:00,0.5,0.03
500106131,04:00-06:00,0.91,0.09
500106131,06:00-08:00,3.69,1.97
500106131,08:00-10:00,3.94,10.66
500106131,10:00-12:00,3.89,3.23
500106131,12:00-14:00,5.16,4.46
500106131,14:00-16:00,3.47,3.21
500106131,16:00-18:00,8.81,4.34
500106131,18:00-20:00,4.29,2.97
500106131,20:00-22:00,1.78,2.03
500106131,22:00-24:00,0.78,1.66
500106132,00:00-02:00,0.74,0.69
500106132,02:00-04:00,0.94,0.06
500106132,04:00-06:00,0.22,0.25
500106132,06:00-08:00,0.91,19.43
500106132,08:00-10:00,10.88,14.97
500106132,10:00-12:00,11.65,9.16
500106132,12:00-14:00,15.73,16.34
500106132,14:00-16:00,7.69,7.84
500106132,16:00-18:00,21.77,7.63
500106132,18:00-20:00,9.97,7.21
500106132,20:00-22:00,4.67,2.41
500106132,22:00-24:00,2.13,1.38
500106133,00:00-02:00,0.2,0.36
500106133,02:00-04:00,0.03,0.12
500106133,04:00-06:00,0.16,0.22
500106133,06:00-08:00,2.35,3.88
500106133,08:00-10:00,3.41,6.13
500106133,10:00-12:00,4.97,3.09
500106133,12:00-14:00,8.53,8.16
500106133,14:00-16:00,4.25,4.17
500106133,16:00-18:00,8.31,4.53
500106133,18:00-20:00,4.47,3.09
500106133,20:00-22:00,2.91,2.44
500106133,22:00-24:00,0.85,1.73
500106134,00:00-02:00,0.16,0.3
500106134,02:00-04:00,0.03,0.16
500106134,04:00-06:00,0.22,0.22
500106134,06:00-08:00,3.78,1.84
500106134,08:00-10:00,3.94,2.84
500106134,10:00-12:00,2.05,1.56
500106134,12:00-14:00,2.62,2.22
500106134,14:00-16:00,1.44,1.56
500106134,16:00-18:00,3.06,2.96
500106134,18:00-20:00,2.85,3.81
500106134,20:00-22:00,1.94,3.39
500106134,22:00-24:00,1.73,1.86
500106135,00:00-02:00,4.52,3.38
500106135,02:00-04:00,1.17,0.87
500106135,04:00-06:00,1.13,1.09
500106135,06:00-08:00,3.58,5.82
500106135,08:00-10:00,13.96,9.29
500106135,10:00-12:00,13.8,15.99
500106135,12:00-14:00,25.08,22.35
500106135,14:00-16:00,16.01,16.86
500106135,16:00-18:00,20.64,27.01
500106135,18:00-20:00,29.95,25.49
500106135,20:00-22:00,22.02,22.37
500106135,22:00-24:00,13.2,10.33
500106136,00:00-02:00,1.77,2.14
500106136,02:00-04:00,1.44,0.56
500106136,04:00-06:00,0.88,1.31
500106136,06:00-08:00,5.42,4.5
500106136,08:00-10:00,5.19,3.28
500106136,10:00-12:00,5.48,4.0
500106136,12:00-14:00,4.99,5.63
500106136,14:00-16:00,8.19,6.28
500106136,16:00-18:00,8.5,9.23
500106136,18:00-20:00,9.76,10.11
500106136,20:00-22:00,9.48,9.13
500106136,22:00-24:00,5.61,5.42
500106137,00:00-02:00,0.67,0.76
500106137,02:00-04:00,0.09,0.0
500106137,04:00-06:00,0.03,0.13
500106137,06:00-08:00,6.84,5.16
500106137,08:00-10:00,7.28,7.13
500106137,10:00-12:00,5.54,5.37
500106137,12:00-14:00,6.25,8.29
500106137,14:00-16:00,5.68,5.69
500106137,16:00-18:00,9.88,9.92
500106137,18:00-20:00,7.68,3.94
500106137,20:00-22:00,5.62,4.94
500106137,22:00-24:00,2.92,2.32
500106138,00:00-02:00,0.4,0.46
500106138,02:00-04:00,0.0,0.09
500106138,04:00-06:00,0.09,0.25
500106138,06:00-08:00,2.97,2.88
500106138,08:00-10:00,4.72,4.81
500106138,10:00-12:00,3.37,3.34
500106138,12:00-14:00,3.48,4.54
500106138,14:00-16:00,3.44,3.92
500106138,16:00-18:00,5.26,3.09
500106138,18:00-20:00,4.69,3.44
500106138,20:00-22:00,3.0,2.59
500106138,22:00-24:00,0.94,1.91
500106142,00:00-02:00,1.33,1.94
500106142,02:00-04:00,0.5,0.22
500106142,04:00-06:00,0.07,0.09
500106142,06:00-08:00,1.67,2.28
500106142,08:00-10:00,4.17,4.25
500106142,10:00-12:00,3.69,3.09
500106142,12:00-14:00,5.5,6.29
500106142,14:00-16:00,3.89,4.24
500106142,16:00-18:00,6.61,2.93
500106142,18:00-20:00,5.5,5.06
500106142,20:00-22:00,3.27,2.91
500106142,22:00-24:00,3.4,2.48
500106143,00:00-02:00,0.36,0.27
500106143,02:00-04:00,0.16,0.22
500106143,04:00-06:00,0.38,0.11
500106143,06:00-08:00,4.09,3.47
500106143,08:00-10:00,7.15,3.49
500106143,10:00-12:00,2.19,1.41
500106143,12:00-14:00,2.91,3.69
500106143,14:00-16:00,2.64,4.54
500106143,16:00-18:00,8.25,4.88
500106143,18:00-20:00,3.16,5.16
500106143,20:00-22:00,2.03,4.23
500106143,22:00-24:00,0.88,1.83
500106144,00:00-02:00,0.16,0.85
500106144,02:00-04:00,0.03,0.19
500106144,04:00-06:00,0.09,0.06
500106144,06:00-08:00,1.13,4.52
500106144,08:00-10:00,5.72,7.39
500106144,10:00-12:00,7.37,5.22
500106144,12:00-14:00,8.07,9.63
500106144,14:00-16:00,6.25,4.99
500106144,16:00-18:00,6.58,3.02
500106144,18:00-20:00,3.71,3.5
500106144,20:00-22:00,2.25,1.41
500106144,22:00-24:00,1.4,0.53
500106145,00:00-02:00,0.69,0.92
500106145,02:00-04:00,0.56,0.29
500106145,04:00-06:00,0.13,0.16
500106145,06:00-08:00,2.69,1.06
500106145,08:00-10:00,2.66,2.03
500106145,10:00-12:00,1.69,1.84
500106145,12:00-14:00,2.42,1.84
500106145,14:00-16:00,2.12,1.44
500106145,16:00-18:00,2.36,4.47
500106145,18:00-20:00,3.9,4.19
500106145,20:00-22:00,2.99,3.02
500106145,22:00-24:00,1.68,2.62
500106146,00:00-02:00,0.55,0.66
500106146,02:00-04:00,0.03,0.12
500106146,04:00-06:00,0.0,0.0
500106146,06:00-08:00,3.63,3.06
500106146,08:00-10:00,5.18,7.09
500106146,10:00-12:00,4.55,4.09
500106146,12:00-14:00,6.31,7.17
500106146,14:00-16:00,3.73,4.13
500106146,16:00-18:00,8.82,4.27
500106146,18:00-20:00,5.22,3.47
500106146,20:00-22:00,3.6,2.72
500106146,22:00-24:00,1.6,2.29
500106147,00:00-02:00,0.72,0.76
500106147,02:00-04:00,0.16,0.16
500106147,04:00-06:00,0.34,0.63
500106147,06:00-08:00,2.57,3.37
500106147,08:00-10:00,7.24,5.0
500106147,10:00-12:00,4.1,3.15
500106147,12:00-14:00,4.84,5.4
500106147,14:00-16:00,3.85,3.56
500106147,16:00-18:00,5.93,5.12
500106147,18:00-20:00,4.12,4.37
500106147,20:00-22:00,2.31,2.58
500106147,22:00-24:00,1.94,1.88
500106149,00:00-02:00,0.62,1.04
500106149,02:00-04:00,0.16,0.43
500106149,04:00-06:00,1.5,0.64
500106149,06:00-08:00,5.64,4.21
500106149,08:00-10:00,4.64,3.28
500106149,10:00-12:00,2.2,3.25
500106149,12:00-14:00,4.64,3.77
500106149,14:00-16:00,2.62,3.03
500106149,16:00-18:00,4.42,6.64
500106149,18:00-20:00,9.43,9.5
500106149,20:00-22:00,5.27,6.78
500106149,22:00-24:00,3.95,3.45
500106150,00:00-02:00,1.38,2.1
500106150,02:00-04:00,0.53,0.53
500106150,04:00-06:00,1.94,1.16
500106150,06:00-08:00,7.47,4.81
500106150,08:00-10:00,7.01,6.47
500106150,10:00-12:00,5.92,6.9
500106150,12:00-14:00,9.65,9.91
500106150,14:00-16:00,8.91,6.69
500106150,16:00-18:00,9.85,17.54
500106150,18:00-20:00,16.33,17.55
500106150,20:00-22:00,14.97,12.64
500106150,22:00-24:00,8.01,6.46
500107001,00:00-02:00,2.07,0.59
500107001,02:00-04:00,0.16,0.03
500107001,04:00-06:00,1.03,0.69
500107001,06:00-08:00,8.2,4.28
500107001,08:00-10:00,6.21,4.28
500107001,10:00-12:00,4.58,5.25
500107001,12:00-14:00,4.9,5.78
500107001,14:00-16:00,5.07,5.56
500107001,16:00-18:00,9.73,7.9
500107001,18:00-20:00,7.67,8.19
500107001,20:00-22:00,4.11,7.55
500107001,22:00-24:00,1.76,3.29
500107002,00:00-02:00,0.49,0.1
500107002,02:00-04:00,0.16,0.06
500107002,04:00-06:00,0.34,1.84
500107002,06:00-08:00,2.38,4.49
500107002,08:00-10:00,4.72,3.36
500107002,10:00-12:00,3.5,4.4
500107002,12:00-14:00,3.44,3.14
500107002,14:00-16:00,3.26,3.82
500107002,16:00-18:00,5.37,3.39
500107002,18:00-20:00,4.15,2.59
500107002,20:00-22:00,2.76,1.97
500107002,22:00-24:00,0.89,1.41
500107003,00:00-02:00,0.36,0.13
500107003,02:00-04:00,0.0,0.22
500107003,04:00-06:00,0.13,0.22
500107003,06:00-08:00,2.51,1.72
500107003,08:00-10:00,2.73,4.22
500107003,10:00-12:00,2.06,1.5
500107003,12:00-14:00,2.18,3.06
500107003,14:00-16:00,1.56,3.21
500107003,16:00-18:00,3.9,2.61
500107003,18:00-20:00,4.76,2.25
500107003,20:00-22:00,1.11,1.81
500107003,22:00-24:00,0.71,1.04
500107004,00:00-02:00,0.0,0.36
500107004,02:00-04:00,0.03,0.0
500107004,04:00-06:00,0.03,0.03
500107004,06:00-08:00,1.82,0.0
500107004,08:00-10:00,1.59,0.84
500107004,10:00-12:00,1.05,0.09
500107004,12:00-14:00,0.71,1.75
500107004,14:00-16:00,0.55,1.37
500107004,16:00-18:00,0.35,0.09
500107004,18:00-20:00,0.9,0.54
500107004,20:00-22:00,0.33,0.88
500107004,22:00-24:00,0.09,0.63
500107005,00:00-02:00,1.84,2.1
500107005,02:00-04:00,0.19,0.28
500107005,04:00-06:00,0.88,0.5
500107005,06:00-08:00,4.07,11.53
500107005,08:00-10:00,12.69,11.54
500107005,10:00-12:00,7.12,4.61
500107005,12:00-14:00,7.4,8.29
500107005,14:00-16:00,7.28,9.28
500107005,16:00-18:00,16.84,5.47
500107005,18:00-20:00,7.85,7.96
500107005,20:00-22:00,6.09,5.5
500107005,22:00-24:00,2.8,3.42
500107006,00:00-02:00,0.08,1.15
500107006,02:00-04:00,0.37,0.0
500107006,04:00-06:00,0.03,0.03
500107006,06:00-08:00,3.88,3.59
500107006,08:00-10:00,5.49,6.78
500107006,10:00-12:00,3.6,3.53
500107006,12:00-14:00,4.53,4.63
500107006,14:00-16:00,3.82,3.75
500107006,16:00-18:00,7.09,5.29
500107006,18:00-20:00,6.22,5.31
500107006,20:00-22:00,4.45,3.16
500107006,22:00-24:00,1.6,1.76
500107007,00:00-02:00,0.99,2.07
500107007,02:00-04:00,0.16,0.25
500107007,04:00-06:00,1.06,0.38
500107007,06:00-08:00,2.66,2.56
500107007,08:00-10:00,4.03,2.88
500107007,10:00-12:00,3.9,3.72
500107007,12:00-14:00,3.69,4.31
500107007,14:00-16:00,4.1,5.22
500107007,16:00-18:00,8.1,5.66
500107007,18:00-20:00,7.15,7.4
500107007,20:00-22:00,5.62,5.09
500107007,22:00-24:00,2.86,3.39
500107008,00:00-02:00,1.47,3.42
500107008,02:00-04:00,0.03,0.0
500107008,04:00-06:00,0.56,0.38
500107008,06:00-08:00,16.29,23.0
500107008,08:00-10:00,27.17,16.44
500107008,10:00-12:00,10.3,11.62
500107008,12:00-14:00,9.8,12.75
500107008,14:00-16:00,13.63,9.7
500107008,16:00-18:00,21.17,22.12
500107008,18:00-20:00,21.57,17.57
500107008,20:00-22:00,16.26,12.91
500107008,22:00-24:00,10.54,5.02
500107009,00:00-02:00,0.82,1.28
500107009,02:00-04:00,0.09,0.12
500107009,04:00-06:00,0.69,0.38
500107009,06:00-08:00,11.15,7.59
500107009,08:00-10:00,9.14,5.75
500107009,10:00-12:00,7.75,5.09
500107009,12:00-14:00,4.95,5.38
500107009,14:00-16:00,5.7,4.16
500107009,16:00-18:00,7.37,11.28
500107009,18:00-20:00,11.24,9.63
500107009,20:00-22:00,7.41,7.8
500107009,22:00-24:00,2.57,4.2
500107010,00:00-02:00,1.38,3.65
500107010,02:00-04:00,0.22,0.19
500107010,04:00-06:00,1.97,1.25
500107010,06:00-08:00,23.56,16.47
500107010,08:00-10:00,17.02,12.94
500107010,10:00-12:00,10.02,9.03
500107010,12:00-14:00,11.76,12.73
500107010,14:00-16:00,9.41,11.05
500107010,16:00-18:00,15.08,23.17
500107010,18:00-20:00,27.01,22.87
500107010,20:00-22:00,16.72,16.72
500107010,22:00-24:00,4.77,7.84
500107011,00:00-02:00,0.76,1.94
500107011,02:00-04:00,0.09,0.31
500107011,04:00-06:00,0.56,1.0
500107011,06:00-08:00,7.83,7.72
500107011,08:00-10:00,11.91,8.81
500107011,10:00-12:00,4.8,4.34
500107011,12:00-14:00,5.71,6.35
500107011,14:00-16:00,5.25,6.66
500107011,16:00-18:00,11.66,10.45
500107011,18:00-20:00,11.59,10.56
500107011,20:00-22:00,9.13,6.22
500107011,22:00-24:00,4.05,3.98
500107012,00:00-02:00,3.58,2.5
500107012,02:00-04:00,1.01,0.84
500107012,04:00-06:00,0.94,1.59
500107012,06:00-08:00,7.53,11.84
500107012,08:00-10:00,16.75,29.27
500107012,10:00-12:00,13.8,16.08
500107012,12:00-14:00,17.98,17.79
500107012,14:00-16:00,16.5,17.08
500107012,16:00-18:00,25.82,17.81
500107012,18:00-20:00,24.19,21.77
500107012,20:00-22:00,15.35,11.0
500107012,22:00-24:00,6.87,5.36
500107013,00:00-02:00,3.12,2.96
500107013,02:00-04:00,0.91,4.0
500107013,04:00-06:00,0.84,2.0
500107013,06:00-08:00,14.94,15.47
500107013,08:00-10:00,28.42,22.97
500107013,10:00-12:00,17.1,16.05
500107013,12:00-14:00,19.28,21.67
500107013,14:00-16:00,17.53,16.97
500107013,16:00-18:00,25.49,24.35
500107013,18:00-20:00,23.87,19.93
500107013,20:00-22:00,17.33,13.46
500107013,22:00-24:00,12.11,10.04
500107014,00:00-02:00,0.8,0.89
500107014,02:00-04:00,0.72,0.59
500107014,04:00-06:00,0.38,0.91
500107014,06:00-08:00,7.47,9.5
500107014,08:00-10:00,20.38,22.12
500107014,10:00-12:00,11.01,12.04
500107014,12:00-14:00,12.19,12.72
500107014,14:00-16:00,9.97,12.76
500107014,16:00-18:00,16.96,16.17
500107014,18:00-20:00,13.13,12.69
500107014,20:00-22:00,7.53,6.71
500107014,22:00-24:00,4.76,2.81
500107015,00:00-02:00,0.39,1.08
500107015,02:00-04:00,0.34,0.53
500107015,04:00-06:00,0.56,0.16
500107015,06:00-08:00,2.81,0.44
500107015,08:00-10:00,6.31,3.75
500107015,10:00-12:00,2.65,1.75
500107015,12:00-14:00,2.84,2.6
500107015,14:00-16:00,2.38,2.34
500107015,16:00-18:00,2.97,3.37
500107015,18:00-20:00,1.85,5.22
500107015,20:00-22:00,2.13,2.53
500107015,22:00-24:00,1.82,2.23
500107016,00:00-02:00,1.71,1.45
500107016,02:00-04:00,1.19,1.09
500107016,04:00-06:00,1.78,0.78
500107016,06:00-08:00,7.94,4.78
500107016,08:00-10:00,14.16,12.72
500107016,10:00-12:00,9.39,6.12
500107016,12:00-14:00,10.02,10.01
500107016,14:00-16:00,7.05,7.87
500107016,16:00-18:00,10.79,11.83
500107016,18:00-20:00,9.49,13.15
500107016,20:00-22:00,7.0,9.22
500107016,22:00-24:00,4.86,5.18
500107017,00:00-02:00,5.19,3.68
500107017,02:00-04:00,3.0,3.78
500107017,04:00-06:00,2.94,2.09
500107017,06:00-08:00,7.81,5.0
500107017,08:00-10:00,15.75,14.72
500107017,10:00-12:00,10.46,8.5
500107017,12:00-14:00,10.02,11.01
500107017,14:00-16:00,10.18,12.37
500107017,16:00-18:00,13.25,14.06
500107017,18:00-20:00,13.13,16.39
500107017,20:00-22:00,11.25,11.29
500107017,22:00-24:00,8.88,7.26
500107018,00:00-02:00,0.3,0.49
500107018,02:00-04:00,0.12,0.09
500107018,04:00-06:00,0.17,0.09
500107018,06:00-08:00,1.86,4.66
500107018,08:00-10:00,6.22,6.86
500107018,10:00-12:00,5.03,5.06
500107018,12:00-14:00,7.16,7.27
500107018,14:00-16:00,5.81,5.29
500107018,16:00-18:00,9.04,7.33
500107018,18:00-20:00,7.78,7.65
500107018,20:00-22:00,5.53,2.75
500107018,22:00-24:00,2.35,1.41
500107019,00:00-02:00,0.46,0.62
500107019,02:00-04:00,0.06,0.09
500107019,04:00-06:00,0.34,0.25
500107019,06:00-08:00,3.5,9.41
500107019,08:00-10:00,10.19,10.34
500107019,10:00-12:00,7.15,6.24
500107019,12:00-14:00,10.17,9.57
500107019,14:00-16:00,8.64,8.19
500107019,16:00-18:00,12.53,7.08
500107019,18:00-20:00,9.77,7.06
500107019,20:00-22:00,4.4,4.19
500107019,22:00-24:00,2.9,2.45
500107020,00:00-02:00,1.48,1.44
500107020,02:00-04:00,0.66,0.84
500107020,04:00-06:00,1.09,1.01
500107020,06:00-08:00,10.57,1.72
500107020,08:00-10:00,8.9,7.66
500107020,10:00-12:00,4.68,4.25
500107020,12:00-14:00,4.5,3.31
500107020,14:00-16:00,3.84,3.47
500107020,16:00-18:00,5.83,6.64
500107020,18:00-20:00,4.05,8.21
500107020,20:00-22:00,3.38,5.71
500107020,22:00-24:00,2.98,4.71
500107021,00:00-02:00,3.25,2.68
500107021,02:00-04:00,3.59,1.16
500107021,04:00-06:00,1.78,2.34
500107021,06:00-08:00,16.29,7.41
500107021,08:00-10:00,14.9,13.13
500107021,10:00-12:00,15.0,12.93
500107021,12:00-14:00,11.78,9.66
500107021,14:00-16:00,8.32,7.5
500107021,16:00-18:00,11.7,17.05
500107021,18:00-20:00,15.78,15.79
500107021,20:00-22:00,9.13,13.59
500107021,22:00-24:00,8.61,9.73
500107022,00:00-02:00,1.18,1.05
500107022,02:00-04:00,0.99,0.87
500107022,04:00-06:00,0.5,1.69
500107022,06:00-08:00,5.6,6.66
500107022,08:00-10:00,8.63,21.06
500107022,10:00-12:00,12.68,7.64
500107022,12:00-14:00,13.19,11.82
500107022,14:00-16:00,10.03,7.71
500107022,16:00-18:00,15.6,10.57
500107022,18:00-20:00,11.54,9.53
500107022,20:00-22:00,4.61,4.84
500107022,22:00-24:00,4.5,3.86
500107023,00:00-02:00,2.73,3.85
500107023,02:00-04:00,1.31,1.18
500107023,04:00-06:00,3.78,2.03
500107023,06:00-08:00,24.45,10.66
500107023,08:00-10:00,22.15,24.28
500107023,10:00-12:00,17.68,17.27
500107023,12:00-14:00,18.03,16.88
500107023,14:00-16:00,13.76,13.53
500107023,16:00-18:00,15.96,26.09
500107023,18:00-20:00,22.46,20.59
500107023,20:00-22:00,16.91,19.31
500107023,22:00-24:00,11.42,12.46
500107024,00:00-02:00,2.91,3.22
500107024,02:00-04:00,0.16,0.47
500107024,04:00-06:00,1.0,2.41
500107024,06:00-08:00,25.06,39.53
500107024,08:00-10:00,36.31,42.91
500107024,10:00-12:00,25.67,25.05
500107024,12:00-14:00,29.36,23.96
500107024,14:00-16:00,23.71,23.41
500107024,16:00-18:00,40.23,35.11
500107024,18:00-20:00,37.65,33.22
500107024,20:00-22:00,30.66,24.72
500107024,22:00-24:00,20.39,15.12
500107025,00:00-02:00,0.95,2.95
500107025,02:00-04:00,0.22,1.03
500107025,04:00-06:00,1.72,0.78
500107025,06:00-08:00,7.45,4.13
500107025,08:00-10:00,9.09,7.56
500107025,10:00-12:00,7.78,8.63
500107025,12:00-14:00,10.22,9.52
500107025,14:00-16:00,8.5,9.92
500107025,16:00-18:00,12.43,12.26
500107025,18:00-20:00,14.21,14.28
500107025,20:00-22:00,11.36,10.76
500107025,22:00-24:00,6.26,6.05
500107026,00:00-02:00,0.49,0.56
500107026,02:00-04:00,0.28,0.03
500107026,04:00-06:00,0.44,0.03
500107026,06:00-08:00,1.54,1.66
500107026,08:00-10:00,5.12,6.01
500107026,10:00-12:00,3.44,2.25
500107026,12:00-14:00,3.03,3.66
500107026,14:00-16:00,2.99,2.97
500107026,16:00-18:00,4.95,4.23
500107026,18:00-20:00,4.06,3.31
500107026,20:00-22:00,2.29,1.91
500107026,22:00-24:00,1.45,1.73
500107027,00:00-02:00,1.36,1.28
500107027,02:00-04:00,1.59,0.28
500107027,04:00-06:00,0.94,0.53
500107027,06:00-08:00,3.19,9.78
500107027,08:00-10:00,13.69,21.51
500107027,10:00-12:00,10.09,12.91
500107027,12:00-14:00,12.29,13.68
500107027,14:00-16:00,12.16,10.66
500107027,16:00-18:00,19.54,14.76
500107027,18:00-20:00,18.46,11.1
500107027,20:00-22:00,7.12,4.28
500107027,22:00-24:00,4.34,2.57
500107028,00:00-02:00,1.91,5.65
500107028,02:00-04:00,0.46,9.96
500107028,04:00-06:00,0.91,6.69
500107028,06:00-08:00,16.44,9.48
500107028,08:00-10:00,29.68,18.31
500107028,10:00-12:00,17.56,17.33
500107028,12:00-14:00,22.93,24.45
500107028,14:00-16:00,21.45,19.72
500107028,16:00-18:00,25.13,25.8
500107028,18:00-20:00,26.6,24.3
500107028,20:00-22:00,17.07,12.0
500107028,22:00-24:00,9.51,6.59
500107029,00:00-02:00,1.91,2.96
500107029,02:00-04:00,0.62,1.28
500107029,04:00-06:00,1.22,0.59
500107029,06:00-08:00,10.7,5.63
500107029,08:00-10:00,17.11,27.2
500107029,10:00-12:00,15.09,13.14
500107029,12:00-14:00,14.66,17.03
500107029,14:00-16:00,11.34,12.39
500107029,16:00-18:00,21.84,15.24
500107029,18:00-20:00,17.63,17.22
500107029,20:00-22:00,12.05,11.81
500107029,22:00-24:00,8.07,7.96
500107030,00:00-02:00,0.33,0.56
500107030,02:00-04:00,0.09,0.44
500107030,04:00-06:00,0.63,0.25
500107030,06:00-08:00,5.51,3.0
500107030,08:00-10:00,7.74,5.5
500107030,10:00-12:00,4.33,4.19
500107030,12:00-14:00,5.92,4.72
500107030,14:00-16:00,3.14,3.06
500107030,16:00-18:00,5.78,7.58
500107030,18:00-20:00,6.71,7.0
500107030,20:00-22:00,5.67,5.47
500107030,22:00-24:00,1.29,2.32
500107031,00:00-02:00,0.59,0.78
500107031,02:00-04:00,0.41,0.34
500107031,04:00-06:00,0.59,0.19
500107031,06:00-08:00,3.91,2.63
500107031,08:00-10:00,10.37,5.72
500107031,10:00-12:00,5.32,4.68
500107031,12:00-14:00,4.82,3.78
500107031,14:00-16:00,3.26,4.0
500107031,16:00-18:00,5.1,5.54
500107031,18:00-20:00,6.36,7.95
500107031,20:00-22:00,5.0,5.96
500107031,22:00-24:00,1.38,4.03
500107032,00:00-02:00,0.46,0.59
500107032,02:00-04:00,0.19,0.87
500107032,04:00-06:00,0.09,0.06
500107032,06:00-08:00,3.28,2.78
500107032,08:00-10:00,7.45,6.5
500107032,10:00-12:00,4.4,3.4
500107032,12:00-14:00,4.53,4.16
500107032,14:00-16:00,2.62,2.91
500107032,16:00-18:00,6.16,4.09
500107032,18:00-20:00,4.46,4.5
500107032,20:00-22:00,1.94,3.09
500107032,22:00-24:00,1.51,2.29
500107033,00:00-02:00,0.92,1.59
500107033,02:00-04:00,0.31,0.41
500107033,04:00-06:00,1.91,0.38
500107033,06:00-08:00,6.29,6.63
500107033,08:00-10:00,15.9,17.7
500107033,10:00-12:00,11.89,11.57
500107033,12:00-14:00,12.21,13.25
500107033,14:00-16:00,10.98,11.01
500107033,16:00-18:00,14.56,14.01
500107033,18:00-20:00,13.79,13.69
500107033,20:00-22:00,11.19,11.41
500107033,22:00-24:00,4.01,5.07
500107034,00:00-02:00,0.89,1.25
500107034,02:00-04:00,1.12,0.35
500107034,04:00-06:00,2.07,0.88
500107034,06:00-08:00,7.13,7.25
500107034,08:00-10:00,11.97,12.91
500107034,10:00-12:00,9.63,7.59
500107034,12:00-14:00,9.27,9.57
500107034,14:00-16:00,8.14,7.53
500107034,16:00-18:00,12.89,11.38
500107034,18:00-20:00,11.88,11.46
500107034,20:00-22:00,7.59,8.56
500107034,22:00-24:00,4.81,5.27
500107035,00:00-02:00,1.95,1.97
500107035,02:00-04:00,0.52,4.15
500107035,04:00-06:00,0.53,3.94
500107035,06:00-08:00,6.47,11.88
500107035,08:00-10:00,16.96,6.59
500107035,10:00-12:00,5.36,4.37
500107035,12:00-14:00,6.73,6.03
500107035,14:00-16:00,7.1,6.31
500107035,16:00-18:00,13.3,10.98
500107035,18:00-20:00,10.8,12.06
500107035,20:00-22:00,8.64,7.84
500107035,22:00-24:00,6.35,4.7
500107036,00:00-02:00,4.06,6.47
500107036,02:00-04:00,0.84,7.03
500107036,04:00-06:00,1.28,4.75
500107036,06:00-08:00,25.23,20.96
500107036,08:00-10:00,30.44,19.77
500107036,10:00-12:00,17.66,16.68
500107036,12:00-14:00,22.88,22.92
500107036,14:00-16:00,19.64,17.75
500107036,16:00-18:00,25.25,27.88
500107036,18:00-20:00,29.38,25.86
500107036,20:00-22:00,23.73,19.66
500107036,22:00-24:00,15.33,15.81
500107037,00:00-02:00,1.74,1.64
500107037,02:00-04:00,0.44,0.97
500107037,04:00-06:00,1.22,0.47
500107037,06:00-08:00,6.26,2.67
500107037,08:00-10:00,8.03,7.13
500107037,10:00-12:00,7.04,6.5
500107037,12:00-14:00,6.86,6.91
500107037,14:00-16:00,6.39,6.56
500107037,16:00-18:00,6.67,6.72
500107037,18:00-20:00,7.48,10.37
500107037,20:00-22:00,6.4,8.61
500107037,22:00-24:00,6.16,4.45
500107038,00:00-02:00,2.45,2.56
500107038,02:00-04:00,0.41,0.44
500107038,04:00-06:00,0.66,0.81
500107038,06:00-08:00,14.83,16.18
500107038,08:00-10:00,23.67,20.08
500107038,10:00-12:00,12.34,11.39
500107038,12:00-14:00,14.4,13.14
500107038,14:00-16:00,12.73,12.5
500107038,16:00-18:00,21.58,20.31
500107038,18:00-20:00,21.89,20.19
500107038,20:00-22:00,16.49,13.19
500107038,22:00-24:00,10.48,9.0
500107039,00:00-02:00,1.64,2.53
500107039,02:00-04:00,0.12,0.52
500107039,04:00-06:00,0.66,0.69
500107039,06:00-08:00,5.43,1.63
500107039,08:00-10:00,4.82,4.84
500107039,10:00-12:00,5.72,6.54
500107039,12:00-14:00,7.31,7.56
500107039,14:00-16:00,7.46,5.62
500107039,16:00-18:00,7.13,9.14
500107039,18:00-20:00,9.84,10.62
500107039,20:00-22:00,8.71,8.57
500107039,22:00-24:00,6.23,4.65
500107040,00:00-02:00,0.79,2.0
500107040,02:00-04:00,0.47,0.74
500107040,04:00-06:00,1.5,0.34
500107040,06:00-08:00,10.98,3.34
500107040,08:00-10:00,10.55,6.91
500107040,10:00-12:00,3.88,3.84
500107040,12:00-14:00,6.04,4.97
500107040,14:00-16:00,4.85,4.62
500107040,16:00-18:00,6.49,8.21
500107040,18:00-20:00,7.05,9.9
500107040,20:00-22:00,5.66,9.34
500107040,22:00-24:00,5.11,5.07
500107041,00:00-02:00,0.3,0.89
500107041,02:00-04:00,1.28,0.34
500107041,04:00-06:00,1.0,0.22
500107041,06:00-08:00,4.63,4.53
500107041,08:00-10:00,4.35,4.47
500107041,10:00-12:00,2.89,3.31
500107041,12:00-14:00,3.44,3.53
500107041,14:00-16:00,4.41,3.37
500107041,16:00-18:00,6.93,4.18
500107041,18:00-20:00,5.7,4.87
500107041,20:00-22:00,2.67,4.19
500107041,22:00-24:00,1.54,3.64
500107042,00:00-02:00,0.88,2.2
500107042,02:00-04:00,0.16,0.41
500107042,04:00-06:00,1.03,0.47
500107042,06:00-08:00,2.55,1.31
500107042,08:00-10:00,4.98,5.03
500107042,10:00-12:00,2.0,1.81
500107042,12:00-14:00,3.13,2.31
500107042,14:00-16:00,2.96,2.41
500107042,16:00-18:00,4.57,2.39
500107042,18:00-20:00,3.16,2.06
500107042,20:00-22:00,4.29,4.19
500107042,22:00-24:00,2.82,2.6
500107043,00:00-02:00,1.38,1.25
500107043,02:00-04:00,0.4,0.34
500107043,04:00-06:00,0.1,1.03
500107043,06:00-08:00,2.78,5.7
500107043,08:00-10:00,8.0,11.17
500107043,10:00-12:00,6.81,5.92
500107043,12:00-14:00,7.37,8.83
500107043,14:00-16:00,5.72,5.81
500107043,16:00-18:00,12.77,6.61
500107043,18:00-20:00,7.25,5.93
500107043,20:00-22:00,4.71,3.89
500107043,22:00-24:00,3.19,2.89
500107044,00:00-02:00,2.33,1.57
500107044,02:00-04:00,0.72,0.5
500107044,04:00-06:00,0.78,0.88
500107044,06:00-08:00,9.11,7.11
500107044,08:00-10:00,9.1,7.71
500107044,10:00-12:00,4.57,4.73
500107044,12:00-14:00,5.18,4.79
500107044,14:00-16:00,4.48,4.24
500107044,16:00-18:00,6.93,7.83
500107044,18:00-20:00,9.88,10.36
500107044,20:00-22:00,5.97,7.05
500107044,22:00-24:00,3.2,4.86
500107045,00:00-02:00,8.31,6.28
500107045,02:00-04:00,2.53,1.69
500107045,04:00-06:00,2.02,3.13
500107045,06:00-08:00,9.95,8.78
500107045,08:00-10:00,14.08,20.18
500107045,10:00-12:00,14.93,14.42
500107045,12:00-14:00,16.79,16.74
500107045,14:00-16:00,14.62,15.63
500107045,16:00-18:00,18.12,19.52
500107045,18:00-20:00,17.4,22.05
500107045,20:00-22:00,16.19,13.54
500107045,22:00-24:00,12.07,11.75
500107046,00:00-02:00,0.72,0.66
500107046,02:00-04:00,0.09,0.09
500107046,04:00-06:00,0.66,0.28
500107046,06:00-08:00,5.5,1.5
500107046,08:00-10:00,5.94,6.31
500107046,10:00-12:00,4.34,3.47
500107046,12:00-14:00,4.2,4.44
500107046,14:00-16:00,2.93,4.94
500107046,16:00-18:00,5.6,5.36
500107046,18:00-20:00,5.9,5.63
500107046,20:00-22:00,2.81,4.36
500107046,22:00-24:00,1.69,1.59
500107047,00:00-02:00,1.45,1.05
500107047,02:00-04:00,0.56,0.44
500107047,04:00-06:00,1.51,2.11
500107047,06:00-08:00,9.69,6.08
500107047,08:00-10:00,9.89,10.63
500107047,10:00-12:00,5.71,4.58
500107047,12:00-14:00,6.67,7.17
500107047,14:00-16:00,4.75,5.6
500107047,16:00-18:00,8.28,8.7
500107047,18:00-20:00,10.47,9.47
500107047,20:00-22:00,5.3,7.46
500107047,22:00-24:00,4.36,4.23
500107048,00:00-02:00,0.89,1.22
500107048,02:00-04:00,0.22,0.29
500107048,04:00-06:00,1.13,0.89
500107048,06:00-08:00,10.05,5.31
500107048,08:00-10:00,10.58,5.38
500107048,10:00-12:00,6.0,4.25
500107048,12:00-14:00,5.1,5.38
500107048,14:00-16:00,4.79,4.09
500107048,16:00-18:00,6.76,11.08
500107048,18:00-20:00,11.59,14.04
500107048,20:00-22:00,5.0,9.67
500107048,22:00-24:00,5.77,6.49
500107049,00:00-02:00,0.95,0.75
500107049,02:00-04:00,0.06,0.06
500107049,04:00-06:00,0.91,0.06
500107049,06:00-08:00,6.34,2.69
500107049,08:00-10:00,7.39,3.38
500107049,10:00-12:00,4.71,4.09
500107049,12:00-14:00,4.2,3.78
500107049,14:00-16:00,4.09,3.09
500107049,16:00-18:00,4.27,7.11
500107049,18:00-20:00,4.28,7.09
500107049,20:00-22:00,2.81,6.13
500107049,22:00-24:00,2.57,4.82
500107050,00:00-02:00,1.45,2.48
500107050,02:00-04:00,0.37,1.46
500107050,04:00-06:00,2.81,1.04
500107050,06:00-08:00,19.8,10.44
500107050,08:00-10:00,17.79,13.21
500107050,10:00-12:00,13.67,8.12
500107050,12:00-14:00,11.01,8.35
500107050,14:00-16:00,7.74,9.37
500107050,16:00-18:00,15.15,17.63
500107050,18:00-20:00,16.48,19.64
500107050,20:00-22:00,9.26,16.02
500107050,22:00-24:00,8.19,7.85
500107051,00:00-02:00,1.44,1.08
500107051,02:00-04:00,0.78,0.44
500107051,04:00-06:00,0.84,0.91
500107051,06:00-08:00,5.69,7.28
500107051,08:00-10:00,12.06,11.44
500107051,10:00-12:00,9.41,7.46
500107051,12:00-14:00,6.72,5.69
500107051,14:00-16:00,5.45,5.41
500107051,16:00-18:00,8.58,8.21
500107051,18:00-20:00,10.82,9.68
500107051,20:00-22:00,6.28,6.09
500107051,22:00-24:00,3.89,3.92
500107052,00:00-02:00,1.35,1.23
500107052,02:00-04:00,0.47,0.19
500107052,04:00-06:00,0.72,0.06
500107052,06:00-08:00,6.33,3.69
500107052,08:00-10:00,7.56,11.77
500107052,10:00-12:00,5.21,2.88
500107052,12:00-14:00,5.05,4.55
500107052,14:00-16:00,4.01,4.16
500107052,16:00-18:00,6.97,4.34
500107052,18:00-20:00,6.33,6.28
500107052,20:00-22:00,3.38,5.53
500107052,22:00-24:00,3.26,5.49
500107053,00:00-02:00,1.58,0.86
500107053,02:00-04:00,0.25,0.19
500107053,04:00-06:00,1.5,1.23
500107053,06:00-08:00,7.1,3.75
500107053,08:00-10:00,9.47,8.55
500107053,10:00-12:00,5.92,5.03
500107053,12:00-14:00,5.18,4.75
500107053,14:00-16:00,3.61,4.44
500107053,16:00-18:00,6.53,8.39
500107053,18:00-20:00,9.02,8.68
500107053,20:00-22:00,3.84,6.22
500107053,22:00-24:00,3.17,5.06
500107054,00:00-02:00,1.77,1.64
500107054,02:00-04:00,0.22,0.28
500107054,04:00-06:00,1.81,0.72
500107054,06:00-08:00,7.64,6.42
500107054,08:00-10:00,10.43,6.77
500107054,10:00-12:00,5.76,4.87
500107054,12:00-14:00,5.21,5.69
500107054,14:00-16:00,5.84,4.66
500107054,16:00-18:00,7.49,10.7
500107054,18:00-20:00,9.96,11.74
500107054,20:00-22:00,6.3,9.09
500107054,22:00-24:00,3.39,4.31
500107055,00:00-02:00,0.33,0.43
500107055,02:00-04:00,0.28,0.28
500107055,04:00-06:00,0.38,0.53
500107055,06:00-08:00,3.5,2.59
500107055,08:00-10:00,2.98,3.19
500107055,10:00-12:00,2.13,1.53
500107055,12:00-14:00,2.01,2.06
500107055,14:00-16:00,2.29,1.97
500107055,16:00-18:00,4.55,4.66
500107055,18:00-20:00,3.84,3.76
500107055,20:00-22:00,2.24,2.56
500107055,22:00-24:00,1.27,1.57
500107056,00:00-02:00,0.92,0.46
500107056,02:00-04:00,0.41,0.53
500107056,04:00-06:00,1.03,2.41
500107056,06:00-08:00,4.06,6.25
500107056,08:00-10:00,4.91,9.0
500107056,10:00-12:00,7.37,4.74
500107056,12:00-14:00,7.0,6.13
500107056,14:00-16:00,5.43,7.03
500107056,16:00-18:00,10.82,7.09
500107056,18:00-20:00,6.7,6.37
500107056,20:00-22:00,4.84,5.25
500107056,22:00-24:00,2.71,1.32
500107058,00:00-02:00,0.62,0.66
500107058,02:00-04:00,0.16,0.37
500107058,04:00-06:00,0.41,0.13
500107058,06:00-08:00,3.84,1.52
500107058,08:00-10:00,5.13,2.34
500107058,10:00-12:00,2.96,2.87
500107058,12:00-14:00,2.7,3.31
500107058,14:00-16:00,2.96,3.41
500107058,16:00-18:00,4.17,5.07
500107058,18:00-20:00,3.12,5.59
500107058,20:00-22:00,2.81,3.2
500107058,22:00-24:00,1.66,1.72
500107059,00:00-02:00,3.39,3.02
500107059,02:00-04:00,1.24,1.03
500107059,04:00-06:00,1.69,1.22
500107059,06:00-08:00,7.54,10.32
500107059,08:00-10:00,17.31,18.18
500107059,10:00-12:00,16.11,19.65
500107059,12:00-14:00,17.48,22.07
500107059,14:00-16:00,20.25,17.07
500107059,16:00-18:00,23.11,22.35
500107059,18:00-20:00,23.38,22.44
500107059,20:00-22:00,19.91,13.0
500107059,22:00-24:00,10.39,8.94
500107060,00:00-02:00,1.29,1.22
500107060,02:00-04:00,0.44,0.37
500107060,04:00-06:00,0.75,0.72
500107060,06:00-08:00,5.71,8.84
500107060,08:00-10:00,9.85,14.82
500107060,10:00-12:00,9.65,7.59
500107060,12:00-14:00,11.75,11.44
500107060,14:00-16:00,8.88,8.16
500107060,16:00-18:00,12.73,10.43
500107060,18:00-20:00,10.81,10.18
500107060,20:00-22:00,7.47,6.63
500107060,22:00-24:00,3.78,3.86
500107061,00:00-02:00,0.76,1.63
500107061,02:00-04:00,0.56,0.79
500107061,04:00-06:00,1.5,0.72
500107061,06:00-08:00,6.38,2.47
500107061,08:00-10:00,4.28,2.84
500107061,10:00-12:00,3.09,2.09
500107061,12:00-14:00,2.38,3.06
500107061,14:00-16:00,3.87,3.97
500107061,16:00-18:00,5.57,6.67
500107061,18:00-20:00,7.3,8.15
500107061,20:00-22:00,4.63,6.48
500107061,22:00-24:00,2.7,3.42
500107062,00:00-02:00,1.02,5.22
500107062,02:00-04:00,0.22,2.56
500107062,04:00-06:00,0.63,1.91
500107062,06:00-08:00,7.94,7.91
500107062,08:00-10:00,16.83,9.38
500107062,10:00-12:00,9.72,8.68
500107062,12:00-14:00,10.61,10.66
500107062,14:00-16:00,10.98,9.5
500107062,16:00-18:00,12.05,9.66
500107062,18:00-20:00,9.4,9.96
500107062,20:00-22:00,7.47,6.69
500107062,22:00-24:00,4.61,5.9
500107063,00:00-02:00,5.67,6.08
500107063,02:00-04:00,3.19,2.16
500107063,04:00-06:00,2.53,3.44
500107063,06:00-08:00,13.94,12.63
500107063,08:00-10:00,25.58,28.51
500107063,10:00-12:00,20.72,26.6
500107063,12:00-14:00,28.14,23.95
500107063,14:00-16:00,20.94,22.06
500107063,16:00-18:00,24.11,26.93
500107063,18:00-20:00,26.95,28.26
500107063,20:00-22:00,21.98,20.76
500107063,22:00-24:00,19.86,15.95
500107064,00:00-02:00,0.33,1.25
500107064,02:00-04:00,0.34,0.75
500107064,04:00-06:00,1.03,1.03
500107064,06:00-08:00,10.22,1.56
500107064,08:00-10:00,7.13,4.13
500107064,10:00-12:00,6.5,5.09
500107064,12:00-14:00,5.18,3.6
500107064,14:00-16:00,4.09,3.53
500107064,16:00-18:00,4.28,7.49
500107064,18:00-20:00,4.34,8.34
500107064,20:00-22:00,5.25,8.69
500107064,22:00-24:00,3.23,5.27
500107065,00:00-02:00,0.36,0.43
500107065,02:00-04:00,0.03,0.41
500107065,04:00-06:00,0.0,0.06
500107065,06:00-08:00,3.13,2.41
500107065,08:00-10:00,6.91,7.18
500107065,10:00-12:00,3.6,4.28
500107065,12:00-14:00,5.94,6.56
500107065,14:00-16:00,6.42,4.7
500107065,16:00-18:00,7.15,6.51
500107065,18:00-20:00,6.39,5.83
500107065,20:00-22:00,4.29,3.38
500107065,22:00-24:00,2.15,1.69
500107066,00:00-02:00,1.15,0.59
500107066,02:00-04:00,0.38,0.25
500107066,04:00-06:00,0.72,0.22
500107066,06:00-08:00,5.66,7.45
500107066,08:00-10:00,7.16,8.44
500107066,10:00-12:00,4.27,3.98
500107066,12:00-14:00,5.68,6.17
500107066,14:00-16:00,4.59,4.74
500107066,16:00-18:00,11.39,10.28
500107066,18:00-20:00,5.82,4.12
500107066,20:00-22:00,3.46,2.16
500107066,22:00-24:00,1.92,1.91
500107067,00:00-02:00,0.17,0.39
500107067,02:00-04:00,0.12,0.19
500107067,04:00-06:00,0.25,0.72
500107067,06:00-08:00,1.66,1.78
500107067,08:00-10:00,3.86,2.03
500107067,10:00-12:00,1.59,1.16
500107067,12:00-14:00,1.48,2.0
500107067,14:00-16:00,1.23,1.78
500107067,16:00-18:00,3.04,2.01
500107067,18:00-20:00,1.73,2.22
500107067,20:00-22:00,0.88,1.75
500107067,22:00-24:00,2.64,0.85
500107068,00:00-02:00,0.82,1.51
500107068,02:00-04:00,0.72,0.22
500107068,04:00-06:00,1.13,0.84
500107068,06:00-08:00,5.06,3.09
500107068,08:00-10:00,7.91,6.88
500107068,10:00-12:00,5.74,4.75
500107068,12:00-14:00,5.89,6.19
500107068,14:00-16:00,4.93,4.53
500107068,16:00-18:00,6.95,9.16
500107068,18:00-20:00,8.9,9.19
500107068,20:00-22:00,8.15,5.25
500107068,22:00-24:00,2.54,4.49
500107069,00:00-02:00,1.1,1.54
500107069,02:00-04:00,0.12,0.25
500107069,04:00-06:00,1.0,0.63
500107069,06:00-08:00,3.22,3.28
500107069,08:00-10:00,9.42,14.49
500107069,10:00-12:00,6.91,7.34
500107069,12:00-14:00,11.32,11.07
500107069,14:00-16:00,9.58,9.42
500107069,16:00-18:00,15.17,10.1
500107069,18:00-20:00,11.67,10.59
500107069,20:00-22:00,7.61,6.09
500107069,22:00-24:00,3.6,3.39
500107070,00:00-02:00,0.61,0.92
500107070,02:00-04:00,0.56,0.37
500107070,04:00-06:00,0.36,0.94
500107070,06:00-08:00,5.5,6.72
500107070,08:00-10:00,9.07,13.68
500107070,10:00-12:00,7.31,6.39
500107070,12:00-14:00,9.65,10.78
500107070,14:00-16:00,7.53,8.63
500107070,16:00-18:00,11.42,9.42
500107070,18:00-20:00,8.18,7.54
500107070,20:00-22:00,6.92,4.85
500107070,22:00-24:00,2.58,1.94
500107071,00:00-02:00,0.2,0.33
500107071,02:00-04:00,0.03,0.28
500107071,04:00-06:00,0.44,0.03
500107071,06:00-08:00,2.87,1.13
500107071,08:00-10:00,3.44,1.81
500107071,10:00-12:00,3.09,3.03
500107071,12:00-14:00,3.12,2.91
500107071,14:00-16:00,2.15,2.41
500107071,16:00-18:00,3.17,2.89
500107071,18:00-20:00,2.5,3.25
500107071,20:00-22:00,2.2,2.56
500107071,22:00-24:00,0.66,1.29
500107072,00:00-02:00,0.59,1.51
500107072,02:00-04:00,0.22,0.8
500107072,04:00-06:00,1.16,1.88
500107072,06:00-08:00,8.4,4.74
500107072,08:00-10:00,6.31,4.06
500107072,10:00-12:00,4.25,5.12
500107072,12:00-14:00,5.51,5.77
500107072,14:00-16:00,4.63,6.68
500107072,16:00-18:00,8.02,7.57
500107072,18:00-20:00,9.65,9.97
500107072,20:00-22:00,7.43,6.19
500107072,22:00-24:00,3.58,4.33
500107075,00:00-02:00,0.2,0.46
500107075,02:00-04:00,0.31,0.16
500107075,04:00-06:00,0.44,0.09
500107075,06:00-08:00,2.82,2.63
500107075,08:00-10:00,6.33,12.0
500107075,10:00-12:00,4.31,4.63
500107075,12:00-14:00,5.16,5.75
500107075,14:00-16:00,5.19,3.87
500107075,16:00-18:00,9.22,5.54
500107075,18:00-20:00,8.46,8.06
500107075,20:00-22:00,5.59,3.31
500107075,22:00-24:00,1.73,1.85
500107076,00:00-02:00,2.86,2.55
500107076,02:00-04:00,0.72,1.09
500107076,04:00-06:00,0.97,1.5
500107076,06:00-08:00,9.37,4.53
500107076,08:00-10:00,11.85,7.44
500107076,10:00-12:00,5.9,5.53
500107076,12:00-14:00,7.51,7.79
500107076,14:00-16:00,7.18,7.59
500107076,16:00-18:00,9.51,13.01
500107076,18:00-20:00,14.05,13.41
500107076,20:00-22:00,9.48,11.6
500107076,22:00-24:00,5.93,7.48
500107078,00:00-02:00,5.39,3.94
500107078,02:00-04:00,2.53,1.44
500107078,04:00-06:00,2.81,1.72
500107078,06:00-08:00,7.46,8.94
500107078,08:00-10:00,15.02,12.13
500107078,10:00-12:00,9.16,8.73
500107078,12:00-14:00,12.34,13.04
500107078,14:00-16:00,11.18,11.26
500107078,16:00-18:00,15.0,14.26
500107078,18:00-20:00,12.41,16.52
500107078,20:00-22:00,11.39,9.7
500107078,22:00-24:00,7.34,8.92
500107079,00:00-02:00,1.08,1.63
500107079,02:00-04:00,0.37,0.28
500107079,04:00-06:00,0.84,0.56
500107079,06:00-08:00,5.54,1.16
500107079,08:00-10:00,4.11,3.5
500107079,10:00-12:00,2.47,2.06
500107079,12:00-14:00,2.73,2.56
500107079,14:00-16:00,2.09,2.22
500107079,16:00-18:00,3.64,5.63
500107079,18:00-20:00,3.59,3.99
500107079,20:00-22:00,2.87,3.22
500107079,22:00-24:00,1.8,2.73
500107080,00:00-02:00,0.74,1.05
500107080,02:00-04:00,0.12,0.37
500107080,04:00-06:00,2.44,2.09
500107080,06:00-08:00,4.9,5.66
500107080,08:00-10:00,5.53,5.65
500107080,10:00-12:00,4.44,4.31
500107080,12:00-14:00,4.81,4.82
500107080,14:00-16:00,5.19,6.4
500107080,16:00-18:00,8.59,8.73
500107080,18:00-20:00,9.02,7.59
500107080,20:00-22:00,6.26,6.34
500107080,22:00-24:00,3.02,2.43
500107081,00:00-02:00,0.03,0.39
500107081,02:00-04:00,0.03,0.44
500107081,04:00-06:00,0.0,0.31
500107081,06:00-08:00,1.22,3.68
500107081,08:00-10:00,1.97,1.83
500107081,10:00-12:00,2.09,1.53
500107081,12:00-14:00,1.41,1.47
500107081,14:00-16:00,1.44,1.45
500107081,16:00-18:00,3.84,2.09
500107081,18:00-20:00,2.5,2.12
500107081,20:00-22:00,1.26,0.63
500107081,22:00-24:00,0.61,0.16
500107082,00:00-02:00,1.12,0.83
500107082,02:00-04:00,0.5,0.56
500107082,04:00-06:00,1.13,0.75
500107082,06:00-08:00,9.4,3.66
500107082,08:00-10:00,6.08,5.94
500107082,10:00-12:00,4.54,4.9
500107082,12:00-14:00,3.51,4.1
500107082,14:00-16:00,3.22,3.19
500107082,16:00-18:00,5.25,5.73
500107082,18:00-20:00,7.62,6.95
500107082,20:00-22:00,4.12,9.64
500107082,22:00-24:00,5.87,2.81
500107083,00:00-02:00,1.51,3.24
500107083,02:00-04:00,0.34,0.61
500107083,04:00-06:00,2.41,0.19
500107083,06:00-08:00,16.86,10.75
500107083,08:00-10:00,14.59,12.75
500107083,10:00-12:00,15.69,10.93
500107083,12:00-14:00,9.32,7.07
500107083,14:00-16:00,5.74,6.37
500107083,16:00-18:00,10.82,12.33
500107083,18:00-20:00,11.68,11.85
500107083,20:00-22:00,9.75,14.43
500107083,22:00-24:00,11.76,14.3
500107084,00:00-02:00,0.79,0.92
500107084,02:00-04:00,0.56,0.35
500107084,04:00-06:00,0.5,0.6
500107084,06:00-08:00,7.82,4.16
500107084,08:00-10:00,7.14,4.97
500107084,10:00-12:00,5.95,4.22
500107084,12:00-14:00,7.43,5.97
500107084,14:00-16:00,4.94,6.42
500107084,16:00-18:00,6.62,11.04
500107084,18:00-20:00,10.46,10.54
500107084,20:00-22:00,5.6,7.98
500107084,22:00-24:00,3.26,3.34
500107085,00:00-02:00,2.17,2.37
500107085,02:00-04:00,0.44,0.31
500107085,04:00-06:00,1.16,0.59
500107085,06:00-08:00,4.97,7.46
500107085,08:00-10:00,8.28,15.0
500107085,10:00-12:00,10.67,7.97
500107085,12:00-14:00,12.75,11.5
500107085,14:00-16:00,9.4,9.65
500107085,16:00-18:00,11.69,8.06
500107085,18:00-20:00,8.01,8.25
500107085,20:00-22:00,5.75,6.13
500107085,22:00-24:00,3.86,4.27
500107086,00:00-02:00,0.41,0.66
500107086,02:00-04:00,0.03,0.03
500107086,04:00-06:00,0.28,0.09
500107086,06:00-08:00,1.64,1.66
500107086,08:00-10:00,3.69,4.56
500107086,10:00-12:00,2.1,3.1
500107086,12:00-14:00,2.85,3.4
500107086,14:00-16:00,3.29,1.69
500107086,16:00-18:00,2.17,5.02
500107086,18:00-20:00,3.22,3.02
500107086,20:00-22:00,3.85,1.33
500107086,22:00-24:00,1.48,1.41
500107087,00:00-02:00,1.35,1.85
500107087,02:00-04:00,0.62,0.88
500107087,04:00-06:00,1.06,0.77
500107087,06:00-08:00,6.53,3.26
500107087,08:00-10:00,8.12,8.03
500107087,10:00-12:00,6.35,4.75
500107087,12:00-14:00,7.25,7.82
500107087,14:00-16:00,6.43,5.66
500107087,16:00-18:00,8.27,7.87
500107087,18:00-20:00,8.26,8.87
500107087,20:00-22:00,5.81,6.94
500107087,22:00-24:00,2.98,4.66
500107088,00:00-02:00,1.73,1.84
500107088,02:00-04:00,0.7,0.75
500107088,04:00-06:00,0.74,1.38
500107088,06:00-08:00,3.24,4.6
500107088,08:00-10:00,10.31,10.04
500107088,10:00-12:00,9.15,10.28
500107088,12:00-14:00,13.67,13.37
500107088,14:00-16:00,11.71,9.7
500107088,16:00-18:00,14.51,13.22
500107088,18:00-20:00,13.63,12.1
500107088,20:00-22:00,8.58,8.0
500107088,22:00-24:00,5.74,3.36
500107089,00:00-02:00,1.68,1.08
500107089,02:00-04:00,0.69,0.5
500107089,04:00-06:00,0.25,1.31
500107089,06:00-08:00,5.63,8.53
500107089,08:00-10:00,11.34,17.22
500107089,10:00-12:00,13.84,12.17
500107089,12:00-14:00,15.76,16.84
500107089,14:00-16:00,13.5,14.09
500107089,16:00-18:00,16.89,13.54
500107089,18:00-20:00,12.45,10.47
500107089,20:00-22:00,7.4,5.16
500107089,22:00-24:00,5.45,7.06
500107090,00:00-02:00,0.56,0.92
500107090,02:00-04:00,0.41,0.28
500107090,04:00-06:00,1.38,1.34
500107090,06:00-08:00,3.94,5.43
500107090,08:00-10:00,6.34,8.49
500107090,10:00-12:00,6.5,3.65
500107090,12:00-14:00,7.07,7.3
500107090,14:00-16:00,5.16,4.31
500107090,16:00-18:00,8.54,6.83
500107090,18:00-20:00,7.5,6.75
500107090,20:00-22:00,4.54,4.97
500107090,22:00-24:00,2.8,3.48
500107091,00:00-02:00,1.12,1.28
500107091,02:00-04:00,0.28,0.44
500107091,04:00-06:00,0.94,0.41
500107091,06:00-08:00,4.52,3.84
500107091,08:00-10:00,4.22,4.69
500107091,10:00-12:00,3.71,6.05
500107091,12:00-14:00,6.85,6.9
500107091,14:00-16:00,4.62,4.8
500107091,16:00-18:00,10.58,7.03
500107091,18:00-20:00,7.99,7.46
500107091,20:00-22:00,6.11,5.19
500107091,22:00-24:00,2.82,4.01
500107092,00:00-02:00,0.67,2.1
500107092,02:00-04:00,0.03,0.28
500107092,04:00-06:00,0.16,0.44
500107092,06:00-08:00,8.97,10.56
500107092,08:00-10:00,9.73,10.69
500107092,10:00-12:00,6.43,8.24
500107092,12:00-14:00,9.44,8.17
500107092,14:00-16:00,6.69,8.62
500107092,16:00-18:00,15.28,13.86
500107092,18:00-20:00,15.18,12.59
500107092,20:00-22:00,9.67,6.85
500107092,22:00-24:00,5.42,4.86
500107093,00:00-02:00,0.82,1.71
500107093,02:00-04:00,0.12,3.53
500107093,04:00-06:00,1.03,2.25
500107093,06:00-08:00,12.09,6.06
500107093,08:00-10:00,14.47,13.78
500107093,10:00-12:00,11.9,12.24
500107093,12:00-14:00,14.2,14.91
500107093,14:00-16:00,12.1,10.91
500107093,16:00-18:00,15.3,16.96
500107093,18:00-20:00,15.18,13.15
500107093,20:00-22:00,9.36,8.06
500107093,22:00-24:00,4.68,4.33
500107095,00:00-02:00,0.33,0.36
500107095,02:00-04:00,0.03,0.06
500107095,04:00-06:00,0.34,0.28
500107095,06:00-08:00,2.49,1.88
500107095,08:00-10:00,3.16,1.59
500107095,10:00-12:00,1.78,1.66
500107095,12:00-14:00,2.08,1.75
500107095,14:00-16:00,1.87,2.37
500107095,16:00-18:00,2.61,4.15
500107095,18:00-20:00,3.56,3.4
500107095,20:00-22:00,3.31,2.88
500107095,22:00-24:00,1.1,1.6
500107096,00:00-02:00,0.85,0.76
500107096,02:00-04:00,0.47,0.12
500107096,04:00-06:00,0.72,0.34
500107096,06:00-08:00,2.3,1.22
500107096,08:00-10:00,4.01,4.03
500107096,10:00-12:00,4.27,4.06
500107096,12:00-14:00,4.25,5.33
500107096,14:00-16:00,4.31,4.62
500107096,16:00-18:00,5.52,5.29
500107096,18:00-20:00,4.98,6.18
500107096,20:00-22:00,5.06,2.95
500107096,22:00-24:00,2.83,2.89
500107097,00:00-02:00,0.74,1.08
500107097,02:00-04:00,0.32,0.37
500107097,04:00-06:00,0.5,0.53
500107097,06:00-08:00,4.72,7.5
500107097,08:00-10:00,13.92,10.94
500107097,10:00-12:00,8.74,8.53
500107097,12:00-14:00,12.51,11.3
500107097,14:00-16:00,11.36,11.92
500107097,16:00-18:00,13.37,9.75
500107097,18:00-20:00,9.84,9.78
500107097,20:00-22:00,7.95,5.53
500107097,22:00-24:00,3.26,3.32
500107098,00:00-02:00,0.33,0.89
500107098,02:00-04:00,0.22,0.22
500107098,04:00-06:00,0.13,0.03
500107098,06:00-08:00,1.03,1.03
500107098,08:00-10:00,4.14,4.38
500107098,10:00-12:00,3.77,2.28
500107098,12:00-14:00,3.67,4.0
500107098,14:00-16:00,3.4,2.73
500107098,16:00-18:00,3.82,4.04
500107098,18:00-20:00,4.43,3.27
500107098,20:00-22:00,2.93,1.41
500107098,22:00-24:00,1.17,1.32
500107099,00:00-02:00,1.18,0.87
500107099,02:00-04:00,0.09,0.28
500107099,04:00-06:00,0.91,0.31
500107099,06:00-08:00,3.84,3.38
500107099,08:00-10:00,7.28,7.44
500107099,10:00-12:00,5.63,5.54
500107099,12:00-14:00,7.95,7.61
500107099,14:00-16:00,5.04,5.05
500107099,16:00-18:00,6.96,9.11
500107099,18:00-20:00,8.89,7.5
500107099,20:00-22:00,4.68,4.71
500107099,22:00-24:00,2.98,3.87
500107100,00:00-02:00,1.35,0.88
500107100,02:00-04:00,0.31,0.09
500107100,04:00-06:00,0.28,0.44
500107100,06:00-08:00,3.13,2.69
500107100,08:00-10:00,5.43,5.03
500107100,10:00-12:00,4.47,3.72
500107100,12:00-14:00,5.27,5.25
500107100,14:00-16:00,4.18,4.04
500107100,16:00-18:00,5.0,6.02
500107100,18:00-20:00,6.23,5.41
500107100,20:00-22:00,4.82,4.33
500107100,22:00-24:00,2.45,2.74
500107101,00:00-02:00,1.49,1.87
500107101,02:00-04:00,0.3,0.19
500107101,04:00-06:00,0.38,1.47
500107101,06:00-08:00,8.25,11.17
500107101,08:00-10:00,20.49,18.0
500107101,10:00-12:00,12.24,13.59
500107101,12:00-14:00,17.55,17.32
500107101,14:00-16:00,13.28,11.66
500107101,16:00-18:00,17.94,16.49
500107101,18:00-20:00,17.21,15.15
500107101,20:00-22:00,10.23,8.28
500107101,22:00-24:00,7.14,5.83
500107102,00:00-02:00,0.42,1.61
500107102,02:00-04:00,0.25,0.06
500107102,04:00-06:00,0.07,0.06
500107102,06:00-08:00,1.33,5.35
500107102,08:00-10:00,7.28,6.43
500107102,10:00-12:00,5.89,3.84
500107102,12:00-14:00,8.02,7.28
500107102,14:00-16:00,6.11,5.53
500107102,16:00-18:00,9.39,7.38
500107102,18:00-20:00,8.26,6.12
500107102,20:00-22:00,4.87,1.84
500107102,22:00-24:00,2.17,1.22
500107103,00:00-02:00,0.79,0.95
500107103,02:00-04:00,0.51,0.75
500107103,04:00-06:00,0.82,1.63
500107103,06:00-08:00,5.82,6.76
500107103,08:00-10:00,9.78,12.35
500107103,10:00-12:00,7.87,6.1
500107103,12:00-14:00,10.27,9.44
500107103,14:00-16:00,8.47,6.97
500107103,16:00-18:00,13.34,10.96
500107103,18:00-20:00,9.77,8.0
500107103,20:00-22:00,6.66,3.91
500107103,22:00-24:00,3.43,2.51
500107104,00:00-02:00,2.1,0.96
500107104,02:00-04:00,0.16,0.12
500107104,04:00-06:00,0.56,0.31
500107104,06:00-08:00,0.66,2.67
500107104,08:00-10:00,2.31,1.77
500107104,10:00-12:00,0.97,1.09
500107104,12:00-14:00,1.78,1.6
500107104,14:00-16:00,1.22,2.07
500107104,16:00-18:00,4.46,0.98
500107104,18:00-20:00,3.29,2.22
500107104,20:00-22:00,1.73,2.63
500107104,22:00-24:00,1.25,1.69
500107105,00:00-02:00,0.6,1.35
500107105,02:00-04:00,0.13,0.25
500107105,04:00-06:00,0.29,0.38
500107105,06:00-08:00,1.94,5.43
500107105,08:00-10:00,5.9,6.28
500107105,10:00-12:00,3.37,2.86
500107105,12:00-14:00,4.76,2.7
500107105,14:00-16:00,3.47,2.84
500107105,16:00-18:00,5.5,2.74
500107105,18:00-20:00,5.02,3.59
500107105,20:00-22:00,3.08,1.84
500107105,22:00-24:00,2.33,1.47
500107106,00:00-02:00,0.95,1.37
500107106,02:00-04:00,0.19,0.54
500107106,04:00-06:00,2.91,0.47
500107106,06:00-08:00,9.28,9.54
500107106,08:00-10:00,14.29,8.91
500107106,10:00-12:00,7.1,5.68
500107106,12:00-14:00,5.48,5.28
500107106,14:00-16:00,4.7,3.62
500107106,16:00-18:00,7.52,6.32
500107106,18:00-20:00,8.76,10.8
500107106,20:00-22:00,7.59,6.61
500107106,22:00-24:00,3.49,5.74
500107107,00:00-02:00,0.56,0.97
500107107,02:00-04:00,0.16,0.07
500107107,04:00-06:00,0.91,0.44
500107107,06:00-08:00,3.14,4.58
500107107,08:00-10:00,8.64,4.9
500107107,10:00-12:00,4.42,4.17
500107107,12:00-14:00,4.03,4.16
500107107,14:00-16:00,3.12,3.68
500107107,16:00-18:00,6.48,5.97
500107107,18:00-20:00,6.45,9.8
500107107,20:00-22:00,7.35,6.03
500107107,22:00-24:00,1.6,3.42
500107108,00:00-02:00,0.46,1.15
500107108,02:00-04:00,0.12,0.09
500107108,04:00-06:00,0.47,1.25
500107108,06:00-08:00,6.33,3.72
500107108,08:00-10:00,4.79,4.31
500107108,10:00-12:00,3.49,4.28
500107108,12:00-14:00,4.5,4.06
500107108,14:00-16:00,3.98,4.53
500107108,16:00-18:00,9.11,8.43
500107108,18:00-20:00,6.95,5.22
500107108,20:00-22:00,5.89,5.19
500107108,22:00-24:00,2.57,2.45
500107109,00:00-02:00,0.26,1.05
500107109,02:00-04:00,0.06,0.03
500107109,04:00-06:00,0.09,0.06
500107109,06:00-08:00,3.51,2.47
500107109,08:00-10:00,4.97,4.66
500107109,10:00-12:00,2.68,2.34
500107109,12:00-14:00,2.97,4.1
500107109,14:00-16:00,3.01,3.19
500107109,16:00-18:00,6.0,4.53
500107109,18:00-20:00,5.75,6.59
500107109,20:00-22:00,5.65,3.41
500107109,22:00-24:00,1.7,1.76
500107110,00:00-02:00,1.97,1.76
500107110,02:00-04:00,2.03,0.37
500107110,04:00-06:00,0.84,0.44
500107110,06:00-08:00,4.59,3.28
500107110,08:00-10:00,8.64,7.03
500107110,10:00-12:00,6.3,5.47
500107110,12:00-14:00,9.34,8.69
500107110,14:00-16:00,6.45,7.12
500107110,16:00-18:00,8.17,9.97
500107110,18:00-20:00,9.29,9.28
500107110,20:00-22:00,8.53,8.25
500107110,22:00-24:00,4.17,5.84
500107111,00:00-02:00,1.25,1.68
500107111,02:00-04:00,0.47,1.59
500107111,04:00-06:00,1.69,2.47
500107111,06:00-08:00,7.95,2.66
500107111,08:00-10:00,8.24,7.34
500107111,10:00-12:00,7.86,7.06
500107111,12:00-14:00,8.95,7.28
500107111,14:00-16:00,5.66,6.37
500107111,16:00-18:00,8.21,8.46
500107111,18:00-20:00,7.83,7.18
500107111,20:00-22:00,5.96,4.94
500107111,22:00-24:00,3.07,5.39
500107112,00:00-02:00,1.2,1.71
500107112,02:00-04:00,0.61,2.62
500107112,04:00-06:00,0.69,2.6
500107112,06:00-08:00,6.1,2.94
500107112,08:00-10:00,6.31,3.22
500107112,10:00-12:00,2.78,2.5
500107112,12:00-14:00,2.94,2.41
500107112,14:00-16:00,2.2,2.25
500107112,16:00-18:00,3.71,3.24
500107112,18:00-20:00,3.4,3.62
500107112,20:00-22:00,4.02,5.19
500107112,22:00-24:00,2.87,1.85
500107113,00:00-02:00,0.73,0.66
500107113,02:00-04:00,0.73,0.12
500107113,04:00-06:00,0.19,0.13
500107113,06:00-08:00,2.69,2.22
500107113,08:00-10:00,7.76,12.8
500107113,10:00-12:00,5.3,5.83
500107113,12:00-14:00,7.07,5.85
500107113,14:00-16:00,4.88,3.44
500107113,16:00-18:00,10.11,5.07
500107113,18:00-20:00,5.84,4.44
500107113,20:00-22:00,3.41,2.88
500107113,22:00-24:00,2.35,2.26
500107114,00:00-02:00,2.33,1.89
500107114,02:00-04:00,2.19,1.19
500107114,04:00-06:00,3.03,2.5
500107114,06:00-08:00,13.37,11.41
500107114,08:00-10:00,18.71,20.87
500107114,10:00-12:00,17.5,14.57
500107114,12:00-14:00,16.01,17.63
500107114,14:00-16:00,15.08,15.02
500107114,16:00-18:00,19.29,17.29
500107114,18:00-20:00,13.78,16.93
500107114,20:00-22:00,11.83,10.68
500107114,22:00-24:00,5.08,7.23
500107115,00:00-02:00,0.6,1.18
500107115,02:00-04:00,0.33,0.16
500107115,04:00-06:00,0.51,1.59
500107115,06:00-08:00,4.18,3.22
500107115,08:00-10:00,3.72,4.69
500107115,10:00-12:00,3.32,2.56
500107115,12:00-14:00,3.42,4.75
500107115,14:00-16:00,4.63,4.85
500107115,16:00-18:00,9.32,4.97
500107115,18:00-20:00,6.85,6.22
500107115,20:00-22:00,4.29,5.5
500107115,22:00-24:00,2.73,1.79
500107116,00:00-02:00,0.0,0.59
500107116,02:00-04:00,0.03,0.03
500107116,04:00-06:00,0.69,0.03
500107116,06:00-08:00,7.53,1.69
500107116,08:00-10:00,5.22,2.41
500107116,10:00-12:00,4.16,2.4
500107116,12:00-14:00,2.11,3.1
500107116,14:00-16:00,2.6,3.87
500107116,16:00-18:00,4.59,4.69
500107116,18:00-20:00,2.87,4.09
500107116,20:00-22:00,1.16,4.66
500107116,22:00-24:00,0.25,2.76
500107117,00:00-02:00,0.0,0.16
500107117,02:00-04:00,0.09,0.06
500107117,04:00-06:00,0.31,0.44
500107117,06:00-08:00,3.91,6.03
500107117,08:00-10:00,7.81,2.95
500107117,10:00-12:00,2.09,3.19
500107117,12:00-14:00,2.74,2.88
500107117,14:00-16:00,3.13,3.71
500107117,16:00-18:00,6.66,6.51
500107117,18:00-20:00,6.52,4.95
500107117,20:00-22:00,2.81,2.56
500107117,22:00-24:00,1.22,1.76
500107118,00:00-02:00,5.36,2.27
500107118,02:00-04:00,2.91,3.12
500107118,04:00-06:00,2.15,2.47
500107118,06:00-08:00,5.1,3.88
500107118,08:00-10:00,8.07,7.34
500107118,10:00-12:00,5.86,8.75
500107118,12:00-14:00,8.94,11.41
500107118,14:00-16:00,9.22,10.18
500107118,16:00-18:00,12.88,14.24
500107118,18:00-20:00,11.28,20.15
500107118,20:00-22:00,14.18,8.48
500107118,22:00-24:00,11.65,6.35
500107119,00:00-02:00,0.62,0.33
500107119,02:00-04:00,0.0,0.03
500107119,04:00-06:00,0.28,0.59
500107119,06:00-08:00,1.75,1.03
500107119,08:00-10:00,2.14,1.03
500107119,10:00-12:00,1.34,1.56
500107119,12:00-14:00,1.67,2.0
500107119,14:00-16:00,1.78,1.56
500107119,16:00-18:00,1.95,2.71
500107119,18:00-20:00,2.37,2.9
500107119,20:00-22:00,2.09,1.97
500107119,22:00-24:00,0.97,0.69
500107120,00:00-02:00,1.05,0.49
500107120,02:00-04:00,0.37,0.22
500107120,04:00-06:00,0.28,0.22
500107120,06:00-08:00,3.31,3.69
500107120,08:00-10:00,4.94,9.59
500107120,10:00-12:00,4.19,3.46
500107120,12:00-14:00,6.09,4.71
500107120,14:00-16:00,4.59,4.38
500107120,16:00-18:00,6.06,5.97
500107120,18:00-20:00,6.39,4.72
500107120,20:00-22:00,3.98,3.38
500107120,22:00-24:00,2.18,2.73
500107121,00:00-02:00,0.43,0.36
500107121,02:00-04:00,0.28,0.26
500107121,04:00-06:00,1.06,0.44
500107121,06:00-08:00,3.77,2.53
500107121,08:00-10:00,5.61,4.47
500107121,10:00-12:00,2.43,2.72
500107121,12:00-14:00,2.83,2.31
500107121,14:00-16:00,2.18,2.78
500107121,16:00-18:00,3.82,3.59
500107121,18:00-20:00,3.75,5.23
500107121,20:00-22:00,3.06,3.75
500107121,22:00-24:00,3.26,2.31
500107122,00:00-02:00,2.39,1.31
500107122,02:00-04:00,0.42,0.44
500107122,04:00-06:00,0.23,2.91
500107122,06:00-08:00,6.78,13.58
500107122,08:00-10:00,19.79,15.76
500107122,10:00-12:00,12.06,14.05
500107122,12:00-14:00,16.4,15.51
500107122,14:00-16:00,10.49,11.55
500107122,16:00-18:00,18.88,15.8
500107122,18:00-20:00,17.57,14.4
500107122,20:00-22:00,16.6,12.25
500107122,22:00-24:00,10.81,8.03
500107123,00:00-02:00,0.53,0.95
500107123,02:00-04:00,0.34,0.31
500107123,04:00-06:00,0.5,0.28
500107123,06:00-08:00,3.56,3.03
500107123,08:00-10:00,6.88,7.09
500107123,10:00-12:00,5.61,4.47
500107123,12:00-14:00,4.57,5.66
500107123,14:00-16:00,5.28,3.25
500107123,16:00-18:00,6.34,4.75
500107123,18:00-20:00,5.09,5.09
500107123,20:00-22:00,3.94,3.56
500107123,22:00-24:00,2.61,3.48
500107124,00:00-02:00,1.13,1.05
500107124,02:00-04:00,0.41,0.12
500107124,04:00-06:00,0.5,0.34
500107124,06:00-08:00,3.95,2.97
500107124,08:00-10:00,6.06,9.97
500107124,10:00-12:00,5.43,5.31
500107124,12:00-14:00,6.58,6.1
500107124,14:00-16:00,4.95,4.73
500107124,16:00-18:00,8.47,8.17
500107124,18:00-20:00,8.67,6.69
500107124,20:00-22:00,4.48,4.11
500107124,22:00-24:00,2.24,2.21
500107125,00:00-02:00,0.2,0.69
500107125,02:00-04:00,0.59,0.13
500107125,04:00-06:00,0.56,0.09
500107125,06:00-08:00,4.99,2.84
500107125,08:00-10:00,4.05,2.63
500107125,10:00-12:00,2.76,2.72
500107125,12:00-14:00,2.64,3.22
500107125,14:00-16:00,3.54,2.69
500107125,16:00-18:00,5.1,3.93
500107125,18:00-20:00,3.77,5.19
500107125,20:00-22:00,2.92,3.73
500107125,22:00-24:00,1.32,3.28
500107126,00:00-02:00,2.59,0.79
500107126,02:00-04:00,0.45,0.34
500107126,04:00-06:00,0.55,1.5
500107126,06:00-08:00,10.44,12.61
500107126,08:00-10:00,18.15,17.51
500107126,10:00-12:00,10.5,12.3
500107126,12:00-14:00,12.64,14.33
500107126,14:00-16:00,11.53,10.38
500107126,16:00-18:00,17.17,15.18
500107126,18:00-20:00,16.82,13.02
500107126,20:00-22:00,12.2,8.19
500107126,22:00-24:00,10.69,10.88
500107127,00:00-02:00,0.49,1.28
500107127,02:00-04:00,0.22,0.03
500107127,04:00-06:00,0.45,0.56
500107127,06:00-08:00,3.58,4.72
500107127,08:00-10:00,7.06,13.23
500107127,10:00-12:00,7.87,6.34
500107127,12:00-14:00,8.45,6.92
500107127,14:00-16:00,7.11,5.97
500107127,16:00-18:00,8.43,5.6
500107127,18:00-20:00,7.01,6.15
500107127,20:00-22:00,4.81,4.63
500107127,22:00-24:00,2.56,2.76
500107128,00:00-02:00,2.6,3.11
500107128,02:00-04:00,1.69,1.0
500107128,04:00-06:00,1.75,0.86
500107128,06:00-08:00,7.17,4.29
500107128,08:00-10:00,14.3,14.28
500107128,10:00-12:00,6.83,6.34
500107128,12:00-14:00,7.9,8.91
500107128,14:00-16:00,7.53,7.22
500107128,16:00-18:00,9.86,10.01
500107128,18:00-20:00,10.75,11.33
500107128,20:00-22:00,7.3,8.99
500107128,22:00-24:00,6.24,7.47
500107129,00:00-02:00,0.14,0.33
500107129,02:00-04:00,0.22,0.19
500107129,04:00-06:00,0.28,0.31
500107129,06:00-08:00,1.13,4.69
500107129,08:00-10:00,3.81,4.79
500107129,10:00-12:00,2.78,2.19
500107129,12:00-14:00,2.81,2.79
500107129,14:00-16:00,2.78,2.54
500107129,16:00-18:00,6.15,4.17
500107129,18:00-20:00,3.94,2.22
500107129,20:00-22:00,1.31,0.75
500107129,22:00-24:00,0.74,0.56
500107130,00:00-02:00,0.36,0.39
500107130,02:00-04:00,0.06,0.16
500107130,04:00-06:00,0.88,0.06
500107130,06:00-08:00,1.8,0.53
500107130,08:00-10:00,4.87,4.22
500107130,10:00-12:00,2.45,1.28
500107130,12:00-14:00,2.17,2.31
500107130,14:00-16:00,1.59,1.28
500107130,16:00-18:00,1.89,2.52
500107130,18:00-20:00,2.31,3.09
500107130,20:00-22:00,1.7,2.25
500107130,22:00-24:00,1.04,1.41
500107131,00:00-02:00,2.58,1.91
500107131,02:00-04:00,0.53,0.75
500107131,04:00-06:00,0.41,0.5
500107131,06:00-08:00,4.05,1.97
500107131,08:00-10:00,6.92,8.57
500107131,10:00-12:00,5.76,4.38
500107131,12:00-14:00,6.86,5.3
500107131,14:00-16:00,4.37,4.22
500107131,16:00-18:00,5.56,8.0
500107131,18:00-20:00,8.49,8.18
500107131,20:00-22:00,5.12,6.77
500107131,22:00-24:00,5.92,4.85
500107132,00:00-02:00,0.97,1.58
500107132,02:00-04:00,0.03,0.25
500107132,04:00-06:00,0.31,1.13
500107132,06:00-08:00,13.1,17.46
500107132,08:00-10:00,17.65,18.94
500107132,10:00-12:00,7.37,8.94
500107132,12:00-14:00,7.2,7.87
500107132,14:00-16:00,6.12,6.31
500107132,16:00-18:00,10.19,12.8
500107132,18:00-20:00,12.56,11.85
500107132,20:00-22:00,10.68,9.78
500107132,22:00-24:00,7.25,1.69
500107133,00:00-02:00,0.33,0.49
500107133,02:00-04:00,0.0,0.03
500107133,04:00-06:00,0.09,0.13
500107133,06:00-08:00,1.59,4.0
500107133,08:00-10:00,2.78,8.05
500107133,10:00-12:00,4.65,4.9
500107133,12:00-14:00,5.32,6.61
500107133,14:00-16:00,7.0,3.37
500107133,16:00-18:00,8.27,6.23
500107133,18:00-20:00,6.34,6.06
500107133,20:00-22:00,6.11,2.44
500107133,22:00-24:00,1.34,0.66
500107134,00:00-02:00,0.69,1.33
500107134,02:00-04:00,0.37,0.21
500107134,04:00-06:00,1.09,0.06
500107134,06:00-08:00,5.08,4.04
500107134,08:00-10:00,8.37,5.5
500107134,10:00-12:00,6.21,4.37
500107134,12:00-14:00,5.66,5.88
500107134,14:00-16:00,4.76,5.79
500107134,16:00-18:00,7.17,6.86
500107134,18:00-20:00,7.02,7.43
500107134,20:00-22:00,3.78,5.04
500107134,22:00-24:00,2.67,3.2
500107135,00:00-02:00,1.1,0.79
500107135,02:00-04:00,0.27,0.28
500107135,04:00-06:00,0.8,0.22
500107135,06:00-08:00,2.86,2.25
500107135,08:00-10:00,6.38,7.38
500107135,10:00-12:00,5.58,5.53
500107135,12:00-14:00,7.01,8.63
500107135,14:00-16:00,6.09,6.09
500107135,16:00-18:00,9.18,9.79
500107135,18:00-20:00,9.12,7.93
500107135,20:00-22:00,6.93,4.84
500107135,22:00-24:00,4.68,2.85
500107136,00:00-02:00,1.22,0.94
500107136,02:00-04:00,0.41,0.29
500107136,04:00-06:00,0.91,1.65
500107136,06:00-08:00,12.0,6.28
500107136,08:00-10:00,12.69,8.84
500107136,10:00-12:00,7.3,6.09
500107136,12:00-14:00,7.57,5.75
500107136,14:00-16:00,5.59,6.75
500107136,16:00-18:00,7.53,10.36
500107136,18:00-20:00,11.9,11.43
500107136,20:00-22:00,6.16,8.78
500107136,22:00-24:00,3.39,4.2
500107137,00:00-02:00,0.91,1.05
500107137,02:00-04:00,0.72,0.09
500107137,04:00-06:00,0.39,0.16
500107137,06:00-08:00,2.99,5.88
500107137,08:00-10:00,6.66,9.3
500107137,10:00-12:00,6.96,7.03
500107137,12:00-14:00,9.18,9.65
500107137,14:00-16:00,7.08,7.39
500107137,16:00-18:00,9.38,8.08
500107137,18:00-20:00,8.23,6.35
500107137,20:00-22:00,5.75,4.36
500107137,22:00-24:00,3.02,2.45
500107138,00:00-02:00,1.41,1.81
500107138,02:00-04:00,0.12,1.0
500107138,04:00-06:00,0.59,2.13
500107138,06:00-08:00,6.22,2.03
500107138,08:00-10:00,6.99,6.44
500107138,10:00-12:00,3.62,3.87
500107138,12:00-14:00,5.04,5.28
500107138,14:00-16:00,4.59,5.5
500107138,16:00-18:00,6.97,6.45
500107138,18:00-20:00,8.73,8.71
500107138,20:00-22:00,5.7,5.78
500107138,22:00-24:00,2.85,2.95
500107139,00:00-02:00,2.35,1.38
500107139,02:00-04:00,0.8,0.78
500107139,04:00-06:00,1.13,1.22
500107139,06:00-08:00,5.78,2.75
500107139,08:00-10:00,9.5,10.65
500107139,10:00-12:00,7.18,6.3
500107139,12:00-14:00,9.66,10.12
500107139,14:00-16:00,6.7,7.3
500107139,16:00-18:00,7.08,10.98
500107139,18:00-20:00,9.57,10.65
500107139,20:00-22:00,5.13,6.54
500107139,22:00-24:00,4.14,3.04
500107140,00:00-02:00,3.01,2.56
500107140,02:00-04:00,1.25,0.44
500107140,04:00-06:00,0.94,1.03
500107140,06:00-08:00,5.11,8.24
500107140,08:00-10:00,13.09,14.71
500107140,10:00-12:00,11.74,13.82
500107140,12:00-14:00,12.57,16.44
500107140,14:00-16:00,15.37,15.24
500107140,16:00-18:00,17.78,18.21
500107140,18:00-20:00,20.39,21.18
500107140,20:00-22:00,17.33,12.49
500107140,22:00-24:00,8.73,7.59
500107141,00:00-02:00,0.76,1.27
500107141,02:00-04:00,0.47,0.55
500107141,04:00-06:00,0.91,0.72
500107141,06:00-08:00,6.33,3.25
500107141,08:00-10:00,7.25,9.46
500107141,10:00-12:00,5.84,3.81
500107141,12:00-14:00,5.79,4.94
500107141,14:00-16:00,4.22,4.03
500107141,16:00-18:00,7.79,6.76
500107141,18:00-20:00,6.79,7.34
500107141,20:00-22:00,4.22,5.25
500107141,22:00-24:00,1.94,3.7
500107142,00:00-02:00,2.61,1.64
500107142,02:00-04:00,0.41,0.25
500107142,04:00-06:00,0.91,0.25
500107142,06:00-08:00,4.68,3.53
500107142,08:00-10:00,9.07,11.59
500107142,10:00-12:00,5.59,6.55
500107142,12:00-14:00,8.44,8.32
500107142,14:00-16:00,7.24,6.19
500107142,16:00-18:00,8.03,12.01
500107142,18:00-20:00,11.91,10.89
500107142,20:00-22:00,7.67,8.1
500107142,22:00-24:00,5.18,4.94
500107143,00:00-02:00,1.42,1.12
500107143,02:00-04:00,0.78,0.69
500107143,04:00-06:00,0.58,1.16
500107143,06:00-08:00,5.07,4.16
500107143,08:00-10:00,10.09,16.87
500107143,10:00-12:00,11.31,10.65
500107143,12:00-14:00,13.42,13.37
500107143,14:00-16:00,10.65,9.61
500107143,16:00-18:00,14.42,15.32
500107143,18:00-20:00,16.05,12.65
500107143,20:00-22:00,9.98,8.18
500107143,22:00-24:00,5.03,3.57
500107144,00:00-02:00,2.79,3.98
500107144,02:00-04:00,0.53,2.84
500107144,04:00-06:00,0.75,0.63
500107144,06:00-08:00,16.27,14.51
500107144,08:00-10:00,25.2,18.97
500107144,10:00-12:00,15.15,14.87
500107144,12:00-14:00,17.86,17.54
500107144,14:00-16:00,14.75,12.41
500107144,16:00-18:00,19.44,21.8
500107144,18:00-20:00,22.36,22.74
500107144,20:00-22:00,17.88,13.25
500107144,22:00-24:00,10.84,14.11
500107145,00:00-02:00,0.39,0.76
500107145,02:00-04:00,0.34,0.34
500107145,04:00-06:00,0.81,0.56
500107145,06:00-08:00,3.09,0.56
500107145,08:00-10:00,3.67,6.25
500107145,10:00-12:00,4.28,3.39
500107145,12:00-14:00,3.65,2.98
500107145,14:00-16:00,3.58,2.97
500107145,16:00-18:00,4.31,3.87
500107145,18:00-20:00,4.75,4.34
500107145,20:00-22:00,2.41,3.63
500107145,22:00-24:00,0.6,2.03
500107146,00:00-02:00,1.71,2.1
500107146,02:00-04:00,0.41,0.65
500107146,04:00-06:00,0.81,0.6
500107146,06:00-08:00,5.71,4.03
500107146,08:00-10:00,10.87,5.44
500107146,10:00-12:00,5.37,4.09
500107146,12:00-14:00,6.17,5.41
500107146,14:00-16:00,3.72,5.97
500107146,16:00-18:00,5.85,8.61
500107146,18:00-20:00,10.03,11.39
500107146,20:00-22:00,8.34,8.37
500107146,22:00-24:00,4.27,5.58
500107147,00:00-02:00,0.6,0.72
500107147,02:00-04:00,0.34,0.59
500107147,04:00-06:00,0.63,0.19
500107147,06:00-08:00,1.67,2.63
500107147,08:00-10:00,7.22,10.06
500107147,10:00-12:00,7.91,5.85
500107147,12:00-14:00,8.76,8.18
500107147,14:00-16:00,7.71,6.0
500107147,16:00-18:00,8.98,6.76
500107147,18:00-20:00,6.42,4.5
500107147,20:00-22:00,3.82,3.06
500107147,22:00-24:00,3.33,3.73
500107149,00:00-02:00,2.69,0.95
500107149,02:00-04:00,0.37,0.03
500107149,04:00-06:00,0.31,0.41
500107149,06:00-08:00,3.16,11.79
500107149,08:00-10:00,7.86,6.28
500107149,10:00-12:00,6.72,3.75
500107149,12:00-14:00,4.21,5.13
500107149,14:00-16:00,4.38,4.34
500107149,16:00-18:00,14.5,3.74
500107149,18:00-20:00,9.29,6.81
500107149,20:00-22:00,6.6,6.72
500107149,22:00-24:00,2.67,3.64
500107150,00:00-02:00,0.72,0.76
500107150,02:00-04:00,0.1,0.16
500107150,04:00-06:00,0.3,0.5
500107150,06:00-08:00,2.1,6.26
500107150,08:00-10:00,4.47,8.31
500107150,10:00-12:00,3.53,3.31
500107150,12:00-14:00,7.28,5.69
500107150,14:00-16:00,4.91,4.3
500107150,16:00-18:00,7.92,4.7
500107150,18:00-20:00,7.22,5.0
500107150,20:00-22:00,5.14,3.31
500107150,22:00-24:00,3.03,2.26
500107151,00:00-02:00,1.5,1.18
500107151,02:00-04:00,0.78,0.44
500107151,04:00-06:00,0.42,1.47
500107151,06:00-08:00,5.34,12.81
500107151,08:00-10:00,10.31,12.31
500107151,10:00-12:00,5.31,8.75
500107151,12:00-14:00,12.27,9.29
500107151,14:00-16:00,8.62,8.06
500107151,16:00-18:00,23.8,13.98
500107151,18:00-20:00,14.35,15.74
500107151,20:00-22:00,10.59,7.5
500107151,22:00-24:00,4.73,2.95
500107152,00:00-02:00,0.53,0.62
500107152,02:00-04:00,0.12,0.34
500107152,04:00-06:00,0.63,0.03
500107152,06:00-08:00,2.91,2.09
500107152,08:00-10:00,7.56,14.56
500107152,10:00-12:00,4.87,3.26
500107152,12:00-14:00,5.22,5.32
500107152,14:00-16:00,3.59,3.29
500107152,16:00-18:00,8.4,5.51
500107152,18:00-20:00,6.66,4.81
500107152,20:00-22:00,2.09,3.5
500107152,22:00-24:00,1.66,1.69
500107153,00:00-02:00,0.13,0.43
500107153,02:00-04:00,0.09,0.12
500107153,04:00-06:00,0.16,0.13
500107153,06:00-08:00,1.47,1.86
500107153,08:00-10:00,2.47,1.89
500107153,10:00-12:00,1.65,0.69
500107153,12:00-14:00,1.54,2.22
500107153,14:00-16:00,1.37,1.41
500107153,16:00-18:00,2.1,1.11
500107153,18:00-20:00,1.13,1.28
500107153,20:00-22:00,0.99,1.26
500107153,22:00-24:00,0.71,0.69
500107154,00:00-02:00,0.85,0.46
500107154,02:00-04:00,0.29,0.03
500107154,04:00-06:00,0.48,0.31
500107154,06:00-08:00,2.57,1.75
500107154,08:00-10:00,5.43,12.51
500107154,10:00-12:00,6.53,4.99
500107154,12:00-14:00,7.94,8.69
500107154,14:00-16:00,4.06,5.02
500107154,16:00-18:00,7.46,5.59
500107154,18:00-20:00,6.94,5.01
500107154,20:00-22:00,4.02,4.27
500107154,22:00-24:00,1.87,1.9
500107155,00:00-02:00,1.03,0.36
500107155,02:00-04:00,0.03,0.12
500107155,04:00-06:00,0.22,0.22
500107155,06:00-08:00,1.88,6.2
500107155,08:00-10:00,9.41,17.26
500107155,10:00-12:00,5.75,3.65
500107155,12:00-14:00,6.53,7.58
500107155,14:00-16:00,2.94,3.1
500107155,16:00-18:00,11.56,3.93
500107155,18:00-20:00,5.86,4.06
500107155,20:00-22:00,1.63,1.59
500107155,22:00-24:00,1.46,1.07
500107156,00:00-02:00,0.92,0.63
500107156,02:00-04:00,0.34,0.41
500107156,04:00-06:00,1.44,1.19
500107156,06:00-08:00,5.6,4.06
500107156,08:00-10:00,8.53,5.96
500107156,10:00-12:00,5.42,4.34
500107156,12:00-14:00,5.35,5.03
500107156,14:00-16:00,4.29,4.46
500107156,16:00-18:00,5.35,8.6
500107156,18:00-20:00,10.03,10.81
500107156,20:00-22:00,6.63,6.71
500107156,22:00-24:00,3.23,4.92
500107157,00:00-02:00,0.56,0.33
500107157,02:00-04:00,0.0,0.0
500107157,04:00-06:00,0.06,0.06
500107157,06:00-08:00,1.67,5.44
500107157,08:00-10:00,6.47,3.63
500107157,10:00-12:00,2.17,1.41
500107157,12:00-14:00,2.29,2.85
500107157,14:00-16:00,3.23,2.62
500107157,16:00-18:00,5.02,4.03
500107157,18:00-20:00,4.24,3.44
500107157,20:00-22:00,1.36,1.56
500107157,22:00-24:00,0.42,0.78
500107158,00:00-02:00,0.13,0.33
500107158,02:00-04:00,0.0,2.06
500107158,04:00-06:00,0.72,1.72
500107158,06:00-08:00,3.69,2.5
500107158,08:00-10:00,4.53,4.69
500107158,10:00-12:00,4.64,2.53
500107158,12:00-14:00,4.73,2.56
500107158,14:00-16:00,2.76,3.25
500107158,16:00-18:00,5.36,5.13
500107158,18:00-20:00,7.43,5.37
500107158,20:00-22:00,3.1,4.19
500107158,22:00-24:00,1.04,1.44
500107159,00:00-02:00,1.18,2.73
500107159,02:00-04:00,0.52,0.94
500107159,04:00-06:00,1.27,1.06
500107159,06:00-08:00,5.4,5.25
500107159,08:00-10:00,8.92,9.97
500107159,10:00-12:00,7.76,9.38
500107159,12:00-14:00,11.2,11.12
500107159,14:00-16:00,10.2,10.04
500107159,16:00-18:00,11.34,10.45
500107159,18:00-20:00,12.72,11.17
500107159,20:00-22:00,8.06,6.97
500107159,22:00-24:00,4.98,3.36
500107160,00:00-02:00,1.35,0.55
500107160,02:00-04:00,0.12,0.31
500107160,04:00-06:00,0.63,0.13
500107160,06:00-08:00,3.16,2.28
500107160,08:00-10:00,7.74,4.75
500107160,10:00-12:00,3.76,2.09
500107160,12:00-14:00,2.89,3.16
500107160,14:00-16:00,3.47,2.62
500107160,16:00-18:00,2.94,2.96
500107160,18:00-20:00,3.91,5.59
500107160,20:00-22:00,3.5,5.73
500107160,22:00-24:00,1.98,4.28
500107161,00:00-02:00,1.23,0.95
500107161,02:00-04:00,0.37,0.78
500107161,04:00-06:00,0.5,0.25
500107161,06:00-08:00,5.68,5.5
500107161,08:00-10:00,11.29,14.71
500107161,10:00-12:00,10.75,10.64
500107161,12:00-14:00,13.37,13.91
500107161,14:00-16:00,10.35,12.19
500107161,16:00-18:00,13.84,12.61
500107161,18:00-20:00,15.51,15.17
500107161,20:00-22:00,10.35,8.22
500107161,22:00-24:00,5.44,4.64
500107162,00:00-02:00,0.43,0.36
500107162,02:00-04:00,0.09,0.41
500107162,04:00-06:00,0.31,0.09
500107162,06:00-08:00,5.61,2.0
500107162,08:00-10:00,6.29,3.94
500107162,10:00-12:00,3.9,4.5
500107162,12:00-14:00,5.18,5.16
500107162,14:00-16:00,3.42,4.09
500107162,16:00-18:00,5.92,6.36
500107162,18:00-20:00,6.21,6.79
500107162,20:00-22:00,3.91,5.09
500107162,22:00-24:00,2.38,3.04
500107163,00:00-02:00,1.4,0.95
500107163,02:00-04:00,0.75,0.62
500107163,04:00-06:00,1.79,1.0
500107163,06:00-08:00,4.81,4.25
500107163,08:00-10:00,7.52,8.68
500107163,10:00-12:00,6.38,9.39
500107163,12:00-14:00,8.31,9.77
500107163,14:00-16:00,6.66,7.38
500107163,16:00-18:00,10.07,8.89
500107163,18:00-20:00,8.67,9.71
500107163,20:00-22:00,6.54,5.71
500107163,22:00-24:00,3.98,3.08
500107164,00:00-02:00,1.05,1.45
500107164,02:00-04:00,0.8,0.5
500107164,04:00-06:00,0.72,0.41
500107164,06:00-08:00,4.25,4.19
500107164,08:00-10:00,9.51,8.96
500107164,10:00-12:00,7.88,7.87
500107164,12:00-14:00,8.52,8.88
500107164,14:00-16:00,7.91,7.59
500107164,16:00-18:00,10.64,9.76
500107164,18:00-20:00,11.57,10.16
500107164,20:00-22:00,7.81,6.44
500107164,22:00-24:00,4.93,4.8
500107165,00:00-02:00,1.17,1.12
500107165,02:00-04:00,0.73,0.16
500107165,04:00-06:00,0.42,0.59
500107165,06:00-08:00,4.72,6.25
500107165,08:00-10:00,10.53,13.09
500107165,10:00-12:00,10.13,6.84
500107165,12:00-14:00,9.06,10.09
500107165,14:00-16:00,8.75,7.69
500107165,16:00-18:00,12.42,12.19
500107165,18:00-20:00,11.11,9.12
500107165,20:00-22:00,6.71,4.46
500107165,22:00-24:00,2.91,3.54
500107166,00:00-02:00,0.76,0.73
500107166,02:00-04:00,0.16,0.12
500107166,04:00-06:00,0.75,0.16
500107166,06:00-08:00,4.78,2.34
500107166,08:00-10:00,8.27,6.3
500107166,10:00-12:00,4.83,3.19
500107166,12:00-14:00,3.42,3.6
500107166,14:00-16:00,3.0,3.16
500107166,16:00-18:00,4.56,3.46
500107166,18:00-20:00,3.91,4.37
500107166,20:00-22:00,3.92,5.16
500107166,22:00-24:00,1.25,4.48
500107167,00:00-02:00,1.16,3.02
500107167,02:00-04:00,0.22,0.06
500107167,04:00-06:00,0.13,0.13
500107167,06:00-08:00,4.92,5.31
500107167,08:00-10:00,9.83,6.41
500107167,10:00-12:00,5.56,7.46
500107167,12:00-14:00,7.67,7.89
500107167,14:00-16:00,8.12,8.09
500107167,16:00-18:00,11.68,12.37
500107167,18:00-20:00,13.46,12.84
500107167,20:00-22:00,11.19,5.85
500107167,22:00-24:00,7.47,2.45
500107168,00:00-02:00,1.08,0.89
500107168,02:00-04:00,0.53,0.31
500107168,04:00-06:00,0.53,1.13
500107168,06:00-08:00,4.47,8.81
500107168,08:00-10:00,11.44,10.46
500107168,10:00-12:00,9.78,7.91
500107168,12:00-14:00,10.12,10.89
500107168,14:00-16:00,7.9,7.56
500107168,16:00-18:00,10.82,8.4
500107168,18:00-20:00,9.4,8.03
500107168,20:00-22:00,5.57,4.72
500107168,22:00-24:00,5.45,5.74
500107169,00:00-02:00,0.2,0.95
500107169,02:00-04:00,0.03,0.28
500107169,04:00-06:00,0.53,0.03
500107169,06:00-08:00,1.31,4.38
500107169,08:00-10:00,2.78,1.35
500107169,10:00-12:00,1.44,0.87
500107169,12:00-14:00,1.93,1.22
500107169,14:00-16:00,0.8,0.97
500107169,16:00-18:00,5.28,1.57
500107169,18:00-20:00,1.72,2.9
500107169,20:00-22:00,1.06,1.16
500107169,22:00-24:00,0.31,0.94
500107170,00:00-02:00,0.82,1.27
500107170,02:00-04:00,0.66,0.29
500107170,04:00-06:00,0.41,0.28
500107170,06:00-08:00,8.47,6.11
500107170,08:00-10:00,9.59,6.03
500107170,10:00-12:00,4.87,3.31
500107170,12:00-14:00,5.3,5.0
500107170,14:00-16:00,4.27,4.09
500107170,16:00-18:00,6.56,10.88
500107170,18:00-20:00,11.02,11.93
500107170,20:00-22:00,4.28,7.89
500107170,22:00-24:00,3.42,5.0
500107171,00:00-02:00,0.43,0.99
500107171,02:00-04:00,0.22,0.37
500107171,04:00-06:00,0.03,0.03
500107171,06:00-08:00,2.5,5.53
500107171,08:00-10:00,5.84,6.67
500107171,10:00-12:00,5.09,3.25
500107171,12:00-14:00,4.65,4.13
500107171,14:00-16:00,4.0,3.24
500107171,16:00-18:00,7.94,4.09
500107171,18:00-20:00,4.33,4.34
500107171,20:00-22:00,2.58,2.66
500107171,22:00-24:00,1.77,2.42
500107172,00:00-02:00,0.85,2.86
500107172,02:00-04:00,0.34,0.33
500107172,04:00-06:00,1.19,0.13
500107172,06:00-08:00,11.99,5.75
500107172,08:00-10:00,9.66,8.19
500107172,10:00-12:00,9.83,7.34
500107172,12:00-14:00,7.33,5.82
500107172,14:00-16:00,4.46,5.09
500107172,16:00-18:00,5.87,8.18
500107172,18:00-20:00,10.3,10.07
500107172,20:00-22:00,6.04,7.91
500107172,22:00-24:00,7.03,11.09
500107173,00:00-02:00,1.6,2.14
500107173,02:00-04:00,0.31,0.31
500107173,04:00-06:00,0.34,0.81
500107173,06:00-08:00,5.12,3.53
500107173,08:00-10:00,5.99,5.69
500107173,10:00-12:00,4.26,5.78
500107173,12:00-14:00,6.57,5.81
500107173,14:00-16:00,4.02,5.12
500107173,16:00-18:00,8.84,9.35
500107173,18:00-20:00,7.66,7.97
500107173,20:00-22:00,4.22,6.4
500107173,22:00-24:00,7.15,4.52
500107174,00:00-02:00,1.93,1.53
500107174,02:00-04:00,1.21,0.7
500107174,04:00-06:00,0.85,1.38
500107174,06:00-08:00,4.6,2.78
500107174,08:00-10:00,6.41,9.05
500107174,10:00-12:00,6.12,7.97
500107174,12:00-14:00,9.18,8.63
500107174,14:00-16:00,6.56,7.26
500107174,16:00-18:00,7.54,8.53
500107174,18:00-20:00,10.4,9.71
500107174,20:00-22:00,7.35,6.82
500107174,22:00-24:00,6.55,6.48
500107175,00:00-02:00,2.27,4.16
500107175,02:00-04:00,1.06,0.73
500107175,04:00-06:00,1.66,0.35
500107175,06:00-08:00,8.76,10.28
500107175,08:00-10:00,15.6,19.29
500107175,10:00-12:00,9.62,7.92
500107175,12:00-14:00,11.22,11.09
500107175,14:00-16:00,10.85,9.31
500107175,16:00-18:00,17.37,12.57
500107175,18:00-20:00,13.26,10.16
500107175,20:00-22:00,8.37,8.87
500107175,22:00-24:00,5.96,8.6
500107176,00:00-02:00,1.61,1.36
500107176,02:00-04:00,0.19,0.19
500107176,04:00-06:00,1.5,0.38
500107176,06:00-08:00,4.45,2.34
500107176,08:00-10:00,5.05,4.97
500107176,10:00-12:00,4.87,5.37
500107176,12:00-14:00,8.41,8.31
500107176,14:00-16:00,7.63,6.53
500107176,16:00-18:00,8.08,10.35
500107176,18:00-20:00,12.21,12.44
500107176,20:00-22:00,8.88,10.79
500107176,22:00-24:00,4.8,3.79
500107177,00:00-02:00,2.71,1.28
500107177,02:00-04:00,0.66,0.53
500107177,04:00-06:00,1.08,0.75
500107177,06:00-08:00,5.43,1.81
500107177,08:00-10:00,8.43,12.13
500107177,10:00-12:00,8.31,8.43
500107177,12:00-14:00,7.91,9.82
500107177,14:00-16:00,7.34,7.97
500107177,16:00-18:00,10.45,9.63
500107177,18:00-20:00,12.86,13.56
500107177,20:00-22:00,10.64,8.22
500107177,22:00-24:00,5.08,5.18
500107178,00:00-02:00,0.59,1.18
500107178,02:00-04:00,0.19,0.22
500107178,04:00-06:00,0.66,0.25
500107178,06:00-08:00,8.98,2.88
500107178,08:00-10:00,9.18,15.14
500107178,10:00-12:00,5.34,5.11
500107178,12:00-14:00,7.38,7.41
500107178,14:00-16:00,6.47,5.59
500107178,16:00-18:00,9.06,7.6
500107178,18:00-20:00,9.14,8.6
500107178,20:00-22:00,5.25,6.5
500107178,22:00-24:00,4.77,6.18
500107179,00:00-02:00,0.07,0.39
500107179,02:00-04:00,0.0,0.03
500107179,04:00-06:00,0.22,0.13
500107179,06:00-08:00,1.59,4.38
500107179,08:00-10:00,1.31,2.64
500107179,10:00-12:00,2.06,0.94
500107179,12:00-14:00,1.69,1.72
500107179,14:00-16:00,1.78,2.02
500107179,16:00-18:00,4.06,1.99
500107179,18:00-20:00,2.72,1.87
500107179,20:00-22:00,1.34,1.63
500107179,22:00-24:00,0.72,0.63
500107180,00:00-02:00,0.51,0.82
500107180,02:00-04:00,0.03,0.0
500107180,04:00-06:00,0.09,0.31
500107180,06:00-08:00,1.84,4.31
500107180,08:00-10:00,3.94,6.56
500107180,10:00-12:00,3.5,3.18
500107180,12:00-14:00,4.56,3.84
500107180,14:00-16:00,3.0,3.16
500107180,16:00-18:00,5.27,4.04
500107180,18:00-20:00,5.53,4.45
500107180,20:00-22:00,4.7,3.38
500107180,22:00-24:00,4.0,2.23
500107181,00:00-02:00,0.69,0.53
500107181,02:00-04:00,0.0,0.12
500107181,04:00-06:00,0.28,0.25
500107181,06:00-08:00,1.5,10.27
500107181,08:00-10:00,6.66,2.99
500107181,10:00-12:00,2.06,2.72
500107181,12:00-14:00,3.79,2.92
500107181,14:00-16:00,2.05,5.16
500107181,16:00-18:00,15.15,2.7
500107181,18:00-20:00,2.83,3.53
500107181,20:00-22:00,2.66,3.03
500107181,22:00-24:00,0.83,1.16
500107182,00:00-02:00,0.49,1.54
500107182,02:00-04:00,0.0,0.09
500107182,04:00-06:00,0.38,0.63
500107182,06:00-08:00,9.95,4.38
500107182,08:00-10:00,11.35,10.25
500107182,10:00-12:00,6.74,6.93
500107182,12:00-14:00,7.05,6.16
500107182,14:00-16:00,5.45,6.41
500107182,16:00-18:00,7.96,9.6
500107182,18:00-20:00,10.51,10.93
500107182,20:00-22:00,8.53,5.59
500107182,22:00-24:00,2.99,4.01
500107183,00:00-02:00,0.78,1.08
500107183,02:00-04:00,0.31,0.12
500107183,04:00-06:00,0.41,0.84
500107183,06:00-08:00,1.38,0.81
500107183,08:00-10:00,3.71,6.27
500107183,10:00-12:00,3.69,3.39
500107183,12:00-14:00,5.63,4.35
500107183,14:00-16:00,4.12,3.53
500107183,16:00-18:00,4.23,2.8
500107183,18:00-20:00,3.38,2.53
500107183,20:00-22:00,2.57,1.34
500107183,22:00-24:00,1.44,2.07
500107184,00:00-02:00,1.78,1.54
500107184,02:00-04:00,0.12,0.62
500107184,04:00-06:00,0.5,0.13
500107184,06:00-08:00,3.6,2.5
500107184,08:00-10:00,5.51,5.59
500107184,10:00-12:00,4.68,6.5
500107184,12:00-14:00,7.19,6.63
500107184,14:00-16:00,4.31,4.53
500107184,16:00-18:00,7.54,7.5
500107184,18:00-20:00,9.14,8.23
500107184,20:00-22:00,5.85,3.91
500107184,22:00-24:00,2.87,3.95
500107185,00:00-02:00,0.33,0.67
500107185,02:00-04:00,0.12,0.77
500107185,04:00-06:00,0.22,0.13
500107185,06:00-08:00,4.53,1.94
500107185,08:00-10:00,6.95,6.97
500107185,10:00-12:00,4.47,3.81
500107185,12:00-14:00,3.33,2.53
500107185,14:00-16:00,3.37,3.31
500107185,16:00-18:00,5.28,3.27
500107185,18:00-20:00,3.64,3.59
500107185,20:00-22:00,2.88,2.63
500107185,22:00-24:00,1.48,2.89
500107186,00:00-02:00,1.25,0.85
500107186,02:00-04:00,0.61,0.47
500107186,04:00-06:00,0.49,0.84
500107186,06:00-08:00,4.21,8.41
500107186,08:00-10:00,7.47,8.4
500107186,10:00-12:00,8.75,7.79
500107186,12:00-14:00,10.22,9.8
500107186,14:00-16:00,7.87,8.2
500107186,16:00-18:00,13.33,7.93
500107186,18:00-20:00,8.33,6.09
500107186,20:00-22:00,4.97,4.28
500107186,22:00-24:00,2.55,2.16
500107187,00:00-02:00,2.04,1.26
500107187,02:00-04:00,0.47,0.6
500107187,04:00-06:00,0.75,0.59
500107187,06:00-08:00,6.06,2.2
500107187,08:00-10:00,6.68,4.28
500107187,10:00-12:00,3.26,3.56
500107187,12:00-14:00,4.15,4.62
500107187,14:00-16:00,3.67,4.41
500107187,16:00-18:00,5.32,7.38
500107187,18:00-20:00,8.5,9.16
500107187,20:00-22:00,4.94,5.55
500107187,22:00-24:00,3.73,4.65
500107188,00:00-02:00,0.36,0.39
500107188,02:00-04:00,0.03,0.12
500107188,04:00-06:00,0.72,0.16
500107188,06:00-08:00,3.91,1.38
500107188,08:00-10:00,3.58,1.28
500107188,10:00-12:00,2.1,1.56
500107188,12:00-14:00,1.91,2.34
500107188,14:00-16:00,2.45,2.22
500107188,16:00-18:00,3.04,6.39
500107188,18:00-20:00,3.56,4.37
500107188,20:00-22:00,2.13,2.66
500107188,22:00-24:00,0.75,0.69
500107189,00:00-02:00,3.38,2.2
500107189,02:00-04:00,1.37,1.31
500107189,04:00-06:00,1.51,1.72
500107189,06:00-08:00,7.31,8.59
500107189,08:00-10:00,11.94,17.7
500107189,10:00-12:00,11.4,10.35
500107189,12:00-14:00,13.91,13.58
500107189,14:00-16:00,12.67,12.04
500107189,16:00-18:00,15.26,12.36
500107189,18:00-20:00,15.47,15.59
500107189,20:00-22:00,12.29,11.38
500107189,22:00-24:00,7.63,8.0
500107190,00:00-02:00,0.57,0.89
500107190,02:00-04:00,0.22,0.28
500107190,04:00-06:00,0.44,0.47
500107190,06:00-08:00,3.65,2.72
500107190,08:00-10:00,5.98,8.22
500107190,10:00-12:00,4.29,7.21
500107190,12:00-14:00,7.09,10.84
500107190,14:00-16:00,8.22,6.95
500107190,16:00-18:00,9.88,8.81
500107190,18:00-20:00,10.46,7.4
500107190,20:00-22:00,8.25,3.91
500107190,22:00-24:00,3.42,2.82
500107191,00:00-02:00,1.45,1.03
500107191,02:00-04:00,1.25,0.09
500107191,04:00-06:00,0.78,0.63
500107191,06:00-08:00,4.47,1.16
500107191,08:00-10:00,3.82,3.19
500107191,10:00-12:00,2.6,2.97
500107191,12:00-14:00,4.14,3.35
500107191,14:00-16:00,3.0,3.47
500107191,16:00-18:00,5.4,5.19
500107191,18:00-20:00,5.32,5.22
500107191,20:00-22:00,2.97,4.69
500107191,22:00-24:00,1.69,4.68
500107192,00:00-02:00,2.46,2.46
500107192,02:00-04:00,1.22,0.83
500107192,04:00-06:00,0.97,0.91
500107192,06:00-08:00,5.97,7.23
500107192,08:00-10:00,11.25,10.38
500107192,10:00-12:00,7.78,5.31
500107192,12:00-14:00,8.45,7.5
500107192,14:00-16:00,6.12,6.78
500107192,16:00-18:00,9.91,10.1
500107192,18:00-20:00,12.02,12.81
500107192,20:00-22:00,8.67,9.93
500107192,22:00-24:00,5.43,6.74
500107193,00:00-02:00,0.13,0.36
500107193,02:00-04:00,0.16,0.16
500107193,04:00-06:00,0.19,0.47
500107193,06:00-08:00,1.94,0.31
500107193,08:00-10:00,4.54,2.16
500107193,10:00-12:00,1.96,2.59
500107193,12:00-14:00,2.55,2.09
500107193,14:00-16:00,0.81,1.03
500107193,16:00-18:00,2.36,2.74
500107193,18:00-20:00,2.75,2.94
500107193,20:00-22:00,1.63,2.16
500107193,22:00-24:00,0.66,1.35
500107194,00:00-02:00,1.84,2.34
500107194,02:00-04:00,0.72,0.54
500107194,04:00-06:00,1.63,0.33
500107194,06:00-08:00,7.25,4.67
500107194,08:00-10:00,10.25,13.91
500107194,10:00-12:00,5.81,4.91
500107194,12:00-14:00,7.09,7.66
500107194,14:00-16:00,6.38,4.0
500107194,16:00-18:00,10.53,8.72
500107194,18:00-20:00,6.88,6.47
500107194,20:00-22:00,5.8,6.16
500107194,22:00-24:00,2.5,6.5
500107195,00:00-02:00,0.56,0.69
500107195,02:00-04:00,0.06,0.0
500107195,04:00-06:00,0.13,0.09
500107195,06:00-08:00,4.09,1.85
500107195,08:00-10:00,4.46,6.65
500107195,10:00-12:00,3.5,3.21
500107195,12:00-14:00,4.38,5.3
500107195,14:00-16:00,4.0,3.82
500107195,16:00-18:00,7.48,5.18
500107195,18:00-20:00,5.77,5.87
500107195,20:00-22:00,2.47,3.31
500107195,22:00-24:00,1.22,1.69
500107196,00:00-02:00,0.3,1.08
500107196,02:00-04:00,0.09,0.94
500107196,04:00-06:00,0.25,1.5
500107196,06:00-08:00,2.53,0.78
500107196,08:00-10:00,4.06,1.88
500107196,10:00-12:00,1.76,0.69
500107196,12:00-14:00,1.51,1.72
500107196,14:00-16:00,1.53,1.16
500107196,16:00-18:00,1.7,1.16
500107196,18:00-20:00,1.46,2.72
500107196,20:00-22:00,0.94,1.94
500107196,22:00-24:00,1.25,1.04
500107197,00:00-02:00,1.05,0.43
500107197,02:00-04:00,0.28,0.36
500107197,04:00-06:00,1.47,0.47
500107197,06:00-08:00,5.28,4.06
500107197,08:00-10:00,5.04,4.44
500107197,10:00-12:00,3.79,2.33
500107197,12:00-14:00,3.59,3.31
500107197,14:00-16:00,2.82,2.53
500107197,16:00-18:00,4.45,5.13
500107197,18:00-20:00,5.62,7.48
500107197,20:00-22:00,4.38,4.82
500107197,22:00-24:00,2.35,3.13
500107198,00:00-02:00,0.56,1.05
500107198,02:00-04:00,0.87,0.19
500107198,04:00-06:00,0.22,0.38
500107198,06:00-08:00,3.16,6.44
500107198,08:00-10:00,5.72,4.84
500107198,10:00-12:00,5.68,3.0
500107198,12:00-14:00,5.28,4.44
500107198,14:00-16:00,2.78,2.78
500107198,16:00-18:00,9.06,5.13
500107198,18:00-20:00,5.41,7.84
500107198,20:00-22:00,4.66,3.91
500107198,22:00-24:00,1.44,3.2
500107199,00:00-02:00,2.99,1.94
500107199,02:00-04:00,1.41,0.72
500107199,04:00-06:00,1.67,0.81
500107199,06:00-08:00,5.26,4.1
500107199,08:00-10:00,5.89,5.84
500107199,10:00-12:00,5.99,4.4
500107199,12:00-14:00,6.54,7.26
500107199,14:00-16:00,5.69,6.3
500107199,16:00-18:00,8.65,8.04
500107199,18:00-20:00,8.46,9.96
500107199,20:00-22:00,6.56,7.52
500107199,22:00-24:00,5.24,5.6
500107200,00:00-02:00,1.18,0.76
500107200,02:00-04:00,0.25,0.09
500107200,04:00-06:00,0.22,0.69
500107200,06:00-08:00,3.25,5.13
500107200,08:00-10:00,7.17,7.81
500107200,10:00-12:00,4.68,5.59
500107200,12:00-14:00,6.41,7.76
500107200,14:00-16:00,8.45,6.51
500107200,16:00-18:00,11.31,7.74
500107200,18:00-20:00,5.27,5.31
500107200,20:00-22:00,3.57,4.69
500107200,22:00-24:00,1.86,1.7
500107201,00:00-02:00,0.23,0.39
500107201,02:00-04:00,0.0,0.16
500107201,04:00-06:00,0.19,0.19
500107201,06:00-08:00,1.04,1.56
500107201,08:00-10:00,1.34,4.94
500107201,10:00-12:00,1.72,1.07
500107201,12:00-14:00,2.6,2.04
500107201,14:00-16:00,2.53,2.91
500107201,16:00-18:00,6.54,2.58
500107201,18:00-20:00,2.8,1.66
500107201,20:00-22:00,1.95,2.41
500107201,22:00-24:00,0.75,1.16
500107202,00:00-02:00,1.09,0.99
500107202,02:00-04:00,0.86,0.37
500107202,04:00-06:00,0.51,0.84
500107202,06:00-08:00,1.48,1.13
500107202,08:00-10:00,4.67,4.81
500107202,10:00-12:00,3.44,2.75
500107202,12:00-14:00,3.92,4.06
500107202,14:00-16:00,3.0,3.69
500107202,16:00-18:00,4.13,4.75
500107202,18:00-20:00,5.01,5.5
500107202,20:00-22:00,3.92,3.68
500107202,22:00-24:00,2.83,1.41
500107203,00:00-02:00,0.17,1.74
500107203,02:00-04:00,0.06,0.09
500107203,04:00-06:00,0.72,0.47
500107203,06:00-08:00,3.44,1.25
500107203,08:00-10:00,3.07,2.03
500107203,10:00-12:00,2.28,2.81
500107203,12:00-14:00,3.37,3.13
500107203,14:00-16:00,2.16,2.66
500107203,16:00-18:00,3.87,4.78
500107203,18:00-20:00,4.5,4.39
500107203,20:00-22:00,4.94,2.91
500107203,22:00-24:00,1.35,1.51
500107204,00:00-02:00,0.43,0.69
500107204,02:00-04:00,0.47,0.0
500107204,04:00-06:00,0.66,0.16
500107204,06:00-08:00,1.73,3.44
500107204,08:00-10:00,3.28,7.07
500107204,10:00-12:00,3.22,1.95
500107204,12:00-14:00,4.35,5.41
500107204,14:00-16:00,2.75,2.04
500107204,16:00-18:00,6.65,3.21
500107204,18:00-20:00,2.93,2.87
500107204,20:00-22:00,2.45,2.09
500107204,22:00-24:00,2.05,1.73
500107205,00:00-02:00,2.05,2.17
500107205,02:00-04:00,0.8,0.62
500107205,04:00-06:00,0.37,0.66
500107205,06:00-08:00,3.37,4.67
500107205,08:00-10:00,6.1,15.69
500107205,10:00-12:00,9.81,7.69
500107205,12:00-14:00,11.34,11.64
500107205,14:00-16:00,10.24,8.39
500107205,16:00-18:00,11.11,9.71
500107205,18:00-20:00,13.01,9.93
500107205,20:00-22:00,7.46,5.3
500107205,22:00-24:00,4.35,3.2
500107206,00:00-02:00,0.23,0.3
500107206,02:00-04:00,0.16,0.09
500107206,04:00-06:00,0.41,0.06
500107206,06:00-08:00,3.82,1.97
500107206,08:00-10:00,3.45,3.06
500107206,10:00-12:00,3.48,4.06
500107206,12:00-14:00,3.82,3.95
500107206,14:00-16:00,3.22,4.14
500107206,16:00-18:00,5.37,5.38
500107206,18:00-20:00,5.32,4.28
500107206,20:00-22:00,3.29,3.38
500107206,22:00-24:00,1.22,1.94
500108001,00:00-02:00,0.16,2.43
500108001,02:00-04:00,0.09,0.41
500108001,04:00-06:00,1.53,0.72
500108001,06:00-08:00,12.58,5.07
500108001,08:00-10:00,5.23,3.78
500108001,10:00-12:00,4.22,3.31
500108001,12:00-14:00,2.51,2.6
500108001,14:00-16:00,2.74,2.22
500108001,16:00-18:00,3.55,5.19
500108001,18:00-20:00,5.97,7.75
500108001,20:00-22:00,3.94,4.95
500108001,22:00-24:00,1.63,3.17
500108002,00:00-02:00,0.33,0.1
500108002,02:00-04:00,0.06,0.56
500108002,04:00-06:00,0.03,0.03
500108002,06:00-08:00,0.98,1.34
500108002,08:00-10:00,1.79,2.44
500108002,10:00-12:00,1.86,1.19
500108002,12:00-14:00,2.05,4.75
500108002,14:00-16:00,1.67,3.78
500108002,16:00-18:00,3.56,0.72
500108002,18:00-20:00,3.43,0.41
500108002,20:00-22:00,1.02,0.5
500108002,22:00-24:00,0.64,0.5
500108003,00:00-02:00,0.58,0.16
500108003,02:00-04:00,0.03,0.06
500108003,04:00-06:00,0.13,0.19
500108003,06:00-08:00,4.38,6.91
500108003,08:00-10:00,10.69,15.58
500108003,10:00-12:00,3.97,3.84
500108003,12:00-14:00,6.69,6.44
500108003,14:00-16:00,2.48,8.37
500108003,16:00-18:00,14.55,3.6
500108003,18:00-20:00,6.67,3.62
500108003,20:00-22:00,1.96,1.38
500108003,22:00-24:00,0.8,1.04
500108004,00:00-02:00,0.49,1.84
500108004,02:00-04:00,0.06,0.44
500108004,04:00-06:00,0.03,0.47
500108004,06:00-08:00,2.96,2.09
500108004,08:00-10:00,3.32,1.91
500108004,10:00-12:00,1.82,1.28
500108004,12:00-14:00,1.87,1.78
500108004,14:00-16:00,1.81,1.72
500108004,16:00-18:00,2.43,3.11
500108004,18:00-20:00,4.62,3.47
500108004,20:00-22:00,2.59,2.09
500108004,22:00-24:00,2.36,2.07
500108005,00:00-02:00,2.89,1.41
500108005,02:00-04:00,0.09,0.31
500108005,04:00-06:00,1.16,0.34
500108005,06:00-08:00,10.15,3.84
500108005,08:00-10:00,15.6,14.19
500108005,10:00-12:00,7.75,4.56
500108005,12:00-14:00,7.24,5.07
500108005,14:00-16:00,5.08,6.37
500108005,16:00-18:00,10.08,12.08
500108005,18:00-20:00,13.37,13.02
500108005,20:00-22:00,6.22,11.63
500108005,22:00-24:00,3.8,5.33
500108006,00:00-02:00,0.36,1.08
500108006,02:00-04:00,0.06,0.09
500108006,04:00-06:00,0.69,0.78
500108006,06:00-08:00,10.62,3.95
500108006,08:00-10:00,7.43,3.78
500108006,10:00-12:00,4.78,3.31
500108006,12:00-14:00,4.49,4.13
500108006,14:00-16:00,3.13,3.12
500108006,16:00-18:00,7.16,8.85
500108006,18:00-20:00,9.74,10.09
500108006,20:00-22:00,5.51,7.2
500108006,22:00-24:00,4.2,4.84
500108007,00:00-02:00,2.27,2.1
500108007,02:00-04:00,0.16,0.19
500108007,04:00-06:00,1.88,0.31
500108007,06:00-08:00,5.51,4.09
500108007,08:00-10:00,10.17,13.28
500108007,10:00-12:00,7.68,6.9
500108007,12:00-14:00,8.98,7.81
500108007,14:00-16:00,8.21,3.71
500108007,16:00-18:00,8.03,6.54
500108007,18:00-20:00,5.9,9.4
500108007,20:00-22:00,5.82,5.69
500108007,22:00-24:00,3.32,3.8
500108008,00:00-02:00,0.43,0.59
500108008,02:00-04:00,0.22,0.12
500108008,04:00-06:00,0.72,2.22
500108008,06:00-08:00,4.69,5.44
500108008,08:00-10:00,11.69,4.44
500108008,10:00-12:00,5.64,5.28
500108008,12:00-14:00,5.49,5.35
500108008,14:00-16:00,4.04,4.72
500108008,16:00-18:00,7.85,7.83
500108008,18:00-20:00,8.09,10.21
500108008,20:00-22:00,7.85,6.19
500108008,22:00-24:00,2.05,3.01
500108009,00:00-02:00,0.43,0.39
500108009,02:00-04:00,0.19,0.66
500108009,04:00-06:00,0.47,0.28
500108009,06:00-08:00,1.84,8.38
500108009,08:00-10:00,5.72,4.44
500108009,10:00-12:00,3.34,1.06
500108009,12:00-14:00,2.57,2.13
500108009,14:00-16:00,5.38,3.97
500108009,16:00-18:00,8.73,1.6
500108009,18:00-20:00,1.79,4.4
500108009,20:00-22:00,1.4,1.94
500108009,22:00-24:00,1.35,0.69
500108010,00:00-02:00,0.0,0.53
500108010,02:00-04:00,0.03,0.06
500108010,04:00-06:00,0.78,0.56
500108010,06:00-08:00,2.99,1.78
500108010,08:00-10:00,4.29,2.03
500108010,10:00-12:00,2.18,1.62
500108010,12:00-14:00,1.67,1.88
500108010,14:00-16:00,1.86,1.87
500108010,16:00-18:00,2.96,3.65
500108010,18:00-20:00,2.62,3.94
500108010,20:00-22:00,2.89,2.42
500108010,22:00-24:00,0.72,1.1
500108011,00:00-02:00,0.76,2.94
500108011,02:00-04:00,0.37,0.72
500108011,04:00-06:00,0.38,0.28
500108011,06:00-08:00,10.14,3.06
500108011,08:00-10:00,9.35,4.47
500108011,10:00-12:00,6.17,3.94
500108011,12:00-14:00,3.88,3.13
500108011,14:00-16:00,4.0,3.78
500108011,16:00-18:00,4.58,6.83
500108011,18:00-20:00,7.49,10.06
500108011,20:00-22:00,6.66,6.06
500108011,22:00-24:00,1.6,4.85
500108012,00:00-02:00,0.36,0.72
500108012,02:00-04:00,0.0,0.12
500108012,04:00-06:00,0.66,0.0
500108012,06:00-08:00,3.75,1.84
500108012,08:00-10:00,5.43,2.91
500108012,10:00-12:00,2.9,3.5
500108012,12:00-14:00,3.95,2.6
500108012,14:00-16:00,2.05,2.25
500108012,16:00-18:00,2.9,4.4
500108012,18:00-20:00,3.85,5.1
500108012,20:00-22:00,3.54,2.62
500108012,22:00-24:00,1.87,2.05
500108013,00:00-02:00,0.56,0.44
500108013,02:00-04:00,0.09,0.12
500108013,04:00-06:00,0.5,0.31
500108013,06:00-08:00,4.93,1.41
500108013,08:00-10:00,6.14,3.91
500108013,10:00-12:00,2.79,1.94
500108013,12:00-14:00,1.97,2.38
500108013,14:00-16:00,1.61,1.06
500108013,16:00-18:00,1.95,2.93
500108013,18:00-20:00,2.13,3.69
500108013,20:00-22:00,1.47,2.05
500108013,22:00-24:00,0.85,2.03
500108014,00:00-02:00,0.93,0.49
500108014,02:00-04:00,0.06,0.0
500108014,04:00-06:00,0.19,0.16
500108014,06:00-08:00,4.98,5.91
500108014,08:00-10:00,10.83,12.83
500108014,10:00-12:00,3.19,3.9
500108014,12:00-14:00,5.97,4.44
500108014,14:00-16:00,2.0,3.75
500108014,16:00-18:00,12.81,11.63
500108014,18:00-20:00,13.37,6.75
500108014,20:00-22:00,4.38,3.28
500108014,22:00-24:00,2.5,0.97
500108015,00:00-02:00,0.93,0.99
500108015,02:00-04:00,0.06,0.53
500108015,04:00-06:00,0.53,1.47
500108015,06:00-08:00,6.72,7.8
500108015,08:00-10:00,11.13,12.37
500108015,10:00-12:00,6.98,7.29
500108015,12:00-14:00,9.01,8.91
500108015,14:00-16:00,4.68,5.67
500108015,16:00-18:00,11.23,8.32
500108015,18:00-20:00,12.87,8.02
500108015,20:00-22:00,7.3,5.19
500108015,22:00-24:00,3.54,3.07
500108016,00:00-02:00,1.04,0.92
500108016,02:00-04:00,0.26,0.22
500108016,04:00-06:00,0.5,0.91
500108016,06:00-08:00,2.47,4.13
500108016,08:00-10:00,3.63,4.31
500108016,10:00-12:00,3.06,3.19
500108016,12:00-14:00,4.77,3.72
500108016,14:00-16:00,4.55,5.0
500108016,16:00-18:00,4.93,4.25
500108016,18:00-20:00,5.69,3.31
500108016,20:00-22:00,5.47,4.53
500108016,22:00-24:00,2.44,2.32
500108018,00:00-02:00,0.23,0.43
500108018,02:00-04:00,0.12,0.5
500108018,04:00-06:00,0.38,1.34
500108018,06:00-08:00,4.34,2.86
500108018,08:00-10:00,5.85,2.91
500108018,10:00-12:00,3.23,2.65
500108018,12:00-14:00,3.6,3.1
500108018,14:00-16:00,3.2,2.81
500108018,16:00-18:00,3.41,4.91
500108018,18:00-20:00,4.4,7.06
500108018,20:00-22:00,5.87,3.76
500108018,22:00-24:00,1.44,1.88
500108019,00:00-02:00,0.36,0.36
500108019,02:00-04:00,0.12,0.34
500108019,04:00-06:00,0.81,2.78
500108019,06:00-08:00,5.14,2.2
500108019,08:00-10:00,4.75,2.25
500108019,10:00-12:00,1.82,2.12
500108019,12:00-14:00,2.41,2.25
500108019,14:00-16:00,2.09,1.94
500108019,16:00-18:00,3.86,5.73
500108019,18:00-20:00,6.97,7.46
500108019,20:00-22:00,3.25,3.38
500108019,22:00-24:00,0.75,1.35
500108020,00:00-02:00,1.11,1.38
500108020,02:00-04:00,0.22,0.59
500108020,04:00-06:00,0.44,1.91
500108020,06:00-08:00,6.59,10.93
500108020,08:00-10:00,14.16,7.69
500108020,10:00-12:00,7.58,6.36
500108020,12:00-14:00,10.72,9.32
500108020,14:00-16:00,4.97,5.47
500108020,16:00-18:00,10.19,9.18
500108020,18:00-20:00,12.67,10.59
500108020,20:00-22:00,7.81,5.97
500108020,22:00-24:00,5.21,3.61
500108021,00:00-02:00,0.66,3.61
500108021,02:00-04:00,0.19,0.91
500108021,04:00-06:00,1.13,2.57
500108021,06:00-08:00,12.51,6.38
500108021,08:00-10:00,10.52,6.41
500108021,10:00-12:00,7.62,7.18
500108021,12:00-14:00,7.97,7.6
500108021,14:00-16:00,6.64,6.41
500108021,16:00-18:00,9.66,13.02
500108021,18:00-20:00,11.23,8.58
500108021,20:00-22:00,6.94,6.08
500108021,22:00-24:00,5.12,3.26
500108022,00:00-02:00,1.25,1.22
500108022,02:00-04:00,0.09,0.03
500108022,04:00-06:00,0.84,1.0
500108022,06:00-08:00,7.27,12.56
500108022,08:00-10:00,18.38,29.27
500108022,10:00-12:00,12.99,9.88
500108022,12:00-14:00,10.38,12.07
500108022,14:00-16:00,9.94,11.62
500108022,16:00-18:00,17.27,10.62
500108022,18:00-20:00,19.23,9.28
500108022,20:00-22:00,5.08,2.72
500108022,22:00-24:00,4.1,1.41
500108023,00:00-02:00,0.76,1.71
500108023,02:00-04:00,0.19,0.25
500108023,04:00-06:00,1.09,0.25
500108023,06:00-08:00,10.6,9.21
500108023,08:00-10:00,9.39,6.44
500108023,10:00-12:00,6.46,5.22
500108023,12:00-14:00,6.18,5.5
500108023,14:00-16:00,5.14,4.69
500108023,16:00-18:00,11.32,11.62
500108023,18:00-20:00,13.57,13.57
500108023,20:00-22:00,11.49,11.17
500108023,22:00-24:00,4.97,5.31
500108024,00:00-02:00,0.43,1.58
500108024,02:00-04:00,0.0,0.06
500108024,04:00-06:00,1.13,0.41
500108024,06:00-08:00,6.44,3.75
500108024,08:00-10:00,5.12,3.69
500108024,10:00-12:00,3.95,2.9
500108024,12:00-14:00,3.73,2.44
500108024,14:00-16:00,2.97,3.03
500108024,16:00-18:00,4.39,4.56
500108024,18:00-20:00,3.94,5.68
500108024,20:00-22:00,4.27,4.78
500108024,22:00-24:00,2.55,3.48
500108025,00:00-02:00,1.15,1.71
500108025,02:00-04:00,0.31,0.53
500108025,04:00-06:00,0.99,0.5
500108025,06:00-08:00,8.03,13.32
500108025,08:00-10:00,12.81,12.0
500108025,10:00-12:00,5.4,7.31
500108025,12:00-14:00,6.1,8.17
500108025,14:00-16:00,8.34,5.91
500108025,16:00-18:00,11.43,8.87
500108025,18:00-20:00,11.39,7.25
500108025,20:00-22:00,9.02,4.56
500108025,22:00-24:00,6.59,3.48
500108026,00:00-02:00,0.33,1.25
500108026,02:00-04:00,0.16,0.19
500108026,04:00-06:00,1.28,0.28
500108026,06:00-08:00,13.89,6.09
500108026,08:00-10:00,12.59,7.31
500108026,10:00-12:00,6.06,3.75
500108026,12:00-14:00,4.6,3.66
500108026,14:00-16:00,4.22,3.91
500108026,16:00-18:00,5.86,9.44
500108026,18:00-20:00,11.09,10.55
500108026,20:00-22:00,3.66,6.94
500108026,22:00-24:00,1.88,3.32
500108027,00:00-02:00,1.15,1.27
500108027,02:00-04:00,0.34,0.34
500108027,04:00-06:00,0.75,1.22
500108027,06:00-08:00,12.31,10.85
500108027,08:00-10:00,15.52,5.06
500108027,10:00-12:00,6.34,4.5
500108027,12:00-14:00,6.41,3.91
500108027,14:00-16:00,4.9,4.34
500108027,16:00-18:00,6.14,12.77
500108027,18:00-20:00,14.12,12.99
500108027,20:00-22:00,9.06,9.41
500108027,22:00-24:00,1.47,5.87
500108028,00:00-02:00,1.32,2.2
500108028,02:00-04:00,0.0,0.62
500108028,04:00-06:00,0.09,3.03
500108028,06:00-08:00,11.39,18.26
500108028,08:00-10:00,27.18,15.13
500108028,10:00-12:00,9.05,9.09
500108028,12:00-14:00,10.35,13.76
500108028,14:00-16:00,9.73,7.87
500108028,16:00-18:00,18.55,19.48
500108028,18:00-20:00,21.79,17.9
500108028,20:00-22:00,13.7,10.13
500108028,22:00-24:00,6.3,4.23
500108029,00:00-02:00,0.94,0.43
500108029,02:00-04:00,0.69,0.0
500108029,04:00-06:00,0.25,0.09
500108029,06:00-08:00,2.13,4.61
500108029,08:00-10:00,5.82,1.54
500108029,10:00-12:00,2.25,1.81
500108029,12:00-14:00,2.29,2.38
500108029,14:00-16:00,1.8,3.3
500108029,16:00-18:00,6.66,2.44
500108029,18:00-20:00,2.67,3.97
500108029,20:00-22:00,1.18,2.78
500108029,22:00-24:00,0.81,1.29
500108030,00:00-02:00,0.39,0.96
500108030,02:00-04:00,0.0,0.06
500108030,04:00-06:00,0.19,0.22
500108030,06:00-08:00,4.39,1.92
500108030,08:00-10:00,5.48,4.84
500108030,10:00-12:00,2.61,2.16
500108030,12:00-14:00,2.56,2.73
500108030,14:00-16:00,2.27,1.62
500108030,16:00-18:00,3.57,5.13
500108030,18:00-20:00,6.5,5.69
500108030,20:00-22:00,3.77,4.61
500108030,22:00-24:00,2.35,2.38
500108031,00:00-02:00,0.74,0.99
500108031,02:00-04:00,0.03,0.41
500108031,04:00-06:00,0.78,0.88
500108031,06:00-08:00,5.97,5.43
500108031,08:00-10:00,7.91,5.73
500108031,10:00-12:00,4.33,4.46
500108031,12:00-14:00,5.45,5.49
500108031,14:00-16:00,3.81,3.92
500108031,16:00-18:00,7.68,9.51
500108031,18:00-20:00,7.52,8.7
500108031,20:00-22:00,7.26,6.1
500108031,22:00-24:00,3.42,2.73
500108032,00:00-02:00,0.69,0.76
500108032,02:00-04:00,0.06,0.28
500108032,04:00-06:00,0.94,0.66
500108032,06:00-08:00,4.14,2.04
500108032,08:00-10:00,7.33,4.31
500108032,10:00-12:00,3.62,3.37
500108032,12:00-14:00,6.34,4.81
500108032,14:00-16:00,3.76,3.84
500108032,16:00-18:00,5.27,7.72
500108032,18:00-20:00,7.05,6.54
500108032,20:00-22:00,5.05,3.93
500108032,22:00-24:00,2.48,3.29
500108033,00:00-02:00,0.76,0.92
500108033,02:00-04:00,0.12,0.09
500108033,04:00-06:00,1.94,0.47
500108033,06:00-08:00,16.1,8.97
500108033,08:00-10:00,9.88,5.88
500108033,10:00-12:00,5.54,7.15
500108033,12:00-14:00,6.93,5.72
500108033,14:00-16:00,5.08,4.19
500108033,16:00-18:00,7.37,14.79
500108033,18:00-20:00,13.5,11.63
500108033,20:00-22:00,7.34,10.5
500108033,22:00-24:00,2.2,4.99
500108035,00:00-02:00,0.26,0.39
500108035,02:00-04:00,0.0,0.75
500108035,04:00-06:00,0.16,0.34
500108035,06:00-08:00,4.78,2.91
500108035,08:00-10:00,7.13,4.55
500108035,10:00-12:00,2.53,2.4
500108035,12:00-14:00,2.24,1.72
500108035,14:00-16:00,1.63,1.62
500108035,16:00-18:00,3.8,5.81
500108035,18:00-20:00,5.68,5.9
500108035,20:00-22:00,2.5,3.39
500108035,22:00-24:00,1.32,2.1
500108036,00:00-02:00,0.23,0.72
500108036,02:00-04:00,0.12,1.06
500108036,04:00-06:00,0.06,1.06
500108036,06:00-08:00,3.31,0.91
500108036,08:00-10:00,4.69,2.06
500108036,10:00-12:00,0.87,1.41
500108036,12:00-14:00,1.22,5.1
500108036,14:00-16:00,1.97,2.31
500108036,16:00-18:00,3.15,1.57
500108036,18:00-20:00,2.37,1.44
500108036,20:00-22:00,1.53,0.72
500108036,22:00-24:00,0.35,0.69
500108037,00:00-02:00,0.49,0.56
500108037,02:00-04:00,0.06,0.2
500108037,04:00-06:00,0.28,0.06
500108037,06:00-08:00,4.35,2.76
500108037,08:00-10:00,3.17,2.25
500108037,10:00-12:00,1.3,1.95
500108037,12:00-14:00,1.73,1.81
500108037,14:00-16:00,2.15,1.53
500108037,16:00-18:00,3.21,2.99
500108037,18:00-20:00,3.43,4.47
500108037,20:00-22:00,2.0,2.3
500108037,22:00-24:00,1.3,2.23
500108038,00:00-02:00,0.43,1.61
500108038,02:00-04:00,0.25,0.28
500108038,04:00-06:00,1.19,0.34
500108038,06:00-08:00,8.03,6.6
500108038,08:00-10:00,7.2,3.41
500108038,10:00-12:00,3.05,2.87
500108038,12:00-14:00,3.28,3.06
500108038,14:00-16:00,3.0,3.22
500108038,16:00-18:00,3.7,9.76
500108038,18:00-20:00,10.34,8.7
500108038,20:00-22:00,4.94,6.15
500108038,22:00-24:00,3.17,3.99
500108039,00:00-02:00,1.15,0.66
500108039,02:00-04:00,0.22,0.12
500108039,04:00-06:00,0.69,0.28
500108039,06:00-08:00,2.22,2.88
500108039,08:00-10:00,3.5,7.48
500108039,10:00-12:00,5.0,4.01
500108039,12:00-14:00,6.27,5.75
500108039,14:00-16:00,4.32,4.92
500108039,16:00-18:00,7.02,4.55
500108039,18:00-20:00,4.36,2.56
500108039,20:00-22:00,2.33,2.97
500108039,22:00-24:00,1.08,1.25
500108040,00:00-02:00,0.1,0.39
500108040,02:00-04:00,0.06,0.19
500108040,04:00-06:00,1.16,0.28
500108040,06:00-08:00,2.92,1.0
500108040,08:00-10:00,2.6,2.94
500108040,10:00-12:00,1.56,1.06
500108040,12:00-14:00,1.56,1.41
500108040,14:00-16:00,1.52,1.37
500108040,16:00-18:00,3.08,4.22
500108040,18:00-20:00,1.97,2.63
500108040,20:00-22:00,0.81,1.09
500108040,22:00-24:00,0.95,0.85
500108041,00:00-02:00,0.13,0.43
500108041,02:00-04:00,0.03,0.0
500108041,04:00-06:00,0.09,0.81
500108041,06:00-08:00,0.75,4.4
500108041,08:00-10:00,3.03,6.0
500108041,10:00-12:00,2.03,0.99
500108041,12:00-14:00,2.75,2.9
500108041,14:00-16:00,0.62,1.67
500108041,16:00-18:00,8.29,2.28
500108041,18:00-20:00,4.26,3.37
500108041,20:00-22:00,1.95,2.16
500108041,22:00-24:00,0.74,0.69
500108043,00:00-02:00,1.08,0.39
500108043,02:00-04:00,0.37,0.12
500108043,04:00-06:00,1.72,0.09
500108043,06:00-08:00,3.81,6.47
500108043,08:00-10:00,7.81,10.66
500108043,10:00-12:00,4.5,4.03
500108043,12:00-14:00,6.38,10.76
500108043,14:00-16:00,3.69,3.72
500108043,16:00-18:00,10.07,4.34
500108043,18:00-20:00,6.87,5.06
500108043,20:00-22:00,3.72,3.34
500108043,22:00-24:00,1.13,1.57
500108044,00:00-02:00,3.15,0.62
500108044,02:00-04:00,0.12,0.09
500108044,04:00-06:00,0.66,0.59
500108044,06:00-08:00,5.13,24.28
500108044,08:00-10:00,9.38,18.07
500108044,10:00-12:00,5.15,3.9
500108044,12:00-14:00,7.75,7.37
500108044,14:00-16:00,4.59,3.23
500108044,16:00-18:00,29.94,5.63
500108044,18:00-20:00,6.75,6.03
500108044,20:00-22:00,3.27,4.91
500108044,22:00-24:00,2.12,2.16
500108045,00:00-02:00,0.26,0.79
500108045,02:00-04:00,0.0,0.44
500108045,04:00-06:00,0.44,0.44
500108045,06:00-08:00,8.98,4.53
500108045,08:00-10:00,5.9,6.0
500108045,10:00-12:00,2.5,3.65
500108045,12:00-14:00,2.81,3.13
500108045,14:00-16:00,1.34,3.69
500108045,16:00-18:00,8.32,6.92
500108045,18:00-20:00,7.6,5.15
500108045,20:00-22:00,1.91,2.91
500108045,22:00-24:00,0.97,2.13
500108046,00:00-02:00,0.2,0.46
500108046,02:00-04:00,0.16,1.41
500108046,04:00-06:00,0.31,0.91
500108046,06:00-08:00,2.16,2.59
500108046,08:00-10:00,4.91,3.59
500108046,10:00-12:00,2.09,1.31
500108046,12:00-14:00,2.0,2.97
500108046,14:00-16:00,1.66,3.72
500108046,16:00-18:00,3.11,1.64
500108046,18:00-20:00,4.68,2.28
500108046,20:00-22:00,1.34,1.25
500108046,22:00-24:00,0.85,0.66
500108047,00:00-02:00,0.56,0.59
500108047,02:00-04:00,0.44,0.03
500108047,04:00-06:00,0.34,0.47
500108047,06:00-08:00,3.56,2.53
500108047,08:00-10:00,9.12,13.97
500108047,10:00-12:00,5.81,3.34
500108047,12:00-14:00,4.88,5.38
500108047,14:00-16:00,3.97,6.62
500108047,16:00-18:00,10.85,6.32
500108047,18:00-20:00,8.87,5.28
500108047,20:00-22:00,3.23,3.5
500108047,22:00-24:00,1.84,1.82
500108048,00:00-02:00,0.03,0.0
500108048,02:00-04:00,0.0,0.62
500108048,04:00-06:00,0.03,0.56
500108048,06:00-08:00,1.03,1.56
500108048,08:00-10:00,2.72,5.0
500108048,10:00-12:00,1.09,1.72
500108048,12:00-14:00,2.13,2.41
500108048,14:00-16:00,1.03,0.91
500108048,16:00-18:00,2.05,1.16
500108048,18:00-20:00,4.59,0.78
500108048,20:00-22:00,0.88,0.69
500108048,22:00-24:00,0.35,0.22
500108049,00:00-02:00,0.23,3.98
500108049,02:00-04:00,0.09,0.75
500108049,04:00-06:00,1.63,0.19
500108049,06:00-08:00,13.75,2.09
500108049,08:00-10:00,8.56,3.31
500108049,10:00-12:00,2.87,4.81
500108049,12:00-14:00,3.51,5.07
500108049,14:00-16:00,2.87,3.84
500108049,16:00-18:00,4.97,6.32
500108049,18:00-20:00,5.5,5.37
500108049,20:00-22:00,1.66,4.22
500108049,22:00-24:00,1.0,5.43
500108050,00:00-02:00,0.44,0.49
500108050,02:00-04:00,0.03,0.0
500108050,04:00-06:00,0.0,0.22
500108050,06:00-08:00,1.28,2.72
500108050,08:00-10:00,5.33,7.83
500108050,10:00-12:00,4.81,4.28
500108050,12:00-14:00,2.38,3.72
500108050,14:00-16:00,2.06,3.3
500108050,16:00-18:00,3.21,2.99
500108050,18:00-20:00,4.31,3.43
500108050,20:00-22:00,3.96,0.98
500108050,22:00-24:00,0.99,0.25
500108051,00:00-02:00,0.0,0.43
500108051,02:00-04:00,0.06,0.09
500108051,04:00-06:00,0.63,0.44
500108051,06:00-08:00,4.0,1.13
500108051,08:00-10:00,5.22,3.66
500108051,10:00-12:00,1.66,1.69
500108051,12:00-14:00,1.41,1.53
500108051,14:00-16:00,1.22,2.16
500108051,16:00-18:00,1.6,3.4
500108051,18:00-20:00,2.37,2.87
500108051,20:00-22:00,1.09,1.81
500108051,22:00-24:00,0.6,0.85
500108052,00:00-02:00,0.2,0.49
500108052,02:00-04:00,0.16,0.22
500108052,04:00-06:00,0.13,0.16
500108052,06:00-08:00,2.76,1.34
500108052,08:00-10:00,3.78,2.19
500108052,10:00-12:00,0.67,1.12
500108052,12:00-14:00,1.19,1.56
500108052,14:00-16:00,1.46,1.12
500108052,16:00-18:00,2.69,4.97
500108052,18:00-20:00,4.31,6.69
500108052,20:00-22:00,4.4,1.83
500108052,22:00-24:00,1.67,1.04
500108054,00:00-02:00,1.05,0.85
500108054,02:00-04:00,0.34,0.47
500108054,04:00-06:00,0.5,1.09
500108054,06:00-08:00,2.34,10.81
500108054,08:00-10:00,5.75,8.16
500108054,10:00-12:00,6.0,5.19
500108054,12:00-14:00,6.85,5.91
500108054,14:00-16:00,5.75,5.37
500108054,16:00-18:00,13.98,5.44
500108054,18:00-20:00,5.58,6.53
500108054,20:00-22:00,5.03,3.84
500108054,22:00-24:00,2.23,2.29
500108055,00:00-02:00,2.1,0.76
500108055,02:00-04:00,0.28,0.56
500108055,04:00-06:00,1.06,0.81
500108055,06:00-08:00,3.34,4.09
500108055,08:00-10:00,3.44,4.81
500108055,10:00-12:00,4.47,5.75
500108055,12:00-14:00,6.07,3.88
500108055,14:00-16:00,4.31,3.72
500108055,16:00-18:00,5.44,7.21
500108055,18:00-20:00,5.88,5.87
500108055,20:00-22:00,4.77,3.81
500108055,22:00-24:00,1.79,1.66
500108056,00:00-02:00,0.26,2.27
500108056,02:00-04:00,0.12,0.84
500108056,04:00-06:00,0.66,0.91
500108056,06:00-08:00,1.56,3.0
500108056,08:00-10:00,6.44,3.47
500108056,10:00-12:00,3.38,2.03
500108056,12:00-14:00,2.43,5.25
500108056,14:00-16:00,2.75,5.44
500108056,16:00-18:00,6.04,2.61
500108056,18:00-20:00,6.59,3.5
500108056,20:00-22:00,3.3,2.44
500108056,22:00-24:00,0.69,0.78
500108057,00:00-02:00,1.16,0.59
500108057,02:00-04:00,0.16,0.44
500108057,04:00-06:00,0.06,0.59
500108057,06:00-08:00,6.09,12.98
500108057,08:00-10:00,10.09,11.84
500108057,10:00-12:00,8.28,8.35
500108057,12:00-14:00,6.91,8.16
500108057,14:00-16:00,6.34,7.24
500108057,16:00-18:00,13.4,10.06
500108057,18:00-20:00,11.61,6.62
500108057,20:00-22:00,7.86,5.0
500108057,22:00-24:00,3.9,2.57
500108058,00:00-02:00,0.72,0.2
500108058,02:00-04:00,0.0,0.0
500108058,04:00-06:00,0.09,0.25
500108058,06:00-08:00,2.69,0.97
500108058,08:00-10:00,2.25,0.78
500108058,10:00-12:00,0.91,1.28
500108058,12:00-14:00,1.13,1.22
500108058,14:00-16:00,1.94,0.94
500108058,16:00-18:00,1.79,3.59
500108058,18:00-20:00,1.91,2.94
500108058,20:00-22:00,0.91,1.59
500108058,22:00-24:00,0.22,0.66
500108059,00:00-02:00,0.46,0.82
500108059,02:00-04:00,0.19,0.59
500108059,04:00-06:00,0.41,0.19
500108059,06:00-08:00,3.41,1.97
500108059,08:00-10:00,2.84,0.25
500108059,10:00-12:00,0.98,1.69
500108059,12:00-14:00,0.84,1.06
500108059,14:00-16:00,0.72,2.12
500108059,16:00-18:00,2.93,2.05
500108059,18:00-20:00,1.28,2.34
500108059,20:00-22:00,1.03,0.94
500108059,22:00-24:00,0.25,0.91
500108060,00:00-02:00,0.2,1.12
500108060,02:00-04:00,0.06,0.62
500108060,04:00-06:00,0.53,1.5
500108060,06:00-08:00,2.88,3.22
500108060,08:00-10:00,4.93,2.06
500108060,10:00-12:00,2.37,1.75
500108060,12:00-14:00,3.27,2.31
500108060,14:00-16:00,1.96,2.75
500108060,16:00-18:00,4.14,3.18
500108060,18:00-20:00,3.4,3.09
500108060,20:00-22:00,3.17,2.75
500108060,22:00-24:00,1.78,1.79
500108061,00:00-02:00,0.1,0.43
500108061,02:00-04:00,0.0,0.03
500108061,04:00-06:00,0.91,1.75
500108061,06:00-08:00,7.56,5.39
500108061,08:00-10:00,5.47,3.0
500108061,10:00-12:00,3.28,3.15
500108061,12:00-14:00,2.81,3.5
500108061,14:00-16:00,3.34,3.56
500108061,16:00-18:00,5.16,7.46
500108061,18:00-20:00,7.65,7.72
500108061,20:00-22:00,5.13,6.25
500108061,22:00-24:00,3.39,3.45
500108062,00:00-02:00,0.2,0.39
500108062,02:00-04:00,0.0,0.16
500108062,04:00-06:00,0.16,0.09
500108062,06:00-08:00,5.79,2.9
500108062,08:00-10:00,2.68,2.69
500108062,10:00-12:00,1.31,0.62
500108062,12:00-14:00,2.89,2.0
500108062,14:00-16:00,1.3,1.53
500108062,16:00-18:00,1.78,3.68
500108062,18:00-20:00,5.45,5.57
500108062,20:00-22:00,1.91,3.31
500108062,22:00-24:00,2.07,1.97
500108063,00:00-02:00,0.57,0.71
500108063,02:00-04:00,0.0,0.03
500108063,04:00-06:00,1.32,0.66
500108063,06:00-08:00,7.47,6.71
500108063,08:00-10:00,7.89,4.79
500108063,10:00-12:00,3.73,3.22
500108063,12:00-14:00,5.33,4.56
500108063,14:00-16:00,3.41,3.84
500108063,16:00-18:00,7.45,7.9
500108063,18:00-20:00,8.23,8.62
500108063,20:00-22:00,5.48,4.81
500108063,22:00-24:00,1.83,2.35
500108064,00:00-02:00,0.64,1.08
500108064,02:00-04:00,0.03,0.03
500108064,04:00-06:00,0.58,0.25
500108064,06:00-08:00,5.31,9.08
500108064,08:00-10:00,5.78,7.98
500108064,10:00-12:00,3.91,5.12
500108064,12:00-14:00,4.61,4.99
500108064,14:00-16:00,4.32,4.16
500108064,16:00-18:00,10.44,8.04
500108064,18:00-20:00,8.41,6.34
500108064,20:00-22:00,6.15,5.13
500108064,22:00-24:00,5.22,3.03
500108065,00:00-02:00,0.1,0.36
500108065,02:00-04:00,0.0,0.0
500108065,04:00-06:00,0.09,0.13
500108065,06:00-08:00,1.5,0.72
500108065,08:00-10:00,1.67,1.03
500108065,10:00-12:00,1.3,0.62
500108065,12:00-14:00,0.88,0.59
500108065,14:00-16:00,0.57,1.22
500108065,16:00-18:00,0.63,0.72
500108065,18:00-20:00,0.85,1.59
500108065,20:00-22:00,0.56,0.5
500108065,22:00-24:00,0.16,0.56
500108066,00:00-02:00,0.1,0.43
500108066,02:00-04:00,0.03,0.31
500108066,04:00-06:00,0.63,0.16
500108066,06:00-08:00,2.53,2.91
500108066,08:00-10:00,4.29,1.39
500108066,10:00-12:00,2.86,1.75
500108066,12:00-14:00,1.8,2.0
500108066,14:00-16:00,1.23,1.25
500108066,16:00-18:00,2.42,2.99
500108066,18:00-20:00,1.07,2.31
500108066,20:00-22:00,0.84,1.72
500108066,22:00-24:00,0.5,0.41
500108067,00:00-02:00,0.23,0.95
500108067,02:00-04:00,0.09,0.22
500108067,04:00-06:00,0.41,0.22
500108067,06:00-08:00,2.63,2.78
500108067,08:00-10:00,4.84,5.03
500108067,10:00-12:00,1.87,1.84
500108067,12:00-14:00,1.74,1.81
500108067,14:00-16:00,2.3,2.31
500108067,16:00-18:00,5.03,5.14
500108067,18:00-20:00,7.19,7.07
500108067,20:00-22:00,5.8,4.63
500108067,22:00-24:00,4.21,2.38
500108068,00:00-02:00,0.2,0.53
500108068,02:00-04:00,0.12,0.41
500108068,04:00-06:00,0.63,0.1
500108068,06:00-08:00,9.5,3.0
500108068,08:00-10:00,6.35,3.84
500108068,10:00-12:00,5.0,3.37
500108068,12:00-14:00,2.84,2.66
500108068,14:00-16:00,2.94,2.84
500108068,16:00-18:00,6.9,7.43
500108068,18:00-20:00,4.5,7.56
500108068,20:00-22:00,2.09,6.88
500108068,22:00-24:00,0.88,4.04
500108069,00:00-02:00,0.03,0.03
500108069,02:00-04:00,0.0,0.09
500108069,04:00-06:00,0.0,0.0
500108069,06:00-08:00,1.1,1.22
500108069,08:00-10:00,0.52,0.75
500108069,10:00-12:00,0.74,0.66
500108069,12:00-14:00,0.88,0.91
500108069,14:00-16:00,0.78,0.53
500108069,16:00-18:00,0.92,0.72
500108069,18:00-20:00,0.47,0.59
500108069,20:00-22:00,0.06,0.25
500108069,22:00-24:00,0.0,0.19
500108070,00:00-02:00,1.25,0.66
500108070,02:00-04:00,0.06,3.09
500108070,04:00-06:00,0.16,6.47
500108070,06:00-08:00,20.13,7.02
500108070,08:00-10:00,17.78,8.0
500108070,10:00-12:00,7.57,5.56
500108070,12:00-14:00,10.15,8.16
500108070,14:00-16:00,7.9,9.94
500108070,16:00-18:00,19.16,27.98
500108070,18:00-20:00,16.15,16.8
500108070,20:00-22:00,16.82,13.32
500108070,22:00-24:00,8.38,7.78
500108071,00:00-02:00,0.2,0.85
500108071,02:00-04:00,0.31,0.59
500108071,04:00-06:00,0.5,0.88
500108071,06:00-08:00,3.23,5.48
500108071,08:00-10:00,5.87,3.03
500108071,10:00-12:00,3.05,2.22
500108071,12:00-14:00,2.83,2.25
500108071,14:00-16:00,1.83,1.62
500108071,16:00-18:00,7.7,4.34
500108071,18:00-20:00,4.33,4.9
500108071,20:00-22:00,3.75,3.66
500108071,22:00-24:00,1.47,2.51
500108072,00:00-02:00,0.28,0.33
500108072,02:00-04:00,0.03,0.09
500108072,04:00-06:00,0.0,0.09
500108072,06:00-08:00,1.44,2.09
500108072,08:00-10:00,1.81,10.95
500108072,10:00-12:00,0.59,0.41
500108072,12:00-14:00,1.16,1.09
500108072,14:00-16:00,1.19,1.59
500108072,16:00-18:00,6.32,1.42
500108072,18:00-20:00,6.78,0.78
500108072,20:00-22:00,1.31,1.63
500108072,22:00-24:00,1.07,1.41
500108073,00:00-02:00,0.0,0.36
500108073,02:00-04:00,0.0,0.0
500108073,04:00-06:00,0.03,0.63
500108073,06:00-08:00,1.38,3.5
500108073,08:00-10:00,3.06,6.08
500108073,10:00-12:00,3.12,0.67
500108073,12:00-14:00,1.56,2.69
500108073,14:00-16:00,1.75,1.88
500108073,16:00-18:00,4.89,1.6
500108073,18:00-20:00,2.07,1.84
500108073,20:00-22:00,2.11,0.56
500108073,22:00-24:00,0.29,0.63
500108074,00:00-02:00,0.07,0.36
500108074,02:00-04:00,0.0,0.06
500108074,04:00-06:00,0.16,0.19
500108074,06:00-08:00,2.53,1.88
500108074,08:00-10:00,2.59,2.69
500108074,10:00-12:00,1.54,1.5
500108074,12:00-14:00,1.23,1.69
500108074,14:00-16:00,1.7,1.41
500108074,16:00-18:00,4.23,2.55
500108074,18:00-20:00,2.12,3.78
500108074,20:00-22:00,2.56,1.78
500108074,22:00-24:00,0.72,0.69
500108075,00:00-02:00,0.14,0.76
500108075,02:00-04:00,0.0,0.0
500108075,04:00-06:00,0.06,0.53
500108075,06:00-08:00,1.91,2.63
500108075,08:00-10:00,1.81,2.0
500108075,10:00-12:00,1.81,1.84
500108075,12:00-14:00,2.22,1.6
500108075,14:00-16:00,1.45,0.85
500108075,16:00-18:00,3.52,2.27
500108075,18:00-20:00,3.05,3.25
500108075,20:00-22:00,3.13,1.19
500108075,22:00-24:00,1.19,1.76
500108076,00:00-02:00,0.72,0.76
500108076,02:00-04:00,0.03,0.22
500108076,04:00-06:00,1.0,0.38
500108076,06:00-08:00,5.26,5.13
500108076,08:00-10:00,12.76,15.28
500108076,10:00-12:00,3.96,3.18
500108076,12:00-14:00,4.25,5.23
500108076,14:00-16:00,2.03,2.87
500108076,16:00-18:00,7.64,6.14
500108076,18:00-20:00,9.51,6.03
500108076,20:00-22:00,3.28,4.44
500108076,22:00-24:00,1.45,1.57
500108077,00:00-02:00,0.07,0.53
500108077,02:00-04:00,0.03,0.5
500108077,04:00-06:00,0.25,0.38
500108077,06:00-08:00,4.28,0.88
500108077,08:00-10:00,4.3,4.31
500108077,10:00-12:00,1.2,1.16
500108077,12:00-14:00,1.55,1.09
500108077,14:00-16:00,1.96,1.22
500108077,16:00-18:00,1.44,1.95
500108077,18:00-20:00,1.84,3.04
500108077,20:00-22:00,1.06,1.47
500108077,22:00-24:00,0.19,1.22
500108078,00:00-02:00,0.23,0.2
500108078,02:00-04:00,0.0,0.0
500108078,04:00-06:00,0.31,0.03
500108078,06:00-08:00,1.16,0.91
500108078,08:00-10:00,1.94,0.88
500108078,10:00-12:00,0.81,0.66
500108078,12:00-14:00,1.53,1.56
500108078,14:00-16:00,1.69,1.03
500108078,16:00-18:00,1.98,2.96
500108078,18:00-20:00,1.34,2.56
500108078,20:00-22:00,1.25,1.28
500108078,22:00-24:00,0.35,0.53
500108079,00:00-02:00,0.53,0.43
500108079,02:00-04:00,0.03,0.0
500108079,04:00-06:00,0.09,0.38
500108079,06:00-08:00,2.21,0.31
500108079,08:00-10:00,0.96,0.78
500108079,10:00-12:00,1.14,0.78
500108079,12:00-14:00,1.01,1.22
500108079,14:00-16:00,0.5,0.94
500108079,16:00-18:00,1.74,1.57
500108079,18:00-20:00,1.32,1.44
500108079,20:00-22:00,0.84,1.88
500108079,22:00-24:00,0.35,0.69
500108081,00:00-02:00,1.46,2.6
500108081,02:00-04:00,0.34,1.37
500108081,04:00-06:00,0.78,0.66
500108081,06:00-08:00,7.98,5.81
500108081,08:00-10:00,8.17,7.5
500108081,10:00-12:00,7.47,8.35
500108081,12:00-14:00,7.09,5.63
500108081,14:00-16:00,4.19,5.41
500108081,16:00-18:00,9.35,10.29
500108081,18:00-20:00,8.4,10.89
500108081,20:00-22:00,11.29,5.87
500108081,22:00-24:00,3.25,4.11
500108082,00:00-02:00,1.58,1.61
500108082,02:00-04:00,0.16,0.06
500108082,04:00-06:00,1.19,1.22
500108082,06:00-08:00,19.8,23.86
500108082,08:00-10:00,21.9,20.6
500108082,10:00-12:00,9.78,11.84
500108082,12:00-14:00,10.64,12.16
500108082,14:00-16:00,10.67,8.76
500108082,16:00-18:00,18.23,15.2
500108082,18:00-20:00,18.74,18.68
500108082,20:00-22:00,16.26,7.66
500108082,22:00-24:00,7.82,3.8
500108083,00:00-02:00,0.7,0.43
500108083,02:00-04:00,0.56,0.06
500108083,04:00-06:00,0.25,1.16
500108083,06:00-08:00,5.77,7.56
500108083,08:00-10:00,13.53,14.46
500108083,10:00-12:00,5.4,6.47
500108083,12:00-14:00,7.82,7.97
500108083,14:00-16:00,5.84,7.37
500108083,16:00-18:00,12.93,9.54
500108083,18:00-20:00,11.11,8.4
500108083,20:00-22:00,3.36,2.91
500108083,22:00-24:00,1.61,1.29
500108084,00:00-02:00,1.65,1.35
500108084,02:00-04:00,0.06,0.12
500108084,04:00-06:00,0.13,1.22
500108084,06:00-08:00,13.53,14.31
500108084,08:00-10:00,33.0,35.35
500108084,10:00-12:00,15.73,14.52
500108084,12:00-14:00,10.37,16.64
500108084,14:00-16:00,7.84,7.67
500108084,16:00-18:00,25.2,17.42
500108084,18:00-20:00,12.41,6.22
500108084,20:00-22:00,4.78,3.03
500108084,22:00-24:00,3.3,1.51
500108085,00:00-02:00,0.31,1.47
500108085,02:00-04:00,0.12,0.06
500108085,04:00-06:00,0.31,0.53
500108085,06:00-08:00,4.97,1.72
500108085,08:00-10:00,5.94,5.06
500108085,10:00-12:00,3.18,2.87
500108085,12:00-14:00,3.19,2.09
500108085,14:00-16:00,2.62,1.87
500108085,16:00-18:00,3.79,4.46
500108085,18:00-20:00,4.19,4.0
500108085,20:00-22:00,2.41,3.19
500108085,22:00-24:00,2.54,2.48
500108086,00:00-02:00,0.1,0.76
500108086,02:00-04:00,0.19,0.09
500108086,04:00-06:00,0.91,1.29
500108086,06:00-08:00,6.91,3.82
500108086,08:00-10:00,5.55,3.03
500108086,10:00-12:00,2.83,2.31
500108086,12:00-14:00,2.63,2.91
500108086,14:00-16:00,2.55,1.84
500108086,16:00-18:00,2.72,6.37
500108086,18:00-20:00,7.46,6.55
500108086,20:00-22:00,3.84,5.22
500108086,22:00-24:00,1.85,3.03
500108087,00:00-02:00,0.04,0.08
500108087,02:00-04:00,0.23,0.19
500108087,04:00-06:00,0.04,0.04
500108087,06:00-08:00,2.52,0.54
500108087,08:00-10:00,2.27,2.08
500108087,10:00-12:00,1.05,1.54
500108087,12:00-14:00,0.92,0.42
500108087,14:00-16:00,0.67,0.62
500108087,16:00-18:00,1.1,1.86
500108087,18:00-20:00,0.92,1.23
500108087,20:00-22:00,0.46,0.81
500108087,22:00-24:00,0.67,0.81
500108088,00:00-02:00,0.56,0.4
500108088,02:00-04:00,0.09,0.22
500108088,04:00-06:00,0.94,0.16
500108088,06:00-08:00,7.93,2.03
500108088,08:00-10:00,4.65,4.63
500108088,10:00-12:00,4.08,3.5
500108088,12:00-14:00,3.49,4.25
500108088,14:00-16:00,2.53,2.09
500108088,16:00-18:00,5.69,5.94
500108088,18:00-20:00,3.85,6.28
500108088,20:00-22:00,2.19,5.79
500108088,22:00-24:00,2.23,2.64
500108089,00:00-02:00,1.12,0.34
500108089,02:00-04:00,0.03,0.0
500108089,04:00-06:00,0.34,0.41
500108089,06:00-08:00,5.86,6.34
500108089,08:00-10:00,7.1,8.88
500108089,10:00-12:00,7.4,6.76
500108089,12:00-14:00,6.28,6.16
500108089,14:00-16:00,4.93,3.44
500108089,16:00-18:00,9.0,6.31
500108089,18:00-20:00,4.66,6.75
500108089,20:00-22:00,3.66,3.5
500108089,22:00-24:00,1.26,1.29
500108090,00:00-02:00,0.37,0.46
500108090,02:00-04:00,0.16,0.0
500108090,04:00-06:00,0.31,0.03
500108090,06:00-08:00,1.81,2.13
500108090,08:00-10:00,3.75,6.09
500108090,10:00-12:00,0.78,0.75
500108090,12:00-14:00,1.19,1.09
500108090,14:00-16:00,0.44,2.45
500108090,16:00-18:00,2.99,1.84
500108090,18:00-20:00,3.22,1.91
500108090,20:00-22:00,0.7,0.22
500108090,22:00-24:00,1.0,0.13
500108091,00:00-02:00,0.43,1.28
500108091,02:00-04:00,0.09,0.19
500108091,04:00-06:00,0.06,0.72
500108091,06:00-08:00,4.25,2.41
500108091,08:00-10:00,4.7,2.67
500108091,10:00-12:00,0.82,0.87
500108091,12:00-14:00,1.6,1.59
500108091,14:00-16:00,1.23,1.25
500108091,16:00-18:00,3.08,2.52
500108091,18:00-20:00,2.97,3.06
500108091,20:00-22:00,1.31,2.34
500108091,22:00-24:00,0.53,0.94
500108092,00:00-02:00,0.17,0.69
500108092,02:00-04:00,0.28,0.09
500108092,04:00-06:00,0.19,0.31
500108092,06:00-08:00,4.13,5.63
500108092,08:00-10:00,6.05,3.88
500108092,10:00-12:00,2.03,2.56
500108092,12:00-14:00,2.0,2.09
500108092,14:00-16:00,2.5,2.31
500108092,16:00-18:00,5.36,5.03
500108092,18:00-20:00,4.65,5.68
500108092,20:00-22:00,2.94,2.0
500108092,22:00-24:00,1.22,0.69
500108093,00:00-02:00,0.64,0.23
500108093,02:00-04:00,0.12,0.0
500108093,04:00-06:00,0.0,0.69
500108093,06:00-08:00,10.73,11.76
500108093,08:00-10:00,19.47,21.58
500108093,10:00-12:00,5.75,4.31
500108093,12:00-14:00,3.59,6.41
500108093,14:00-16:00,2.94,3.0
500108093,16:00-18:00,9.28,4.31
500108093,18:00-20:00,13.06,10.28
500108093,20:00-22:00,2.37,2.22
500108093,22:00-24:00,0.76,0.38
500108094,00:00-02:00,0.61,1.15
500108094,02:00-04:00,0.12,0.16
500108094,04:00-06:00,0.06,0.63
500108094,06:00-08:00,3.81,1.75
500108094,08:00-10:00,3.89,4.41
500108094,10:00-12:00,4.99,5.25
500108094,12:00-14:00,5.1,4.4
500108094,14:00-16:00,2.85,2.69
500108094,16:00-18:00,5.75,7.24
500108094,18:00-20:00,7.6,8.11
500108094,20:00-22:00,6.8,4.23
500108094,22:00-24:00,2.26,1.69
500108095,00:00-02:00,0.2,0.49
500108095,02:00-04:00,0.19,0.19
500108095,04:00-06:00,0.16,1.47
500108095,06:00-08:00,3.16,2.72
500108095,08:00-10:00,3.41,3.81
500108095,10:00-12:00,2.34,0.91
500108095,12:00-14:00,2.85,1.59
500108095,14:00-16:00,2.02,2.97
500108095,16:00-18:00,3.73,1.64
500108095,18:00-20:00,2.32,5.81
500108095,20:00-22:00,2.22,0.66
500108095,22:00-24:00,0.78,0.47
500108096,00:00-02:00,0.95,0.56
500108096,02:00-04:00,0.19,0.66
500108096,04:00-06:00,0.16,0.41
500108096,06:00-08:00,2.97,4.44
500108096,08:00-10:00,2.91,4.22
500108096,10:00-12:00,3.31,2.44
500108096,12:00-14:00,3.69,2.63
500108096,14:00-16:00,3.06,1.84
500108096,16:00-18:00,4.84,2.58
500108096,18:00-20:00,3.57,3.4
500108096,20:00-22:00,2.44,2.91
500108096,22:00-24:00,1.1,1.79
500108097,00:00-02:00,0.62,0.1
500108097,02:00-04:00,0.0,0.03
500108097,04:00-06:00,0.06,0.0
500108097,06:00-08:00,0.38,0.16
500108097,08:00-10:00,0.66,0.31
500108097,10:00-12:00,0.72,0.62
500108097,12:00-14:00,0.38,0.81
500108097,14:00-16:00,0.22,0.28
500108097,16:00-18:00,1.16,0.6
500108097,18:00-20:00,0.84,1.03
500108097,20:00-22:00,0.31,0.84
500108097,22:00-24:00,0.22,0.41
500108098,00:00-02:00,0.37,0.46
500108098,02:00-04:00,0.03,0.0
500108098,04:00-06:00,0.03,1.34
500108098,06:00-08:00,4.03,9.8
500108098,08:00-10:00,15.08,10.63
500108098,10:00-12:00,8.35,7.93
500108098,12:00-14:00,9.49,9.04
500108098,14:00-16:00,9.85,9.8
500108098,16:00-18:00,8.93,7.93
500108098,18:00-20:00,10.55,8.65
500108098,20:00-22:00,11.05,5.5
500108098,22:00-24:00,0.84,1.22
500108099,00:00-02:00,0.13,1.28
500108099,02:00-04:00,0.66,0.03
500108099,04:00-06:00,1.84,1.85
500108099,06:00-08:00,11.24,5.73
500108099,08:00-10:00,9.65,6.31
500108099,10:00-12:00,4.12,2.72
500108099,12:00-14:00,3.99,2.44
500108099,14:00-16:00,2.3,3.37
500108099,16:00-18:00,4.29,7.65
500108099,18:00-20:00,11.34,11.23
500108099,20:00-22:00,6.34,6.04
500108099,22:00-24:00,2.26,3.92
500108100,00:00-02:00,0.1,0.07
500108100,02:00-04:00,0.12,0.03
500108100,04:00-06:00,0.22,1.34
500108100,06:00-08:00,1.13,0.69
500108100,08:00-10:00,1.55,1.22
500108100,10:00-12:00,0.68,0.62
500108100,12:00-14:00,0.72,0.75
500108100,14:00-16:00,0.78,0.69
500108100,16:00-18:00,1.29,0.91
500108100,18:00-20:00,1.04,1.25
500108100,20:00-22:00,0.97,0.97
500108100,22:00-24:00,0.53,0.6
500108102,00:00-02:00,0.16,0.16
500108102,02:00-04:00,0.03,0.03
500108102,04:00-06:00,0.34,0.31
500108102,06:00-08:00,3.07,3.3
500108102,08:00-10:00,4.48,3.36
500108102,10:00-12:00,1.95,2.31
500108102,12:00-14:00,1.61,2.25
500108102,14:00-16:00,1.56,1.21
500108102,16:00-18:00,3.27,2.52
500108102,18:00-20:00,2.91,3.78
500108102,20:00-22:00,1.72,2.22
500108102,22:00-24:00,0.72,0.47
500108103,00:00-02:00,0.07,0.49
500108103,02:00-04:00,0.0,0.0
500108103,04:00-06:00,0.31,0.13
500108103,06:00-08:00,5.65,7.19
500108103,08:00-10:00,12.63,15.02
500108103,10:00-12:00,4.68,5.1
500108103,12:00-14:00,4.9,5.64
500108103,14:00-16:00,5.73,6.29
500108103,16:00-18:00,8.54,5.44
500108103,18:00-20:00,9.52,9.18
500108103,20:00-22:00,6.96,3.19
500108103,22:00-24:00,2.07,0.47
500108104,00:00-02:00,0.0,0.0
500108104,02:00-04:00,0.0,0.0
500108104,04:00-06:00,0.03,0.41
500108104,06:00-08:00,0.19,1.22
500108104,08:00-10:00,0.69,3.2
500108104,10:00-12:00,0.72,0.47
500108104,12:00-14:00,1.5,1.98
500108104,14:00-16:00,1.22,0.84
500108104,16:00-18:00,2.83,0.53
500108104,18:00-20:00,1.75,0.44
500108104,20:00-22:00,0.34,0.13
500108104,22:00-24:00,0.27,0.13
500108105,00:00-02:00,0.03,0.59
500108105,02:00-04:00,0.06,0.16
500108105,04:00-06:00,0.25,0.66
500108105,06:00-08:00,5.75,2.57
500108105,08:00-10:00,5.66,4.23
500108105,10:00-12:00,1.89,1.81
500108105,12:00-14:00,2.41,2.03
500108105,14:00-16:00,1.38,1.19
500108105,16:00-18:00,2.12,3.71
500108105,18:00-20:00,5.93,4.87
500108105,20:00-22:00,3.22,5.6
500108105,22:00-24:00,0.94,1.41
500108106,00:00-02:00,1.54,0.23
500108106,02:00-04:00,0.69,0.06
500108106,04:00-06:00,0.41,0.16
500108106,06:00-08:00,3.03,4.47
500108106,08:00-10:00,5.97,5.59
500108106,10:00-12:00,2.5,1.59
500108106,12:00-14:00,2.44,3.16
500108106,14:00-16:00,2.03,3.59
500108106,16:00-18:00,10.39,8.84
500108106,18:00-20:00,10.3,9.34
500108106,20:00-22:00,3.29,5.93
500108106,22:00-24:00,3.67,3.17
500108107,00:00-02:00,0.23,0.85
500108107,02:00-04:00,0.06,1.0
500108107,04:00-06:00,0.34,0.38
500108107,06:00-08:00,4.64,1.97
500108107,08:00-10:00,6.62,3.38
500108107,10:00-12:00,2.7,2.19
500108107,12:00-14:00,3.27,3.13
500108107,14:00-16:00,2.9,2.25
500108107,16:00-18:00,4.17,3.56
500108107,18:00-20:00,5.01,6.12
500108107,20:00-22:00,4.41,5.09
500108107,22:00-24:00,3.01,2.48
500108108,00:00-02:00,0.13,0.89
500108108,02:00-04:00,0.09,0.03
500108108,04:00-06:00,0.59,0.03
500108108,06:00-08:00,2.28,2.29
500108108,08:00-10:00,3.4,3.19
500108108,10:00-12:00,1.38,1.72
500108108,12:00-14:00,1.5,1.33
500108108,14:00-16:00,1.16,1.2
500108108,16:00-18:00,3.96,2.64
500108108,18:00-20:00,2.17,2.34
500108108,20:00-22:00,1.16,1.88
500108108,22:00-24:00,0.97,1.19
500108109,00:00-02:00,0.4,0.53
500108109,02:00-04:00,0.09,0.06
500108109,04:00-06:00,0.22,0.09
500108109,06:00-08:00,2.15,1.38
500108109,08:00-10:00,4.19,7.19
500108109,10:00-12:00,4.25,2.6
500108109,12:00-14:00,2.92,3.38
500108109,14:00-16:00,2.4,2.62
500108109,16:00-18:00,5.36,3.49
500108109,18:00-20:00,5.55,4.88
500108109,20:00-22:00,3.32,1.0
500108109,22:00-24:00,1.41,1.66
500108110,00:00-02:00,0.64,1.41
500108110,02:00-04:00,0.19,0.12
500108110,04:00-06:00,0.66,0.19
500108110,06:00-08:00,4.12,7.06
500108110,08:00-10:00,7.41,11.56
500108110,10:00-12:00,5.25,6.25
500108110,12:00-14:00,4.92,4.0
500108110,14:00-16:00,4.05,3.59
500108110,16:00-18:00,10.14,4.31
500108110,18:00-20:00,6.93,6.53
500108110,20:00-22:00,4.35,4.19
500108110,22:00-24:00,3.77,1.91
500108111,00:00-02:00,0.82,1.05
500108111,02:00-04:00,0.19,0.09
500108111,04:00-06:00,0.53,0.5
500108111,06:00-08:00,3.38,2.13
500108111,08:00-10:00,5.06,3.94
500108111,10:00-12:00,1.63,1.75
500108111,12:00-14:00,2.22,1.81
500108111,14:00-16:00,1.75,2.22
500108111,16:00-18:00,2.75,4.66
500108111,18:00-20:00,4.22,3.44
500108111,20:00-22:00,2.19,2.03
500108111,22:00-24:00,0.8,1.66
500108112,00:00-02:00,0.33,0.99
500108112,02:00-04:00,0.5,0.62
500108112,04:00-06:00,0.31,1.47
500108112,06:00-08:00,6.59,1.94
500108112,08:00-10:00,5.94,4.22
500108112,10:00-12:00,2.74,2.87
500108112,12:00-14:00,3.05,2.31
500108112,14:00-16:00,2.37,2.09
500108112,16:00-18:00,3.84,6.59
500108112,18:00-20:00,6.81,5.45
500108112,20:00-22:00,4.04,4.41
500108112,22:00-24:00,1.79,1.85
500108115,00:00-02:00,0.39,0.59
500108115,02:00-04:00,0.03,0.0
500108115,04:00-06:00,0.22,0.16
500108115,06:00-08:00,3.31,0.5
500108115,08:00-10:00,1.61,1.34
500108115,10:00-12:00,1.08,1.12
500108115,12:00-14:00,0.92,1.19
500108115,14:00-16:00,0.66,0.97
500108115,16:00-18:00,0.95,2.49
500108115,18:00-20:00,1.56,2.06
500108115,20:00-22:00,1.22,1.03
500108115,22:00-24:00,0.78,0.47
500108116,00:00-02:00,0.47,0.36
500108116,02:00-04:00,0.03,0.03
500108116,04:00-06:00,0.34,0.25
500108116,06:00-08:00,4.9,4.63
500108116,08:00-10:00,9.75,15.73
500108116,10:00-12:00,6.53,5.13
500108116,12:00-14:00,6.93,8.03
500108116,14:00-16:00,3.62,3.6
500108116,16:00-18:00,8.9,7.5
500108116,18:00-20:00,8.1,4.58
500108116,20:00-22:00,3.89,2.03
500108116,22:00-24:00,2.47,1.94
500108117,00:00-02:00,0.37,1.54
500108117,02:00-04:00,0.19,0.25
500108117,04:00-06:00,0.09,0.19
500108117,06:00-08:00,2.22,3.16
500108117,08:00-10:00,12.99,10.46
500108117,10:00-12:00,8.43,7.21
500108117,12:00-14:00,6.9,6.53
500108117,14:00-16:00,4.95,6.47
500108117,16:00-18:00,7.62,5.51
500108117,18:00-20:00,7.45,5.5
500108117,20:00-22:00,4.85,2.59
500108117,22:00-24:00,1.82,3.86
500108118,00:00-02:00,0.43,0.62
500108118,02:00-04:00,0.0,0.28
500108118,04:00-06:00,0.19,0.16
500108118,06:00-08:00,2.81,6.67
500108118,08:00-10:00,5.94,1.97
500108118,10:00-12:00,1.84,1.44
500108118,12:00-14:00,2.91,1.94
500108118,14:00-16:00,2.28,1.87
500108118,16:00-18:00,8.48,4.31
500108118,18:00-20:00,2.36,4.19
500108118,20:00-22:00,2.22,2.84
500108118,22:00-24:00,1.1,1.76
500108119,00:00-02:00,0.18,0.79
500108119,02:00-04:00,0.03,0.09
500108119,04:00-06:00,0.31,0.09
500108119,06:00-08:00,1.0,2.31
500108119,08:00-10:00,7.26,6.44
500108119,10:00-12:00,5.78,5.94
500108119,12:00-14:00,7.15,6.46
500108119,14:00-16:00,5.01,4.2
500108119,16:00-18:00,5.12,4.98
500108119,18:00-20:00,6.39,4.31
500108119,20:00-22:00,3.77,2.19
500108119,22:00-24:00,1.28,1.69
500108120,00:00-02:00,0.46,0.53
500108120,02:00-04:00,0.06,0.47
500108120,04:00-06:00,1.03,0.09
500108120,06:00-08:00,4.13,5.1
500108120,08:00-10:00,5.39,2.21
500108120,10:00-12:00,2.92,1.56
500108120,12:00-14:00,2.44,2.56
500108120,14:00-16:00,2.0,2.66
500108120,16:00-18:00,5.81,4.5
500108120,18:00-20:00,3.59,5.69
500108120,20:00-22:00,3.3,3.0
500108120,22:00-24:00,2.1,1.42
500108121,00:00-02:00,0.16,1.22
500108121,02:00-04:00,0.06,0.0
500108121,04:00-06:00,0.47,0.78
500108121,06:00-08:00,7.13,1.28
500108121,08:00-10:00,6.56,5.22
500108121,10:00-12:00,3.11,2.06
500108121,12:00-14:00,2.14,2.06
500108121,14:00-16:00,1.94,1.22
500108121,16:00-18:00,2.11,3.52
500108121,18:00-20:00,2.16,3.97
500108121,20:00-22:00,2.22,2.78
500108121,22:00-24:00,0.66,1.41
500108122,00:00-02:00,0.41,0.56
500108122,02:00-04:00,0.0,0.03
500108122,04:00-06:00,0.06,0.09
500108122,06:00-08:00,4.84,5.81
500108122,08:00-10:00,16.33,19.34
500108122,10:00-12:00,6.12,4.44
500108122,12:00-14:00,4.34,6.83
500108122,14:00-16:00,3.59,4.4
500108122,16:00-18:00,14.01,8.12
500108122,18:00-20:00,13.42,8.1
500108122,20:00-22:00,5.02,2.66
500108122,22:00-24:00,1.72,0.85
500108123,00:00-02:00,0.1,0.26
500108123,02:00-04:00,0.16,0.19
500108123,04:00-06:00,0.03,0.03
500108123,06:00-08:00,1.56,0.19
500108123,08:00-10:00,2.46,1.19
500108123,10:00-12:00,1.02,0.66
500108123,12:00-14:00,0.61,0.94
500108123,14:00-16:00,0.48,0.44
500108123,16:00-18:00,0.57,1.23
500108123,18:00-20:00,0.78,1.28
500108123,20:00-22:00,0.72,0.88
500108123,22:00-24:00,0.09,1.01
500108124,00:00-02:00,0.36,0.53
500108124,02:00-04:00,0.03,0.12
500108124,04:00-06:00,0.91,0.0
500108124,06:00-08:00,3.53,3.83
500108124,08:00-10:00,4.15,2.11
500108124,10:00-12:00,1.11,1.87
500108124,12:00-14:00,1.6,2.31
500108124,14:00-16:00,2.31,1.31
500108124,16:00-18:00,2.58,3.84
500108124,18:00-20:00,4.25,3.92
500108124,20:00-22:00,2.22,3.34
500108124,22:00-24:00,1.16,1.68
500108125,00:00-02:00,0.59,0.26
500108125,02:00-04:00,0.0,0.03
500108125,04:00-06:00,0.34,0.03
500108125,06:00-08:00,4.51,3.07
500108125,08:00-10:00,2.77,1.06
500108125,10:00-12:00,1.38,1.97
500108125,12:00-14:00,1.25,1.09
500108125,14:00-16:00,1.03,1.34
500108125,16:00-18:00,2.96,3.65
500108125,18:00-20:00,2.59,3.15
500108125,20:00-22:00,1.57,3.27
500108125,22:00-24:00,1.41,2.08
500108126,00:00-02:00,0.0,0.16
500108126,02:00-04:00,0.03,0.09
500108126,04:00-06:00,0.0,0.09
500108126,06:00-08:00,1.34,1.78
500108126,08:00-10:00,1.66,0.31
500108126,10:00-12:00,1.31,0.56
500108126,12:00-14:00,0.72,0.63
500108126,14:00-16:00,0.86,1.28
500108126,16:00-18:00,0.91,0.5
500108126,18:00-20:00,0.13,0.5
500108126,20:00-22:00,0.26,0.63
500108126,22:00-24:00,0.16,1.07
500108127,00:00-02:00,0.14,0.21
500108127,02:00-04:00,0.0,0.0
500108127,04:00-06:00,0.0,0.0
500108127,06:00-08:00,1.21,1.07
500108127,08:00-10:00,2.21,0.71
500108127,10:00-12:00,1.0,1.07
500108127,12:00-14:00,0.29,0.43
500108127,14:00-16:00,1.86,0.71
500108127,16:00-18:00,1.74,3.05
500108127,18:00-20:00,2.0,2.5
500108127,20:00-22:00,1.64,2.62
500108127,22:00-24:00,0.57,1.69
500108128,00:00-02:00,1.67,1.71
500108128,02:00-04:00,0.03,0.28
500108128,04:00-06:00,0.63,1.47
500108128,06:00-08:00,14.94,19.14
500108128,08:00-10:00,21.49,16.04
500108128,10:00-12:00,8.24,8.06
500108128,12:00-14:00,10.09,9.61
500108128,14:00-16:00,9.69,11.96
500108128,16:00-18:00,21.2,24.47
500108128,18:00-20:00,17.96,14.36
500108128,20:00-22:00,13.45,7.63
500108128,22:00-24:00,6.66,4.83
500108129,00:00-02:00,0.16,0.56
500108129,02:00-04:00,0.09,0.03
500108129,04:00-06:00,0.13,0.44
500108129,06:00-08:00,9.71,6.18
500108129,08:00-10:00,7.8,4.75
500108129,10:00-12:00,2.59,2.53
500108129,12:00-14:00,2.6,2.13
500108129,14:00-16:00,1.66,2.22
500108129,16:00-18:00,6.64,7.78
500108129,18:00-20:00,5.23,6.77
500108129,20:00-22:00,3.25,3.57
500108129,22:00-24:00,1.41,1.07
500108131,00:00-02:00,0.94,0.53
500108131,02:00-04:00,0.22,0.0
500108131,04:00-06:00,0.09,0.34
500108131,06:00-08:00,1.09,4.0
500108131,08:00-10:00,2.66,4.76
500108131,10:00-12:00,5.22,6.07
500108131,12:00-14:00,7.63,7.07
500108131,14:00-16:00,6.72,7.8
500108131,16:00-18:00,7.43,8.92
500108131,18:00-20:00,9.78,7.99
500108131,20:00-22:00,8.61,4.75
500108131,22:00-24:00,2.73,0.72
500108132,00:00-02:00,0.1,0.07
500108132,02:00-04:00,0.0,0.0
500108132,04:00-06:00,0.03,0.34
500108132,06:00-08:00,1.88,2.25
500108132,08:00-10:00,1.41,3.19
500108132,10:00-12:00,0.91,0.87
500108132,12:00-14:00,2.5,2.41
500108132,14:00-16:00,1.09,2.7
500108132,16:00-18:00,4.15,1.85
500108132,18:00-20:00,3.53,1.91
500108132,20:00-22:00,1.0,0.81
500108132,22:00-24:00,0.35,0.16
500108133,00:00-02:00,0.2,0.36
500108133,02:00-04:00,0.03,0.06
500108133,04:00-06:00,0.34,0.31
500108133,06:00-08:00,2.69,1.51
500108133,08:00-10:00,2.31,1.5
500108133,10:00-12:00,1.91,1.22
500108133,12:00-14:00,3.09,1.63
500108133,14:00-16:00,2.08,2.12
500108133,16:00-18:00,2.28,2.3
500108133,18:00-20:00,2.46,4.09
500108133,20:00-22:00,2.25,2.56
500108133,22:00-24:00,0.63,1.97
500108134,00:00-02:00,0.1,0.39
500108134,02:00-04:00,0.31,0.0
500108134,04:00-06:00,0.19,1.13
500108134,06:00-08:00,1.13,0.13
500108134,08:00-10:00,0.97,0.78
500108134,10:00-12:00,0.53,0.72
500108134,12:00-14:00,0.63,0.72
500108134,14:00-16:00,0.96,0.78
500108134,16:00-18:00,0.92,1.07
500108134,18:00-20:00,1.72,1.98
500108134,20:00-22:00,1.09,1.03
500108134,22:00-24:00,0.56,0.41
500108135,00:00-02:00,0.49,0.11
500108135,02:00-04:00,0.09,0.09
500108135,04:00-06:00,0.13,0.06
500108135,06:00-08:00,3.27,0.31
500108135,08:00-10:00,2.26,1.97
500108135,10:00-12:00,2.02,2.44
500108135,12:00-14:00,1.91,2.56
500108135,14:00-16:00,2.62,1.34
500108135,16:00-18:00,1.81,3.62
500108135,18:00-20:00,2.59,4.12
500108135,20:00-22:00,2.03,2.39
500108135,22:00-24:00,0.82,1.04
500108136,00:00-02:00,0.36,1.54
500108136,02:00-04:00,0.09,0.34
500108136,04:00-06:00,0.31,0.56
500108136,06:00-08:00,8.43,7.25
500108136,08:00-10:00,9.98,8.38
500108136,10:00-12:00,8.54,8.71
500108136,12:00-14:00,8.09,8.46
500108136,14:00-16:00,6.48,7.11
500108136,16:00-18:00,11.24,11.89
500108136,18:00-20:00,8.59,10.97
500108136,20:00-22:00,7.97,5.48
500108136,22:00-24:00,2.79,2.73
500108137,00:00-02:00,0.46,0.26
500108137,02:00-04:00,0.0,0.0
500108137,04:00-06:00,0.19,0.13
500108137,06:00-08:00,2.97,0.78
500108137,08:00-10:00,2.28,2.19
500108137,10:00-12:00,1.62,0.66
500108137,12:00-14:00,0.82,0.66
500108137,14:00-16:00,1.76,1.28
500108137,16:00-18:00,2.03,3.27
500108137,18:00-20:00,1.87,3.09
500108137,20:00-22:00,2.84,3.09
500108137,22:00-24:00,0.69,1.95
500108138,00:00-02:00,0.03,0.13
500108138,02:00-04:00,0.03,0.37
500108138,04:00-06:00,0.47,0.5
500108138,06:00-08:00,2.72,0.75
500108138,08:00-10:00,4.33,1.0
500108138,10:00-12:00,2.38,2.12
500108138,12:00-14:00,2.14,2.38
500108138,14:00-16:00,2.11,4.03
500108138,16:00-18:00,3.46,1.92
500108138,18:00-20:00,1.23,3.09
500108138,20:00-22:00,1.19,1.38
500108138,22:00-24:00,0.28,0.53
500108139,00:00-02:00,0.36,1.08
500108139,02:00-04:00,0.19,0.47
500108139,04:00-06:00,0.09,0.88
500108139,06:00-08:00,2.09,1.33
500108139,08:00-10:00,4.47,2.51
500108139,10:00-12:00,2.25,2.16
500108139,12:00-14:00,1.99,1.69
500108139,14:00-16:00,1.84,1.97
500108139,16:00-18:00,2.61,2.74
500108139,18:00-20:00,3.79,4.09
500108139,20:00-22:00,2.81,2.41
500108139,22:00-24:00,1.39,0.94
500108140,00:00-02:00,0.85,0.46
500108140,02:00-04:00,0.03,0.47
500108140,04:00-06:00,0.16,0.34
500108140,06:00-08:00,2.0,2.19
500108140,08:00-10:00,5.57,9.88
500108140,10:00-12:00,3.9,3.56
500108140,12:00-14:00,3.0,3.56
500108140,14:00-16:00,2.5,4.69
500108140,16:00-18:00,6.01,3.23
500108140,18:00-20:00,6.64,4.22
500108140,20:00-22:00,3.75,1.22
500108140,22:00-24:00,1.4,0.31
500108141,00:00-02:00,0.26,0.49
500108141,02:00-04:00,0.16,0.09
500108141,04:00-06:00,0.31,0.66
500108141,06:00-08:00,2.34,3.69
500108141,08:00-10:00,5.97,4.51
500108141,10:00-12:00,2.89,1.5
500108141,12:00-14:00,3.33,2.47
500108141,14:00-16:00,1.97,2.09
500108141,16:00-18:00,3.56,3.21
500108141,18:00-20:00,5.55,4.9
500108141,20:00-22:00,1.86,2.28
500108141,22:00-24:00,0.75,2.07
500108142,00:00-02:00,0.23,0.46
500108142,02:00-04:00,0.37,0.81
500108142,04:00-06:00,0.41,0.25
500108142,06:00-08:00,2.86,3.0
500108142,08:00-10:00,3.19,3.66
500108142,10:00-12:00,2.44,3.19
500108142,12:00-14:00,2.63,2.75
500108142,14:00-16:00,1.59,1.44
500108142,16:00-18:00,3.24,2.1
500108142,18:00-20:00,2.29,1.56
500108142,20:00-22:00,2.36,1.91
500108142,22:00-24:00,1.39,1.85
500108143,00:00-02:00,0.34,0.43
500108143,02:00-04:00,0.06,0.03
500108143,04:00-06:00,0.19,0.03
500108143,06:00-08:00,0.84,1.69
500108143,08:00-10:00,1.09,2.88
500108143,10:00-12:00,1.0,0.44
500108143,12:00-14:00,1.44,1.5
500108143,14:00-16:00,0.56,1.36
500108143,16:00-18:00,2.43,0.79
500108143,18:00-20:00,3.97,2.74
500108143,20:00-22:00,0.72,0.38
500108143,22:00-24:00,0.53,0.28
500108144,00:00-02:00,0.03,0.1
500108144,02:00-04:00,0.03,0.03
500108144,04:00-06:00,0.0,0.09
500108144,06:00-08:00,0.28,0.31
500108144,08:00-10:00,3.79,4.31
500108144,10:00-12:00,0.53,0.78
500108144,12:00-14:00,2.39,2.22
500108144,14:00-16:00,0.5,1.41
500108144,16:00-18:00,1.98,1.52
500108144,18:00-20:00,3.84,2.12
500108144,20:00-22:00,0.82,0.5
500108144,22:00-24:00,0.3,0.16
500108145,00:00-02:00,0.17,0.62
500108145,02:00-04:00,0.12,0.0
500108145,04:00-06:00,0.34,0.09
500108145,06:00-08:00,2.0,3.75
500108145,08:00-10:00,5.45,5.52
500108145,10:00-12:00,2.9,2.4
500108145,12:00-14:00,3.12,3.82
500108145,14:00-16:00,1.65,2.95
500108145,16:00-18:00,4.42,1.96
500108145,18:00-20:00,5.2,4.02
500108145,20:00-22:00,2.48,0.73
500108145,22:00-24:00,0.84,0.82
500108146,00:00-02:00,0.31,1.54
500108146,02:00-04:00,0.03,0.34
500108146,04:00-06:00,0.88,1.13
500108146,06:00-08:00,4.96,1.41
500108146,08:00-10:00,9.21,6.31
500108146,10:00-12:00,4.53,4.56
500108146,12:00-14:00,5.69,5.35
500108146,14:00-16:00,4.11,3.37
500108146,16:00-18:00,4.87,7.08
500108146,18:00-20:00,7.01,4.5
500108146,20:00-22:00,3.94,2.78
500108146,22:00-24:00,2.07,2.2
500108147,00:00-02:00,0.13,0.03
500108147,02:00-04:00,0.06,0.0
500108147,04:00-06:00,0.13,0.56
500108147,06:00-08:00,2.09,1.41
500108147,08:00-10:00,4.64,1.91
500108147,10:00-12:00,1.31,1.97
500108147,12:00-14:00,1.04,2.09
500108147,14:00-16:00,0.97,2.06
500108147,16:00-18:00,2.01,2.64
500108147,18:00-20:00,2.4,1.06
500108147,20:00-22:00,0.72,0.53
500108147,22:00-24:00,0.69,0.82
500108148,00:00-02:00,0.27,0.56
500108148,02:00-04:00,0.03,0.09
500108148,04:00-06:00,0.03,0.53
500108148,06:00-08:00,0.5,0.78
500108148,08:00-10:00,3.22,5.06
500108148,10:00-12:00,2.47,1.31
500108148,12:00-14:00,1.56,2.06
500108148,14:00-16:00,0.87,1.31
500108148,16:00-18:00,1.48,0.69
500108148,18:00-20:00,4.45,2.48
500108148,20:00-22:00,1.03,1.13
500108148,22:00-24:00,0.6,0.38
500108150,00:00-02:00,0.33,0.49
500108150,02:00-04:00,0.1,0.16
500108150,04:00-06:00,0.54,0.13
500108150,06:00-08:00,4.36,6.38
500108150,08:00-10:00,5.87,11.73
500108150,10:00-12:00,5.51,3.59
500108150,12:00-14:00,6.43,6.78
500108150,14:00-16:00,4.09,3.33
500108150,16:00-18:00,7.23,3.63
500108150,18:00-20:00,7.54,4.0
500108150,20:00-22:00,3.81,2.5
500108150,22:00-24:00,1.44,1.51
500108151,00:00-02:00,0.23,0.36
500108151,02:00-04:00,0.0,0.0
500108151,04:00-06:00,0.34,0.13
500108151,06:00-08:00,4.82,5.13
500108151,08:00-10:00,13.72,16.74
500108151,10:00-12:00,8.15,6.44
500108151,12:00-14:00,6.1,8.87
500108151,14:00-16:00,4.56,5.72
500108151,16:00-18:00,10.45,7.3
500108151,18:00-20:00,9.83,6.82
500108151,20:00-22:00,4.36,2.19
500108151,22:00-24:00,1.65,1.85
500108152,00:00-02:00,0.26,0.07
500108152,02:00-04:00,0.03,0.03
500108152,04:00-06:00,0.0,0.53
500108152,06:00-08:00,3.86,3.53
500108152,08:00-10:00,7.48,8.68
500108152,10:00-12:00,4.72,3.73
500108152,12:00-14:00,4.39,7.37
500108152,14:00-16:00,3.51,2.69
500108152,16:00-18:00,7.16,5.23
500108152,18:00-20:00,6.98,4.65
500108152,20:00-22:00,1.86,1.19
500108152,22:00-24:00,0.8,1.19
500108153,00:00-02:00,0.28,0.95
500108153,02:00-04:00,0.03,0.06
500108153,04:00-06:00,0.13,0.19
500108153,06:00-08:00,1.91,3.63
500108153,08:00-10:00,9.97,8.78
500108153,10:00-12:00,4.36,2.47
500108153,12:00-14:00,5.0,5.47
500108153,14:00-16:00,2.77,3.98
500108153,16:00-18:00,6.5,6.15
500108153,18:00-20:00,7.65,4.0
500108153,20:00-22:00,4.44,2.72
500108153,22:00-24:00,2.15,2.2
500108154,00:00-02:00,0.23,1.97
500108154,02:00-04:00,0.03,0.22
500108154,04:00-06:00,0.72,0.47
500108154,06:00-08:00,4.0,3.78
500108154,08:00-10:00,8.34,5.28
500108154,10:00-12:00,4.41,4.37
500108154,12:00-14:00,7.36,6.07
500108154,14:00-16:00,4.67,4.22
500108154,16:00-18:00,5.57,6.69
500108154,18:00-20:00,5.64,4.97
500108154,20:00-22:00,3.41,2.22
500108154,22:00-24:00,1.39,1.88
500108156,00:00-02:00,0.59,0.39
500108156,02:00-04:00,0.44,0.06
500108156,04:00-06:00,1.16,0.91
500108156,06:00-08:00,2.85,3.53
500108156,08:00-10:00,5.25,8.94
500108156,10:00-12:00,3.93,2.86
500108156,12:00-14:00,2.9,3.04
500108156,14:00-16:00,3.03,1.83
500108156,16:00-18:00,6.02,4.55
500108156,18:00-20:00,5.53,2.59
500108156,20:00-22:00,1.37,2.84
500108156,22:00-24:00,0.5,1.16
500108157,00:00-02:00,0.82,0.1
500108157,02:00-04:00,0.19,0.09
500108157,04:00-06:00,0.13,0.97
500108157,06:00-08:00,2.2,2.81
500108157,08:00-10:00,8.13,9.98
500108157,10:00-12:00,3.28,2.03
500108157,12:00-14:00,3.1,4.89
500108157,14:00-16:00,1.91,2.18
500108157,16:00-18:00,5.5,1.97
500108157,18:00-20:00,4.59,4.68
500108157,20:00-22:00,1.21,0.78
500108157,22:00-24:00,0.5,0.47
500108158,00:00-02:00,1.03,0.43
500108158,02:00-04:00,0.37,0.53
500108158,04:00-06:00,0.5,0.5
500108158,06:00-08:00,1.72,2.63
500108158,08:00-10:00,6.16,9.16
500108158,10:00-12:00,3.31,2.62
500108158,12:00-14:00,3.44,4.0
500108158,14:00-16:00,1.91,2.91
500108158,16:00-18:00,4.22,3.4
500108158,18:00-20:00,5.64,2.84
500108158,20:00-22:00,1.85,1.34
500108158,22:00-24:00,2.21,0.5
500108159,00:00-02:00,1.05,0.62
500108159,02:00-04:00,0.37,0.12
500108159,04:00-06:00,0.06,0.94
500108159,06:00-08:00,2.35,2.88
500108159,08:00-10:00,5.41,10.22
500108159,10:00-12:00,6.57,5.75
500108159,12:00-14:00,8.29,7.94
500108159,14:00-16:00,5.41,7.29
500108159,16:00-18:00,8.65,9.18
500108159,18:00-20:00,10.55,9.82
500108159,20:00-22:00,7.43,3.31
500108159,22:00-24:00,3.15,0.91
500108160,00:00-02:00,0.14,0.39
500108160,02:00-04:00,0.26,0.12
500108160,04:00-06:00,0.28,0.44
500108160,06:00-08:00,3.54,5.48
500108160,08:00-10:00,4.98,5.0
500108160,10:00-12:00,3.07,2.5
500108160,12:00-14:00,3.5,4.53
500108160,14:00-16:00,2.16,3.38
500108160,16:00-18:00,5.07,2.64
500108160,18:00-20:00,5.12,4.31
500108160,20:00-22:00,1.47,0.66
500108160,22:00-24:00,1.13,0.75
500108161,00:00-02:00,0.2,0.07
500108161,02:00-04:00,0.03,0.03
500108161,04:00-06:00,0.09,0.09
500108161,06:00-08:00,0.06,2.63
500108161,08:00-10:00,1.69,6.47
500108161,10:00-12:00,2.53,1.12
500108161,12:00-14:00,2.53,2.34
500108161,14:00-16:00,2.28,3.03
500108161,16:00-18:00,5.55,0.85
500108161,18:00-20:00,3.49,1.84
500108161,20:00-22:00,0.89,0.25
500108161,22:00-24:00,0.3,0.25
500108162,00:00-02:00,0.3,0.26
500108162,02:00-04:00,0.06,0.0
500108162,04:00-06:00,0.03,0.22
500108162,06:00-08:00,0.97,0.91
500108162,08:00-10:00,1.63,3.0
500108162,10:00-12:00,1.62,0.75
500108162,12:00-14:00,1.69,1.44
500108162,14:00-16:00,0.34,0.59
500108162,16:00-18:00,1.38,0.82
500108162,18:00-20:00,1.55,1.22
500108162,20:00-22:00,1.06,0.72
500108162,22:00-24:00,0.31,0.56
500108164,00:00-02:00,0.26,0.66
500108164,02:00-04:00,0.0,0.12
500108164,04:00-06:00,0.57,0.22
500108164,06:00-08:00,0.66,2.94
500108164,08:00-10:00,2.84,5.41
500108164,10:00-12:00,4.25,2.95
500108164,12:00-14:00,5.94,4.94
500108164,14:00-16:00,2.59,3.29
500108164,16:00-18:00,4.34,1.56
500108164,18:00-20:00,3.76,2.97
500108164,20:00-22:00,1.78,1.06
500108164,22:00-24:00,0.76,0.5
500108165,00:00-02:00,1.51,1.32
500108165,02:00-04:00,0.16,0.41
500108165,04:00-06:00,0.91,0.28
500108165,06:00-08:00,8.94,2.19
500108165,08:00-10:00,5.02,4.13
500108165,10:00-12:00,3.99,3.75
500108165,12:00-14:00,4.27,4.28
500108165,14:00-16:00,4.18,4.0
500108165,16:00-18:00,8.62,9.19
500108165,18:00-20:00,6.34,8.41
500108165,20:00-22:00,3.19,5.75
500108165,22:00-24:00,2.35,3.76
500108166,00:00-02:00,0.53,0.53
500108166,02:00-04:00,0.0,0.0
500108166,04:00-06:00,0.25,0.13
500108166,06:00-08:00,3.16,4.86
500108166,08:00-10:00,14.74,14.29
500108166,10:00-12:00,5.68,4.97
500108166,12:00-14:00,6.9,7.11
500108166,14:00-16:00,4.36,4.8
500108166,16:00-18:00,7.38,6.27
500108166,18:00-20:00,11.29,7.34
500108166,20:00-22:00,3.48,1.38
500108166,22:00-24:00,1.43,1.07
500108167,00:00-02:00,0.07,0.36
500108167,02:00-04:00,0.09,0.25
500108167,04:00-06:00,0.19,0.28
500108167,06:00-08:00,4.29,2.6
500108167,08:00-10:00,4.44,3.06
500108167,10:00-12:00,2.28,1.59
500108167,12:00-14:00,1.44,1.5
500108167,14:00-16:00,1.35,1.31
500108167,16:00-18:00,2.5,3.18
500108167,18:00-20:00,2.69,3.52
500108167,20:00-22:00,1.75,2.5
500108167,22:00-24:00,0.94,0.85
500108168,00:00-02:00,1.5,1.84
500108168,02:00-04:00,0.37,0.34
500108168,04:00-06:00,0.53,1.56
500108168,06:00-08:00,9.63,10.38
500108168,08:00-10:00,16.34,11.06
500108168,10:00-12:00,8.2,6.98
500108168,12:00-14:00,11.67,9.28
500108168,14:00-16:00,8.0,7.59
500108168,16:00-18:00,11.49,13.47
500108168,18:00-20:00,14.62,12.12
500108168,20:00-22:00,8.63,6.09
500108168,22:00-24:00,4.45,3.07
500108169,00:00-02:00,0.56,0.1
500108169,02:00-04:00,0.0,0.0
500108169,04:00-06:00,0.03,0.44
500108169,06:00-08:00,0.56,5.22
500108169,08:00-10:00,0.5,7.34
500108169,10:00-12:00,0.97,0.28
500108169,12:00-14:00,1.31,1.16
500108169,14:00-16:00,1.31,1.16
500108169,16:00-18:00,7.06,0.69
500108169,18:00-20:00,4.17,0.97
500108169,20:00-22:00,0.53,0.28
500108169,22:00-24:00,0.66,0.09
500108170,00:00-02:00,0.4,0.82
500108170,02:00-04:00,0.03,1.06
500108170,04:00-06:00,1.0,0.31
500108170,06:00-08:00,4.53,5.54
500108170,08:00-10:00,9.02,7.53
500108170,10:00-12:00,4.69,2.97
500108170,12:00-14:00,6.08,6.68
500108170,14:00-16:00,3.25,4.17
500108170,16:00-18:00,6.04,3.86
500108170,18:00-20:00,5.68,5.43
500108170,20:00-22:00,4.09,3.31
500108170,22:00-24:00,3.93,3.3
500108171,00:00-02:00,0.03,0.2
500108171,02:00-04:00,0.0,0.0
500108171,04:00-06:00,0.03,0.06
500108171,06:00-08:00,1.28,1.56
500108171,08:00-10:00,4.13,7.84
500108171,10:00-12:00,3.12,2.44
500108171,12:00-14:00,3.03,3.06
500108171,14:00-16:00,2.22,2.09
500108171,16:00-18:00,5.62,3.73
500108171,18:00-20:00,4.32,3.0
500108171,20:00-22:00,2.02,1.06
500108171,22:00-24:00,0.94,0.44
500108172,00:00-02:00,0.2,0.46
500108172,02:00-04:00,0.06,0.19
500108172,04:00-06:00,0.25,1.03
500108172,06:00-08:00,5.5,5.96
500108172,08:00-10:00,9.55,5.35
500108172,10:00-12:00,2.77,2.16
500108172,12:00-14:00,3.2,2.5
500108172,14:00-16:00,2.69,2.72
500108172,16:00-18:00,6.3,5.26
500108172,18:00-20:00,7.25,9.06
500108172,20:00-22:00,4.66,4.55
500108172,22:00-24:00,2.01,1.85
500108173,00:00-02:00,0.03,0.0
500108173,02:00-04:00,0.0,0.0
500108173,04:00-06:00,0.16,0.13
500108173,06:00-08:00,0.5,0.19
500108173,08:00-10:00,0.16,1.5
500108173,10:00-12:00,0.37,0.22
500108173,12:00-14:00,0.41,0.91
500108173,14:00-16:00,0.12,1.03
500108173,16:00-18:00,1.48,0.57
500108173,18:00-20:00,2.34,0.79
500108173,20:00-22:00,0.64,0.81
500108173,22:00-24:00,0.69,0.41
500108174,00:00-02:00,0.85,1.35
500108174,02:00-04:00,0.36,0.31
500108174,04:00-06:00,0.63,0.81
500108174,06:00-08:00,3.63,6.84
500108174,08:00-10:00,5.7,7.7
500108174,10:00-12:00,5.12,5.86
500108174,12:00-14:00,6.25,5.5
500108174,14:00-16:00,4.81,4.94
500108174,16:00-18:00,10.74,8.17
500108174,18:00-20:00,9.53,8.0
500108174,20:00-22:00,6.34,4.09
500108174,22:00-24:00,3.19,2.73
500108175,00:00-02:00,0.03,0.24
500108175,02:00-04:00,0.16,0.0
500108175,04:00-06:00,0.0,0.0
500108175,06:00-08:00,1.03,0.5
500108175,08:00-10:00,0.97,0.66
500108175,10:00-12:00,0.69,0.56
500108175,12:00-14:00,1.09,0.72
500108175,14:00-16:00,1.03,0.44
500108175,16:00-18:00,1.01,1.41
500108175,18:00-20:00,1.03,1.5
500108175,20:00-22:00,0.41,1.41
500108175,22:00-24:00,0.28,0.36
500108176,00:00-02:00,0.07,0.07
500108176,02:00-04:00,0.03,0.06
500108176,04:00-06:00,0.06,0.28
500108176,06:00-08:00,1.31,4.11
500108176,08:00-10:00,2.6,2.0
500108176,10:00-12:00,1.74,0.69
500108176,12:00-14:00,1.5,1.41
500108176,14:00-16:00,2.07,1.37
500108176,16:00-18:00,3.32,0.76
500108176,18:00-20:00,1.14,1.66
500108176,20:00-22:00,0.78,0.47
500108176,22:00-24:00,0.03,0.13
500108177,00:00-02:00,0.03,0.07
500108177,02:00-04:00,0.0,0.06
500108177,04:00-06:00,0.0,0.0
500108177,06:00-08:00,0.38,3.5
500108177,08:00-10:00,0.44,2.88
500108177,10:00-12:00,0.09,0.09
500108177,12:00-14:00,0.63,2.13
500108177,14:00-16:00,0.34,1.69
500108177,16:00-18:00,9.41,0.35
500108177,18:00-20:00,0.8,0.91
500108177,20:00-22:00,0.1,0.5
500108177,22:00-24:00,0.35,0.0
500108178,00:00-02:00,0.1,0.2
500108178,02:00-04:00,0.34,0.03
500108178,04:00-06:00,0.22,0.09
500108178,06:00-08:00,2.66,1.38
500108178,08:00-10:00,6.31,8.14
500108178,10:00-12:00,2.69,2.53
500108178,12:00-14:00,2.41,2.74
500108178,14:00-16:00,2.56,1.91
500108178,16:00-18:00,4.63,4.29
500108178,18:00-20:00,5.64,5.25
500108178,20:00-22:00,3.31,3.63
500108178,22:00-24:00,0.94,1.76
500108179,00:00-02:00,0.39,0.45
500108179,02:00-04:00,0.03,1.16
500108179,04:00-06:00,0.03,1.0
500108179,06:00-08:00,6.97,0.63
500108179,08:00-10:00,4.91,2.28
500108179,10:00-12:00,1.25,3.06
500108179,12:00-14:00,1.98,2.47
500108179,14:00-16:00,1.4,2.78
500108179,16:00-18:00,3.56,3.03
500108179,18:00-20:00,4.06,3.56
500108179,20:00-22:00,2.06,2.11
500108179,22:00-24:00,0.74,3.48
500108181,00:00-02:00,0.23,1.15
500108181,02:00-04:00,0.09,0.28
500108181,04:00-06:00,0.31,0.47
500108181,06:00-08:00,6.66,3.19
500108181,08:00-10:00,6.72,1.59
500108181,10:00-12:00,2.22,2.31
500108181,12:00-14:00,2.95,2.88
500108181,14:00-16:00,2.75,3.31
500108181,16:00-18:00,5.83,7.06
500108181,18:00-20:00,4.86,5.25
500108181,20:00-22:00,3.34,5.39
500108181,22:00-24:00,3.67,3.36
500108182,00:00-02:00,0.72,0.26
500108182,02:00-04:00,0.0,0.16
500108182,04:00-06:00,0.28,0.0
500108182,06:00-08:00,2.7,4.28
500108182,08:00-10:00,5.16,10.04
500108182,10:00-12:00,3.25,2.54
500108182,12:00-14:00,2.66,4.12
500108182,14:00-16:00,1.53,1.75
500108182,16:00-18:00,8.47,4.08
500108182,18:00-20:00,4.73,3.81
500108182,20:00-22:00,2.88,1.44
500108182,22:00-24:00,0.58,1.04
500108183,00:00-02:00,0.33,1.05
500108183,02:00-04:00,0.37,0.34
500108183,04:00-06:00,1.28,0.16
500108183,06:00-08:00,4.56,3.41
500108183,08:00-10:00,4.45,3.47
500108183,10:00-12:00,2.93,3.62
500108183,12:00-14:00,3.35,3.56
500108183,14:00-16:00,2.72,2.87
500108183,16:00-18:00,5.48,6.83
500108183,18:00-20:00,5.15,6.7
500108183,20:00-22:00,6.2,4.5
500108183,22:00-24:00,2.58,2.16
500108184,00:00-02:00,0.03,0.03
500108184,02:00-04:00,0.09,0.0
500108184,04:00-06:00,0.06,0.06
500108184,06:00-08:00,0.13,0.22
500108184,08:00-10:00,0.38,0.47
500108184,10:00-12:00,0.75,0.34
500108184,12:00-14:00,0.25,0.13
500108184,14:00-16:00,0.2,0.34
500108184,16:00-18:00,0.44,0.31
500108184,18:00-20:00,0.28,0.34
500108184,20:00-22:00,0.34,0.25
500108184,22:00-24:00,0.03,0.35
500108185,00:00-02:00,0.68,0.88
500108185,02:00-04:00,0.47,0.03
500108185,04:00-06:00,1.08,1.22
500108185,06:00-08:00,3.0,6.3
500108185,08:00-10:00,5.25,3.77
500108185,10:00-12:00,4.52,4.41
500108185,12:00-14:00,4.47,4.94
500108185,14:00-16:00,3.92,3.98
500108185,16:00-18:00,7.9,6.68
500108185,18:00-20:00,7.55,7.15
500108185,20:00-22:00,7.31,4.2
500108185,22:00-24:00,2.4,2.35
500108186,00:00-02:00,0.0,0.0
500108186,02:00-04:00,0.0,0.0
500108186,04:00-06:00,0.14,0.0
500108186,06:00-08:00,4.64,5.14
500108186,08:00-10:00,5.66,2.71
500108186,10:00-12:00,0.57,0.78
500108186,12:00-14:00,0.93,1.64
500108186,14:00-16:00,1.29,1.0
500108186,16:00-18:00,2.1,1.31
500108186,18:00-20:00,1.71,2.14
500108186,20:00-22:00,0.64,0.57
500108186,22:00-24:00,0.29,0.07
500108187,00:00-02:00,0.46,0.57
500108187,02:00-04:00,0.06,0.22
500108187,04:00-06:00,0.69,0.28
500108187,06:00-08:00,6.43,3.69
500108187,08:00-10:00,4.1,2.81
500108187,10:00-12:00,3.13,4.47
500108187,12:00-14:00,5.41,4.38
500108187,14:00-16:00,2.25,2.78
500108187,16:00-18:00,4.44,8.03
500108187,18:00-20:00,8.96,7.39
500108187,20:00-22:00,4.88,4.88
500108187,22:00-24:00,2.16,3.51
500108188,00:00-02:00,1.77,2.0
500108188,02:00-04:00,0.13,0.19
500108188,04:00-06:00,0.39,0.53
500108188,06:00-08:00,7.0,14.21
500108188,08:00-10:00,10.05,14.45
500108188,10:00-12:00,8.78,7.88
500108188,12:00-14:00,7.63,6.87
500108188,14:00-16:00,6.55,5.51
500108188,16:00-18:00,15.86,9.48
500108188,18:00-20:00,12.55,9.74
500108188,20:00-22:00,8.97,5.16
500108188,22:00-24:00,5.63,3.36
500108189,00:00-02:00,0.6,0.76
500108189,02:00-04:00,0.28,0.19
500108189,04:00-06:00,0.28,0.5
500108189,06:00-08:00,5.25,11.94
500108189,08:00-10:00,8.83,7.24
500108189,10:00-12:00,3.86,4.45
500108189,12:00-14:00,4.06,4.94
500108189,14:00-16:00,4.09,2.51
500108189,16:00-18:00,9.21,5.29
500108189,18:00-20:00,9.62,7.28
500108189,20:00-22:00,5.04,2.81
500108189,22:00-24:00,2.93,2.82
500108190,00:00-02:00,1.58,0.23
500108190,02:00-04:00,0.0,0.34
500108190,04:00-06:00,0.53,0.97
500108190,06:00-08:00,3.53,6.99
500108190,08:00-10:00,7.62,3.18
500108190,10:00-12:00,4.31,3.97
500108190,12:00-14:00,4.25,3.52
500108190,14:00-16:00,3.22,4.06
500108190,16:00-18:00,6.21,6.73
500108190,18:00-20:00,4.94,6.47
500108190,20:00-22:00,3.78,4.39
500108190,22:00-24:00,4.01,2.37
500108191,00:00-02:00,0.1,0.95
500108191,02:00-04:00,0.03,0.41
500108191,04:00-06:00,0.59,1.63
500108191,06:00-08:00,7.24,2.59
500108191,08:00-10:00,6.5,1.16
500108191,10:00-12:00,2.55,2.59
500108191,12:00-14:00,3.4,2.53
500108191,14:00-16:00,2.83,3.12
500108191,16:00-18:00,4.14,4.44
500108191,18:00-20:00,3.44,5.09
500108191,20:00-22:00,1.72,3.44
500108191,22:00-24:00,0.53,1.91
500108192,00:00-02:00,0.03,0.03
500108192,02:00-04:00,0.0,0.12
500108192,04:00-06:00,0.0,0.19
500108192,06:00-08:00,1.0,0.59
500108192,08:00-10:00,0.63,0.31
500108192,10:00-12:00,0.44,0.37
500108192,12:00-14:00,0.88,0.53
500108192,14:00-16:00,0.34,0.22
500108192,16:00-18:00,0.76,0.98
500108192,18:00-20:00,0.87,0.87
500108192,20:00-22:00,0.66,0.84
500108192,22:00-24:00,0.16,0.38
500108193,00:00-02:00,0.43,0.33
500108193,02:00-04:00,0.06,0.22
500108193,04:00-06:00,0.53,0.22
500108193,06:00-08:00,2.09,1.8
500108193,08:00-10:00,3.0,1.75
500108193,10:00-12:00,1.53,1.34
500108193,12:00-14:00,1.43,1.28
500108193,14:00-16:00,1.04,1.19
500108193,16:00-18:00,1.78,3.21
500108193,18:00-20:00,2.78,2.67
500108193,20:00-22:00,1.03,1.41
500108193,22:00-24:00,0.6,0.91
500108194,00:00-02:00,0.43,0.66
500108194,02:00-04:00,0.09,0.37
500108194,04:00-06:00,0.72,0.84
500108194,06:00-08:00,4.81,1.19
500108194,08:00-10:00,4.29,3.69
500108194,10:00-12:00,3.11,3.31
500108194,12:00-14:00,3.94,3.91
500108194,14:00-16:00,2.29,2.19
500108194,16:00-18:00,3.68,4.12
500108194,18:00-20:00,4.55,4.93
500108194,20:00-22:00,4.02,3.31
500108194,22:00-24:00,1.2,1.76
500108195,00:00-02:00,0.26,0.2
500108195,02:00-04:00,0.0,0.03
500108195,04:00-06:00,0.13,0.63
500108195,06:00-08:00,2.63,1.26
500108195,08:00-10:00,3.28,1.91
500108195,10:00-12:00,1.62,1.03
500108195,12:00-14:00,1.68,1.47
500108195,14:00-16:00,1.0,1.91
500108195,16:00-18:00,1.01,2.01
500108195,18:00-20:00,2.31,2.87
500108195,20:00-22:00,2.86,2.69
500108195,22:00-24:00,0.25,1.1
500108196,00:00-02:00,0.03,0.26
500108196,02:00-04:00,0.06,0.03
500108196,04:00-06:00,0.03,0.5
500108196,06:00-08:00,3.34,1.11
500108196,08:00-10:00,3.38,1.59
500108196,10:00-12:00,1.79,1.69
500108196,12:00-14:00,1.76,2.09
500108196,14:00-16:00,1.11,1.41
500108196,16:00-18:00,1.63,2.86
500108196,18:00-20:00,2.43,3.27
500108196,20:00-22:00,1.56,1.63
500108196,22:00-24:00,0.56,0.82
500108197,00:00-02:00,1.71,0.36
500108197,02:00-04:00,0.16,0.19
500108197,04:00-06:00,0.16,0.31
500108197,06:00-08:00,1.25,2.06
500108197,08:00-10:00,2.09,2.41
500108197,10:00-12:00,1.37,1.87
500108197,12:00-14:00,2.44,1.59
500108197,14:00-16:00,2.0,1.72
500108197,16:00-18:00,2.08,2.42
500108197,18:00-20:00,2.25,3.19
500108197,20:00-22:00,2.34,1.73
500108197,22:00-24:00,0.94,0.9
500108199,00:00-02:00,0.79,0.79
500108199,02:00-04:00,0.06,0.09
500108199,04:00-06:00,0.29,0.47
500108199,06:00-08:00,1.66,6.63
500108199,08:00-10:00,5.49,4.93
500108199,10:00-12:00,3.81,2.65
500108199,12:00-14:00,2.47,3.58
500108199,14:00-16:00,2.69,3.14
500108199,16:00-18:00,8.77,5.92
500108199,18:00-20:00,4.24,5.73
500108199,20:00-22:00,5.28,2.85
500108199,22:00-24:00,1.84,1.51
500108200,00:00-02:00,0.16,0.23
500108200,02:00-04:00,0.0,0.03
500108200,04:00-06:00,0.22,0.06
500108200,06:00-08:00,2.03,0.59
500108200,08:00-10:00,1.08,1.0
500108200,10:00-12:00,1.7,1.47
500108200,12:00-14:00,1.3,1.09
500108200,14:00-16:00,1.18,1.41
500108200,16:00-18:00,1.68,1.76
500108200,18:00-20:00,0.87,1.34
500108200,20:00-22:00,0.91,1.44
500108200,22:00-24:00,0.5,0.66
500108201,00:00-02:00,0.3,1.48
500108201,02:00-04:00,0.09,0.06
500108201,04:00-06:00,0.03,0.63
500108201,06:00-08:00,0.91,0.66
500108201,08:00-10:00,1.5,0.69
500108201,10:00-12:00,1.44,0.81
500108201,12:00-14:00,1.16,3.53
500108201,14:00-16:00,1.44,2.53
500108201,16:00-18:00,4.47,0.72
500108201,18:00-20:00,2.28,1.47
500108201,20:00-22:00,1.0,1.38
500108201,22:00-24:00,0.97,0.82
500108202,00:00-02:00,0.1,0.76
500108202,02:00-04:00,0.03,0.03
500108202,04:00-06:00,0.16,0.41
500108202,06:00-08:00,6.24,2.29
500108202,08:00-10:00,4.1,1.88
500108202,10:00-12:00,2.82,2.81
500108202,12:00-14:00,1.81,1.84
500108202,14:00-16:00,1.71,1.41
500108202,16:00-18:00,1.99,3.43
500108202,18:00-20:00,1.79,3.59
500108202,20:00-22:00,2.28,2.16
500108202,22:00-24:00,0.25,1.29
500108203,00:00-02:00,0.2,0.49
500108203,02:00-04:00,0.0,0.41
500108203,04:00-06:00,0.19,0.78
500108203,06:00-08:00,3.81,1.47
500108203,08:00-10:00,5.69,1.19
500108203,10:00-12:00,1.99,1.87
500108203,12:00-14:00,1.65,2.56
500108203,14:00-16:00,1.53,1.69
500108203,16:00-18:00,2.36,2.64
500108203,18:00-20:00,2.47,3.37
500108203,20:00-22:00,2.31,3.91
500108203,22:00-24:00,0.69,1.16
500108204,00:00-02:00,0.56,0.69
500108204,02:00-04:00,0.28,0.66
500108204,04:00-06:00,0.66,1.47
500108204,06:00-08:00,4.31,5.14
500108204,08:00-10:00,8.17,4.99
500108204,10:00-12:00,3.34,2.4
500108204,12:00-14:00,3.24,3.81
500108204,14:00-16:00,2.35,2.56
500108204,16:00-18:00,5.7,2.71
500108204,18:00-20:00,3.38,4.37
500108204,20:00-22:00,2.84,2.38
500108204,22:00-24:00,0.93,1.69
500108205,00:00-02:00,0.1,0.49
500108205,02:00-04:00,0.12,0.28
500108205,04:00-06:00,0.47,0.03
500108205,06:00-08:00,4.05,0.88
500108205,08:00-10:00,3.21,1.91
500108205,10:00-12:00,1.69,2.19
500108205,12:00-14:00,1.56,1.78
500108205,14:00-16:00,2.33,1.44
500108205,16:00-18:00,3.15,2.77
500108205,18:00-20:00,2.48,3.47
500108205,20:00-22:00,2.28,4.03
500108205,22:00-24:00,1.29,1.91
500108206,00:00-02:00,0.76,0.23
500108206,02:00-04:00,0.09,0.59
500108206,04:00-06:00,0.34,0.53
500108206,06:00-08:00,3.01,3.31
500108206,08:00-10:00,6.14,4.06
500108206,10:00-12:00,3.09,2.44
500108206,12:00-14:00,4.07,2.88
500108206,14:00-16:00,3.84,3.16
500108206,16:00-18:00,5.25,4.53
500108206,18:00-20:00,4.59,5.65
500108206,20:00-22:00,2.77,3.06
500108206,22:00-24:00,1.69,1.6
500108207,00:00-02:00,1.15,0.39
500108207,02:00-04:00,0.12,0.06
500108207,04:00-06:00,0.34,0.44
500108207,06:00-08:00,3.67,7.14
500108207,08:00-10:00,3.25,6.11
500108207,10:00-12:00,1.75,1.52
500108207,12:00-14:00,3.94,2.07
500108207,14:00-16:00,3.06,2.78
500108207,16:00-18:00,9.22,4.59
500108207,18:00-20:00,4.06,3.75
500108207,20:00-22:00,2.57,5.16
500108207,22:00-24:00,1.73,1.94
500108208,00:00-02:00,0.2,0.69
500108208,02:00-04:00,0.0,0.09
500108208,04:00-06:00,0.44,0.31
500108208,06:00-08:00,6.11,3.13
500108208,08:00-10:00,5.15,2.09
500108208,10:00-12:00,3.08,3.34
500108208,12:00-14:00,3.57,1.84
500108208,14:00-16:00,2.32,2.16
500108208,16:00-18:00,3.78,5.0
500108208,18:00-20:00,3.37,4.09
500108208,20:00-22:00,1.94,2.91
500108208,22:00-24:00,0.82,0.97
500108209,00:00-02:00,0.26,0.2
500108209,02:00-04:00,0.16,0.03
500108209,04:00-06:00,0.28,0.44
500108209,06:00-08:00,1.19,1.34
500108209,08:00-10:00,1.75,3.91
500108209,10:00-12:00,2.25,1.91
500108209,12:00-14:00,3.06,2.47
500108209,14:00-16:00,2.12,1.75
500108209,16:00-18:00,1.89,1.86
500108209,18:00-20:00,2.5,1.78
500108209,20:00-22:00,1.53,0.88
500108209,22:00-24:00,0.92,1.13
500108211,00:00-02:00,0.07,0.07
500108211,02:00-04:00,0.0,0.22
500108211,04:00-06:00,0.31,0.0
500108211,06:00-08:00,1.16,0.38
500108211,08:00-10:00,0.94,0.88
500108211,10:00-12:00,0.78,0.81
500108211,12:00-14:00,0.97,1.06
500108211,14:00-16:00,1.34,0.53
500108211,16:00-18:00,0.69,2.01
500108211,18:00-20:00,0.94,1.62
500108211,20:00-22:00,1.16,1.58
500108211,22:00-24:00,0.94,0.43
500108212,00:00-02:00,0.59,1.28
500108212,02:00-04:00,0.56,0.62
500108212,04:00-06:00,1.06,0.75
500108212,06:00-08:00,5.17,4.72
500108212,08:00-10:00,10.42,5.72
500108212,10:00-12:00,9.55,7.96
500108212,12:00-14:00,9.41,6.75
500108212,14:00-16:00,5.87,5.34
500108212,16:00-18:00,8.28,11.2
500108212,18:00-20:00,9.49,10.81
500108212,20:00-22:00,8.99,7.41
500108212,22:00-24:00,4.65,5.18
500108213,00:00-02:00,0.13,0.1
500108213,02:00-04:00,0.22,0.19
500108213,04:00-06:00,0.19,0.09
500108213,06:00-08:00,0.78,1.28
500108213,08:00-10:00,0.98,1.16
500108213,10:00-12:00,1.0,1.53
500108213,12:00-14:00,0.8,0.66
500108213,14:00-16:00,0.74,1.5
500108213,16:00-18:00,1.45,1.07
500108213,18:00-20:00,1.06,0.78
500108213,20:00-22:00,1.13,0.47
500108213,22:00-24:00,0.63,0.25
500108214,00:00-02:00,0.16,0.36
500108214,02:00-04:00,0.0,0.0
500108214,04:00-06:00,0.38,0.66
500108214,06:00-08:00,4.13,1.63
500108214,08:00-10:00,6.43,3.13
500108214,10:00-12:00,4.42,3.31
500108214,12:00-14:00,3.48,3.1
500108214,14:00-16:00,2.07,2.19
500108214,16:00-18:00,3.51,4.53
500108214,18:00-20:00,5.64,7.04
500108214,20:00-22:00,3.41,3.94
500108214,22:00-24:00,0.85,1.88
500108215,00:00-02:00,0.17,0.26
500108215,02:00-04:00,0.0,0.19
500108215,04:00-06:00,0.06,0.03
500108215,06:00-08:00,0.63,2.22
500108215,08:00-10:00,3.87,5.92
500108215,10:00-12:00,1.37,1.03
500108215,12:00-14:00,2.28,2.51
500108215,14:00-16:00,1.16,1.62
500108215,16:00-18:00,4.53,1.2
500108215,18:00-20:00,3.22,2.5
500108215,20:00-22:00,0.53,0.81
500108215,22:00-24:00,0.54,0.13
500108216,00:00-02:00,0.43,0.27
500108216,02:00-04:00,0.03,0.06
500108216,04:00-06:00,0.38,0.16
500108216,06:00-08:00,4.31,6.51
500108216,08:00-10:00,8.8,3.37
500108216,10:00-12:00,3.25,2.47
500108216,12:00-14:00,3.05,2.25
500108216,14:00-16:00,2.48,2.91
500108216,16:00-18:00,5.27,3.27
500108216,18:00-20:00,4.04,5.75
500108216,20:00-22:00,2.88,3.2
500108216,22:00-24:00,1.79,2.96
500108217,00:00-02:00,0.13,0.13
500108217,02:00-04:00,0.0,0.03
500108217,04:00-06:00,0.06,0.0
500108217,06:00-08:00,1.09,0.84
500108217,08:00-10:00,2.27,0.69
500108217,10:00-12:00,0.69,1.03
500108217,12:00-14:00,0.78,0.53
500108217,14:00-16:00,0.59,0.66
500108217,16:00-18:00,0.72,1.51
500108217,18:00-20:00,0.59,0.78
500108217,20:00-22:00,0.53,0.88
500108217,22:00-24:00,0.31,0.28
500108218,00:00-02:00,0.23,0.23
500108218,02:00-04:00,0.03,0.19
500108218,04:00-06:00,0.06,0.13
500108218,06:00-08:00,2.51,4.87
500108218,08:00-10:00,9.13,12.35
500108218,10:00-12:00,6.19,4.48
500108218,12:00-14:00,4.62,7.2
500108218,14:00-16:00,4.25,5.64
500108218,16:00-18:00,12.73,6.75
500108218,18:00-20:00,8.98,6.28
500108218,20:00-22:00,4.06,2.25
500108218,22:00-24:00,0.9,0.97
500108219,00:00-02:00,0.07,0.46
500108219,02:00-04:00,0.0,0.19
500108219,04:00-06:00,0.25,0.13
500108219,06:00-08:00,2.24,1.31
500108219,08:00-10:00,3.96,2.63
500108219,10:00-12:00,1.92,1.91
500108219,12:00-14:00,1.65,1.19
500108219,14:00-16:00,2.18,1.72
500108219,16:00-18:00,2.99,3.15
500108219,18:00-20:00,2.74,2.84
500108219,20:00-22:00,3.14,2.39
500108219,22:00-24:00,0.68,1.07
500108220,00:00-02:00,0.78,1.45
500108220,02:00-04:00,0.53,0.66
500108220,04:00-06:00,0.44,0.88
500108220,06:00-08:00,2.13,3.09
500108220,08:00-10:00,2.94,5.56
500108220,10:00-12:00,2.62,2.61
500108220,12:00-14:00,4.25,2.81
500108220,14:00-16:00,1.91,1.41
500108220,16:00-18:00,5.99,3.46
500108220,18:00-20:00,3.78,3.34
500108220,20:00-22:00,2.06,1.69
500108220,22:00-24:00,0.51,0.72
500108221,00:00-02:00,0.03,0.23
500108221,02:00-04:00,0.03,0.03
500108221,04:00-06:00,0.03,0.38
500108221,06:00-08:00,0.78,0.91
500108221,08:00-10:00,0.84,0.22
500108221,10:00-12:00,0.69,0.25
500108221,12:00-14:00,0.78,0.66
500108221,14:00-16:00,0.47,1.0
500108221,16:00-18:00,1.16,0.47
500108221,18:00-20:00,1.25,1.28
500108221,20:00-22:00,1.09,0.63
500108221,22:00-24:00,0.13,0.53
500108222,00:00-02:00,0.3,0.26
500108222,02:00-04:00,0.0,0.25
500108222,04:00-06:00,0.09,0.0
500108222,06:00-08:00,0.66,1.13
500108222,08:00-10:00,1.38,0.19
500108222,10:00-12:00,0.66,0.32
500108222,12:00-14:00,0.34,1.94
500108222,14:00-16:00,0.78,1.26
500108222,16:00-18:00,1.38,0.22
500108222,18:00-20:00,0.37,0.19
500108222,20:00-22:00,0.47,0.28
500108222,22:00-24:00,0.2,0.25
500108223,00:00-02:00,0.2,1.15
500108223,02:00-04:00,0.0,0.28
500108223,04:00-06:00,0.09,1.52
500108223,06:00-08:00,3.75,1.57
500108223,08:00-10:00,3.34,2.82
500108223,10:00-12:00,2.24,1.97
500108223,12:00-14:00,2.6,1.69
500108223,14:00-16:00,1.6,1.81
500108223,16:00-18:00,2.51,3.78
500108223,18:00-20:00,4.25,4.12
500108223,20:00-22:00,2.38,1.88
500108223,22:00-24:00,0.63,0.72
500108224,00:00-02:00,0.16,0.49
500108224,02:00-04:00,0.0,0.0
500108224,04:00-06:00,0.19,0.0
500108224,06:00-08:00,1.0,0.59
500108224,08:00-10:00,1.47,2.09
500108224,10:00-12:00,0.62,0.84
500108224,12:00-14:00,1.06,0.53
500108224,14:00-16:00,1.19,0.87
500108224,16:00-18:00,1.79,1.54
500108224,18:00-20:00,2.32,1.91
500108224,20:00-22:00,0.63,0.66
500108224,22:00-24:00,0.35,0.53
500108225,00:00-02:00,0.03,1.02
500108225,02:00-04:00,0.03,0.06
500108225,04:00-06:00,0.63,0.38
500108225,06:00-08:00,5.75,2.66
500108225,08:00-10:00,5.0,4.31
500108225,10:00-12:00,1.91,2.04
500108225,12:00-14:00,2.88,1.56
500108225,14:00-16:00,1.62,1.59
500108225,16:00-18:00,2.14,4.01
500108225,18:00-20:00,3.69,4.13
500108225,20:00-22:00,3.19,2.63
500108225,22:00-24:00,0.6,1.44
500108226,00:00-02:00,0.1,0.03
500108226,02:00-04:00,0.06,0.06
500108226,04:00-06:00,0.0,0.03
500108226,06:00-08:00,0.31,3.97
500108226,08:00-10:00,1.53,7.81
500108226,10:00-12:00,1.53,0.62
500108226,12:00-14:00,2.97,2.66
500108226,14:00-16:00,0.62,1.87
500108226,16:00-18:00,8.68,0.79
500108226,18:00-20:00,4.15,0.91
500108226,20:00-22:00,0.58,0.63
500108226,22:00-24:00,0.07,0.16
500108227,00:00-02:00,0.82,0.56
500108227,02:00-04:00,0.03,0.16
500108227,04:00-06:00,0.56,0.06
500108227,06:00-08:00,2.19,0.78
500108227,08:00-10:00,2.39,1.69
500108227,10:00-12:00,1.47,0.91
500108227,12:00-14:00,1.68,1.34
500108227,14:00-16:00,1.36,1.5
500108227,16:00-18:00,3.3,2.33
500108227,18:00-20:00,1.16,2.78
500108227,20:00-22:00,1.31,2.28
500108227,22:00-24:00,1.25,1.79
500108228,00:00-02:00,0.03,0.03
500108228,02:00-04:00,0.03,0.0
500108228,04:00-06:00,0.03,0.0
500108228,06:00-08:00,0.09,0.19
500108228,08:00-10:00,0.81,0.59
500108228,10:00-12:00,0.25,0.09
500108228,12:00-14:00,0.28,0.56
500108228,14:00-16:00,0.53,1.66
500108228,16:00-18:00,0.41,0.28
500108228,18:00-20:00,0.75,0.22
500108228,20:00-22:00,0.31,0.03
500108228,22:00-24:00,0.19,0.03
500108229,00:00-02:00,0.07,0.03
500108229,02:00-04:00,0.03,0.06
500108229,04:00-06:00,0.25,0.16
500108229,06:00-08:00,0.41,0.06
500108229,08:00-10:00,0.5,0.69
500108229,10:00-12:00,0.37,0.19
500108229,12:00-14:00,0.25,0.06
500108229,14:00-16:00,0.16,0.41
500108229,16:00-18:00,0.29,0.38
500108229,18:00-20:00,0.22,0.28
500108229,20:00-22:00,0.13,0.19
500108229,22:00-24:00,0.09,0.13
500108230,00:00-02:00,0.46,1.22
500108230,02:00-04:00,0.5,0.28
500108230,04:00-06:00,0.19,0.41
500108230,06:00-08:00,3.67,1.6
500108230,08:00-10:00,6.04,4.16
500108230,10:00-12:00,4.59,4.03
500108230,12:00-14:00,5.86,4.41
500108230,14:00-16:00,2.23,2.78
500108230,16:00-18:00,3.77,4.7
500108230,18:00-20:00,4.19,5.06
500108230,20:00-22:00,5.55,4.18
500108230,22:00-24:00,1.67,1.69
500108231,00:00-02:00,0.8,1.64
500108231,02:00-04:00,0.16,0.34
500108231,04:00-06:00,0.09,0.72
500108231,06:00-08:00,1.63,0.76
500108231,08:00-10:00,3.06,2.21
500108231,10:00-12:00,3.02,2.82
500108231,12:00-14:00,3.74,2.91
500108231,14:00-16:00,2.22,2.72
500108231,16:00-18:00,3.19,5.05
500108231,18:00-20:00,3.9,5.78
500108231,20:00-22:00,5.02,2.45
500108231,22:00-24:00,1.66,1.32
500108233,00:00-02:00,0.56,0.85
500108233,02:00-04:00,0.0,0.0
500108233,04:00-06:00,0.38,0.03
500108233,06:00-08:00,1.47,1.72
500108233,08:00-10:00,4.03,1.97
500108233,10:00-12:00,1.85,1.87
500108233,12:00-14:00,3.05,2.56
500108233,14:00-16:00,1.93,2.12
500108233,16:00-18:00,2.46,4.47
500108233,18:00-20:00,4.55,3.88
500108233,20:00-22:00,3.31,2.28
500108233,22:00-24:00,0.91,1.44
500108234,00:00-02:00,0.16,0.2
500108234,02:00-04:00,0.03,0.25
500108234,04:00-06:00,0.03,0.0
500108234,06:00-08:00,1.42,0.78
500108234,08:00-10:00,1.35,1.16
500108234,10:00-12:00,1.4,1.0
500108234,12:00-14:00,0.92,1.5
500108234,14:00-16:00,1.16,1.31
500108234,16:00-18:00,1.29,1.82
500108234,18:00-20:00,1.12,1.06
500108234,20:00-22:00,1.58,1.17
500108234,22:00-24:00,0.45,0.27
500108235,00:00-02:00,0.3,0.49
500108235,02:00-04:00,0.03,0.0
500108235,04:00-06:00,0.22,0.22
500108235,06:00-08:00,0.91,1.13
500108235,08:00-10:00,1.5,0.44
500108235,10:00-12:00,0.62,0.87
500108235,12:00-14:00,0.66,0.47
500108235,14:00-16:00,0.69,0.44
500108235,16:00-18:00,1.42,0.72
500108235,18:00-20:00,0.88,1.66
500108235,20:00-22:00,0.34,0.91
500108235,22:00-24:00,0.25,0.35
500109001,00:00-02:00,0.46,1.38
500109001,02:00-04:00,0.22,0.41
500109001,04:00-06:00,1.06,0.28
500109001,06:00-08:00,7.18,2.28
500109001,08:00-10:00,5.7,4.41
500109001,10:00-12:00,4.11,3.72
500109001,12:00-14:00,3.24,2.72
500109001,14:00-16:00,3.21,5.0
500109001,16:00-18:00,5.82,6.1
500109001,18:00-20:00,6.63,6.79
500109001,20:00-22:00,4.07,6.49
500109001,22:00-24:00,1.91,3.64
500109002,00:00-02:00,0.47,0.66
500109002,02:00-04:00,0.09,0.03
500109002,04:00-06:00,0.25,1.44
500109002,06:00-08:00,3.91,4.47
500109002,08:00-10:00,2.78,5.37
500109002,10:00-12:00,4.97,2.32
500109002,12:00-14:00,2.22,5.11
500109002,14:00-16:00,5.72,4.89
500109002,16:00-18:00,7.79,5.16
500109002,18:00-20:00,5.89,7.41
500109002,20:00-22:00,5.75,3.09
500109002,22:00-24:00,1.28,0.94
500109003,00:00-02:00,0.89,1.61
500109003,02:00-04:00,0.03,0.09
500109003,04:00-06:00,0.88,0.31
500109003,06:00-08:00,12.44,4.81
500109003,08:00-10:00,11.1,8.13
500109003,10:00-12:00,7.19,5.75
500109003,12:00-14:00,6.05,5.85
500109003,14:00-16:00,6.44,5.44
500109003,16:00-18:00,11.93,12.52
500109003,18:00-20:00,8.16,11.13
500109003,20:00-22:00,4.41,7.54
500109003,22:00-24:00,3.11,5.86
500109004,00:00-02:00,0.62,0.79
500109004,02:00-04:00,0.03,0.31
500109004,04:00-06:00,0.19,0.31
500109004,06:00-08:00,6.72,4.31
500109004,08:00-10:00,8.38,5.72
500109004,10:00-12:00,4.6,5.18
500109004,12:00-14:00,6.51,6.91
500109004,14:00-16:00,5.79,5.94
500109004,16:00-18:00,12.58,17.34
500109004,18:00-20:00,10.49,9.12
500109004,20:00-22:00,9.71,6.7
500109004,22:00-24:00,3.94,3.23
500109005,00:00-02:00,0.59,1.45
500109005,02:00-04:00,0.19,0.19
500109005,04:00-06:00,0.59,0.22
500109005,06:00-08:00,5.98,3.84
500109005,08:00-10:00,6.36,4.84
500109005,10:00-12:00,5.42,4.34
500109005,12:00-14:00,5.12,4.28
500109005,14:00-16:00,3.8,3.97
500109005,16:00-18:00,7.66,6.83
500109005,18:00-20:00,4.53,8.59
500109005,20:00-22:00,4.84,5.38
500109005,22:00-24:00,3.2,2.63
500109006,00:00-02:00,0.39,1.18
500109006,02:00-04:00,0.16,0.12
500109006,04:00-06:00,1.0,1.03
500109006,06:00-08:00,6.5,0.84
500109006,08:00-10:00,3.79,2.56
500109006,10:00-12:00,3.73,3.87
500109006,12:00-14:00,2.99,1.72
500109006,14:00-16:00,3.25,4.62
500109006,16:00-18:00,3.57,5.44
500109006,18:00-20:00,3.74,3.34
500109006,20:00-22:00,2.44,3.88
500109006,22:00-24:00,1.1,2.7
500109007,00:00-02:00,0.3,0.26
500109007,02:00-04:00,0.22,0.37
500109007,04:00-06:00,0.72,1.38
500109007,06:00-08:00,3.59,4.63
500109007,08:00-10:00,4.41,4.69
500109007,10:00-12:00,7.2,7.65
500109007,12:00-14:00,8.56,9.16
500109007,14:00-16:00,10.22,9.12
500109007,16:00-18:00,12.81,10.89
500109007,18:00-20:00,7.82,6.93
500109007,20:00-22:00,3.63,3.09
500109007,22:00-24:00,1.49,1.1
500109008,00:00-02:00,0.26,0.8
500109008,02:00-04:00,0.03,0.06
500109008,04:00-06:00,0.84,0.16
500109008,06:00-08:00,8.03,2.5
500109008,08:00-10:00,7.03,5.13
500109008,10:00-12:00,3.33,2.65
500109008,12:00-14:00,3.56,3.22
500109008,14:00-16:00,2.86,3.06
500109008,16:00-18:00,5.99,6.76
500109008,18:00-20:00,6.56,9.0
500109008,20:00-22:00,1.69,5.29
500109008,22:00-24:00,1.66,3.02
500109009,00:00-02:00,1.02,0.62
500109009,02:00-04:00,0.16,0.0
500109009,04:00-06:00,0.72,0.63
500109009,06:00-08:00,8.21,5.53
500109009,08:00-10:00,8.74,9.17
500109009,10:00-12:00,5.81,6.7
500109009,12:00-14:00,7.13,7.53
500109009,14:00-16:00,5.81,6.22
500109009,16:00-18:00,9.06,11.57
500109009,18:00-20:00,9.86,9.37
500109009,20:00-22:00,3.96,5.9
500109009,22:00-24:00,2.57,2.37
500109010,00:00-02:00,0.56,0.07
500109010,02:00-04:00,0.5,0.16
500109010,04:00-06:00,0.13,0.22
500109010,06:00-08:00,3.23,2.0
500109010,08:00-10:00,2.52,2.33
500109010,10:00-12:00,1.7,1.75
500109010,12:00-14:00,1.34,2.03
500109010,14:00-16:00,2.38,2.73
500109010,16:00-18:00,3.37,5.89
500109010,18:00-20:00,3.44,2.91
500109010,20:00-22:00,1.5,1.56
500109010,22:00-24:00,1.54,1.39
500109011,00:00-02:00,2.46,2.83
500109011,02:00-04:00,0.19,0.34
500109011,04:00-06:00,2.66,2.22
500109011,06:00-08:00,15.88,15.63
500109011,08:00-10:00,16.6,15.53
500109011,10:00-12:00,12.33,12.71
500109011,12:00-14:00,13.61,15.98
500109011,14:00-16:00,14.31,11.72
500109011,16:00-18:00,19.29,22.43
500109011,18:00-20:00,19.03,13.77
500109011,20:00-22:00,11.0,9.63
500109011,22:00-24:00,5.65,4.14
500109012,00:00-02:00,0.18,0.49
500109012,02:00-04:00,0.0,0.16
500109012,04:00-06:00,0.22,0.47
500109012,06:00-08:00,1.34,2.03
500109012,08:00-10:00,2.53,1.66
500109012,10:00-12:00,1.66,1.0
500109012,12:00-14:00,1.26,0.91
500109012,14:00-16:00,1.61,1.87
500109012,16:00-18:00,3.01,3.78
500109012,18:00-20:00,2.86,1.91
500109012,20:00-22:00,1.63,1.25
500109012,22:00-24:00,0.95,0.38
500109013,00:00-02:00,0.53,0.59
500109013,02:00-04:00,0.03,0.19
500109013,04:00-06:00,0.78,0.28
500109013,06:00-08:00,2.41,1.02
500109013,08:00-10:00,2.5,2.22
500109013,10:00-12:00,1.22,2.14
500109013,12:00-14:00,2.13,1.59
500109013,14:00-16:00,2.62,1.84
500109013,16:00-18:00,3.21,5.19
500109013,18:00-20:00,2.78,3.45
500109013,20:00-22:00,2.13,1.81
500109013,22:00-24:00,1.04,1.13
500109014,00:00-02:00,0.14,0.26
500109014,02:00-04:00,0.03,0.06
500109014,04:00-06:00,0.03,0.13
500109014,06:00-08:00,2.42,7.46
500109014,08:00-10:00,7.72,8.22
500109014,10:00-12:00,3.31,2.66
500109014,12:00-14:00,3.88,2.75
500109014,14:00-16:00,3.28,1.97
500109014,16:00-18:00,8.49,4.91
500109014,18:00-20:00,3.73,3.75
500109014,20:00-22:00,2.1,1.34
500109014,22:00-24:00,0.39,0.75
500109015,00:00-02:00,0.84,0.76
500109015,02:00-04:00,0.07,0.19
500109015,04:00-06:00,0.56,1.13
500109015,06:00-08:00,8.66,12.34
500109015,08:00-10:00,7.0,9.59
500109015,10:00-12:00,4.34,6.14
500109015,12:00-14:00,7.35,5.95
500109015,14:00-16:00,6.16,4.84
500109015,16:00-18:00,9.69,11.02
500109015,18:00-20:00,10.92,6.08
500109015,20:00-22:00,7.47,4.25
500109015,22:00-24:00,3.91,2.92
500109016,00:00-02:00,0.1,0.53
500109016,02:00-04:00,0.0,0.47
500109016,04:00-06:00,0.75,0.31
500109016,06:00-08:00,4.34,1.38
500109016,08:00-10:00,3.32,3.19
500109016,10:00-12:00,2.1,2.09
500109016,12:00-14:00,1.27,0.91
500109016,14:00-16:00,0.87,1.16
500109016,16:00-18:00,3.44,2.84
500109016,18:00-20:00,2.79,4.15
500109016,20:00-22:00,1.38,2.43
500109016,22:00-24:00,0.85,1.83
500109017,00:00-02:00,0.2,0.03
500109017,02:00-04:00,0.12,0.09
500109017,04:00-06:00,0.13,0.16
500109017,06:00-08:00,2.17,0.69
500109017,08:00-10:00,1.57,0.75
500109017,10:00-12:00,0.89,0.81
500109017,12:00-14:00,1.0,0.81
500109017,14:00-16:00,0.87,1.75
500109017,16:00-18:00,1.7,1.98
500109017,18:00-20:00,1.75,2.47
500109017,20:00-22:00,1.03,1.72
500109017,22:00-24:00,0.44,0.6
500109018,00:00-02:00,0.26,0.36
500109018,02:00-04:00,0.31,0.19
500109018,04:00-06:00,0.41,0.03
500109018,06:00-08:00,3.72,2.35
500109018,08:00-10:00,2.59,2.94
500109018,10:00-12:00,1.77,2.06
500109018,12:00-14:00,2.97,2.3
500109018,14:00-16:00,2.01,1.97
500109018,16:00-18:00,4.05,4.16
500109018,18:00-20:00,2.59,3.28
500109018,20:00-22:00,2.06,2.76
500109018,22:00-24:00,0.72,1.11
500109019,00:00-02:00,2.37,1.15
500109019,02:00-04:00,0.75,0.16
500109019,04:00-06:00,1.81,0.13
500109019,06:00-08:00,5.56,8.38
500109019,08:00-10:00,5.78,5.45
500109019,10:00-12:00,5.06,4.13
500109019,12:00-14:00,5.3,4.0
500109019,14:00-16:00,3.03,2.59
500109019,16:00-18:00,11.84,5.69
500109019,18:00-20:00,6.53,8.75
500109019,20:00-22:00,3.94,8.78
500109019,22:00-24:00,2.67,3.67
500109020,00:00-02:00,0.23,1.38
500109020,02:00-04:00,0.0,0.06
500109020,04:00-06:00,0.34,0.38
500109020,06:00-08:00,5.06,1.22
500109020,08:00-10:00,2.94,2.34
500109020,10:00-12:00,2.06,2.53
500109020,12:00-14:00,1.62,1.97
500109020,14:00-16:00,2.15,1.94
500109020,16:00-18:00,2.68,1.79
500109020,18:00-20:00,1.76,3.0
500109020,20:00-22:00,1.16,1.03
500109020,22:00-24:00,0.44,1.1
500109022,00:00-02:00,0.16,2.17
500109022,02:00-04:00,0.06,0.69
500109022,04:00-06:00,0.5,4.47
500109022,06:00-08:00,12.94,1.75
500109022,08:00-10:00,6.59,3.47
500109022,10:00-12:00,3.01,2.31
500109022,12:00-14:00,2.62,3.28
500109022,14:00-16:00,1.62,4.56
500109022,16:00-18:00,4.32,4.0
500109022,18:00-20:00,2.25,3.81
500109022,20:00-22:00,2.5,2.25
500109022,22:00-24:00,1.04,3.14
500109023,00:00-02:00,0.99,2.17
500109023,02:00-04:00,0.5,0.12
500109023,04:00-06:00,1.43,1.44
500109023,06:00-08:00,5.67,6.78
500109023,08:00-10:00,8.29,5.44
500109023,10:00-12:00,5.37,11.18
500109023,12:00-14:00,6.99,6.65
500109023,14:00-16:00,6.66,7.37
500109023,16:00-18:00,19.64,9.72
500109023,18:00-20:00,7.54,10.93
500109023,20:00-22:00,7.38,5.09
500109023,22:00-24:00,4.24,8.06
500109024,00:00-02:00,1.25,0.89
500109024,02:00-04:00,0.14,0.31
500109024,04:00-06:00,0.67,0.09
500109024,06:00-08:00,2.6,9.7
500109024,08:00-10:00,5.88,5.94
500109024,10:00-12:00,3.81,4.75
500109024,12:00-14:00,4.22,4.49
500109024,14:00-16:00,5.0,3.37
500109024,16:00-18:00,6.61,8.26
500109024,18:00-20:00,7.9,7.32
500109024,20:00-22:00,7.07,3.83
500109024,22:00-24:00,3.24,1.04
500109025,00:00-02:00,2.31,1.71
500109025,02:00-04:00,0.59,0.62
500109025,04:00-06:00,2.06,3.38
500109025,06:00-08:00,19.22,27.2
500109025,08:00-10:00,24.91,24.07
500109025,10:00-12:00,11.31,14.41
500109025,12:00-14:00,16.57,16.78
500109025,14:00-16:00,14.72,12.46
500109025,16:00-18:00,23.56,22.05
500109025,18:00-20:00,23.51,23.33
500109025,20:00-22:00,19.18,15.03
500109025,22:00-24:00,8.19,6.56
500109026,00:00-02:00,0.23,0.23
500109026,02:00-04:00,0.03,0.06
500109026,04:00-06:00,0.69,0.59
500109026,06:00-08:00,6.5,2.31
500109026,08:00-10:00,1.99,3.25
500109026,10:00-12:00,2.12,2.59
500109026,12:00-14:00,3.53,3.16
500109026,14:00-16:00,2.01,1.56
500109026,16:00-18:00,2.52,3.71
500109026,18:00-20:00,4.47,6.66
500109026,20:00-22:00,2.69,3.47
500109026,22:00-24:00,1.57,1.02
500109027,00:00-02:00,0.66,1.12
500109027,02:00-04:00,0.16,0.09
500109027,04:00-06:00,1.63,0.72
500109027,06:00-08:00,21.5,8.31
500109027,08:00-10:00,14.2,10.28
500109027,10:00-12:00,7.54,6.78
500109027,12:00-14:00,6.96,8.13
500109027,14:00-16:00,8.19,8.81
500109027,16:00-18:00,13.7,15.98
500109027,18:00-20:00,12.12,19.11
500109027,20:00-22:00,7.63,14.01
500109027,22:00-24:00,4.08,4.52
500109028,00:00-02:00,0.66,0.89
500109028,02:00-04:00,0.16,0.25
500109028,04:00-06:00,0.16,0.19
500109028,06:00-08:00,3.0,2.66
500109028,08:00-10:00,3.66,3.04
500109028,10:00-12:00,2.62,2.19
500109028,12:00-14:00,3.12,3.16
500109028,14:00-16:00,2.34,2.9
500109028,16:00-18:00,4.31,5.69
500109028,18:00-20:00,4.9,5.42
500109028,20:00-22:00,4.0,3.72
500109028,22:00-24:00,2.32,1.46
500109029,00:00-02:00,1.08,0.85
500109029,02:00-04:00,0.56,0.19
500109029,04:00-06:00,0.72,0.59
500109029,06:00-08:00,3.03,2.44
500109029,08:00-10:00,3.62,2.69
500109029,10:00-12:00,1.94,1.5
500109029,12:00-14:00,2.28,2.16
500109029,14:00-16:00,2.4,2.87
500109029,16:00-18:00,3.04,5.19
500109029,18:00-20:00,3.72,3.5
500109029,20:00-22:00,2.66,2.19
500109029,22:00-24:00,1.32,1.51
500109030,00:00-02:00,0.2,0.33
500109030,02:00-04:00,0.0,0.03
500109030,04:00-06:00,0.06,0.06
500109030,06:00-08:00,2.08,1.13
500109030,08:00-10:00,4.0,5.09
500109030,10:00-12:00,3.02,2.91
500109030,12:00-14:00,3.25,3.75
500109030,14:00-16:00,3.0,2.68
500109030,16:00-18:00,4.37,3.44
500109030,18:00-20:00,2.32,2.03
500109030,20:00-22:00,1.78,2.09
500109030,22:00-24:00,1.21,0.78
500109031,00:00-02:00,1.5,1.28
500109031,02:00-04:00,0.25,0.25
500109031,04:00-06:00,1.63,4.5
500109031,06:00-08:00,12.28,16.75
500109031,08:00-10:00,13.81,12.7
500109031,10:00-12:00,7.9,6.46
500109031,12:00-14:00,9.38,7.85
500109031,14:00-16:00,10.22,10.61
500109031,16:00-18:00,16.16,15.49
500109031,18:00-20:00,13.62,10.93
500109031,20:00-22:00,10.25,9.28
500109031,22:00-24:00,6.3,5.3
500109032,00:00-02:00,2.07,1.85
500109032,02:00-04:00,0.91,0.19
500109032,04:00-06:00,4.16,1.47
500109032,06:00-08:00,27.0,6.09
500109032,08:00-10:00,13.87,12.28
500109032,10:00-12:00,13.67,11.93
500109032,12:00-14:00,11.78,11.41
500109032,14:00-16:00,10.25,12.53
500109032,16:00-18:00,11.77,27.22
500109032,18:00-20:00,17.93,23.79
500109032,20:00-22:00,15.25,16.38
500109032,22:00-24:00,7.06,7.97
500109033,00:00-02:00,0.76,0.92
500109033,02:00-04:00,0.22,0.16
500109033,04:00-06:00,1.38,0.28
500109033,06:00-08:00,7.33,3.13
500109033,08:00-10:00,6.1,4.44
500109033,10:00-12:00,5.16,3.84
500109033,12:00-14:00,4.88,3.88
500109033,14:00-16:00,5.48,4.37
500109033,16:00-18:00,7.76,8.5
500109033,18:00-20:00,7.42,8.37
500109033,20:00-22:00,6.72,7.09
500109033,22:00-24:00,2.42,4.77
500109034,00:00-02:00,2.14,2.89
500109034,02:00-04:00,0.28,1.12
500109034,04:00-06:00,1.15,6.44
500109034,06:00-08:00,17.25,12.44
500109034,08:00-10:00,15.92,11.47
500109034,10:00-12:00,11.98,12.4
500109034,12:00-14:00,12.67,13.41
500109034,14:00-16:00,12.79,13.22
500109034,16:00-18:00,18.03,21.46
500109034,18:00-20:00,19.09,15.8
500109034,20:00-22:00,12.53,11.44
500109034,22:00-24:00,9.59,7.94
500109035,00:00-02:00,1.74,0.92
500109035,02:00-04:00,0.32,1.0
500109035,04:00-06:00,0.25,0.63
500109035,06:00-08:00,1.86,5.84
500109035,08:00-10:00,4.81,6.16
500109035,10:00-12:00,5.53,5.37
500109035,12:00-14:00,6.32,7.84
500109035,14:00-16:00,5.41,5.3
500109035,16:00-18:00,10.94,7.65
500109035,18:00-20:00,8.77,5.97
500109035,20:00-22:00,6.27,5.19
500109035,22:00-24:00,4.76,4.67
500109036,00:00-02:00,1.33,0.66
500109036,02:00-04:00,0.11,0.28
500109036,04:00-06:00,0.23,1.19
500109036,06:00-08:00,7.16,18.63
500109036,08:00-10:00,15.66,10.98
500109036,10:00-12:00,8.7,8.53
500109036,12:00-14:00,8.58,9.81
500109036,14:00-16:00,8.78,9.07
500109036,16:00-18:00,20.56,15.38
500109036,18:00-20:00,14.31,11.68
500109036,20:00-22:00,10.62,8.59
500109036,22:00-24:00,4.68,3.73
500109037,00:00-02:00,1.31,0.76
500109037,02:00-04:00,0.0,0.25
500109037,04:00-06:00,0.32,0.78
500109037,06:00-08:00,3.09,12.35
500109037,08:00-10:00,9.72,8.85
500109037,10:00-12:00,9.21,6.15
500109037,12:00-14:00,7.91,8.57
500109037,14:00-16:00,8.23,5.03
500109037,16:00-18:00,10.58,6.1
500109037,18:00-20:00,6.06,6.34
500109037,20:00-22:00,4.85,3.91
500109037,22:00-24:00,1.4,1.6
500109039,00:00-02:00,0.77,1.08
500109039,02:00-04:00,0.14,0.66
500109039,04:00-06:00,0.81,0.13
500109039,06:00-08:00,3.77,10.28
500109039,08:00-10:00,5.75,3.64
500109039,10:00-12:00,4.93,3.87
500109039,12:00-14:00,4.88,4.41
500109039,14:00-16:00,3.94,4.59
500109039,16:00-18:00,11.4,8.12
500109039,18:00-20:00,7.81,6.9
500109039,20:00-22:00,6.15,3.97
500109039,22:00-24:00,1.75,1.47
500109040,00:00-02:00,1.37,1.94
500109040,02:00-04:00,0.09,0.78
500109040,04:00-06:00,1.04,0.22
500109040,06:00-08:00,5.76,5.97
500109040,08:00-10:00,6.03,7.69
500109040,10:00-12:00,5.16,4.29
500109040,12:00-14:00,5.93,5.66
500109040,14:00-16:00,6.24,5.41
500109040,16:00-18:00,9.79,6.42
500109040,18:00-20:00,8.46,6.72
500109040,20:00-22:00,5.57,4.97
500109040,22:00-24:00,2.7,3.86
500109041,00:00-02:00,0.39,0.64
500109041,02:00-04:00,0.12,0.09
500109041,04:00-06:00,0.63,0.98
500109041,06:00-08:00,4.09,1.75
500109041,08:00-10:00,2.13,2.41
500109041,10:00-12:00,3.0,1.78
500109041,12:00-14:00,2.5,2.78
500109041,14:00-16:00,2.22,2.65
500109041,16:00-18:00,3.4,5.54
500109041,18:00-20:00,7.06,5.35
500109041,20:00-22:00,1.65,4.18
500109041,22:00-24:00,1.94,1.22
500109042,00:00-02:00,1.02,1.19
500109042,02:00-04:00,0.53,0.49
500109042,04:00-06:00,1.09,0.28
500109042,06:00-08:00,8.29,4.34
500109042,08:00-10:00,5.03,4.34
500109042,10:00-12:00,3.9,3.94
500109042,12:00-14:00,3.76,3.78
500109042,14:00-16:00,3.28,3.41
500109042,16:00-18:00,5.59,9.65
500109042,18:00-20:00,8.93,8.19
500109042,20:00-22:00,5.25,5.82
500109042,22:00-24:00,1.98,3.17
500109043,00:00-02:00,0.89,1.48
500109043,02:00-04:00,0.31,0.56
500109043,04:00-06:00,1.28,0.7
500109043,06:00-08:00,9.66,5.69
500109043,08:00-10:00,7.8,6.71
500109043,10:00-12:00,5.68,5.73
500109043,12:00-14:00,5.23,6.34
500109043,14:00-16:00,5.33,4.26
500109043,16:00-18:00,8.07,12.09
500109043,18:00-20:00,11.28,9.5
500109043,20:00-22:00,5.31,8.1
500109043,22:00-24:00,3.48,5.68
500109044,00:00-02:00,1.08,0.85
500109044,02:00-04:00,0.44,0.34
500109044,04:00-06:00,0.81,0.89
500109044,06:00-08:00,5.43,3.17
500109044,08:00-10:00,5.31,3.72
500109044,10:00-12:00,4.25,3.22
500109044,12:00-14:00,3.35,3.94
500109044,14:00-16:00,3.68,3.47
500109044,16:00-18:00,6.41,7.62
500109044,18:00-20:00,5.87,6.4
500109044,20:00-22:00,4.16,5.56
500109044,22:00-24:00,2.26,2.7
500109045,00:00-02:00,0.03,0.07
500109045,02:00-04:00,0.0,0.0
500109045,04:00-06:00,0.97,0.13
500109045,06:00-08:00,15.24,19.69
500109045,08:00-10:00,18.77,22.56
500109045,10:00-12:00,6.37,4.95
500109045,12:00-14:00,5.28,6.63
500109045,14:00-16:00,5.87,9.58
500109045,16:00-18:00,25.17,12.78
500109045,18:00-20:00,4.66,5.65
500109045,20:00-22:00,2.35,2.13
500109045,22:00-24:00,1.1,0.75
500109046,00:00-02:00,2.17,0.26
500109046,02:00-04:00,0.72,0.12
500109046,04:00-06:00,0.82,0.09
500109046,06:00-08:00,3.96,8.59
500109046,08:00-10:00,10.03,13.95
500109046,10:00-12:00,5.81,3.65
500109046,12:00-14:00,5.03,7.44
500109046,14:00-16:00,3.34,3.5
500109046,16:00-18:00,12.39,6.99
500109046,18:00-20:00,8.62,8.03
500109046,20:00-22:00,4.07,2.75
500109046,22:00-24:00,1.73,1.38
500109047,00:00-02:00,0.03,0.39
500109047,02:00-04:00,0.03,0.28
500109047,04:00-06:00,0.72,0.19
500109047,06:00-08:00,2.78,11.99
500109047,08:00-10:00,2.56,3.58
500109047,10:00-12:00,2.87,2.5
500109047,12:00-14:00,3.66,2.44
500109047,14:00-16:00,6.97,3.5
500109047,16:00-18:00,14.34,3.87
500109047,18:00-20:00,2.87,4.06
500109047,20:00-22:00,1.5,2.66
500109047,22:00-24:00,1.16,1.32
500109048,00:00-02:00,0.66,0.79
500109048,02:00-04:00,0.16,0.22
500109048,04:00-06:00,0.25,0.59
500109048,06:00-08:00,2.29,5.16
500109048,08:00-10:00,4.75,8.2
500109048,10:00-12:00,5.93,4.55
500109048,12:00-14:00,6.85,5.1
500109048,14:00-16:00,7.15,4.37
500109048,16:00-18:00,13.87,6.51
500109048,18:00-20:00,5.92,8.12
500109048,20:00-22:00,4.08,4.66
500109048,22:00-24:00,3.84,3.07
500109049,00:00-02:00,0.53,0.82
500109049,02:00-04:00,0.06,0.09
500109049,04:00-06:00,0.19,0.63
500109049,06:00-08:00,2.25,3.88
500109049,08:00-10:00,3.34,3.03
500109049,10:00-12:00,3.39,2.0
500109049,12:00-14:00,3.5,3.03
500109049,14:00-16:00,2.37,2.84
500109049,16:00-18:00,6.11,4.53
500109049,18:00-20:00,4.37,4.84
500109049,20:00-22:00,4.3,3.72
500109049,22:00-24:00,1.51,1.19
500109050,00:00-02:00,0.56,0.46
500109050,02:00-04:00,0.31,0.16
500109050,04:00-06:00,1.13,0.25
500109050,06:00-08:00,4.32,4.97
500109050,08:00-10:00,4.94,2.0
500109050,10:00-12:00,3.65,3.94
500109050,12:00-14:00,3.63,4.0
500109050,14:00-16:00,3.58,3.28
500109050,16:00-18:00,7.85,6.36
500109050,18:00-20:00,3.44,5.87
500109050,20:00-22:00,4.13,3.38
500109050,22:00-24:00,1.35,2.48
500109051,00:00-02:00,1.41,1.74
500109051,02:00-04:00,1.78,2.06
500109051,04:00-06:00,2.79,2.82
500109051,06:00-08:00,4.36,3.75
500109051,08:00-10:00,4.07,4.0
500109051,10:00-12:00,4.01,3.75
500109051,12:00-14:00,4.59,4.13
500109051,14:00-16:00,4.44,4.02
500109051,16:00-18:00,7.66,8.43
500109051,18:00-20:00,7.16,8.83
500109051,20:00-22:00,6.08,4.01
500109051,22:00-24:00,0.89,1.79
500109052,00:00-02:00,0.59,0.84
500109052,02:00-04:00,2.0,1.7
500109052,04:00-06:00,2.09,1.69
500109052,06:00-08:00,4.69,4.87
500109052,08:00-10:00,5.76,4.44
500109052,10:00-12:00,3.18,2.16
500109052,12:00-14:00,2.32,1.88
500109052,14:00-16:00,2.04,3.35
500109052,16:00-18:00,6.83,6.77
500109052,18:00-20:00,5.68,6.7
500109052,20:00-22:00,3.5,3.35
500109052,22:00-24:00,1.1,2.32
500109053,00:00-02:00,1.87,2.1
500109053,02:00-04:00,0.06,0.66
500109053,04:00-06:00,0.72,0.88
500109053,06:00-08:00,22.48,16.19
500109053,08:00-10:00,19.39,16.5
500109053,10:00-12:00,11.91,11.71
500109053,12:00-14:00,13.18,12.19
500109053,14:00-16:00,12.52,11.41
500109053,16:00-18:00,22.72,33.59
500109053,18:00-20:00,22.75,17.08
500109053,20:00-22:00,15.15,12.28
500109053,22:00-24:00,8.16,9.1
500109054,00:00-02:00,0.26,0.56
500109054,02:00-04:00,0.03,0.12
500109054,04:00-06:00,0.5,0.25
500109054,06:00-08:00,5.61,4.53
500109054,08:00-10:00,7.76,4.72
500109054,10:00-12:00,4.83,6.5
500109054,12:00-14:00,7.19,6.13
500109054,14:00-16:00,6.37,5.16
500109054,16:00-18:00,7.11,6.58
500109054,18:00-20:00,4.86,6.06
500109054,20:00-22:00,4.59,5.44
500109054,22:00-24:00,1.35,2.7
500109055,00:00-02:00,0.1,0.36
500109055,02:00-04:00,0.53,0.19
500109055,04:00-06:00,0.25,0.06
500109055,06:00-08:00,2.22,2.03
500109055,08:00-10:00,2.13,1.09
500109055,10:00-12:00,1.16,0.56
500109055,12:00-14:00,1.28,1.5
500109055,14:00-16:00,1.75,0.87
500109055,16:00-18:00,2.79,3.93
500109055,18:00-20:00,2.38,2.53
500109055,20:00-22:00,2.13,2.81
500109055,22:00-24:00,0.69,2.07
500109056,00:00-02:00,0.2,0.31
500109056,02:00-04:00,0.12,0.0
500109056,04:00-06:00,0.13,0.03
500109056,06:00-08:00,3.78,0.63
500109056,08:00-10:00,3.9,1.75
500109056,10:00-12:00,2.0,2.19
500109056,12:00-14:00,1.2,1.16
500109056,14:00-16:00,1.09,0.81
500109056,16:00-18:00,1.05,1.92
500109056,18:00-20:00,1.16,3.31
500109056,20:00-22:00,1.16,3.28
500109056,22:00-24:00,0.44,0.87
500109057,00:00-02:00,0.53,0.0
500109057,02:00-04:00,0.0,0.0
500109057,04:00-06:00,0.59,0.19
500109057,06:00-08:00,2.66,6.38
500109057,08:00-10:00,5.44,6.13
500109057,10:00-12:00,1.12,0.94
500109057,12:00-14:00,2.31,2.25
500109057,14:00-16:00,2.0,4.56
500109057,16:00-18:00,7.77,2.36
500109057,18:00-20:00,3.5,3.75
500109057,20:00-22:00,0.8,0.19
500109057,22:00-24:00,0.07,0.16
500109058,00:00-02:00,0.89,1.58
500109058,02:00-04:00,0.31,0.0
500109058,04:00-06:00,1.56,0.51
500109058,06:00-08:00,13.27,10.83
500109058,08:00-10:00,11.69,7.96
500109058,10:00-12:00,4.41,4.03
500109058,12:00-14:00,5.33,3.85
500109058,14:00-16:00,3.79,3.08
500109058,16:00-18:00,8.3,10.75
500109058,18:00-20:00,8.82,12.39
500109058,20:00-22:00,6.68,6.97
500109058,22:00-24:00,2.92,3.77
500109059,00:00-02:00,0.03,0.07
500109059,02:00-04:00,0.03,0.06
500109059,04:00-06:00,0.56,0.91
500109059,06:00-08:00,3.56,2.19
500109059,08:00-10:00,1.98,0.63
500109059,10:00-12:00,1.97,2.16
500109059,12:00-14:00,1.28,1.03
500109059,14:00-16:00,1.29,1.66
500109059,16:00-18:00,4.65,2.36
500109059,18:00-20:00,1.78,2.53
500109059,20:00-22:00,0.83,2.25
500109059,22:00-24:00,0.16,0.88
500109060,00:00-02:00,1.18,1.22
500109060,02:00-04:00,0.16,0.25
500109060,04:00-06:00,0.63,0.97
500109060,06:00-08:00,4.34,2.86
500109060,08:00-10:00,3.98,2.69
500109060,10:00-12:00,3.29,4.47
500109060,12:00-14:00,3.94,4.29
500109060,14:00-16:00,2.59,3.24
500109060,16:00-18:00,5.92,5.9
500109060,18:00-20:00,6.64,7.34
500109060,20:00-22:00,4.78,5.03
500109060,22:00-24:00,2.63,2.74
500109061,00:00-02:00,2.5,2.93
500109061,02:00-04:00,2.5,2.56
500109061,04:00-06:00,0.94,0.94
500109061,06:00-08:00,4.84,2.94
500109061,08:00-10:00,2.83,2.63
500109061,10:00-12:00,1.3,1.41
500109061,12:00-14:00,1.85,1.56
500109061,14:00-16:00,1.71,0.94
500109061,16:00-18:00,1.59,2.14
500109061,18:00-20:00,2.47,3.8
500109061,20:00-22:00,1.09,2.06
500109061,22:00-24:00,2.07,1.78
500109062,00:00-02:00,0.07,0.03
500109062,02:00-04:00,0.0,0.03
500109062,04:00-06:00,0.03,0.0
500109062,06:00-08:00,1.38,1.09
500109062,08:00-10:00,1.06,1.56
500109062,10:00-12:00,1.0,0.19
500109062,12:00-14:00,0.66,0.78
500109062,14:00-16:00,0.79,1.19
500109062,16:00-18:00,1.46,0.6
500109062,18:00-20:00,0.41,0.28
500109062,20:00-22:00,0.28,0.5
500109062,22:00-24:00,0.06,0.16
500109063,00:00-02:00,0.56,1.08
500109063,02:00-04:00,0.22,0.12
500109063,04:00-06:00,1.16,1.99
500109063,06:00-08:00,10.1,6.64
500109063,08:00-10:00,9.78,5.31
500109063,10:00-12:00,3.85,2.94
500109063,12:00-14:00,4.71,4.31
500109063,14:00-16:00,2.98,4.19
500109063,16:00-18:00,8.09,10.08
500109063,18:00-20:00,6.29,7.65
500109063,20:00-22:00,4.47,6.98
500109063,22:00-24:00,2.95,2.98
500109064,00:00-02:00,2.89,2.4
500109064,02:00-04:00,0.43,0.69
500109064,04:00-06:00,0.53,0.72
500109064,06:00-08:00,4.89,10.31
500109064,08:00-10:00,15.5,14.44
500109064,10:00-12:00,11.93,11.59
500109064,12:00-14:00,11.29,11.07
500109064,14:00-16:00,10.78,9.62
500109064,16:00-18:00,16.34,13.56
500109064,18:00-20:00,12.25,12.34
500109064,20:00-22:00,9.11,5.22
500109064,22:00-24:00,4.66,5.43
500109065,00:00-02:00,0.23,0.37
500109065,02:00-04:00,0.34,0.13
500109065,04:00-06:00,0.5,0.38
500109065,06:00-08:00,7.5,2.69
500109065,08:00-10:00,4.8,4.47
500109065,10:00-12:00,1.78,1.19
500109065,12:00-14:00,1.98,2.56
500109065,14:00-16:00,1.74,1.84
500109065,16:00-18:00,3.64,4.96
500109065,18:00-20:00,3.95,4.62
500109065,20:00-22:00,2.31,3.49
500109065,22:00-24:00,1.35,1.44
500109066,00:00-02:00,0.59,1.08
500109066,02:00-04:00,0.87,0.41
500109066,04:00-06:00,1.84,1.44
500109066,06:00-08:00,4.47,2.09
500109066,08:00-10:00,4.34,1.84
500109066,10:00-12:00,4.14,3.15
500109066,12:00-14:00,2.72,3.25
500109066,14:00-16:00,3.25,3.59
500109066,16:00-18:00,4.59,5.98
500109066,18:00-20:00,3.12,5.15
500109066,20:00-22:00,2.22,3.09
500109066,22:00-24:00,0.85,2.54
500109067,00:00-02:00,0.13,0.43
500109067,02:00-04:00,0.09,0.13
500109067,04:00-06:00,0.63,0.38
500109067,06:00-08:00,3.16,1.53
500109067,08:00-10:00,2.46,1.94
500109067,10:00-12:00,1.74,1.34
500109067,12:00-14:00,1.24,1.34
500109067,14:00-16:00,0.95,0.84
500109067,16:00-18:00,2.97,2.77
500109067,18:00-20:00,1.37,3.04
500109067,20:00-22:00,2.56,2.8
500109067,22:00-24:00,1.22,0.91
500109068,00:00-02:00,0.66,0.62
500109068,02:00-04:00,0.25,0.34
500109068,04:00-06:00,1.19,0.09
500109068,06:00-08:00,10.35,4.75
500109068,08:00-10:00,7.14,5.44
500109068,10:00-12:00,3.01,3.22
500109068,12:00-14:00,3.99,3.63
500109068,14:00-16:00,3.15,3.59
500109068,16:00-18:00,5.76,10.04
500109068,18:00-20:00,6.97,9.93
500109068,20:00-22:00,4.5,6.24
500109068,22:00-24:00,3.7,2.56
500109070,00:00-02:00,0.43,1.41
500109070,02:00-04:00,0.16,0.87
500109070,04:00-06:00,2.06,0.53
500109070,06:00-08:00,9.05,7.67
500109070,08:00-10:00,9.16,7.31
500109070,10:00-12:00,5.87,5.84
500109070,12:00-14:00,7.14,6.66
500109070,14:00-16:00,6.42,6.12
500109070,16:00-18:00,9.9,10.48
500109070,18:00-20:00,8.28,10.46
500109070,20:00-22:00,6.91,6.16
500109070,22:00-24:00,2.32,3.36
500109071,00:00-02:00,0.39,0.16
500109071,02:00-04:00,0.0,0.31
500109071,04:00-06:00,0.38,0.22
500109071,06:00-08:00,1.78,8.4
500109071,08:00-10:00,8.53,8.5
500109071,10:00-12:00,6.15,2.99
500109071,12:00-14:00,4.58,8.38
500109071,14:00-16:00,4.06,4.07
500109071,16:00-18:00,9.28,6.44
500109071,18:00-20:00,8.45,5.34
500109071,20:00-22:00,3.23,1.34
500109071,22:00-24:00,2.29,1.94
500109072,00:00-02:00,0.07,0.03
500109072,02:00-04:00,0.03,0.03
500109072,04:00-06:00,0.47,0.44
500109072,06:00-08:00,3.03,1.31
500109072,08:00-10:00,1.64,1.72
500109072,10:00-12:00,0.77,1.37
500109072,12:00-14:00,1.31,0.88
500109072,14:00-16:00,1.11,0.97
500109072,16:00-18:00,3.08,1.57
500109072,18:00-20:00,0.89,1.41
500109072,20:00-22:00,0.5,2.0
500109072,22:00-24:00,0.19,1.04
500109073,00:00-02:00,0.46,2.56
500109073,02:00-04:00,0.0,0.0
500109073,04:00-06:00,0.38,0.31
500109073,06:00-08:00,2.41,0.56
500109073,08:00-10:00,1.66,1.41
500109073,10:00-12:00,1.97,0.84
500109073,12:00-14:00,1.77,1.88
500109073,14:00-16:00,2.21,1.9
500109073,16:00-18:00,2.56,1.26
500109073,18:00-20:00,1.49,1.94
500109073,20:00-22:00,1.28,1.16
500109073,22:00-24:00,0.91,2.38
500109074,00:00-02:00,0.2,0.67
500109074,02:00-04:00,0.0,0.09
500109074,04:00-06:00,0.53,0.5
500109074,06:00-08:00,5.18,2.0
500109074,08:00-10:00,3.04,2.72
500109074,10:00-12:00,1.93,1.37
500109074,12:00-14:00,1.2,1.47
500109074,14:00-16:00,1.0,1.31
500109074,16:00-18:00,1.45,2.06
500109074,18:00-20:00,3.53,4.44
500109074,20:00-22:00,2.69,3.54
500109074,22:00-24:00,0.97,1.81
500109075,00:00-02:00,3.23,2.4
500109075,02:00-04:00,0.47,0.66
500109075,04:00-06:00,1.77,6.41
500109075,06:00-08:00,36.75,39.34
500109075,08:00-10:00,40.44,46.27
500109075,10:00-12:00,21.4,25.48
500109075,12:00-14:00,23.36,22.2
500109075,14:00-16:00,19.56,18.69
500109075,16:00-18:00,28.44,34.89
500109075,18:00-20:00,31.1,25.67
500109075,20:00-22:00,24.75,17.47
500109075,22:00-24:00,13.95,7.25
500109076,00:00-02:00,1.02,1.45
500109076,02:00-04:00,0.49,0.31
500109076,04:00-06:00,0.03,1.09
500109076,06:00-08:00,2.51,10.88
500109076,08:00-10:00,5.59,3.91
500109076,10:00-12:00,7.4,4.25
500109076,12:00-14:00,6.96,5.57
500109076,14:00-16:00,5.93,5.09
500109076,16:00-18:00,8.96,4.44
500109076,18:00-20:00,3.45,2.94
500109076,20:00-22:00,3.09,1.81
500109076,22:00-24:00,1.73,1.16
500109077,00:00-02:00,1.25,1.57
500109077,02:00-04:00,0.19,0.31
500109077,04:00-06:00,1.75,2.6
500109077,06:00-08:00,5.5,9.23
500109077,08:00-10:00,7.44,5.43
500109077,10:00-12:00,5.38,5.25
500109077,12:00-14:00,5.63,5.77
500109077,14:00-16:00,5.53,5.52
500109077,16:00-18:00,9.36,9.64
500109077,18:00-20:00,11.05,8.93
500109077,20:00-22:00,6.25,5.88
500109077,22:00-24:00,4.05,3.55
500109078,00:00-02:00,0.78,0.79
500109078,02:00-04:00,0.1,0.19
500109078,04:00-06:00,0.65,0.47
500109078,06:00-08:00,3.19,6.24
500109078,08:00-10:00,4.73,5.07
500109078,10:00-12:00,4.78,5.08
500109078,12:00-14:00,5.17,5.12
500109078,14:00-16:00,3.5,4.59
500109078,16:00-18:00,6.62,6.66
500109078,18:00-20:00,5.7,6.8
500109078,20:00-22:00,5.2,4.09
500109078,22:00-24:00,2.89,1.34
500109079,00:00-02:00,0.59,1.05
500109079,02:00-04:00,0.03,0.22
500109079,04:00-06:00,0.16,0.59
500109079,06:00-08:00,12.26,1.47
500109079,08:00-10:00,5.72,4.59
500109079,10:00-12:00,2.56,3.22
500109079,12:00-14:00,5.02,3.44
500109079,14:00-16:00,2.75,3.66
500109079,16:00-18:00,3.92,9.34
500109079,18:00-20:00,7.25,8.79
500109079,20:00-22:00,3.38,3.98
500109079,22:00-24:00,1.85,3.92
500109080,00:00-02:00,0.26,0.16
500109080,02:00-04:00,0.06,0.03
500109080,04:00-06:00,0.28,0.22
500109080,06:00-08:00,0.38,1.34
500109080,08:00-10:00,1.0,2.62
500109080,10:00-12:00,1.44,0.8
500109080,12:00-14:00,0.88,1.06
500109080,14:00-16:00,0.81,0.89
500109080,16:00-18:00,2.83,0.55
500109080,18:00-20:00,1.85,1.41
500109080,20:00-22:00,0.28,0.56
500109080,22:00-24:00,0.22,0.09
500109081,00:00-02:00,1.14,1.15
500109081,02:00-04:00,0.35,0.37
500109081,04:00-06:00,0.06,1.84
500109081,06:00-08:00,7.34,21.51
500109081,08:00-10:00,11.75,11.95
500109081,10:00-12:00,7.28,7.93
500109081,12:00-14:00,6.1,8.61
500109081,14:00-16:00,7.28,6.35
500109081,16:00-18:00,18.6,13.78
500109081,18:00-20:00,14.76,10.62
500109081,20:00-22:00,10.93,7.91
500109081,22:00-24:00,6.15,2.01
500109082,00:00-02:00,0.16,0.0
500109082,02:00-04:00,0.0,0.28
500109082,04:00-06:00,0.22,0.13
500109082,06:00-08:00,0.66,2.56
500109082,08:00-10:00,7.34,7.96
500109082,10:00-12:00,2.28,1.11
500109082,12:00-14:00,2.73,3.41
500109082,14:00-16:00,1.37,2.16
500109082,16:00-18:00,4.99,1.2
500109082,18:00-20:00,3.12,3.62
500109082,20:00-22:00,0.75,0.47
500109082,22:00-24:00,0.03,0.16
500109084,00:00-02:00,0.0,0.1
500109084,02:00-04:00,0.0,0.0
500109084,04:00-06:00,0.13,0.34
500109084,06:00-08:00,1.66,1.06
500109084,08:00-10:00,1.12,1.34
500109084,10:00-12:00,0.97,0.66
500109084,12:00-14:00,0.97,1.16
500109084,14:00-16:00,0.95,0.56
500109084,16:00-18:00,1.99,2.01
500109084,18:00-20:00,1.34,1.31
500109084,20:00-22:00,0.78,1.09
500109084,22:00-24:00,0.03,0.44
500109085,00:00-02:00,0.56,0.77
500109085,02:00-04:00,0.22,0.22
500109085,04:00-06:00,0.59,0.69
500109085,06:00-08:00,10.44,5.94
500109085,08:00-10:00,6.68,6.75
500109085,10:00-12:00,3.62,2.65
500109085,12:00-14:00,2.92,2.6
500109085,14:00-16:00,2.28,3.25
500109085,16:00-18:00,5.97,6.92
500109085,18:00-20:00,5.32,7.98
500109085,20:00-22:00,5.59,6.58
500109085,22:00-24:00,1.73,2.11
500109086,00:00-02:00,0.69,1.13
500109086,02:00-04:00,0.28,0.06
500109086,04:00-06:00,0.5,0.22
500109086,06:00-08:00,10.44,4.09
500109086,08:00-10:00,7.28,6.44
500109086,10:00-12:00,4.16,3.59
500109086,12:00-14:00,4.93,3.78
500109086,14:00-16:00,3.5,4.47
500109086,16:00-18:00,7.11,6.14
500109086,18:00-20:00,6.06,10.22
500109086,20:00-22:00,6.31,6.6
500109086,22:00-24:00,2.32,4.15
500109087,00:00-02:00,0.03,0.16
500109087,02:00-04:00,0.0,0.16
500109087,04:00-06:00,0.06,0.16
500109087,06:00-08:00,0.97,2.39
500109087,08:00-10:00,3.34,4.6
500109087,10:00-12:00,2.44,1.27
500109087,12:00-14:00,2.63,3.1
500109087,14:00-16:00,2.31,2.08
500109087,16:00-18:00,4.4,3.05
500109087,18:00-20:00,2.94,3.81
500109087,20:00-22:00,2.25,0.88
500109087,22:00-24:00,1.04,1.13
500109088,00:00-02:00,0.33,0.39
500109088,02:00-04:00,0.19,0.37
500109088,04:00-06:00,0.81,0.44
500109088,06:00-08:00,5.42,3.5
500109088,08:00-10:00,2.84,4.03
500109088,10:00-12:00,3.23,3.81
500109088,12:00-14:00,3.5,3.63
500109088,14:00-16:00,2.44,3.61
500109088,16:00-18:00,6.14,7.6
500109088,18:00-20:00,4.4,4.32
500109088,20:00-22:00,3.78,2.37
500109088,22:00-24:00,1.51,1.29
500109089,00:00-02:00,1.25,0.8
500109089,02:00-04:00,0.22,0.23
500109089,04:00-06:00,1.16,0.59
500109089,06:00-08:00,4.53,6.21
500109089,08:00-10:00,6.23,4.89
500109089,10:00-12:00,4.86,3.46
500109089,12:00-14:00,4.56,5.16
500109089,14:00-16:00,3.43,3.98
500109089,16:00-18:00,9.98,6.9
500109089,18:00-20:00,5.27,6.33
500109089,20:00-22:00,4.01,4.38
500109089,22:00-24:00,1.73,2.88
500109091,00:00-02:00,0.62,1.48
500109091,02:00-04:00,0.09,0.0
500109091,04:00-06:00,1.13,0.03
500109091,06:00-08:00,9.18,4.31
500109091,08:00-10:00,6.16,4.09
500109091,10:00-12:00,3.44,3.69
500109091,12:00-14:00,3.07,2.47
500109091,14:00-16:00,2.69,2.16
500109091,16:00-18:00,5.22,8.27
500109091,18:00-20:00,4.44,6.49
500109091,20:00-22:00,5.56,4.64
500109091,22:00-24:00,1.75,2.97
500109092,00:00-02:00,1.01,0.62
500109092,02:00-04:00,0.09,0.03
500109092,04:00-06:00,0.31,0.03
500109092,06:00-08:00,3.71,4.41
500109092,08:00-10:00,10.91,14.74
500109092,10:00-12:00,5.8,7.79
500109092,12:00-14:00,5.18,7.02
500109092,14:00-16:00,5.49,4.59
500109092,16:00-18:00,12.43,9.79
500109092,18:00-20:00,9.93,7.41
500109092,20:00-22:00,4.41,3.28
500109092,22:00-24:00,2.24,1.85
500109093,00:00-02:00,0.49,0.73
500109093,02:00-04:00,0.31,0.19
500109093,04:00-06:00,0.34,0.38
500109093,06:00-08:00,6.73,1.56
500109093,08:00-10:00,4.69,4.31
500109093,10:00-12:00,2.61,2.75
500109093,12:00-14:00,3.13,2.44
500109093,14:00-16:00,2.53,3.06
500109093,16:00-18:00,4.56,7.83
500109093,18:00-20:00,8.62,7.35
500109093,20:00-22:00,2.06,5.28
500109093,22:00-24:00,2.42,2.16
500109094,00:00-02:00,0.07,0.1
500109094,02:00-04:00,0.16,0.09
500109094,04:00-06:00,0.22,0.03
500109094,06:00-08:00,0.38,2.34
500109094,08:00-10:00,3.19,5.78
500109094,10:00-12:00,2.03,1.82
500109094,12:00-14:00,2.62,2.66
500109094,14:00-16:00,1.87,1.94
500109094,16:00-18:00,4.3,3.06
500109094,18:00-20:00,4.16,2.16
500109094,20:00-22:00,1.31,0.66
500109094,22:00-24:00,0.86,0.41
500109096,00:00-02:00,0.1,0.26
500109096,02:00-04:00,0.0,0.0
500109096,04:00-06:00,0.34,0.47
500109096,06:00-08:00,0.44,1.88
500109096,08:00-10:00,3.16,5.56
500109096,10:00-12:00,2.81,1.14
500109096,12:00-14:00,2.64,2.95
500109096,14:00-16:00,0.81,1.25
500109096,16:00-18:00,2.42,1.34
500109096,18:00-20:00,3.83,2.31
500109096,20:00-22:00,0.98,0.59
500109096,22:00-24:00,0.28,0.09
500109097,00:00-02:00,0.46,0.59
500109097,02:00-04:00,0.03,0.25
500109097,04:00-06:00,0.16,0.22
500109097,06:00-08:00,1.31,0.69
500109097,08:00-10:00,1.81,1.71
500109097,10:00-12:00,1.28,1.03
500109097,12:00-14:00,1.31,1.75
500109097,14:00-16:00,1.78,1.46
500109097,16:00-18:00,2.67,3.32
500109097,18:00-20:00,2.72,1.9
500109097,20:00-22:00,1.41,1.94
500109097,22:00-24:00,0.88,0.88
500109098,00:00-02:00,0.07,0.1
500109098,02:00-04:00,0.0,0.19
500109098,04:00-06:00,0.69,0.13
500109098,06:00-08:00,3.34,1.88
500109098,08:00-10:00,2.33,2.38
500109098,10:00-12:00,1.03,1.32
500109098,12:00-14:00,1.56,1.48
500109098,14:00-16:00,1.84,1.44
500109098,16:00-18:00,1.64,3.8
500109098,18:00-20:00,3.82,2.67
500109098,20:00-22:00,1.25,2.27
500109098,22:00-24:00,1.04,0.85
500109099,00:00-02:00,1.33,1.38
500109099,02:00-04:00,0.25,0.25
500109099,04:00-06:00,0.22,1.53
500109099,06:00-08:00,10.87,11.06
500109099,08:00-10:00,13.36,12.35
500109099,10:00-12:00,11.48,10.59
500109099,12:00-14:00,9.43,10.57
500109099,14:00-16:00,9.21,9.35
500109099,16:00-18:00,15.86,17.78
500109099,18:00-20:00,13.37,12.15
500109099,20:00-22:00,12.59,10.49
500109099,22:00-24:00,6.86,4.58
500109100,00:00-02:00,0.07,0.23
500109100,02:00-04:00,0.03,0.03
500109100,04:00-06:00,0.0,0.06
500109100,06:00-08:00,0.47,2.38
500109100,08:00-10:00,2.81,4.01
500109100,10:00-12:00,2.84,1.82
500109100,12:00-14:00,3.22,2.52
500109100,14:00-16:00,2.88,3.31
500109100,16:00-18:00,4.2,3.55
500109100,18:00-20:00,4.55,3.75
500109100,20:00-22:00,2.99,1.56
500109100,22:00-24:00,0.14,0.53
500109101,00:00-02:00,1.05,0.89
500109101,02:00-04:00,0.41,2.37
500109101,04:00-06:00,0.44,1.03
500109101,06:00-08:00,3.94,4.09
500109101,08:00-10:00,10.55,4.97
500109101,10:00-12:00,8.91,11.12
500109101,12:00-14:00,7.45,7.85
500109101,14:00-16:00,9.74,10.53
500109101,16:00-18:00,13.65,13.69
500109101,18:00-20:00,12.23,11.71
500109101,20:00-22:00,9.81,7.81
500109101,22:00-24:00,2.9,2.01
500109102,00:00-02:00,0.07,0.03
500109102,02:00-04:00,0.03,0.0
500109102,04:00-06:00,0.0,0.0
500109102,06:00-08:00,0.09,0.0
500109102,08:00-10:00,0.03,0.09
500109102,10:00-12:00,0.09,0.03
500109102,12:00-14:00,0.0,0.0
500109102,14:00-16:00,0.06,0.0
500109102,16:00-18:00,0.13,0.06
500109102,18:00-20:00,0.16,0.03
500109102,20:00-22:00,0.09,0.0
500109102,22:00-24:00,0.06,0.03
500109103,00:00-02:00,0.03,0.13
500109103,02:00-04:00,0.03,0.06
500109103,04:00-06:00,0.09,0.59
500109103,06:00-08:00,0.53,0.84
500109103,08:00-10:00,0.44,2.19
500109103,10:00-12:00,1.03,1.69
500109103,12:00-14:00,1.06,1.55
500109103,14:00-16:00,2.25,1.7
500109103,16:00-18:00,3.24,1.04
500109103,18:00-20:00,1.5,1.69
500109103,20:00-22:00,2.14,0.88
500109103,22:00-24:00,0.56,0.44
500109104,00:00-02:00,0.99,1.07
500109104,02:00-04:00,0.03,0.37
500109104,04:00-06:00,0.63,0.26
500109104,06:00-08:00,4.94,1.43
500109104,08:00-10:00,3.55,3.46
500109104,10:00-12:00,3.79,2.69
500109104,12:00-14:00,3.78,3.13
500109104,14:00-16:00,3.27,2.62
500109104,16:00-18:00,3.99,5.1
500109104,18:00-20:00,4.03,4.3
500109104,20:00-22:00,1.97,3.84
500109104,22:00-24:00,1.47,3.0
500109105,00:00-02:00,0.5,0.76
500109105,02:00-04:00,0.53,0.25
500109105,04:00-06:00,0.22,0.06
500109105,06:00-08:00,5.07,2.43
500109105,08:00-10:00,4.73,4.36
500109105,10:00-12:00,2.05,2.81
500109105,12:00-14:00,2.72,2.53
500109105,14:00-16:00,1.84,1.41
500109105,16:00-18:00,3.75,3.46
500109105,18:00-20:00,4.72,5.64
500109105,20:00-22:00,3.6,4.51
500109105,22:00-24:00,1.23,1.25
500109106,00:00-02:00,0.07,0.43
500109106,02:00-04:00,0.09,0.06
500109106,04:00-06:00,0.19,0.0
500109106,06:00-08:00,1.74,0.25
500109106,08:00-10:00,0.89,1.84
500109106,10:00-12:00,0.53,0.47
500109106,12:00-14:00,0.66,1.31
500109106,14:00-16:00,0.72,0.16
500109106,16:00-18:00,0.63,0.47
500109106,18:00-20:00,0.5,0.41
500109106,20:00-22:00,0.63,0.41
500109106,22:00-24:00,0.68,0.72
500109107,00:00-02:00,0.0,0.2
500109107,02:00-04:00,0.0,0.16
500109107,04:00-06:00,0.63,0.06
500109107,06:00-08:00,3.2,0.56
500109107,08:00-10:00,2.61,2.34
500109107,10:00-12:00,1.12,1.75
500109107,12:00-14:00,1.35,1.03
500109107,14:00-16:00,1.54,2.16
500109107,16:00-18:00,2.75,3.02
500109107,18:00-20:00,1.07,1.62
500109107,20:00-22:00,1.53,1.72
500109107,22:00-24:00,0.22,1.32
500109108,00:00-02:00,0.33,0.08
500109108,02:00-04:00,0.0,0.0
500109108,04:00-06:00,0.23,0.0
500109108,06:00-08:00,1.2,0.27
500109108,08:00-10:00,1.38,1.01
500109108,10:00-12:00,0.79,0.67
500109108,12:00-14:00,0.79,0.83
500109108,14:00-16:00,1.21,0.87
500109108,16:00-18:00,1.46,2.33
500109108,18:00-20:00,0.96,1.42
500109108,20:00-22:00,0.58,0.79
500109108,22:00-24:00,0.5,0.42
500109109,00:00-02:00,0.07,0.16
500109109,02:00-04:00,0.0,0.0
500109109,04:00-06:00,0.66,0.0
500109109,06:00-08:00,1.86,4.48
500109109,08:00-10:00,3.38,0.82
500109109,10:00-12:00,1.54,0.28
500109109,12:00-14:00,1.09,0.81
500109109,14:00-16:00,0.7,1.34
500109109,16:00-18:00,1.18,1.01
500109109,18:00-20:00,1.17,1.94
500109109,20:00-22:00,0.84,1.68
500109109,22:00-24:00,0.6,0.82
500109110,00:00-02:00,0.07,0.23
500109110,02:00-04:00,0.03,0.03
500109110,04:00-06:00,0.03,0.91
500109110,06:00-08:00,1.13,1.77
500109110,08:00-10:00,1.63,1.38
500109110,10:00-12:00,1.44,1.41
500109110,12:00-14:00,1.38,1.36
500109110,14:00-16:00,2.0,1.36
500109110,16:00-18:00,1.92,2.2
500109110,18:00-20:00,3.0,3.12
500109110,20:00-22:00,1.78,1.17
500109110,22:00-24:00,1.13,0.76
500109111,00:00-02:00,0.07,0.07
500109111,02:00-04:00,0.78,0.06
500109111,04:00-06:00,0.47,0.09
500109111,06:00-08:00,0.81,3.26
500109111,08:00-10:00,1.13,1.25
500109111,10:00-12:00,0.72,0.84
500109111,12:00-14:00,1.09,1.06
500109111,14:00-16:00,1.97,2.56
500109111,16:00-18:00,5.48,3.15
500109111,18:00-20:00,1.56,1.81
500109111,20:00-22:00,0.72,0.5
500109111,22:00-24:00,0.36,0.66
500109112,00:00-02:00,0.07,0.16
500109112,02:00-04:00,0.03,0.03
500109112,04:00-06:00,0.13,0.13
500109112,06:00-08:00,4.09,1.47
500109112,08:00-10:00,5.42,3.0
500109112,10:00-12:00,3.46,2.31
500109112,12:00-14:00,3.03,2.69
500109112,14:00-16:00,2.18,2.12
500109112,16:00-18:00,3.03,3.71
500109112,18:00-20:00,2.5,4.81
500109112,20:00-22:00,2.03,1.94
500109112,22:00-24:00,0.38,1.6
500109113,00:00-02:00,0.26,0.49
500109113,02:00-04:00,0.0,0.16
500109113,04:00-06:00,0.72,0.06
500109113,06:00-08:00,5.43,6.12
500109113,08:00-10:00,6.23,2.47
500109113,10:00-12:00,3.73,2.97
500109113,12:00-14:00,3.32,2.38
500109113,14:00-16:00,2.58,2.37
500109113,16:00-18:00,5.38,4.72
500109113,18:00-20:00,2.82,5.03
500109113,20:00-22:00,3.09,4.69
500109113,22:00-24:00,1.44,1.94
500109114,00:00-02:00,2.56,3.06
500109114,02:00-04:00,2.62,2.56
500109114,04:00-06:00,1.16,1.16
500109114,06:00-08:00,6.33,3.19
500109114,08:00-10:00,3.3,2.22
500109114,10:00-12:00,2.08,2.4
500109114,12:00-14:00,2.53,2.47
500109114,14:00-16:00,2.26,2.22
500109114,16:00-18:00,2.94,3.21
500109114,18:00-20:00,3.08,4.0
500109114,20:00-22:00,1.66,3.22
500109114,22:00-24:00,1.51,1.58
500109115,00:00-02:00,0.1,0.99
500109115,02:00-04:00,0.03,0.12
500109115,04:00-06:00,0.34,0.25
500109115,06:00-08:00,5.18,3.63
500109115,08:00-10:00,3.96,3.75
500109115,10:00-12:00,2.03,1.53
500109115,12:00-14:00,1.46,1.19
500109115,14:00-16:00,1.68,1.75
500109115,16:00-18:00,1.78,1.26
500109115,18:00-20:00,1.2,1.37
500109115,20:00-22:00,1.23,1.19
500109115,22:00-24:00,0.32,1.22
500109116,00:00-02:00,0.36,1.25
500109116,02:00-04:00,0.06,0.12
500109116,04:00-06:00,0.53,0.28
500109116,06:00-08:00,1.44,1.22
500109116,08:00-10:00,3.03,2.41
500109116,10:00-12:00,2.56,2.94
500109116,12:00-14:00,2.56,3.1
500109116,14:00-16:00,2.82,3.06
500109116,16:00-18:00,4.8,4.03
500109116,18:00-20:00,3.55,3.31
500109116,20:00-22:00,2.58,1.63
500109116,22:00-24:00,1.16,1.98
500109117,00:00-02:00,1.29,1.09
500109117,02:00-04:00,0.25,0.12
500109117,04:00-06:00,0.56,0.69
500109117,06:00-08:00,7.81,2.85
500109117,08:00-10:00,4.22,3.22
500109117,10:00-12:00,3.71,3.78
500109117,12:00-14:00,5.0,4.38
500109117,14:00-16:00,3.18,3.84
500109117,16:00-18:00,6.5,7.17
500109117,18:00-20:00,6.07,8.12
500109117,20:00-22:00,5.44,5.98
500109117,22:00-24:00,2.89,3.4
500109118,00:00-02:00,0.16,0.23
500109118,02:00-04:00,0.03,0.06
500109118,04:00-06:00,0.72,0.56
500109118,06:00-08:00,6.47,1.22
500109118,08:00-10:00,3.63,4.91
500109118,10:00-12:00,1.25,1.34
500109118,12:00-14:00,1.75,1.03
500109118,14:00-16:00,1.16,1.16
500109118,16:00-18:00,2.55,3.34
500109118,18:00-20:00,1.97,4.15
500109118,20:00-22:00,1.34,2.29
500109118,22:00-24:00,0.63,1.16
500109119,00:00-02:00,0.43,2.56
500109119,02:00-04:00,0.22,1.22
500109119,04:00-06:00,0.34,0.53
500109119,06:00-08:00,2.88,2.48
500109119,08:00-10:00,3.53,1.76
500109119,10:00-12:00,2.47,1.16
500109119,12:00-14:00,1.96,0.94
500109119,14:00-16:00,1.86,1.47
500109119,16:00-18:00,4.41,2.61
500109119,18:00-20:00,2.01,2.94
500109119,20:00-22:00,1.66,1.63
500109119,22:00-24:00,1.07,3.23
500109120,00:00-02:00,0.62,0.07
500109120,02:00-04:00,1.34,0.06
500109120,04:00-06:00,0.44,0.03
500109120,06:00-08:00,0.81,0.34
500109120,08:00-10:00,0.81,1.25
500109120,10:00-12:00,1.37,0.94
500109120,12:00-14:00,1.59,4.56
500109120,14:00-16:00,1.66,2.28
500109120,16:00-18:00,1.76,1.32
500109120,18:00-20:00,1.81,1.44
500109120,20:00-22:00,1.75,1.16
500109120,22:00-24:00,0.31,0.28
500109121,00:00-02:00,0.04,0.62
500109121,02:00-04:00,0.03,0.03
500109121,04:00-06:00,0.69,0.25
500109121,06:00-08:00,1.5,1.41
500109121,08:00-10:00,2.8,2.16
500109121,10:00-12:00,1.25,0.91
500109121,12:00-14:00,1.68,3.5
500109121,14:00-16:00,1.5,2.7
500109121,16:00-18:00,10.68,1.45
500109121,18:00-20:00,0.79,5.37
500109121,20:00-22:00,1.46,0.19
500109121,22:00-24:00,0.07,0.16
500109122,00:00-02:00,0.33,0.1
500109122,02:00-04:00,0.31,0.22
500109122,04:00-06:00,0.47,0.5
500109122,06:00-08:00,1.53,2.0
500109122,08:00-10:00,1.97,2.18
500109122,10:00-12:00,1.91,1.41
500109122,12:00-14:00,1.81,2.17
500109122,14:00-16:00,2.31,2.09
500109122,16:00-18:00,2.71,3.42
500109122,18:00-20:00,2.22,3.46
500109122,20:00-22:00,2.44,2.28
500109122,22:00-24:00,2.89,1.37
500109123,00:00-02:00,0.23,0.23
500109123,02:00-04:00,0.06,0.12
500109123,04:00-06:00,0.31,0.44
500109123,06:00-08:00,5.41,1.56
500109123,08:00-10:00,3.0,2.81
500109123,10:00-12:00,2.5,2.28
500109123,12:00-14:00,2.67,2.66
500109123,14:00-16:00,2.22,1.87
500109123,16:00-18:00,3.18,5.57
500109123,18:00-20:00,3.96,5.01
500109123,20:00-22:00,3.14,3.32
500109123,22:00-24:00,1.16,0.69
500109124,00:00-02:00,0.0,0.0
500109124,02:00-04:00,0.53,0.37
500109124,04:00-06:00,0.91,0.91
500109124,06:00-08:00,1.31,3.31
500109124,08:00-10:00,0.91,1.28
500109124,10:00-12:00,3.15,2.4
500109124,12:00-14:00,1.53,1.81
500109124,14:00-16:00,1.69,1.78
500109124,16:00-18:00,3.88,1.35
500109124,18:00-20:00,2.17,1.56
500109124,20:00-22:00,1.02,1.28
500109124,22:00-24:00,0.22,0.25
500109125,00:00-02:00,0.16,0.1
500109125,02:00-04:00,0.0,0.0
500109125,04:00-06:00,0.47,0.0
500109125,06:00-08:00,4.66,1.31
500109125,08:00-10:00,2.22,1.94
500109125,10:00-12:00,1.33,0.78
500109125,12:00-14:00,1.2,0.78
500109125,14:00-16:00,0.82,1.25
500109125,16:00-18:00,1.64,2.96
500109125,18:00-20:00,1.62,3.98
500109125,20:00-22:00,1.34,2.26
500109125,22:00-24:00,0.91,1.39
500109126,00:00-02:00,0.2,0.1
500109126,02:00-04:00,0.0,0.25
500109126,04:00-06:00,0.0,0.5
500109126,06:00-08:00,0.66,0.38
500109126,08:00-10:00,1.13,1.13
500109126,10:00-12:00,0.66,0.47
500109126,12:00-14:00,0.69,0.72
500109126,14:00-16:00,0.84,1.06
500109126,16:00-18:00,1.43,1.32
500109126,18:00-20:00,0.8,0.5
500109126,20:00-22:00,0.22,0.19
500109126,22:00-24:00,0.19,0.16
500109127,00:00-02:00,0.0,0.3
500109127,02:00-04:00,0.0,0.0
500109127,04:00-06:00,0.0,0.28
500109127,06:00-08:00,0.31,0.88
500109127,08:00-10:00,0.69,1.58
500109127,10:00-12:00,0.84,0.22
500109127,12:00-14:00,1.16,1.31
500109127,14:00-16:00,1.66,1.28
500109127,16:00-18:00,1.32,0.72
500109127,18:00-20:00,1.75,0.59
500109127,20:00-22:00,0.19,0.44
500109127,22:00-24:00,0.06,0.16
500109128,00:00-02:00,0.3,0.03
500109128,02:00-04:00,0.44,0.03
500109128,04:00-06:00,0.09,0.0
500109128,06:00-08:00,0.72,0.13
500109128,08:00-10:00,0.34,0.53
500109128,10:00-12:00,0.78,0.44
500109128,12:00-14:00,0.31,0.53
500109128,14:00-16:00,0.91,0.47
500109128,16:00-18:00,1.32,2.3
500109128,18:00-20:00,0.31,1.59
500109128,20:00-22:00,1.47,1.22
500109128,22:00-24:00,0.35,0.41
500109129,00:00-02:00,0.69,0.79
500109129,02:00-04:00,0.47,0.06
500109129,04:00-06:00,0.59,0.09
500109129,06:00-08:00,8.65,1.47
500109129,08:00-10:00,4.52,2.0
500109129,10:00-12:00,3.19,2.62
500109129,12:00-14:00,4.54,3.13
500109129,14:00-16:00,3.56,3.44
500109129,16:00-18:00,4.92,10.07
500109129,18:00-20:00,5.24,7.75
500109129,20:00-22:00,4.55,6.08
500109129,22:00-24:00,1.76,2.96
500109130,00:00-02:00,1.31,1.25
500109130,02:00-04:00,3.75,3.69
500109130,04:00-06:00,2.91,3.1
500109130,06:00-08:00,3.44,2.25
500109130,08:00-10:00,2.59,1.28
500109130,10:00-12:00,1.98,1.97
500109130,12:00-14:00,2.46,1.25
500109130,14:00-16:00,1.49,2.31
500109130,16:00-18:00,2.4,3.93
500109130,18:00-20:00,2.13,3.61
500109130,20:00-22:00,2.16,1.76
500109130,22:00-24:00,0.72,0.5
500110002,00:00-02:00,2.42,1.91
500110002,02:00-04:00,0.21,0.44
500110002,04:00-06:00,1.28,3.91
500110002,06:00-08:00,20.67,16.36
500110002,08:00-10:00,22.11,22.71
500110002,10:00-12:00,12.91,12.06
500110002,12:00-14:00,13.46,12.82
500110002,14:00-16:00,13.58,14.44
500110002,16:00-18:00,22.04,27.6
500110002,18:00-20:00,23.61,26.67
500110002,20:00-22:00,18.04,13.02
500110002,22:00-24:00,11.1,8.5
500110003,00:00-02:00,3.06,2.37
500110003,02:00-04:00,0.44,1.12
500110003,04:00-06:00,0.31,1.5
500110003,06:00-08:00,4.28,2.28
500110003,08:00-10:00,8.5,3.56
500110003,10:00-12:00,4.34,4.22
500110003,12:00-14:00,4.06,4.41
500110003,14:00-16:00,3.3,3.95
500110003,16:00-18:00,5.77,6.81
500110003,18:00-20:00,7.62,10.39
500110003,20:00-22:00,7.41,8.32
500110003,22:00-24:00,5.74,3.89
500110004,00:00-02:00,0.59,1.3
500110004,02:00-04:00,0.22,0.73
500110004,04:00-06:00,0.94,0.25
500110004,06:00-08:00,5.89,3.85
500110004,08:00-10:00,8.0,6.06
500110004,10:00-12:00,6.79,5.81
500110004,12:00-14:00,5.86,3.81
500110004,14:00-16:00,4.03,3.62
500110004,16:00-18:00,6.37,4.88
500110004,18:00-20:00,4.36,6.75
500110004,20:00-22:00,4.57,5.94
500110004,22:00-24:00,2.15,4.07
500110005,00:00-02:00,1.58,1.87
500110005,02:00-04:00,0.87,0.44
500110005,04:00-06:00,1.59,1.19
500110005,06:00-08:00,5.69,15.19
500110005,08:00-10:00,14.13,27.47
500110005,10:00-12:00,13.96,9.85
500110005,12:00-14:00,14.44,12.76
500110005,14:00-16:00,11.87,9.56
500110005,16:00-18:00,29.39,11.08
500110005,18:00-20:00,12.75,16.58
500110005,20:00-22:00,13.75,9.28
500110005,22:00-24:00,3.57,6.15
500110006,00:00-02:00,2.27,1.77
500110006,02:00-04:00,0.63,0.37
500110006,04:00-06:00,0.84,1.5
500110006,06:00-08:00,11.11,15.0
500110006,08:00-10:00,25.16,18.66
500110006,10:00-12:00,13.54,14.12
500110006,12:00-14:00,17.84,17.33
500110006,14:00-16:00,15.09,13.03
500110006,16:00-18:00,19.69,20.21
500110006,18:00-20:00,20.93,17.62
500110006,20:00-22:00,14.85,13.21
500110006,22:00-24:00,8.44,6.3
500110007,00:00-02:00,2.21,1.91
500110007,02:00-04:00,0.43,0.72
500110007,04:00-06:00,0.56,3.13
500110007,06:00-08:00,19.19,26.7
500110007,08:00-10:00,33.67,27.22
500110007,10:00-12:00,20.11,19.94
500110007,12:00-14:00,25.42,24.68
500110007,14:00-16:00,22.88,18.78
500110007,16:00-18:00,31.28,28.44
500110007,18:00-20:00,28.49,25.99
500110007,20:00-22:00,23.13,20.91
500110007,22:00-24:00,14.21,11.54
500110008,00:00-02:00,3.78,2.23
500110008,02:00-04:00,1.59,1.47
500110008,04:00-06:00,1.75,1.06
500110008,06:00-08:00,8.51,10.22
500110008,08:00-10:00,16.91,22.11
500110008,10:00-12:00,15.96,12.41
500110008,12:00-14:00,14.33,15.52
500110008,14:00-16:00,14.01,12.68
500110008,16:00-18:00,19.0,15.06
500110008,18:00-20:00,15.14,16.99
500110008,20:00-22:00,12.49,11.72
500110008,22:00-24:00,7.06,7.72
500110009,00:00-02:00,1.05,1.41
500110009,02:00-04:00,0.21,0.34
500110009,04:00-06:00,0.35,0.47
500110009,06:00-08:00,13.83,13.55
500110009,08:00-10:00,16.29,15.21
500110009,10:00-12:00,8.74,8.32
500110009,12:00-14:00,10.08,7.43
500110009,14:00-16:00,9.09,6.25
500110009,16:00-18:00,14.22,12.49
500110009,18:00-20:00,16.2,11.9
500110009,20:00-22:00,12.68,8.47
500110009,22:00-24:00,6.4,4.77
500110010,00:00-02:00,0.84,0.43
500110010,02:00-04:00,0.03,0.12
500110010,04:00-06:00,0.75,0.22
500110010,06:00-08:00,3.17,7.24
500110010,08:00-10:00,9.16,5.61
500110010,10:00-12:00,5.37,4.0
500110010,12:00-14:00,5.65,3.05
500110010,14:00-16:00,3.05,2.65
500110010,16:00-18:00,10.13,5.19
500110010,18:00-20:00,4.09,5.4
500110010,20:00-22:00,3.66,4.54
500110010,22:00-24:00,2.78,3.2
500110011,00:00-02:00,0.39,1.08
500110011,02:00-04:00,0.09,0.37
500110011,04:00-06:00,1.0,0.91
500110011,06:00-08:00,3.48,2.56
500110011,08:00-10:00,7.56,8.84
500110011,10:00-12:00,6.18,5.5
500110011,12:00-14:00,6.26,6.13
500110011,14:00-16:00,3.51,3.72
500110011,16:00-18:00,6.8,5.92
500110011,18:00-20:00,7.76,6.28
500110011,20:00-22:00,3.81,5.25
500110011,22:00-24:00,2.57,3.01
500110012,00:00-02:00,0.72,1.16
500110012,02:00-04:00,0.16,0.22
500110012,04:00-06:00,0.97,0.25
500110012,06:00-08:00,5.03,3.79
500110012,08:00-10:00,5.59,3.13
500110012,10:00-12:00,3.73,4.19
500110012,12:00-14:00,3.38,3.19
500110012,14:00-16:00,3.01,2.97
500110012,16:00-18:00,5.61,5.35
500110012,18:00-20:00,3.92,6.87
500110012,20:00-22:00,2.53,3.91
500110012,22:00-24:00,2.16,3.06
500110013,00:00-02:00,0.85,1.41
500110013,02:00-04:00,0.28,0.41
500110013,04:00-06:00,1.66,1.28
500110013,06:00-08:00,13.41,9.81
500110013,08:00-10:00,14.38,25.24
500110013,10:00-12:00,15.99,14.49
500110013,12:00-14:00,16.41,14.89
500110013,14:00-16:00,14.28,13.9
500110013,16:00-18:00,19.04,16.55
500110013,18:00-20:00,19.56,15.59
500110013,20:00-22:00,11.6,13.72
500110013,22:00-24:00,5.27,7.31
500110014,00:00-02:00,1.18,0.99
500110014,02:00-04:00,1.47,0.37
500110014,04:00-06:00,1.49,0.47
500110014,06:00-08:00,4.47,11.75
500110014,08:00-10:00,12.06,25.67
500110014,10:00-12:00,16.93,12.0
500110014,12:00-14:00,10.66,10.51
500110014,14:00-16:00,8.47,9.19
500110014,16:00-18:00,17.46,12.3
500110014,18:00-20:00,23.06,13.77
500110014,20:00-22:00,7.96,5.31
500110014,22:00-24:00,4.41,2.95
500110015,00:00-02:00,0.89,1.05
500110015,02:00-04:00,0.27,0.5
500110015,04:00-06:00,0.54,0.69
500110015,06:00-08:00,3.46,3.75
500110015,08:00-10:00,9.37,15.0
500110015,10:00-12:00,7.96,6.12
500110015,12:00-14:00,8.88,10.55
500110015,14:00-16:00,5.94,5.77
500110015,16:00-18:00,10.38,7.05
500110015,18:00-20:00,8.47,5.65
500110015,20:00-22:00,5.57,3.34
500110015,22:00-24:00,2.66,3.14
500110016,00:00-02:00,0.43,0.62
500110016,02:00-04:00,0.09,0.16
500110016,04:00-06:00,0.94,0.38
500110016,06:00-08:00,5.0,4.04
500110016,08:00-10:00,5.38,4.42
500110016,10:00-12:00,3.94,3.0
500110016,12:00-14:00,4.17,3.75
500110016,14:00-16:00,3.89,4.41
500110016,16:00-18:00,5.97,6.47
500110016,18:00-20:00,5.62,6.51
500110016,20:00-22:00,3.66,5.58
500110016,22:00-24:00,2.57,2.14
500110017,00:00-02:00,1.28,1.41
500110017,02:00-04:00,0.25,0.28
500110017,04:00-06:00,2.13,0.94
500110017,06:00-08:00,7.6,7.0
500110017,08:00-10:00,12.54,14.22
500110017,10:00-12:00,14.17,9.96
500110017,12:00-14:00,10.64,13.01
500110017,14:00-16:00,12.88,11.37
500110017,16:00-18:00,14.9,16.17
500110017,18:00-20:00,12.49,16.43
500110017,20:00-22:00,16.23,8.81
500110017,22:00-24:00,4.49,6.18
500110018,00:00-02:00,1.21,0.99
500110018,02:00-04:00,0.27,3.44
500110018,04:00-06:00,0.41,1.5
500110018,06:00-08:00,11.37,5.81
500110018,08:00-10:00,14.09,11.47
500110018,10:00-12:00,8.46,6.53
500110018,12:00-14:00,9.51,10.88
500110018,14:00-16:00,8.75,8.82
500110018,16:00-18:00,9.94,11.27
500110018,18:00-20:00,12.77,12.67
500110018,20:00-22:00,10.03,4.49
500110018,22:00-24:00,3.29,2.1
500110019,00:00-02:00,1.84,1.81
500110019,02:00-04:00,0.87,1.28
500110019,04:00-06:00,1.75,3.16
500110019,06:00-08:00,14.22,10.19
500110019,08:00-10:00,20.4,20.7
500110019,10:00-12:00,15.47,15.02
500110019,12:00-14:00,20.04,20.35
500110019,14:00-16:00,13.53,15.5
500110019,16:00-18:00,18.48,20.31
500110019,18:00-20:00,20.3,26.64
500110019,20:00-22:00,18.71,13.39
500110019,22:00-24:00,8.67,6.57
500110020,00:00-02:00,1.41,1.27
500110020,02:00-04:00,0.06,0.06
500110020,04:00-06:00,0.59,0.31
500110020,06:00-08:00,10.84,9.3
500110020,08:00-10:00,16.25,14.62
500110020,10:00-12:00,10.29,9.59
500110020,12:00-14:00,11.52,12.23
500110020,14:00-16:00,10.75,9.33
500110020,16:00-18:00,16.4,15.37
500110020,18:00-20:00,14.82,15.32
500110020,20:00-22:00,9.26,8.88
500110020,22:00-24:00,3.43,5.6
500110021,00:00-02:00,0.26,0.59
500110021,02:00-04:00,0.12,0.09
500110021,04:00-06:00,0.84,2.06
500110021,06:00-08:00,4.16,10.88
500110021,08:00-10:00,14.69,19.46
500110021,10:00-12:00,9.46,8.0
500110021,12:00-14:00,10.13,10.22
500110021,14:00-16:00,7.37,8.78
500110021,16:00-18:00,20.07,11.92
500110021,18:00-20:00,15.34,10.21
500110021,20:00-22:00,5.68,5.56
500110021,22:00-24:00,3.23,2.32
500110022,00:00-02:00,0.89,0.79
500110022,02:00-04:00,0.19,0.19
500110022,04:00-06:00,0.47,1.09
500110022,06:00-08:00,6.9,5.78
500110022,08:00-10:00,8.5,4.25
500110022,10:00-12:00,5.27,4.97
500110022,12:00-14:00,4.25,4.66
500110022,14:00-16:00,4.47,5.66
500110022,16:00-18:00,7.35,8.94
500110022,18:00-20:00,9.01,8.21
500110022,20:00-22:00,6.8,5.94
500110022,22:00-24:00,2.21,2.32
500110023,00:00-02:00,2.53,1.71
500110023,02:00-04:00,1.22,0.28
500110023,04:00-06:00,2.63,0.56
500110023,06:00-08:00,7.94,7.06
500110023,08:00-10:00,11.13,7.0
500110023,10:00-12:00,6.81,5.4
500110023,12:00-14:00,6.63,6.97
500110023,14:00-16:00,6.69,6.25
500110023,16:00-18:00,10.45,10.67
500110023,18:00-20:00,9.74,14.05
500110023,20:00-22:00,8.0,9.69
500110023,22:00-24:00,4.36,6.18
500110024,00:00-02:00,0.92,1.15
500110024,02:00-04:00,0.12,0.12
500110024,04:00-06:00,0.91,0.88
500110024,06:00-08:00,4.23,5.13
500110024,08:00-10:00,21.19,25.9
500110024,10:00-12:00,13.02,10.62
500110024,12:00-14:00,10.34,13.29
500110024,14:00-16:00,8.94,8.5
500110024,16:00-18:00,20.41,17.53
500110024,18:00-20:00,15.49,10.34
500110024,20:00-22:00,6.65,6.41
500110024,22:00-24:00,3.31,3.07
500110025,00:00-02:00,2.17,0.87
500110025,02:00-04:00,0.66,0.25
500110025,04:00-06:00,1.22,0.69
500110025,06:00-08:00,5.63,2.94
500110025,08:00-10:00,6.82,4.38
500110025,10:00-12:00,5.18,3.69
500110025,12:00-14:00,4.34,4.78
500110025,14:00-16:00,5.13,3.28
500110025,16:00-18:00,5.43,7.52
500110025,18:00-20:00,8.18,10.15
500110025,20:00-22:00,4.78,6.66
500110025,22:00-24:00,2.16,4.46
500110026,00:00-02:00,1.35,1.19
500110026,02:00-04:00,0.75,0.34
500110026,04:00-06:00,0.84,0.32
500110026,06:00-08:00,6.07,1.95
500110026,08:00-10:00,12.21,8.69
500110026,10:00-12:00,7.34,5.06
500110026,12:00-14:00,6.9,5.65
500110026,14:00-16:00,5.04,5.99
500110026,16:00-18:00,5.72,10.01
500110026,18:00-20:00,5.9,11.1
500110026,20:00-22:00,5.25,6.64
500110026,22:00-24:00,3.29,3.49
500110027,00:00-02:00,2.01,1.56
500110027,02:00-04:00,0.91,0.54
500110027,04:00-06:00,1.15,0.94
500110027,06:00-08:00,5.48,3.04
500110027,08:00-10:00,9.34,6.47
500110027,10:00-12:00,6.36,4.62
500110027,12:00-14:00,6.74,7.35
500110027,14:00-16:00,5.77,4.69
500110027,16:00-18:00,6.78,8.37
500110027,18:00-20:00,7.34,9.31
500110027,20:00-22:00,4.89,5.53
500110027,22:00-24:00,4.23,4.0
500110028,00:00-02:00,1.74,1.44
500110028,02:00-04:00,0.34,0.5
500110028,04:00-06:00,0.53,0.66
500110028,06:00-08:00,6.5,14.05
500110028,08:00-10:00,15.53,10.85
500110028,10:00-12:00,14.1,10.41
500110028,12:00-14:00,10.41,8.82
500110028,14:00-16:00,9.69,9.37
500110028,16:00-18:00,14.68,11.45
500110028,18:00-20:00,11.52,13.96
500110028,20:00-22:00,10.21,10.44
500110028,22:00-24:00,5.81,5.08
500110029,00:00-02:00,0.72,0.65
500110029,02:00-04:00,0.03,0.41
500110029,04:00-06:00,0.94,0.34
500110029,06:00-08:00,8.19,7.29
500110029,08:00-10:00,11.12,8.13
500110029,10:00-12:00,7.48,7.13
500110029,12:00-14:00,8.3,7.79
500110029,14:00-16:00,6.82,6.96
500110029,16:00-18:00,11.48,10.33
500110029,18:00-20:00,11.39,12.1
500110029,20:00-22:00,8.0,9.77
500110029,22:00-24:00,3.42,3.77
500110030,00:00-02:00,0.33,0.92
500110030,02:00-04:00,0.09,1.12
500110030,04:00-06:00,0.84,1.1
500110030,06:00-08:00,8.93,4.84
500110030,08:00-10:00,11.4,8.97
500110030,10:00-12:00,7.42,5.47
500110030,12:00-14:00,7.64,4.1
500110030,14:00-16:00,5.07,3.84
500110030,16:00-18:00,7.51,6.64
500110030,18:00-20:00,7.82,9.18
500110030,20:00-22:00,4.88,5.38
500110030,22:00-24:00,2.73,4.77
500110031,00:00-02:00,0.32,0.36
500110031,02:00-04:00,0.12,0.47
500110031,04:00-06:00,0.81,1.81
500110031,06:00-08:00,2.22,6.81
500110031,08:00-10:00,6.13,5.69
500110031,10:00-12:00,4.12,3.4
500110031,12:00-14:00,5.13,4.97
500110031,14:00-16:00,3.09,2.31
500110031,16:00-18:00,8.62,2.77
500110031,18:00-20:00,4.2,3.97
500110031,20:00-22:00,2.01,2.56
500110031,22:00-24:00,2.02,1.73
500110032,00:00-02:00,2.46,1.91
500110032,02:00-04:00,0.69,0.59
500110032,04:00-06:00,1.22,0.5
500110032,06:00-08:00,5.19,10.53
500110032,08:00-10:00,22.69,23.19
500110032,10:00-12:00,10.4,12.33
500110032,12:00-14:00,11.1,12.33
500110032,14:00-16:00,9.21,6.85
500110032,16:00-18:00,14.07,15.19
500110032,18:00-20:00,17.9,12.81
500110032,20:00-22:00,7.13,7.97
500110032,22:00-24:00,5.3,6.12
500110033,00:00-02:00,2.43,2.73
500110033,02:00-04:00,0.87,0.37
500110033,04:00-06:00,1.73,0.41
500110033,06:00-08:00,10.39,5.0
500110033,08:00-10:00,15.86,15.69
500110033,10:00-12:00,10.9,9.56
500110033,12:00-14:00,11.45,11.26
500110033,14:00-16:00,10.25,9.78
500110033,16:00-18:00,13.52,14.06
500110033,18:00-20:00,13.25,20.54
500110033,20:00-22:00,9.09,10.5
500110033,22:00-24:00,9.17,7.59
500110034,00:00-02:00,1.02,1.4
500110034,02:00-04:00,0.25,0.12
500110034,04:00-06:00,1.56,0.94
500110034,06:00-08:00,8.04,4.06
500110034,08:00-10:00,11.49,8.44
500110034,10:00-12:00,6.6,5.22
500110034,12:00-14:00,5.91,6.22
500110034,14:00-16:00,5.19,5.41
500110034,16:00-18:00,6.99,11.6
500110034,18:00-20:00,6.87,11.48
500110034,20:00-22:00,7.55,8.94
500110034,22:00-24:00,5.36,5.0
500110035,00:00-02:00,1.25,1.94
500110035,02:00-04:00,0.09,0.16
500110035,04:00-06:00,0.66,0.41
500110035,06:00-08:00,7.84,3.44
500110035,08:00-10:00,7.84,6.28
500110035,10:00-12:00,4.9,5.09
500110035,12:00-14:00,6.13,6.41
500110035,14:00-16:00,5.03,4.75
500110035,16:00-18:00,7.14,9.38
500110035,18:00-20:00,8.62,10.2
500110035,20:00-22:00,7.0,6.53
500110035,22:00-24:00,1.94,3.2
500110036,00:00-02:00,2.89,1.82
500110036,02:00-04:00,0.81,0.75
500110036,04:00-06:00,0.67,0.5
500110036,06:00-08:00,7.23,10.0
500110036,08:00-10:00,21.66,26.61
500110036,10:00-12:00,11.92,12.77
500110036,12:00-14:00,16.08,15.8
500110036,14:00-16:00,9.84,11.0
500110036,16:00-18:00,22.05,18.07
500110036,18:00-20:00,17.99,15.62
500110036,20:00-22:00,11.17,9.88
500110036,22:00-24:00,8.27,6.05
500110037,00:00-02:00,1.46,1.28
500110037,02:00-04:00,1.47,0.5
500110037,04:00-06:00,0.93,1.13
500110037,06:00-08:00,7.75,6.84
500110037,08:00-10:00,13.61,20.62
500110037,10:00-12:00,15.64,12.93
500110037,12:00-14:00,17.1,16.41
500110037,14:00-16:00,13.86,12.23
500110037,16:00-18:00,16.81,15.04
500110037,18:00-20:00,17.58,18.7
500110037,20:00-22:00,13.32,11.27
500110037,22:00-24:00,5.25,4.67
500110038,00:00-02:00,0.43,1.77
500110038,02:00-04:00,0.06,0.59
500110038,04:00-06:00,0.59,0.53
500110038,06:00-08:00,7.85,4.06
500110038,08:00-10:00,6.73,7.26
500110038,10:00-12:00,6.21,7.65
500110038,12:00-14:00,8.05,6.81
500110038,14:00-16:00,7.73,6.39
500110038,16:00-18:00,10.12,11.3
500110038,18:00-20:00,10.88,12.15
500110038,20:00-22:00,11.08,8.07
500110038,22:00-24:00,3.46,4.78
500110039,00:00-02:00,1.15,1.74
500110039,02:00-04:00,0.19,1.07
500110039,04:00-06:00,2.06,0.49
500110039,06:00-08:00,16.04,5.47
500110039,08:00-10:00,15.64,11.03
500110039,10:00-12:00,12.32,9.4
500110039,12:00-14:00,11.74,11.72
500110039,14:00-16:00,9.87,9.09
500110039,16:00-18:00,13.88,15.89
500110039,18:00-20:00,15.45,17.65
500110039,20:00-22:00,12.38,15.31
500110039,22:00-24:00,5.05,10.76
500110040,00:00-02:00,1.22,1.45
500110040,02:00-04:00,0.41,0.94
500110040,04:00-06:00,1.38,0.5
500110040,06:00-08:00,12.59,8.09
500110040,08:00-10:00,13.85,10.28
500110040,10:00-12:00,9.68,9.06
500110040,12:00-14:00,11.32,10.32
500110040,14:00-16:00,9.91,9.94
500110040,16:00-18:00,13.33,13.97
500110040,18:00-20:00,14.08,16.79
500110040,20:00-22:00,12.59,12.4
500110040,22:00-24:00,5.53,6.96
500110041,00:00-02:00,1.38,2.0
500110041,02:00-04:00,0.5,0.64
500110041,04:00-06:00,1.59,0.66
500110041,06:00-08:00,11.95,4.28
500110041,08:00-10:00,11.56,9.84
500110041,10:00-12:00,6.74,5.25
500110041,12:00-14:00,5.57,6.16
500110041,14:00-16:00,6.25,5.84
500110041,16:00-18:00,11.94,10.38
500110041,18:00-20:00,8.93,12.52
500110041,20:00-22:00,7.41,10.59
500110041,22:00-24:00,3.54,6.01
500110042,00:00-02:00,2.1,1.57
500110042,02:00-04:00,0.34,1.62
500110042,04:00-06:00,1.78,0.75
500110042,06:00-08:00,8.63,4.75
500110042,08:00-10:00,11.58,8.84
500110042,10:00-12:00,7.42,7.4
500110042,12:00-14:00,9.62,11.69
500110042,14:00-16:00,7.29,8.59
500110042,16:00-18:00,9.31,14.14
500110042,18:00-20:00,9.9,13.52
500110042,20:00-22:00,9.03,7.33
500110042,22:00-24:00,5.27,5.13
500110043,00:00-02:00,2.93,2.43
500110043,02:00-04:00,0.47,0.47
500110043,04:00-06:00,0.9,2.13
500110043,06:00-08:00,15.35,14.71
500110043,08:00-10:00,26.91,22.43
500110043,10:00-12:00,14.25,19.14
500110043,12:00-14:00,19.35,21.09
500110043,14:00-16:00,17.16,16.92
500110043,16:00-18:00,21.84,22.69
500110043,18:00-20:00,25.38,22.28
500110043,20:00-22:00,15.69,12.01
500110043,22:00-24:00,10.65,7.75
500110044,00:00-02:00,1.84,2.2
500110044,02:00-04:00,0.98,6.25
500110044,04:00-06:00,0.94,1.69
500110044,06:00-08:00,14.0,22.37
500110044,08:00-10:00,30.99,18.97
500110044,10:00-12:00,13.97,20.33
500110044,12:00-14:00,22.62,24.29
500110044,14:00-16:00,19.12,21.75
500110044,16:00-18:00,35.18,21.21
500110044,18:00-20:00,23.06,22.18
500110044,20:00-22:00,16.34,10.66
500110044,22:00-24:00,6.96,5.46
500110045,00:00-02:00,0.33,0.63
500110045,02:00-04:00,2.03,0.29
500110045,04:00-06:00,1.31,1.16
500110045,06:00-08:00,6.43,3.97
500110045,08:00-10:00,6.76,4.69
500110045,10:00-12:00,3.63,3.31
500110045,12:00-14:00,3.38,3.22
500110045,14:00-16:00,3.06,3.59
500110045,16:00-18:00,6.5,7.3
500110045,18:00-20:00,6.03,8.12
500110045,20:00-22:00,5.48,6.92
500110045,22:00-24:00,2.89,3.04
500110046,00:00-02:00,1.04,0.82
500110046,02:00-04:00,1.03,0.06
500110046,04:00-06:00,0.31,2.19
500110046,06:00-08:00,9.72,10.97
500110046,08:00-10:00,13.04,21.34
500110046,10:00-12:00,10.29,11.31
500110046,12:00-14:00,14.82,11.94
500110046,14:00-16:00,10.72,11.97
500110046,16:00-18:00,17.4,11.89
500110046,18:00-20:00,16.37,14.62
500110046,20:00-22:00,12.06,7.31
500110046,22:00-24:00,4.54,3.95
500110047,00:00-02:00,1.59,2.04
500110047,02:00-04:00,0.35,0.41
500110047,04:00-06:00,0.84,1.06
500110047,06:00-08:00,6.38,4.16
500110047,08:00-10:00,15.73,14.91
500110047,10:00-12:00,11.64,10.43
500110047,12:00-14:00,12.41,13.48
500110047,14:00-16:00,9.58,9.12
500110047,16:00-18:00,13.11,15.13
500110047,18:00-20:00,15.4,16.45
500110047,20:00-22:00,11.25,7.19
500110047,22:00-24:00,5.76,4.55
500110048,00:00-02:00,0.86,1.71
500110048,02:00-04:00,1.37,0.53
500110048,04:00-06:00,1.13,1.25
500110048,06:00-08:00,6.98,9.0
500110048,08:00-10:00,19.45,29.42
500110048,10:00-12:00,15.43,13.52
500110048,12:00-14:00,15.44,19.51
500110048,14:00-16:00,15.53,15.62
500110048,16:00-18:00,21.01,19.5
500110048,18:00-20:00,17.88,13.66
500110048,20:00-22:00,13.35,7.31
500110048,22:00-24:00,4.39,2.57
500110049,00:00-02:00,2.85,2.3
500110049,02:00-04:00,1.07,0.97
500110049,04:00-06:00,0.88,2.03
500110049,06:00-08:00,9.62,7.23
500110049,08:00-10:00,10.42,7.91
500110049,10:00-12:00,6.3,7.35
500110049,12:00-14:00,8.67,8.74
500110049,14:00-16:00,8.69,10.38
500110049,16:00-18:00,14.25,21.7
500110049,18:00-20:00,20.83,29.6
500110049,20:00-22:00,23.31,23.77
500110049,22:00-24:00,14.02,11.69
500110050,00:00-02:00,2.62,2.43
500110050,02:00-04:00,0.16,0.56
500110050,04:00-06:00,0.81,0.66
500110050,06:00-08:00,7.96,6.09
500110050,08:00-10:00,15.39,10.47
500110050,10:00-12:00,6.01,4.9
500110050,12:00-14:00,7.52,7.13
500110050,14:00-16:00,5.67,5.94
500110050,16:00-18:00,9.87,12.41
500110050,18:00-20:00,11.4,12.7
500110050,20:00-22:00,9.37,6.11
500110050,22:00-24:00,6.27,4.96
500110051,00:00-02:00,1.03,0.82
500110051,02:00-04:00,0.16,0.44
500110051,04:00-06:00,0.5,0.56
500110051,06:00-08:00,4.69,9.68
500110051,08:00-10:00,5.72,8.36
500110051,10:00-12:00,7.93,7.39
500110051,12:00-14:00,11.51,11.27
500110051,14:00-16:00,8.41,6.85
500110051,16:00-18:00,11.37,7.36
500110051,18:00-20:00,9.36,8.71
500110051,20:00-22:00,5.43,4.5
500110051,22:00-24:00,3.21,3.11
500110052,00:00-02:00,2.0,1.83
500110052,02:00-04:00,0.75,1.18
500110052,04:00-06:00,1.69,0.31
500110052,06:00-08:00,8.79,7.88
500110052,08:00-10:00,14.51,17.62
500110052,10:00-12:00,13.53,11.84
500110052,12:00-14:00,13.66,13.15
500110052,14:00-16:00,10.28,10.07
500110052,16:00-18:00,15.45,15.68
500110052,18:00-20:00,15.22,16.62
500110052,20:00-22:00,11.71,10.48
500110052,22:00-24:00,5.49,6.14
500110053,00:00-02:00,0.23,0.41
500110053,02:00-04:00,0.09,0.03
500110053,04:00-06:00,1.69,0.28
500110053,06:00-08:00,3.74,2.75
500110053,08:00-10:00,3.15,3.41
500110053,10:00-12:00,2.4,1.62
500110053,12:00-14:00,2.87,1.88
500110053,14:00-16:00,2.01,1.84
500110053,16:00-18:00,3.66,4.5
500110053,18:00-20:00,3.05,3.84
500110053,20:00-22:00,2.13,2.56
500110053,22:00-24:00,1.29,1.79
500110054,00:00-02:00,1.87,3.09
500110054,02:00-04:00,0.91,1.42
500110054,04:00-06:00,1.31,1.31
500110054,06:00-08:00,11.62,6.77
500110054,08:00-10:00,13.61,8.44
500110054,10:00-12:00,6.86,5.28
500110054,12:00-14:00,8.31,5.6
500110054,14:00-16:00,5.85,5.34
500110054,16:00-18:00,9.9,11.89
500110054,18:00-20:00,11.19,12.57
500110054,20:00-22:00,11.84,12.82
500110054,22:00-24:00,7.27,8.08
500110055,00:00-02:00,0.79,1.07
500110055,02:00-04:00,0.16,0.57
500110055,04:00-06:00,1.0,0.19
500110055,06:00-08:00,4.56,2.44
500110055,08:00-10:00,5.51,3.06
500110055,10:00-12:00,3.95,3.22
500110055,12:00-14:00,5.66,3.72
500110055,14:00-16:00,4.44,3.72
500110055,16:00-18:00,7.52,6.44
500110055,18:00-20:00,5.82,5.87
500110055,20:00-22:00,5.11,5.24
500110055,22:00-24:00,3.07,3.11
500110056,00:00-02:00,1.25,0.79
500110056,02:00-04:00,0.06,0.53
500110056,04:00-06:00,1.44,0.81
500110056,06:00-08:00,6.25,6.57
500110056,08:00-10:00,12.52,12.9
500110056,10:00-12:00,10.64,8.41
500110056,12:00-14:00,10.09,8.44
500110056,14:00-16:00,7.46,8.97
500110056,16:00-18:00,12.46,11.11
500110056,18:00-20:00,10.89,13.55
500110056,20:00-22:00,9.72,11.27
500110056,22:00-24:00,6.65,4.81
500110057,00:00-02:00,1.18,1.94
500110057,02:00-04:00,0.28,0.59
500110057,04:00-06:00,1.13,0.69
500110057,06:00-08:00,11.15,7.06
500110057,08:00-10:00,17.01,10.99
500110057,10:00-12:00,11.32,9.71
500110057,12:00-14:00,11.21,9.1
500110057,14:00-16:00,7.52,8.64
500110057,16:00-18:00,11.19,13.38
500110057,18:00-20:00,9.96,11.69
500110057,20:00-22:00,8.89,10.47
500110057,22:00-24:00,6.39,5.75
500110058,00:00-02:00,0.88,1.25
500110058,02:00-04:00,0.19,0.06
500110058,04:00-06:00,0.29,0.72
500110058,06:00-08:00,6.27,5.59
500110058,08:00-10:00,10.99,13.58
500110058,10:00-12:00,10.91,8.18
500110058,12:00-14:00,11.16,12.61
500110058,14:00-16:00,9.09,8.36
500110058,16:00-18:00,12.93,12.68
500110058,18:00-20:00,14.65,14.33
500110058,20:00-22:00,9.38,5.88
500110058,22:00-24:00,3.5,3.48
500110059,00:00-02:00,0.69,0.69
500110059,02:00-04:00,0.03,0.09
500110059,04:00-06:00,0.99,1.44
500110059,06:00-08:00,5.2,5.19
500110059,08:00-10:00,7.19,4.84
500110059,10:00-12:00,5.43,5.5
500110059,12:00-14:00,6.1,6.19
500110059,14:00-16:00,4.93,6.19
500110059,16:00-18:00,7.8,8.18
500110059,18:00-20:00,7.5,9.46
500110059,20:00-22:00,8.1,4.64
500110059,22:00-24:00,3.13,2.54
500110060,00:00-02:00,0.72,0.95
500110060,02:00-04:00,0.12,0.09
500110060,04:00-06:00,0.78,0.41
500110060,06:00-08:00,7.4,7.69
500110060,08:00-10:00,13.99,11.02
500110060,10:00-12:00,8.32,5.47
500110060,12:00-14:00,8.26,6.03
500110060,14:00-16:00,5.5,6.59
500110060,16:00-18:00,16.22,9.12
500110060,18:00-20:00,5.74,7.46
500110060,20:00-22:00,4.89,6.25
500110060,22:00-24:00,3.94,5.38
500110061,00:00-02:00,2.42,2.99
500110061,02:00-04:00,0.61,2.78
500110061,04:00-06:00,2.0,1.05
500110061,06:00-08:00,12.7,9.56
500110061,08:00-10:00,14.9,13.53
500110061,10:00-12:00,13.98,12.74
500110061,12:00-14:00,14.82,13.16
500110061,14:00-16:00,10.9,9.75
500110061,16:00-18:00,16.01,17.68
500110061,18:00-20:00,19.08,18.55
500110061,20:00-22:00,13.42,11.38
500110061,22:00-24:00,8.01,7.87
500110062,00:00-02:00,3.42,1.18
500110062,02:00-04:00,0.19,1.12
500110062,04:00-06:00,0.83,1.53
500110062,06:00-08:00,12.6,10.09
500110062,08:00-10:00,18.82,18.28
500110062,10:00-12:00,11.42,10.34
500110062,12:00-14:00,10.8,11.96
500110062,14:00-16:00,11.39,9.92
500110062,16:00-18:00,16.55,30.58
500110062,18:00-20:00,21.96,25.61
500110062,20:00-22:00,23.75,10.69
500110062,22:00-24:00,11.22,8.91
500110063,00:00-02:00,1.15,0.89
500110063,02:00-04:00,0.53,0.12
500110063,04:00-06:00,1.22,0.44
500110063,06:00-08:00,7.14,12.94
500110063,08:00-10:00,13.95,8.6
500110063,10:00-12:00,7.08,6.96
500110063,12:00-14:00,8.8,7.47
500110063,14:00-16:00,6.47,7.34
500110063,16:00-18:00,19.54,12.9
500110063,18:00-20:00,11.41,12.81
500110063,20:00-22:00,9.7,7.61
500110063,22:00-24:00,2.67,5.24
500110064,00:00-02:00,2.74,2.89
500110064,02:00-04:00,1.7,1.25
500110064,04:00-06:00,1.28,2.41
500110064,06:00-08:00,9.22,10.91
500110064,08:00-10:00,20.03,21.34
500110064,10:00-12:00,16.65,14.57
500110064,12:00-14:00,15.94,23.06
500110064,14:00-16:00,16.41,16.72
500110064,16:00-18:00,22.33,18.15
500110064,18:00-20:00,21.42,20.15
500110064,20:00-22:00,15.96,10.38
500110064,22:00-24:00,7.15,5.58
500110065,00:00-02:00,2.19,1.77
500110065,02:00-04:00,2.09,0.44
500110065,04:00-06:00,1.4,0.94
500110065,06:00-08:00,11.31,19.5
500110065,08:00-10:00,27.97,41.56
500110065,10:00-12:00,22.83,19.02
500110065,12:00-14:00,23.4,21.31
500110065,14:00-16:00,20.22,20.25
500110065,16:00-18:00,29.07,22.06
500110065,18:00-20:00,20.88,16.4
500110065,20:00-22:00,10.83,9.63
500110065,22:00-24:00,5.18,4.61
500110066,00:00-02:00,0.1,1.68
500110066,02:00-04:00,0.03,0.0
500110066,04:00-06:00,0.91,0.84
500110066,06:00-08:00,4.28,4.51
500110066,08:00-10:00,8.8,5.25
500110066,10:00-12:00,7.93,6.03
500110066,12:00-14:00,7.91,6.44
500110066,14:00-16:00,6.56,5.97
500110066,16:00-18:00,8.16,9.12
500110066,18:00-20:00,9.46,11.52
500110066,20:00-22:00,10.26,9.95
500110066,22:00-24:00,4.14,4.16
500110067,00:00-02:00,1.68,1.69
500110067,02:00-04:00,0.59,1.44
500110067,04:00-06:00,1.25,1.0
500110067,06:00-08:00,6.53,3.28
500110067,08:00-10:00,10.67,5.34
500110067,10:00-12:00,5.62,4.78
500110067,12:00-14:00,5.02,4.35
500110067,14:00-16:00,5.07,3.94
500110067,16:00-18:00,5.49,7.17
500110067,18:00-20:00,5.97,10.42
500110067,20:00-22:00,5.56,7.08
500110067,22:00-24:00,3.67,4.65
500110068,00:00-02:00,0.7,0.59
500110068,02:00-04:00,0.13,0.28
500110068,04:00-06:00,0.34,0.16
500110068,06:00-08:00,1.72,2.91
500110068,08:00-10:00,6.13,14.03
500110068,10:00-12:00,6.09,4.82
500110068,12:00-14:00,5.53,7.14
500110068,14:00-16:00,6.75,4.67
500110068,16:00-18:00,8.63,5.06
500110068,18:00-20:00,7.47,4.28
500110068,20:00-22:00,3.45,2.09
500110068,22:00-24:00,1.61,1.35
500110069,00:00-02:00,1.25,0.93
500110069,02:00-04:00,0.28,0.56
500110069,04:00-06:00,0.41,0.5
500110069,06:00-08:00,3.26,1.13
500110069,08:00-10:00,7.75,3.84
500110069,10:00-12:00,5.4,5.93
500110069,12:00-14:00,4.7,4.81
500110069,14:00-16:00,4.66,3.87
500110069,16:00-18:00,5.24,8.5
500110069,18:00-20:00,5.93,8.58
500110069,20:00-22:00,4.78,4.93
500110069,22:00-24:00,3.86,3.6
500110070,00:00-02:00,2.12,2.07
500110070,02:00-04:00,0.41,0.28
500110070,04:00-06:00,0.91,2.0
500110070,06:00-08:00,8.33,5.91
500110070,08:00-10:00,11.84,7.95
500110070,10:00-12:00,6.6,5.75
500110070,12:00-14:00,7.57,8.11
500110070,14:00-16:00,5.76,6.43
500110070,16:00-18:00,8.75,15.12
500110070,18:00-20:00,9.22,13.24
500110070,20:00-22:00,9.35,6.94
500110070,22:00-24:00,6.04,3.96
500110071,00:00-02:00,1.51,1.25
500110071,02:00-04:00,0.45,3.97
500110071,04:00-06:00,0.96,2.85
500110071,06:00-08:00,13.67,10.28
500110071,08:00-10:00,23.93,16.97
500110071,10:00-12:00,15.06,13.21
500110071,12:00-14:00,16.29,15.35
500110071,14:00-16:00,12.69,11.59
500110071,16:00-18:00,19.43,21.14
500110071,18:00-20:00,20.73,18.27
500110071,20:00-22:00,15.64,10.53
500110071,22:00-24:00,7.24,5.3
500110072,00:00-02:00,1.31,1.77
500110072,02:00-04:00,0.3,0.47
500110072,04:00-06:00,0.75,1.13
500110072,06:00-08:00,12.36,12.03
500110072,08:00-10:00,19.77,13.0
500110072,10:00-12:00,9.27,8.81
500110072,12:00-14:00,10.92,9.88
500110072,14:00-16:00,9.43,9.59
500110072,16:00-18:00,15.3,19.47
500110072,18:00-20:00,17.39,16.87
500110072,20:00-22:00,12.2,7.17
500110072,22:00-24:00,7.12,3.39
500110073,00:00-02:00,0.72,1.51
500110073,02:00-04:00,0.75,0.28
500110073,04:00-06:00,0.31,0.59
500110073,06:00-08:00,3.28,6.09
500110073,08:00-10:00,7.59,11.49
500110073,10:00-12:00,7.15,7.02
500110073,12:00-14:00,8.13,9.45
500110073,14:00-16:00,5.12,5.45
500110073,16:00-18:00,9.51,6.55
500110073,18:00-20:00,10.18,9.36
500110073,20:00-22:00,7.04,2.84
500110073,22:00-24:00,2.64,2.04
500110074,00:00-02:00,1.26,1.45
500110074,02:00-04:00,0.58,0.62
500110074,04:00-06:00,0.53,0.31
500110074,06:00-08:00,7.63,9.44
500110074,08:00-10:00,12.46,22.76
500110074,10:00-12:00,12.66,10.86
500110074,12:00-14:00,13.77,12.22
500110074,14:00-16:00,10.36,8.6
500110074,16:00-18:00,14.56,11.04
500110074,18:00-20:00,14.09,10.21
500110074,20:00-22:00,8.21,7.91
500110074,22:00-24:00,5.68,5.71
500110076,00:00-02:00,2.54,1.31
500110076,02:00-04:00,0.75,1.31
500110076,04:00-06:00,1.69,0.38
500110076,06:00-08:00,8.13,2.31
500110076,08:00-10:00,8.95,5.03
500110076,10:00-12:00,5.62,4.5
500110076,12:00-14:00,6.55,6.69
500110076,14:00-16:00,5.34,5.72
500110076,16:00-18:00,5.68,10.57
500110076,18:00-20:00,4.63,13.27
500110076,20:00-22:00,5.78,6.43
500110076,22:00-24:00,5.46,3.64
500110077,00:00-02:00,1.28,0.89
500110077,02:00-04:00,0.34,0.06
500110077,04:00-06:00,1.13,0.59
500110077,06:00-08:00,9.04,4.82
500110077,08:00-10:00,8.01,6.94
500110077,10:00-12:00,6.5,5.18
500110077,12:00-14:00,7.33,7.7
500110077,14:00-16:00,5.71,5.75
500110077,16:00-18:00,8.57,11.08
500110077,18:00-20:00,11.16,11.91
500110077,20:00-22:00,7.46,8.2
500110077,22:00-24:00,2.44,3.69
500110078,00:00-02:00,2.59,3.68
500110078,02:00-04:00,0.41,3.8
500110078,04:00-06:00,0.94,1.53
500110078,06:00-08:00,10.68,10.09
500110078,08:00-10:00,20.4,14.48
500110078,10:00-12:00,11.27,9.71
500110078,12:00-14:00,13.84,11.85
500110078,14:00-16:00,10.93,9.62
500110078,16:00-18:00,15.73,15.29
500110078,18:00-20:00,18.77,16.83
500110078,20:00-22:00,13.88,12.53
500110078,22:00-24:00,10.22,9.6
500110079,00:00-02:00,2.23,1.41
500110079,02:00-04:00,1.06,0.5
500110079,04:00-06:00,1.13,0.97
500110079,06:00-08:00,5.9,3.34
500110079,08:00-10:00,3.61,2.56
500110079,10:00-12:00,4.38,3.12
500110079,12:00-14:00,3.89,4.69
500110079,14:00-16:00,4.25,4.25
500110079,16:00-18:00,6.61,7.58
500110079,18:00-20:00,8.36,11.66
500110079,20:00-22:00,6.94,6.42
500110079,22:00-24:00,5.02,4.17
500110080,00:00-02:00,0.79,0.86
500110080,02:00-04:00,0.16,0.31
500110080,04:00-06:00,0.84,0.09
500110080,06:00-08:00,3.4,3.8
500110080,08:00-10:00,5.97,4.72
500110080,10:00-12:00,4.56,3.58
500110080,12:00-14:00,4.06,4.32
500110080,14:00-16:00,3.87,3.17
500110080,16:00-18:00,4.5,5.96
500110080,18:00-20:00,5.21,6.21
500110080,20:00-22:00,4.28,5.56
500110080,22:00-24:00,2.13,3.41
500110081,00:00-02:00,1.31,1.39
500110081,02:00-04:00,0.12,0.28
500110081,04:00-06:00,0.63,0.35
500110081,06:00-08:00,7.3,4.65
500110081,08:00-10:00,10.33,8.29
500110081,10:00-12:00,6.75,5.4
500110081,12:00-14:00,7.07,6.78
500110081,14:00-16:00,5.39,6.28
500110081,16:00-18:00,9.65,11.09
500110081,18:00-20:00,10.65,13.08
500110081,20:00-22:00,8.53,10.1
500110081,22:00-24:00,4.64,5.7
500110082,00:00-02:00,0.95,1.48
500110082,02:00-04:00,0.41,0.31
500110082,04:00-06:00,0.78,0.63
500110082,06:00-08:00,3.81,1.72
500110082,08:00-10:00,6.34,7.0
500110082,10:00-12:00,3.56,3.4
500110082,12:00-14:00,3.97,2.97
500110082,14:00-16:00,3.18,4.47
500110082,16:00-18:00,8.61,5.22
500110082,18:00-20:00,6.52,6.09
500110082,20:00-22:00,3.74,3.81
500110082,22:00-24:00,2.15,3.7
500110083,00:00-02:00,0.07,0.16
500110083,02:00-04:00,0.06,0.28
500110083,04:00-06:00,0.19,0.06
500110083,06:00-08:00,1.78,0.78
500110083,08:00-10:00,4.12,1.28
500110083,10:00-12:00,0.95,1.69
500110083,12:00-14:00,2.03,1.16
500110083,14:00-16:00,0.81,1.22
500110083,16:00-18:00,0.95,1.92
500110083,18:00-20:00,1.26,3.03
500110083,20:00-22:00,2.22,2.66
500110083,22:00-24:00,0.88,1.35
500110084,00:00-02:00,0.89,1.1
500110084,02:00-04:00,0.12,0.19
500110084,04:00-06:00,1.53,0.66
500110084,06:00-08:00,9.46,3.53
500110084,08:00-10:00,5.64,4.54
500110084,10:00-12:00,4.61,5.06
500110084,12:00-14:00,4.21,4.16
500110084,14:00-16:00,3.96,3.31
500110084,16:00-18:00,8.33,10.16
500110084,18:00-20:00,8.12,8.76
500110084,20:00-22:00,7.5,8.58
500110084,22:00-24:00,3.01,5.07
500110085,00:00-02:00,0.76,1.01
500110085,02:00-04:00,0.48,0.03
500110085,04:00-06:00,0.47,0.63
500110085,06:00-08:00,3.41,6.23
500110085,08:00-10:00,7.21,4.43
500110085,10:00-12:00,5.43,4.4
500110085,12:00-14:00,6.01,6.38
500110085,14:00-16:00,5.27,4.32
500110085,16:00-18:00,9.98,7.8
500110085,18:00-20:00,7.15,9.3
500110085,20:00-22:00,6.98,5.34
500110085,22:00-24:00,2.62,3.3
500110086,00:00-02:00,0.37,1.25
500110086,02:00-04:00,0.09,0.47
500110086,04:00-06:00,0.53,4.29
500110086,06:00-08:00,7.22,4.95
500110086,08:00-10:00,6.25,8.16
500110086,10:00-12:00,4.9,4.92
500110086,12:00-14:00,7.07,7.76
500110086,14:00-16:00,6.31,3.66
500110086,16:00-18:00,6.8,5.51
500110086,18:00-20:00,6.69,5.65
500110086,20:00-22:00,3.84,3.19
500110086,22:00-24:00,3.14,2.35
500110087,00:00-02:00,0.79,1.92
500110087,02:00-04:00,0.59,0.77
500110087,04:00-06:00,1.22,0.79
500110087,06:00-08:00,7.69,3.44
500110087,08:00-10:00,11.56,9.13
500110087,10:00-12:00,5.77,5.25
500110087,12:00-14:00,7.22,6.85
500110087,14:00-16:00,5.87,5.66
500110087,16:00-18:00,8.89,8.68
500110087,18:00-20:00,8.64,12.59
500110087,20:00-22:00,8.85,9.29
500110087,22:00-24:00,5.37,7.48
500110088,00:00-02:00,0.87,1.02
500110088,02:00-04:00,0.87,0.59
500110088,04:00-06:00,0.65,1.28
500110088,06:00-08:00,9.42,12.42
500110088,08:00-10:00,21.27,25.9
500110088,10:00-12:00,10.82,10.49
500110088,12:00-14:00,11.17,14.12
500110088,14:00-16:00,9.55,9.08
500110088,16:00-18:00,13.01,9.85
500110088,18:00-20:00,13.09,9.25
500110088,20:00-22:00,8.4,6.72
500110088,22:00-24:00,4.79,3.48
500110089,00:00-02:00,1.25,1.05
500110089,02:00-04:00,0.22,0.22
500110089,04:00-06:00,1.03,0.47
500110089,06:00-08:00,8.0,5.38
500110089,08:00-10:00,8.64,6.06
500110089,10:00-12:00,6.31,5.09
500110089,12:00-14:00,6.59,6.1
500110089,14:00-16:00,4.88,4.81
500110089,16:00-18:00,9.87,11.36
500110089,18:00-20:00,11.4,14.92
500110089,20:00-22:00,11.31,11.31
500110089,22:00-24:00,5.3,6.78
500110090,00:00-02:00,0.56,0.88
500110090,02:00-04:00,0.16,0.1
500110090,04:00-06:00,0.16,0.44
500110090,06:00-08:00,7.68,1.31
500110090,08:00-10:00,3.64,1.69
500110090,10:00-12:00,2.11,1.81
500110090,12:00-14:00,3.23,2.34
500110090,14:00-16:00,2.17,2.56
500110090,16:00-18:00,4.11,3.65
500110090,18:00-20:00,2.98,5.72
500110090,20:00-22:00,2.56,4.25
500110090,22:00-24:00,1.6,3.29
500110091,00:00-02:00,1.18,1.85
500110091,02:00-04:00,0.16,0.19
500110091,04:00-06:00,1.75,0.16
500110091,06:00-08:00,13.45,5.81
500110091,08:00-10:00,13.3,12.29
500110091,10:00-12:00,8.38,8.93
500110091,12:00-14:00,11.13,11.19
500110091,14:00-16:00,8.16,8.53
500110091,16:00-18:00,14.26,16.11
500110091,18:00-20:00,14.97,16.71
500110091,20:00-22:00,12.22,13.11
500110091,22:00-24:00,3.54,7.27
500110092,00:00-02:00,0.13,0.13
500110092,02:00-04:00,0.03,0.0
500110092,04:00-06:00,0.13,0.13
500110092,06:00-08:00,0.56,0.75
500110092,08:00-10:00,2.06,1.81
500110092,10:00-12:00,0.88,0.87
500110092,12:00-14:00,1.77,1.75
500110092,14:00-16:00,0.77,1.5
500110092,16:00-18:00,2.72,1.23
500110092,18:00-20:00,2.7,1.16
500110092,20:00-22:00,0.96,0.81
500110092,22:00-24:00,0.72,2.01
500110093,00:00-02:00,1.54,0.62
500110093,02:00-04:00,0.19,0.19
500110093,04:00-06:00,0.94,0.31
500110093,06:00-08:00,4.62,1.88
500110093,08:00-10:00,3.61,2.78
500110093,10:00-12:00,1.9,2.12
500110093,12:00-14:00,3.1,3.53
500110093,14:00-16:00,2.48,1.97
500110093,16:00-18:00,3.32,7.39
500110093,18:00-20:00,4.97,8.52
500110093,20:00-22:00,3.81,3.5
500110093,22:00-24:00,2.95,1.38
500110094,00:00-02:00,0.16,0.07
500110094,02:00-04:00,0.0,0.06
500110094,04:00-06:00,0.03,0.31
500110094,06:00-08:00,1.09,0.53
500110094,08:00-10:00,1.41,0.28
500110094,10:00-12:00,1.0,0.78
500110094,12:00-14:00,0.94,0.69
500110094,14:00-16:00,1.41,0.66
500110094,16:00-18:00,0.98,1.45
500110094,18:00-20:00,0.91,1.19
500110094,20:00-22:00,1.03,1.34
500110094,22:00-24:00,0.26,1.22
500110095,00:00-02:00,0.16,0.3
500110095,02:00-04:00,0.0,0.0
500110095,04:00-06:00,0.16,0.28
500110095,06:00-08:00,1.03,1.38
500110095,08:00-10:00,2.09,1.75
500110095,10:00-12:00,1.98,1.22
500110095,12:00-14:00,1.64,1.19
500110095,14:00-16:00,1.8,1.69
500110095,16:00-18:00,2.03,1.95
500110095,18:00-20:00,2.1,1.78
500110095,20:00-22:00,1.44,1.56
500110095,22:00-24:00,0.66,0.69
500110096,00:00-02:00,0.0,1.28
500110096,02:00-04:00,0.12,0.03
500110096,04:00-06:00,0.22,0.25
500110096,06:00-08:00,2.79,1.75
500110096,08:00-10:00,3.35,1.34
500110096,10:00-12:00,2.35,1.41
500110096,12:00-14:00,1.62,1.19
500110096,14:00-16:00,1.29,2.25
500110096,16:00-18:00,3.64,2.71
500110096,18:00-20:00,3.45,2.81
500110096,20:00-22:00,1.76,1.59
500110096,22:00-24:00,0.52,3.36
500110097,00:00-02:00,0.28,0.33
500110097,02:00-04:00,0.06,0.09
500110097,04:00-06:00,0.72,0.28
500110097,06:00-08:00,2.4,2.88
500110097,08:00-10:00,3.66,3.84
500110097,10:00-12:00,1.89,1.41
500110097,12:00-14:00,3.08,4.0
500110097,14:00-16:00,1.86,2.46
500110097,16:00-18:00,5.1,3.67
500110097,18:00-20:00,4.16,3.4
500110097,20:00-22:00,1.87,1.88
500110097,22:00-24:00,0.83,1.25
500110098,00:00-02:00,0.66,0.99
500110098,02:00-04:00,0.53,0.25
500110098,04:00-06:00,0.31,0.47
500110098,06:00-08:00,2.84,3.59
500110098,08:00-10:00,7.39,5.85
500110098,10:00-12:00,3.92,3.97
500110098,12:00-14:00,4.55,5.66
500110098,14:00-16:00,4.83,4.78
500110098,16:00-18:00,8.6,5.54
500110098,18:00-20:00,6.68,7.59
500110098,20:00-22:00,5.7,4.51
500110098,22:00-24:00,2.17,2.76
500110099,00:00-02:00,0.85,1.15
500110099,02:00-04:00,0.12,0.25
500110099,04:00-06:00,1.22,0.31
500110099,06:00-08:00,5.31,6.0
500110099,08:00-10:00,10.66,6.38
500110099,10:00-12:00,5.69,4.72
500110099,12:00-14:00,6.27,6.22
500110099,14:00-16:00,4.75,3.81
500110099,16:00-18:00,10.46,9.94
500110099,18:00-20:00,11.0,9.53
500110099,20:00-22:00,7.23,7.53
500110099,22:00-24:00,2.13,3.92
500110100,00:00-02:00,0.69,0.91
500110100,02:00-04:00,0.47,0.41
500110100,04:00-06:00,0.31,0.06
500110100,06:00-08:00,1.38,1.68
500110100,08:00-10:00,4.92,2.9
500110100,10:00-12:00,3.49,3.72
500110100,12:00-14:00,4.08,3.85
500110100,14:00-16:00,2.82,2.67
500110100,16:00-18:00,4.1,3.79
500110100,18:00-20:00,4.54,6.4
500110100,20:00-22:00,4.71,3.49
500110100,22:00-24:00,1.44,2.37
500110101,00:00-02:00,0.79,1.16
500110101,02:00-04:00,0.09,0.12
500110101,04:00-06:00,0.25,0.16
500110101,06:00-08:00,5.15,2.66
500110101,08:00-10:00,7.34,5.94
500110101,10:00-12:00,3.71,2.94
500110101,12:00-14:00,3.45,2.94
500110101,14:00-16:00,3.0,2.22
500110101,16:00-18:00,5.6,5.98
500110101,18:00-20:00,7.13,8.82
500110101,20:00-22:00,6.15,6.71
500110101,22:00-24:00,3.26,4.07
500110102,00:00-02:00,0.85,1.0
500110102,02:00-04:00,0.37,0.25
500110102,04:00-06:00,0.97,0.63
500110102,06:00-08:00,5.81,5.16
500110102,08:00-10:00,8.3,7.94
500110102,10:00-12:00,5.77,6.72
500110102,12:00-14:00,9.05,7.01
500110102,14:00-16:00,5.34,5.28
500110102,16:00-18:00,7.66,8.81
500110102,18:00-20:00,10.27,7.94
500110102,20:00-22:00,4.56,5.41
500110102,22:00-24:00,2.63,3.98
500110103,00:00-02:00,0.3,0.56
500110103,02:00-04:00,0.06,0.09
500110103,04:00-06:00,0.84,0.72
500110103,06:00-08:00,5.42,4.73
500110103,08:00-10:00,7.37,6.38
500110103,10:00-12:00,5.57,4.43
500110103,12:00-14:00,5.35,4.91
500110103,14:00-16:00,4.17,3.53
500110103,16:00-18:00,7.51,6.2
500110103,18:00-20:00,6.61,9.2
500110103,20:00-22:00,6.16,5.16
500110103,22:00-24:00,2.63,3.67
500110104,00:00-02:00,0.72,0.73
500110104,02:00-04:00,0.12,0.22
500110104,04:00-06:00,0.69,0.13
500110104,06:00-08:00,9.06,4.75
500110104,08:00-10:00,6.49,4.06
500110104,10:00-12:00,3.58,3.53
500110104,12:00-14:00,6.0,3.31
500110104,14:00-16:00,4.28,3.5
500110104,16:00-18:00,8.13,7.8
500110104,18:00-20:00,5.44,8.03
500110104,20:00-22:00,3.94,6.41
500110104,22:00-24:00,2.01,2.95
500110105,00:00-02:00,0.62,0.8
500110105,02:00-04:00,0.12,0.16
500110105,04:00-06:00,1.34,0.34
500110105,06:00-08:00,4.72,1.68
500110105,08:00-10:00,6.99,5.34
500110105,10:00-12:00,5.32,5.53
500110105,12:00-14:00,5.6,6.86
500110105,14:00-16:00,4.89,5.08
500110105,16:00-18:00,8.74,8.29
500110105,18:00-20:00,7.82,8.44
500110105,20:00-22:00,5.82,7.0
500110105,22:00-24:00,2.79,3.82
500110106,00:00-02:00,0.39,0.47
500110106,02:00-04:00,0.0,0.12
500110106,04:00-06:00,0.53,0.47
500110106,06:00-08:00,3.23,1.71
500110106,08:00-10:00,5.55,3.55
500110106,10:00-12:00,3.34,3.38
500110106,12:00-14:00,3.52,3.89
500110106,14:00-16:00,2.82,2.9
500110106,16:00-18:00,4.22,6.68
500110106,18:00-20:00,7.49,6.88
500110106,20:00-22:00,4.59,4.2
500110106,22:00-24:00,1.44,2.37
500110107,00:00-02:00,0.67,0.85
500110107,02:00-04:00,0.92,0.28
500110107,04:00-06:00,0.74,0.47
500110107,06:00-08:00,4.14,12.38
500110107,08:00-10:00,23.56,35.14
500110107,10:00-12:00,12.65,14.52
500110107,12:00-14:00,10.75,12.37
500110107,14:00-16:00,9.69,8.8
500110107,16:00-18:00,17.33,16.6
500110107,18:00-20:00,19.97,8.89
500110107,20:00-22:00,6.08,3.72
500110107,22:00-24:00,4.52,2.13
500110108,00:00-02:00,0.0,0.0
500110108,02:00-04:00,0.59,0.0
500110108,04:00-06:00,2.45,1.0
500110108,06:00-08:00,0.95,9.5
500110108,08:00-10:00,4.0,4.0
500110108,10:00-12:00,5.91,4.09
500110108,12:00-14:00,7.03,5.02
500110108,14:00-16:00,6.25,5.0
500110108,16:00-18:00,16.84,6.5
500110108,18:00-20:00,10.42,6.25
500110108,20:00-22:00,6.49,2.5
500110108,22:00-24:00,1.46,1.01
500110109,00:00-02:00,0.3,0.62
500110109,02:00-04:00,0.09,0.03
500110109,04:00-06:00,0.45,0.66
500110109,06:00-08:00,2.09,2.5
500110109,08:00-10:00,2.63,7.95
500110109,10:00-12:00,3.34,2.44
500110109,12:00-14:00,4.04,3.87
500110109,14:00-16:00,2.23,2.55
500110109,16:00-18:00,5.85,3.5
500110109,18:00-20:00,7.48,3.56
500110109,20:00-22:00,2.2,2.54
500110109,22:00-24:00,1.75,1.66
500110110,00:00-02:00,0.16,1.77
500110110,02:00-04:00,0.12,0.69
500110110,04:00-06:00,0.28,1.25
500110110,06:00-08:00,4.03,1.0
500110110,08:00-10:00,6.8,2.94
500110110,10:00-12:00,4.49,3.12
500110110,12:00-14:00,3.33,2.47
500110110,14:00-16:00,3.05,2.78
500110110,16:00-18:00,4.15,4.66
500110110,18:00-20:00,3.73,4.81
500110110,20:00-22:00,3.05,2.03
500110110,22:00-24:00,0.54,2.76
500111001,00:00-02:00,0.79,0.79
500111001,02:00-04:00,0.47,0.28
500111001,04:00-06:00,0.66,0.91
500111001,06:00-08:00,7.79,5.07
500111001,08:00-10:00,7.24,4.94
500111001,10:00-12:00,4.26,4.0
500111001,12:00-14:00,5.45,4.44
500111001,14:00-16:00,4.73,5.12
500111001,16:00-18:00,6.64,7.24
500111001,18:00-20:00,5.12,6.28
500111001,20:00-22:00,2.84,4.88
500111001,22:00-24:00,4.01,3.97
500111002,00:00-02:00,1.54,0.78
500111002,02:00-04:00,0.37,0.78
500111002,04:00-06:00,0.69,0.66
500111002,06:00-08:00,12.48,2.81
500111002,08:00-10:00,9.14,3.25
500111002,10:00-12:00,3.66,2.84
500111002,12:00-14:00,4.93,3.47
500111002,14:00-16:00,3.62,3.56
500111002,16:00-18:00,4.81,7.17
500111002,18:00-20:00,2.97,10.46
500111002,20:00-22:00,2.72,6.76
500111002,22:00-24:00,2.04,4.53
500111003,00:00-02:00,1.35,2.2
500111003,02:00-04:00,0.09,1.53
500111003,04:00-06:00,0.28,1.34
500111003,06:00-08:00,14.81,10.13
500111003,08:00-10:00,16.9,15.56
500111003,10:00-12:00,8.01,10.34
500111003,12:00-14:00,11.51,14.23
500111003,14:00-16:00,9.9,10.0
500111003,16:00-18:00,18.24,17.3
500111003,18:00-20:00,18.67,14.18
500111003,20:00-22:00,11.32,9.56
500111003,22:00-24:00,6.13,6.9
500111004,00:00-02:00,1.45,1.93
500111004,02:00-04:00,0.47,0.34
500111004,04:00-06:00,2.0,0.59
500111004,06:00-08:00,10.69,7.63
500111004,08:00-10:00,13.07,6.97
500111004,10:00-12:00,6.23,5.15
500111004,12:00-14:00,7.35,6.13
500111004,14:00-16:00,6.7,5.97
500111004,16:00-18:00,13.54,12.62
500111004,18:00-20:00,13.29,17.27
500111004,20:00-22:00,10.06,11.92
500111004,22:00-24:00,5.03,9.15
500111005,00:00-02:00,1.81,1.41
500111005,02:00-04:00,0.17,2.06
500111005,04:00-06:00,0.97,1.13
500111005,06:00-08:00,5.28,11.59
500111005,08:00-10:00,14.72,10.09
500111005,10:00-12:00,5.59,6.93
500111005,12:00-14:00,7.23,7.28
500111005,14:00-16:00,7.12,6.69
500111005,16:00-18:00,11.46,11.3
500111005,18:00-20:00,15.3,12.24
500111005,20:00-22:00,9.58,6.28
500111005,22:00-24:00,5.95,5.87
500111006,00:00-02:00,0.1,0.26
500111006,02:00-04:00,0.06,0.03
500111006,04:00-06:00,0.47,1.69
500111006,06:00-08:00,6.72,9.94
500111006,08:00-10:00,12.04,10.82
500111006,10:00-12:00,10.27,10.94
500111006,12:00-14:00,10.1,11.17
500111006,14:00-16:00,10.61,9.58
500111006,16:00-18:00,12.17,13.2
500111006,18:00-20:00,11.2,13.1
500111006,20:00-22:00,11.15,7.83
500111006,22:00-24:00,1.57,1.73
500111007,00:00-02:00,0.64,1.02
500111007,02:00-04:00,0.44,0.53
500111007,04:00-06:00,0.59,1.28
500111007,06:00-08:00,8.47,8.63
500111007,08:00-10:00,10.52,9.66
500111007,10:00-12:00,5.94,5.87
500111007,12:00-14:00,7.94,8.32
500111007,14:00-16:00,6.4,6.66
500111007,16:00-18:00,11.24,11.04
500111007,18:00-20:00,13.02,10.74
500111007,20:00-22:00,7.14,7.06
500111007,22:00-24:00,3.7,3.42
500111008,00:00-02:00,1.61,1.48
500111008,02:00-04:00,2.09,0.09
500111008,04:00-06:00,1.34,0.84
500111008,06:00-08:00,9.34,10.44
500111008,08:00-10:00,12.47,6.22
500111008,10:00-12:00,6.41,4.81
500111008,12:00-14:00,7.17,6.19
500111008,14:00-16:00,4.42,5.5
500111008,16:00-18:00,11.62,10.19
500111008,18:00-20:00,6.97,13.77
500111008,20:00-22:00,7.91,9.0
500111008,22:00-24:00,4.14,4.45
500111009,00:00-02:00,0.56,0.76
500111009,02:00-04:00,0.37,0.06
500111009,04:00-06:00,1.47,1.25
500111009,06:00-08:00,10.78,3.03
500111009,08:00-10:00,6.29,4.63
500111009,10:00-12:00,5.73,3.09
500111009,12:00-14:00,4.42,3.35
500111009,14:00-16:00,4.09,4.41
500111009,16:00-18:00,5.11,8.75
500111009,18:00-20:00,4.65,8.38
500111009,20:00-22:00,4.38,5.65
500111009,22:00-24:00,2.07,2.49
500111010,00:00-02:00,1.11,2.07
500111010,02:00-04:00,0.16,1.66
500111010,04:00-06:00,0.16,1.03
500111010,06:00-08:00,8.16,4.75
500111010,08:00-10:00,9.24,7.56
500111010,10:00-12:00,5.27,4.9
500111010,12:00-14:00,8.88,7.97
500111010,14:00-16:00,3.97,4.28
500111010,16:00-18:00,9.17,8.46
500111010,18:00-20:00,7.73,5.64
500111010,20:00-22:00,4.31,3.56
500111010,22:00-24:00,3.32,5.3
500111011,00:00-02:00,0.27,0.66
500111011,02:00-04:00,0.36,0.16
500111011,04:00-06:00,0.09,0.75
500111011,06:00-08:00,1.97,9.47
500111011,08:00-10:00,15.25,14.01
500111011,10:00-12:00,7.4,6.72
500111011,12:00-14:00,11.89,11.0
500111011,14:00-16:00,5.71,8.72
500111011,16:00-18:00,14.5,6.64
500111011,18:00-20:00,6.76,6.28
500111011,20:00-22:00,5.45,3.03
500111011,22:00-24:00,1.46,1.25
500111012,00:00-02:00,0.03,0.36
500111012,02:00-04:00,0.0,0.0
500111012,04:00-06:00,0.03,0.09
500111012,06:00-08:00,6.16,13.09
500111012,08:00-10:00,18.63,20.36
500111012,10:00-12:00,6.93,3.22
500111012,12:00-14:00,8.52,12.28
500111012,14:00-16:00,3.91,5.17
500111012,16:00-18:00,24.37,17.55
500111012,18:00-20:00,5.91,2.34
500111012,20:00-22:00,1.98,1.16
500111012,22:00-24:00,3.28,0.72
500111013,00:00-02:00,3.57,3.98
500111013,02:00-04:00,0.75,2.97
500111013,04:00-06:00,0.5,3.44
500111013,06:00-08:00,21.32,15.16
500111013,08:00-10:00,19.61,15.25
500111013,10:00-12:00,9.45,10.46
500111013,12:00-14:00,11.19,13.23
500111013,14:00-16:00,10.43,12.06
500111013,16:00-18:00,19.1,30.76
500111013,18:00-20:00,26.32,14.67
500111013,20:00-22:00,14.57,9.47
500111013,22:00-24:00,8.87,7.06
500111014,00:00-02:00,0.69,1.77
500111014,02:00-04:00,0.16,0.16
500111014,04:00-06:00,1.16,1.03
500111014,06:00-08:00,12.91,3.69
500111014,08:00-10:00,6.1,3.75
500111014,10:00-12:00,4.62,3.97
500111014,12:00-14:00,5.71,5.66
500111014,14:00-16:00,4.26,4.31
500111014,16:00-18:00,6.92,12.71
500111014,18:00-20:00,11.56,12.65
500111014,20:00-22:00,7.41,8.76
500111014,22:00-24:00,4.8,4.93
500111015,00:00-02:00,1.64,1.35
500111015,02:00-04:00,0.09,0.09
500111015,04:00-06:00,0.88,0.41
500111015,06:00-08:00,8.47,2.16
500111015,08:00-10:00,6.71,2.97
500111015,10:00-12:00,3.85,3.4
500111015,12:00-14:00,5.22,4.28
500111015,14:00-16:00,2.87,3.44
500111015,16:00-18:00,5.07,8.59
500111015,18:00-20:00,9.53,10.09
500111015,20:00-22:00,4.34,7.81
500111015,22:00-24:00,2.29,3.8
500111016,00:00-02:00,0.66,2.33
500111016,02:00-04:00,0.16,0.62
500111016,04:00-06:00,0.75,0.16
500111016,06:00-08:00,8.47,3.57
500111016,08:00-10:00,12.17,2.78
500111016,10:00-12:00,4.07,3.56
500111016,12:00-14:00,4.36,3.91
500111016,14:00-16:00,3.37,3.84
500111016,16:00-18:00,7.22,9.12
500111016,18:00-20:00,5.85,10.4
500111016,20:00-22:00,3.94,7.76
500111016,22:00-24:00,3.14,3.58
500111017,00:00-02:00,0.56,1.81
500111017,02:00-04:00,0.19,0.31
500111017,04:00-06:00,0.59,0.09
500111017,06:00-08:00,7.18,1.88
500111017,08:00-10:00,6.84,2.13
500111017,10:00-12:00,3.04,3.15
500111017,12:00-14:00,3.76,3.35
500111017,14:00-16:00,1.97,2.19
500111017,16:00-18:00,3.49,5.35
500111017,18:00-20:00,3.06,5.93
500111017,20:00-22:00,2.59,4.46
500111017,22:00-24:00,2.98,2.42
500111018,00:00-02:00,0.39,0.56
500111018,02:00-04:00,0.06,0.28
500111018,04:00-06:00,0.59,0.44
500111018,06:00-08:00,4.78,1.94
500111018,08:00-10:00,5.26,2.41
500111018,10:00-12:00,2.45,3.25
500111018,12:00-14:00,2.95,3.56
500111018,14:00-16:00,2.35,2.25
500111018,16:00-18:00,4.34,5.85
500111018,18:00-20:00,6.09,6.18
500111018,20:00-22:00,4.01,4.06
500111018,22:00-24:00,1.84,1.94
500111019,00:00-02:00,0.72,1.08
500111019,02:00-04:00,0.09,0.06
500111019,04:00-06:00,0.03,0.38
500111019,06:00-08:00,2.5,5.31
500111019,08:00-10:00,3.16,10.28
500111019,10:00-12:00,4.03,6.72
500111019,12:00-14:00,8.94,8.85
500111019,14:00-16:00,8.37,7.69
500111019,16:00-18:00,14.7,7.47
500111019,18:00-20:00,13.56,9.06
500111019,20:00-22:00,6.62,3.06
500111019,22:00-24:00,1.94,1.66
500111020,00:00-02:00,0.3,0.43
500111020,02:00-04:00,0.09,0.09
500111020,04:00-06:00,0.38,0.59
500111020,06:00-08:00,5.35,10.22
500111020,08:00-10:00,14.84,25.67
500111020,10:00-12:00,7.38,7.25
500111020,12:00-14:00,11.16,9.62
500111020,14:00-16:00,5.71,10.99
500111020,16:00-18:00,26.36,9.54
500111020,18:00-20:00,11.85,4.75
500111020,20:00-22:00,3.74,2.22
500111020,22:00-24:00,2.65,0.85
500111021,00:00-02:00,0.57,1.48
500111021,02:00-04:00,0.25,0.34
500111021,04:00-06:00,0.53,0.5
500111021,06:00-08:00,4.99,4.81
500111021,08:00-10:00,7.87,4.56
500111021,10:00-12:00,3.04,4.09
500111021,12:00-14:00,5.44,4.78
500111021,14:00-16:00,4.0,4.19
500111021,16:00-18:00,6.45,5.13
500111021,18:00-20:00,5.14,6.75
500111021,20:00-22:00,4.63,4.06
500111021,22:00-24:00,1.44,1.73
500111022,00:00-02:00,0.45,0.53
500111022,02:00-04:00,0.16,0.53
500111022,04:00-06:00,0.09,3.38
500111022,06:00-08:00,7.72,2.56
500111022,08:00-10:00,10.19,5.03
500111022,10:00-12:00,4.91,6.68
500111022,12:00-14:00,7.18,6.0
500111022,14:00-16:00,6.37,10.0
500111022,16:00-18:00,8.81,13.06
500111022,18:00-20:00,10.32,6.0
500111022,20:00-22:00,4.26,2.63
500111022,22:00-24:00,2.7,3.2
500111023,00:00-02:00,2.2,0.96
500111023,02:00-04:00,0.28,0.25
500111023,04:00-06:00,1.31,0.44
500111023,06:00-08:00,9.55,3.78
500111023,08:00-10:00,10.75,7.19
500111023,10:00-12:00,6.32,4.28
500111023,12:00-14:00,5.89,5.32
500111023,14:00-16:00,5.05,5.47
500111023,16:00-18:00,8.85,12.05
500111023,18:00-20:00,9.53,9.62
500111023,20:00-22:00,4.38,9.88
500111023,22:00-24:00,2.1,4.08
500111024,00:00-02:00,0.66,0.1
500111024,02:00-04:00,0.06,0.0
500111024,04:00-06:00,0.63,1.19
500111024,06:00-08:00,1.84,6.47
500111024,08:00-10:00,2.31,6.91
500111024,10:00-12:00,3.37,1.97
500111024,12:00-14:00,3.81,3.88
500111024,14:00-16:00,3.79,4.61
500111024,16:00-18:00,13.28,2.52
500111024,18:00-20:00,4.37,4.56
500111024,20:00-22:00,2.35,2.22
500111024,22:00-24:00,0.64,0.88
500111025,00:00-02:00,0.11,1.05
500111025,02:00-04:00,0.03,0.0
500111025,04:00-06:00,0.03,0.5
500111025,06:00-08:00,2.16,2.31
500111025,08:00-10:00,5.29,5.76
500111025,10:00-12:00,4.11,2.74
500111025,12:00-14:00,3.64,5.64
500111025,14:00-16:00,2.66,1.69
500111025,16:00-18:00,4.07,3.65
500111025,18:00-20:00,2.71,1.78
500111025,20:00-22:00,1.52,0.88
500111025,22:00-24:00,0.61,0.25
500111026,00:00-02:00,0.82,2.33
500111026,02:00-04:00,0.03,1.19
500111026,04:00-06:00,0.0,0.97
500111026,06:00-08:00,9.95,4.66
500111026,08:00-10:00,10.0,6.64
500111026,10:00-12:00,2.52,2.56
500111026,12:00-14:00,3.51,4.03
500111026,14:00-16:00,3.12,3.2
500111026,16:00-18:00,6.38,10.98
500111026,18:00-20:00,7.6,4.66
500111026,20:00-22:00,5.03,2.5
500111026,22:00-24:00,2.87,2.51
500111027,00:00-02:00,0.81,1.94
500111027,02:00-04:00,0.09,1.06
500111027,04:00-06:00,0.06,0.09
500111027,06:00-08:00,4.32,0.84
500111027,08:00-10:00,8.54,6.78
500111027,10:00-12:00,1.28,1.31
500111027,12:00-14:00,1.62,1.47
500111027,14:00-16:00,1.67,0.94
500111027,16:00-18:00,1.93,4.22
500111027,18:00-20:00,2.45,2.53
500111027,20:00-22:00,2.91,0.69
500111027,22:00-24:00,1.86,1.54
500111028,00:00-02:00,1.25,0.71
500111028,02:00-04:00,0.0,0.03
500111028,04:00-06:00,1.38,0.13
500111028,06:00-08:00,11.53,5.09
500111028,08:00-10:00,9.49,9.25
500111028,10:00-12:00,5.33,3.94
500111028,12:00-14:00,5.93,4.38
500111028,14:00-16:00,2.98,4.03
500111028,16:00-18:00,8.01,8.18
500111028,18:00-20:00,10.35,11.43
500111028,20:00-22:00,2.97,8.49
500111028,22:00-24:00,1.41,3.37
500111029,00:00-02:00,1.54,2.84
500111029,02:00-04:00,0.81,0.29
500111029,04:00-06:00,0.66,0.69
500111029,06:00-08:00,1.47,1.94
500111029,08:00-10:00,2.03,3.34
500111029,10:00-12:00,4.15,3.53
500111029,12:00-14:00,3.41,3.98
500111029,14:00-16:00,3.91,2.0
500111029,16:00-18:00,3.96,2.58
500111029,18:00-20:00,2.03,2.19
500111029,20:00-22:00,1.33,2.41
500111029,22:00-24:00,3.07,3.54
500111030,00:00-02:00,0.49,0.56
500111030,02:00-04:00,0.0,0.16
500111030,04:00-06:00,0.25,0.19
500111030,06:00-08:00,3.51,0.61
500111030,08:00-10:00,4.58,2.78
500111030,10:00-12:00,1.95,1.06
500111030,12:00-14:00,1.44,1.59
500111030,14:00-16:00,1.15,1.37
500111030,16:00-18:00,1.69,2.89
500111030,18:00-20:00,1.5,3.75
500111030,20:00-22:00,1.91,1.97
500111030,22:00-24:00,0.25,0.82
500111031,00:00-02:00,0.85,0.79
500111031,02:00-04:00,0.09,0.12
500111031,04:00-06:00,0.88,0.06
500111031,06:00-08:00,5.56,2.59
500111031,08:00-10:00,7.44,5.06
500111031,10:00-12:00,3.99,3.78
500111031,12:00-14:00,3.51,3.1
500111031,14:00-16:00,2.3,2.28
500111031,16:00-18:00,3.9,7.47
500111031,18:00-20:00,6.34,5.64
500111031,20:00-22:00,4.09,3.45
500111031,22:00-24:00,1.85,2.67
500111032,00:00-02:00,0.49,0.33
500111032,02:00-04:00,0.03,0.0
500111032,04:00-06:00,0.06,0.0
500111032,06:00-08:00,2.74,1.78
500111032,08:00-10:00,5.67,7.85
500111032,10:00-12:00,2.74,1.75
500111032,12:00-14:00,3.35,3.22
500111032,14:00-16:00,2.03,2.6
500111032,16:00-18:00,4.56,3.37
500111032,18:00-20:00,6.2,4.03
500111032,20:00-22:00,1.65,2.44
500111032,22:00-24:00,1.09,1.32
500111033,00:00-02:00,0.99,0.62
500111033,02:00-04:00,0.56,0.59
500111033,04:00-06:00,0.47,0.13
500111033,06:00-08:00,6.09,6.75
500111033,08:00-10:00,10.23,12.04
500111033,10:00-12:00,6.53,5.55
500111033,12:00-14:00,8.15,7.47
500111033,14:00-16:00,4.5,3.5
500111033,16:00-18:00,10.17,6.17
500111033,18:00-20:00,6.02,4.75
500111033,20:00-22:00,2.82,3.22
500111033,22:00-24:00,0.89,3.07
500111034,00:00-02:00,0.24,0.39
500111034,02:00-04:00,0.0,0.0
500111034,04:00-06:00,0.16,0.06
500111034,06:00-08:00,0.89,5.0
500111034,08:00-10:00,1.69,6.82
500111034,10:00-12:00,1.72,1.98
500111034,12:00-14:00,4.25,4.17
500111034,14:00-16:00,1.53,1.72
500111034,16:00-18:00,8.95,2.08
500111034,18:00-20:00,4.91,2.62
500111034,20:00-22:00,1.44,0.94
500111034,22:00-24:00,1.48,0.56
500111035,00:00-02:00,0.99,2.43
500111035,02:00-04:00,0.07,1.62
500111035,04:00-06:00,1.78,4.37
500111035,06:00-08:00,23.44,14.95
500111035,08:00-10:00,25.18,16.67
500111035,10:00-12:00,11.79,12.16
500111035,12:00-14:00,13.94,13.04
500111035,14:00-16:00,9.57,11.58
500111035,16:00-18:00,19.55,31.16
500111035,18:00-20:00,20.58,17.01
500111035,20:00-22:00,13.45,10.22
500111035,22:00-24:00,8.08,3.98
500111036,00:00-02:00,0.39,1.38
500111036,02:00-04:00,0.09,0.16
500111036,04:00-06:00,0.41,0.88
500111036,06:00-08:00,6.27,2.66
500111036,08:00-10:00,6.26,3.81
500111036,10:00-12:00,2.89,2.65
500111036,12:00-14:00,2.81,2.91
500111036,14:00-16:00,2.06,2.41
500111036,16:00-18:00,5.03,5.03
500111036,18:00-20:00,4.26,5.9
500111036,20:00-22:00,3.06,3.99
500111036,22:00-24:00,2.1,2.23
500111037,00:00-02:00,1.22,0.66
500111037,02:00-04:00,0.1,0.22
500111037,04:00-06:00,0.13,0.5
500111037,06:00-08:00,5.34,10.26
500111037,08:00-10:00,11.31,13.85
500111037,10:00-12:00,4.35,5.42
500111037,12:00-14:00,8.5,8.37
500111037,14:00-16:00,4.99,4.94
500111037,16:00-18:00,13.66,7.02
500111037,18:00-20:00,7.49,4.9
500111037,20:00-22:00,4.14,2.78
500111037,22:00-24:00,2.03,1.29
500111038,00:00-02:00,0.69,0.79
500111038,02:00-04:00,1.14,0.25
500111038,04:00-06:00,0.23,0.72
500111038,06:00-08:00,4.1,10.94
500111038,08:00-10:00,18.59,21.81
500111038,10:00-12:00,8.31,10.47
500111038,12:00-14:00,10.13,12.09
500111038,14:00-16:00,8.44,10.7
500111038,16:00-18:00,26.29,13.12
500111038,18:00-20:00,12.24,7.28
500111038,20:00-22:00,5.27,2.91
500111038,22:00-24:00,2.31,1.51
500111039,00:00-02:00,0.66,0.97
500111039,02:00-04:00,0.09,0.25
500111039,04:00-06:00,0.41,0.44
500111039,06:00-08:00,2.78,0.44
500111039,08:00-10:00,5.57,1.91
500111039,10:00-12:00,2.67,1.84
500111039,12:00-14:00,2.1,2.38
500111039,14:00-16:00,1.76,1.84
500111039,16:00-18:00,2.11,2.74
500111039,18:00-20:00,1.87,4.4
500111039,20:00-22:00,1.66,3.09
500111039,22:00-24:00,1.32,2.44
500111040,00:00-02:00,0.43,0.35
500111040,02:00-04:00,0.06,0.22
500111040,04:00-06:00,1.06,0.69
500111040,06:00-08:00,5.25,5.92
500111040,08:00-10:00,8.75,9.41
500111040,10:00-12:00,5.78,5.97
500111040,12:00-14:00,5.33,7.81
500111040,14:00-16:00,3.46,3.39
500111040,16:00-18:00,12.11,7.41
500111040,18:00-20:00,8.29,4.78
500111040,20:00-22:00,2.33,2.81
500111040,22:00-24:00,1.15,1.6
500111041,00:00-02:00,0.43,0.43
500111041,02:00-04:00,0.31,0.06
500111041,04:00-06:00,0.48,0.59
500111041,06:00-08:00,3.44,7.38
500111041,08:00-10:00,9.19,10.52
500111041,10:00-12:00,5.47,5.09
500111041,12:00-14:00,6.62,6.86
500111041,14:00-16:00,3.19,3.72
500111041,16:00-18:00,8.44,3.96
500111041,18:00-20:00,6.52,4.59
500111041,20:00-22:00,2.95,3.5
500111041,22:00-24:00,1.63,1.1
500111042,00:00-02:00,0.72,1.17
500111042,02:00-04:00,0.28,0.1
500111042,04:00-06:00,0.31,0.69
500111042,06:00-08:00,4.58,3.8
500111042,08:00-10:00,7.19,3.63
500111042,10:00-12:00,3.19,2.28
500111042,12:00-14:00,3.18,2.88
500111042,14:00-16:00,2.6,2.72
500111042,16:00-18:00,3.33,5.05
500111042,18:00-20:00,4.68,7.7
500111042,20:00-22:00,4.31,5.12
500111042,22:00-24:00,3.23,2.89
500111043,00:00-02:00,0.23,0.76
500111043,02:00-04:00,0.03,0.31
500111043,04:00-06:00,0.09,0.34
500111043,06:00-08:00,1.63,2.38
500111043,08:00-10:00,4.99,4.66
500111043,10:00-12:00,4.55,2.28
500111043,12:00-14:00,3.42,4.13
500111043,14:00-16:00,4.28,2.75
500111043,16:00-18:00,3.86,2.83
500111043,18:00-20:00,3.86,3.22
500111043,20:00-22:00,1.8,1.81
500111043,22:00-24:00,0.64,2.7
500111044,00:00-02:00,1.22,0.2
500111044,02:00-04:00,0.28,0.09
500111044,04:00-06:00,0.13,0.09
500111044,06:00-08:00,1.91,3.78
500111044,08:00-10:00,2.31,2.66
500111044,10:00-12:00,2.53,1.44
500111044,12:00-14:00,2.81,2.16
500111044,14:00-16:00,1.5,1.66
500111044,16:00-18:00,5.16,2.55
500111044,18:00-20:00,4.07,3.84
500111044,20:00-22:00,2.59,5.19
500111044,22:00-24:00,0.97,1.04
500111045,00:00-02:00,0.43,0.46
500111045,02:00-04:00,1.19,0.41
500111045,04:00-06:00,1.31,0.19
500111045,06:00-08:00,4.61,1.63
500111045,08:00-10:00,6.95,4.81
500111045,10:00-12:00,3.47,2.53
500111045,12:00-14:00,3.89,3.56
500111045,14:00-16:00,2.57,2.72
500111045,16:00-18:00,4.44,11.67
500111045,18:00-20:00,4.72,6.9
500111045,20:00-22:00,4.22,3.81
500111045,22:00-24:00,3.89,2.2
500111046,00:00-02:00,1.73,2.53
500111046,02:00-04:00,0.19,0.47
500111046,04:00-06:00,0.78,2.47
500111046,06:00-08:00,13.67,18.74
500111046,08:00-10:00,16.55,17.17
500111046,10:00-12:00,10.6,12.55
500111046,12:00-14:00,15.61,13.97
500111046,14:00-16:00,12.93,11.83
500111046,16:00-18:00,18.58,18.28
500111046,18:00-20:00,20.38,17.05
500111046,20:00-22:00,14.25,11.47
500111046,22:00-24:00,9.86,8.06
500111047,00:00-02:00,0.49,0.9
500111047,02:00-04:00,0.25,0.16
500111047,04:00-06:00,0.66,0.03
500111047,06:00-08:00,6.56,2.34
500111047,08:00-10:00,8.24,6.66
500111047,10:00-12:00,5.66,3.09
500111047,12:00-14:00,5.17,3.47
500111047,14:00-16:00,3.01,2.62
500111047,16:00-18:00,4.79,5.54
500111047,18:00-20:00,4.32,6.76
500111047,20:00-22:00,3.63,4.38
500111047,22:00-24:00,1.66,2.95
500111048,00:00-02:00,0.79,0.76
500111048,02:00-04:00,0.0,0.87
500111048,04:00-06:00,0.81,0.35
500111048,06:00-08:00,9.13,4.88
500111048,08:00-10:00,6.73,2.88
500111048,10:00-12:00,5.67,3.69
500111048,12:00-14:00,3.69,2.97
500111048,14:00-16:00,2.41,2.28
500111048,16:00-18:00,5.15,6.07
500111048,18:00-20:00,6.13,7.95
500111048,20:00-22:00,3.93,6.44
500111048,22:00-24:00,2.7,3.89
500111049,00:00-02:00,0.39,0.66
500111049,02:00-04:00,0.06,0.12
500111049,04:00-06:00,0.5,0.25
500111049,06:00-08:00,1.89,1.97
500111049,08:00-10:00,2.68,3.56
500111049,10:00-12:00,1.66,1.09
500111049,12:00-14:00,1.97,2.25
500111049,14:00-16:00,1.66,1.94
500111049,16:00-18:00,4.19,2.96
500111049,18:00-20:00,6.41,4.09
500111049,20:00-22:00,4.19,3.53
500111049,22:00-24:00,1.32,1.19
500111050,00:00-02:00,1.58,0.6
500111050,02:00-04:00,0.16,0.12
500111050,04:00-06:00,0.66,0.53
500111050,06:00-08:00,4.99,7.47
500111050,08:00-10:00,8.14,10.53
500111050,10:00-12:00,6.5,4.33
500111050,12:00-14:00,6.69,5.7
500111050,14:00-16:00,4.27,4.48
500111050,16:00-18:00,9.89,5.74
500111050,18:00-20:00,7.48,7.53
500111050,20:00-22:00,5.45,5.69
500111050,22:00-24:00,2.2,2.89
500111051,00:00-02:00,0.64,3.29
500111051,02:00-04:00,0.0,0.56
500111051,04:00-06:00,0.38,1.19
500111051,06:00-08:00,10.25,5.96
500111051,08:00-10:00,12.27,7.66
500111051,10:00-12:00,5.01,6.66
500111051,12:00-14:00,6.14,7.98
500111051,14:00-16:00,4.28,5.49
500111051,16:00-18:00,7.05,11.34
500111051,18:00-20:00,10.87,8.87
500111051,20:00-22:00,7.05,3.09
500111051,22:00-24:00,3.62,1.6
500111052,00:00-02:00,0.07,0.56
500111052,02:00-04:00,0.12,0.5
500111052,04:00-06:00,0.06,0.09
500111052,06:00-08:00,0.94,1.06
500111052,08:00-10:00,2.87,1.38
500111052,10:00-12:00,0.61,1.03
500111052,12:00-14:00,1.47,1.53
500111052,14:00-16:00,0.97,1.5
500111052,16:00-18:00,2.18,1.82
500111052,18:00-20:00,1.59,1.28
500111052,20:00-22:00,1.06,0.69
500111052,22:00-24:00,0.74,0.53
500111053,00:00-02:00,0.49,0.43
500111053,02:00-04:00,0.16,0.12
500111053,04:00-06:00,0.25,0.13
500111053,06:00-08:00,2.92,0.97
500111053,08:00-10:00,3.41,1.88
500111053,10:00-12:00,2.19,2.37
500111053,12:00-14:00,1.38,1.88
500111053,14:00-16:00,1.65,1.69
500111053,16:00-18:00,1.9,2.96
500111053,18:00-20:00,4.2,3.97
500111053,20:00-22:00,1.54,2.98
500111053,22:00-24:00,1.73,1.08
500111054,00:00-02:00,0.03,0.13
500111054,02:00-04:00,0.03,0.31
500111054,04:00-06:00,0.09,0.0
500111054,06:00-08:00,1.73,0.56
500111054,08:00-10:00,1.22,1.03
500111054,10:00-12:00,0.93,0.91
500111054,12:00-14:00,1.01,1.22
500111054,14:00-16:00,0.5,0.97
500111054,16:00-18:00,1.68,1.82
500111054,18:00-20:00,1.76,1.22
500111054,20:00-22:00,1.44,1.09
500111054,22:00-24:00,0.48,0.88
500111055,00:00-02:00,0.43,0.76
500111055,02:00-04:00,0.22,0.09
500111055,04:00-06:00,0.22,0.31
500111055,06:00-08:00,7.84,11.79
500111055,08:00-10:00,7.69,10.8
500111055,10:00-12:00,4.62,3.31
500111055,12:00-14:00,5.31,6.41
500111055,14:00-16:00,4.66,4.12
500111055,16:00-18:00,17.61,5.66
500111055,18:00-20:00,6.36,5.84
500111055,20:00-22:00,3.82,2.59
500111055,22:00-24:00,0.96,1.82
500111056,00:00-02:00,1.08,1.38
500111056,02:00-04:00,0.09,0.12
500111056,04:00-06:00,0.25,0.53
500111056,06:00-08:00,7.2,19.09
500111056,08:00-10:00,20.18,8.81
500111056,10:00-12:00,4.22,4.03
500111056,12:00-14:00,5.51,5.25
500111056,14:00-16:00,4.45,5.97
500111056,16:00-18:00,17.18,16.86
500111056,18:00-20:00,11.88,9.4
500111056,20:00-22:00,6.99,3.75
500111056,22:00-24:00,4.07,2.38
500111057,00:00-02:00,1.45,1.83
500111057,02:00-04:00,0.94,0.86
500111057,04:00-06:00,1.91,0.78
500111057,06:00-08:00,7.54,6.24
500111057,08:00-10:00,9.77,4.91
500111057,10:00-12:00,5.97,5.37
500111057,12:00-14:00,6.27,6.29
500111057,14:00-16:00,4.16,4.03
500111057,16:00-18:00,9.32,10.65
500111057,18:00-20:00,7.89,11.78
500111057,20:00-22:00,5.62,6.9
500111057,22:00-24:00,3.14,3.2
500111058,00:00-02:00,0.46,0.82
500111058,02:00-04:00,0.0,0.16
500111058,04:00-06:00,0.09,0.03
500111058,06:00-08:00,2.04,0.81
500111058,08:00-10:00,3.5,0.72
500111058,10:00-12:00,1.62,1.69
500111058,12:00-14:00,2.33,2.31
500111058,14:00-16:00,1.01,1.34
500111058,16:00-18:00,1.28,3.15
500111058,18:00-20:00,4.17,3.18
500111058,20:00-22:00,0.67,2.19
500111058,22:00-24:00,1.0,1.05
500111059,00:00-02:00,0.1,0.59
500111059,02:00-04:00,0.03,0.03
500111059,04:00-06:00,0.5,0.09
500111059,06:00-08:00,1.81,1.5
500111059,08:00-10:00,3.09,5.81
500111059,10:00-12:00,2.98,1.08
500111059,12:00-14:00,3.22,1.97
500111059,14:00-16:00,1.76,1.69
500111059,16:00-18:00,5.96,2.42
500111059,18:00-20:00,2.45,3.72
500111059,20:00-22:00,1.16,2.09
500111059,22:00-24:00,0.22,1.57
500111060,00:00-02:00,1.94,0.66
500111060,02:00-04:00,0.59,0.47
500111060,04:00-06:00,0.63,0.47
500111060,06:00-08:00,8.97,3.53
500111060,08:00-10:00,13.44,8.5
500111060,10:00-12:00,4.43,3.19
500111060,12:00-14:00,4.97,4.72
500111060,14:00-16:00,3.04,3.06
500111060,16:00-18:00,8.43,9.16
500111060,18:00-20:00,7.0,10.84
500111060,20:00-22:00,4.9,8.91
500111060,22:00-24:00,2.38,4.52
500111061,00:00-02:00,1.55,1.31
500111061,02:00-04:00,0.03,0.09
500111061,04:00-06:00,0.41,0.25
500111061,06:00-08:00,2.56,2.38
500111061,08:00-10:00,5.91,3.14
500111061,10:00-12:00,2.15,1.78
500111061,12:00-14:00,1.04,1.63
500111061,14:00-16:00,1.1,2.0
500111061,16:00-18:00,4.55,3.05
500111061,18:00-20:00,5.0,2.78
500111061,20:00-22:00,2.13,0.84
500111061,22:00-24:00,1.72,3.26
500111062,00:00-02:00,0.87,1.28
500111062,02:00-04:00,0.06,0.03
500111062,04:00-06:00,0.03,0.38
500111062,06:00-08:00,7.06,10.5
500111062,08:00-10:00,13.83,8.03
500111062,10:00-12:00,3.91,3.34
500111062,12:00-14:00,3.6,4.66
500111062,14:00-16:00,3.89,4.78
500111062,16:00-18:00,8.8,7.55
500111062,18:00-20:00,9.64,7.15
500111062,20:00-22:00,5.28,3.5
500111062,22:00-24:00,2.93,2.98
500111063,00:00-02:00,1.09,0.69
500111063,02:00-04:00,0.03,0.09
500111063,04:00-06:00,0.41,0.38
500111063,06:00-08:00,6.4,5.97
500111063,08:00-10:00,7.55,6.57
500111063,10:00-12:00,6.03,4.91
500111063,12:00-14:00,4.82,4.53
500111063,14:00-16:00,4.81,4.19
500111063,16:00-18:00,6.95,6.14
500111063,18:00-20:00,4.62,5.18
500111063,20:00-22:00,2.33,4.18
500111063,22:00-24:00,2.64,2.46
500111065,00:00-02:00,0.5,0.39
500111065,02:00-04:00,0.16,0.09
500111065,04:00-06:00,1.28,1.31
500111065,06:00-08:00,9.28,7.53
500111065,08:00-10:00,11.98,18.66
500111065,10:00-12:00,9.03,5.72
500111065,12:00-14:00,10.37,11.35
500111065,14:00-16:00,6.0,6.09
500111065,16:00-18:00,9.08,13.47
500111065,18:00-20:00,15.49,12.96
500111065,20:00-22:00,8.47,5.75
500111065,22:00-24:00,4.52,2.67
500111066,00:00-02:00,0.33,0.39
500111066,02:00-04:00,0.03,0.06
500111066,04:00-06:00,0.06,0.09
500111066,06:00-08:00,0.44,2.37
500111066,08:00-10:00,2.13,2.86
500111066,10:00-12:00,1.59,1.02
500111066,12:00-14:00,2.38,2.56
500111066,14:00-16:00,1.5,0.67
500111066,16:00-18:00,3.45,1.88
500111066,18:00-20:00,1.73,1.0
500111066,20:00-22:00,0.67,0.91
500111066,22:00-24:00,0.67,0.9
500111067,00:00-02:00,0.3,0.33
500111067,02:00-04:00,0.16,0.06
500111067,04:00-06:00,0.88,0.47
500111067,06:00-08:00,4.79,1.91
500111067,08:00-10:00,4.29,4.5
500111067,10:00-12:00,4.01,3.12
500111067,12:00-14:00,4.48,3.69
500111067,14:00-16:00,3.56,3.22
500111067,16:00-18:00,4.16,5.6
500111067,18:00-20:00,7.0,5.5
500111067,20:00-22:00,3.19,4.78
500111067,22:00-24:00,1.13,2.5
500111068,00:00-02:00,0.63,2.07
500111068,02:00-04:00,0.06,1.22
500111068,04:00-06:00,0.66,0.84
500111068,06:00-08:00,9.85,5.22
500111068,08:00-10:00,10.8,7.57
500111068,10:00-12:00,3.28,4.65
500111068,12:00-14:00,4.63,4.23
500111068,14:00-16:00,3.6,4.01
500111068,16:00-18:00,6.69,15.64
500111068,18:00-20:00,9.27,6.09
500111068,20:00-22:00,4.8,2.75
500111068,22:00-24:00,2.57,1.05
500111069,00:00-02:00,2.36,1.74
500111069,02:00-04:00,0.62,3.25
500111069,04:00-06:00,0.75,3.88
500111069,06:00-08:00,15.18,6.34
500111069,08:00-10:00,17.43,10.56
500111069,10:00-12:00,7.72,9.49
500111069,12:00-14:00,10.73,10.35
500111069,14:00-16:00,7.3,9.28
500111069,16:00-18:00,17.87,25.31
500111069,18:00-20:00,20.3,17.4
500111069,20:00-22:00,11.53,6.59
500111069,22:00-24:00,6.67,3.8
500111070,00:00-02:00,1.12,2.67
500111070,02:00-04:00,0.84,0.59
500111070,04:00-06:00,2.63,0.66
500111070,06:00-08:00,21.99,12.72
500111070,08:00-10:00,18.82,7.34
500111070,10:00-12:00,7.97,5.68
500111070,12:00-14:00,9.35,7.19
500111070,14:00-16:00,7.46,7.69
500111070,16:00-18:00,8.81,16.14
500111070,18:00-20:00,19.51,17.84
500111070,20:00-22:00,8.89,13.59
500111070,22:00-24:00,6.99,9.51
500111071,00:00-02:00,0.46,1.02
500111071,02:00-04:00,0.03,0.03
500111071,04:00-06:00,1.13,0.31
500111071,06:00-08:00,6.83,13.51
500111071,08:00-10:00,5.16,3.76
500111071,10:00-12:00,3.12,2.37
500111071,12:00-14:00,3.63,3.38
500111071,14:00-16:00,4.0,2.05
500111071,16:00-18:00,10.73,4.91
500111071,18:00-20:00,5.46,7.34
500111071,20:00-22:00,4.63,3.44
500111071,22:00-24:00,0.98,2.1
500111072,00:00-02:00,0.49,1.35
500111072,02:00-04:00,0.03,0.0
500111072,04:00-06:00,1.16,0.19
500111072,06:00-08:00,7.53,1.16
500111072,08:00-10:00,6.67,4.75
500111072,10:00-12:00,3.12,2.94
500111072,12:00-14:00,2.62,2.03
500111072,14:00-16:00,2.43,2.78
500111072,16:00-18:00,3.81,4.85
500111072,18:00-20:00,2.61,4.34
500111072,20:00-22:00,1.59,4.32
500111072,22:00-24:00,1.19,2.35
500111073,00:00-02:00,0.46,1.22
500111073,02:00-04:00,0.56,0.34
500111073,04:00-06:00,0.66,0.28
500111073,06:00-08:00,7.61,6.63
500111073,08:00-10:00,11.83,5.09
500111073,10:00-12:00,4.95,4.19
500111073,12:00-14:00,5.41,3.6
500111073,14:00-16:00,3.93,3.62
500111073,16:00-18:00,4.87,7.58
500111073,18:00-20:00,9.12,7.81
500111073,20:00-22:00,3.88,5.71
500111073,22:00-24:00,3.17,3.18
500111074,00:00-02:00,0.3,0.64
500111074,02:00-04:00,0.03,0.47
500111074,04:00-06:00,0.91,0.66
500111074,06:00-08:00,3.91,2.5
500111074,08:00-10:00,3.2,6.74
500111074,10:00-12:00,2.44,2.13
500111074,12:00-14:00,3.5,3.2
500111074,14:00-16:00,2.7,2.31
500111074,16:00-18:00,8.59,3.93
500111074,18:00-20:00,5.73,4.5
500111074,20:00-22:00,2.87,3.34
500111074,22:00-24:00,1.05,2.29
500111075,00:00-02:00,0.89,0.59
500111075,02:00-04:00,0.25,0.19
500111075,04:00-06:00,1.13,0.34
500111075,06:00-08:00,6.35,6.51
500111075,08:00-10:00,9.01,6.95
500111075,10:00-12:00,7.24,6.65
500111075,12:00-14:00,7.13,6.03
500111075,14:00-16:00,4.39,4.19
500111075,16:00-18:00,7.0,6.89
500111075,18:00-20:00,7.37,6.9
500111075,20:00-22:00,3.19,5.61
500111075,22:00-24:00,2.42,1.94
500111076,00:00-02:00,2.06,2.3
500111076,02:00-04:00,0.0,0.31
500111076,04:00-06:00,0.09,0.34
500111076,06:00-08:00,4.96,1.63
500111076,08:00-10:00,7.85,4.84
500111076,10:00-12:00,3.34,3.4
500111076,12:00-14:00,3.22,4.03
500111076,14:00-16:00,4.26,3.68
500111076,16:00-18:00,6.58,7.0
500111076,18:00-20:00,6.14,4.03
500111076,20:00-22:00,3.31,1.54
500111076,22:00-24:00,1.75,1.58
500111077,00:00-02:00,1.02,0.53
500111077,02:00-04:00,0.09,0.03
500111077,04:00-06:00,0.5,0.09
500111077,06:00-08:00,2.88,2.0
500111077,08:00-10:00,4.2,2.69
500111077,10:00-12:00,1.81,1.53
500111077,12:00-14:00,2.35,2.13
500111077,14:00-16:00,1.58,1.62
500111077,16:00-18:00,1.25,4.99
500111077,18:00-20:00,4.75,3.94
500111077,20:00-22:00,1.85,3.11
500111077,22:00-24:00,1.73,1.69
500111078,00:00-02:00,0.82,0.5
500111078,02:00-04:00,0.06,0.0
500111078,04:00-06:00,2.12,0.28
500111078,06:00-08:00,1.99,2.31
500111078,08:00-10:00,4.57,7.49
500111078,10:00-12:00,3.95,3.17
500111078,12:00-14:00,4.74,5.37
500111078,14:00-16:00,2.46,2.38
500111078,16:00-18:00,6.02,3.51
500111078,18:00-20:00,5.2,4.12
500111078,20:00-22:00,2.28,3.19
500111078,22:00-24:00,0.85,2.78
500111079,00:00-02:00,1.04,2.92
500111079,02:00-04:00,0.28,0.09
500111079,04:00-06:00,0.41,0.63
500111079,06:00-08:00,8.84,11.59
500111079,08:00-10:00,18.68,11.88
500111079,10:00-12:00,4.54,7.75
500111079,12:00-14:00,9.35,10.47
500111079,14:00-16:00,6.18,4.58
500111079,16:00-18:00,14.76,14.07
500111079,18:00-20:00,14.53,12.83
500111079,20:00-22:00,8.66,5.94
500111079,22:00-24:00,4.98,4.17
500111080,00:00-02:00,1.41,1.85
500111080,02:00-04:00,0.59,0.97
500111080,04:00-06:00,2.03,0.95
500111080,06:00-08:00,6.02,3.0
500111080,08:00-10:00,6.08,5.97
500111080,10:00-12:00,4.84,4.5
500111080,12:00-14:00,5.5,4.78
500111080,14:00-16:00,3.87,3.81
500111080,16:00-18:00,6.03,7.14
500111080,18:00-20:00,6.48,7.97
500111080,20:00-22:00,4.97,6.26
500111080,22:00-24:00,3.11,3.31
500111081,00:00-02:00,0.36,0.07
500111081,02:00-04:00,0.12,0.06
500111081,04:00-06:00,0.03,0.0
500111081,06:00-08:00,4.01,9.69
500111081,08:00-10:00,12.09,12.56
500111081,10:00-12:00,5.84,4.65
500111081,12:00-14:00,7.16,6.91
500111081,14:00-16:00,3.37,5.72
500111081,16:00-18:00,11.98,3.21
500111081,18:00-20:00,2.61,2.53
500111081,20:00-22:00,1.35,2.0
500111081,22:00-24:00,1.0,0.6
500111082,00:00-02:00,0.39,0.45
500111082,02:00-04:00,0.16,0.19
500111082,04:00-06:00,0.75,0.28
500111082,06:00-08:00,1.69,1.15
500111082,08:00-10:00,2.87,1.88
500111082,10:00-12:00,1.24,1.53
500111082,12:00-14:00,1.17,1.25
500111082,14:00-16:00,1.72,1.91
500111082,16:00-18:00,2.17,2.58
500111082,18:00-20:00,2.76,2.64
500111082,20:00-22:00,1.48,2.17
500111082,22:00-24:00,0.78,1.39
500111083,00:00-02:00,0.23,0.24
500111083,02:00-04:00,0.06,0.28
500111083,04:00-06:00,0.31,0.25
500111083,06:00-08:00,0.69,1.48
500111083,08:00-10:00,1.97,0.76
500111083,10:00-12:00,0.87,0.62
500111083,12:00-14:00,1.62,0.88
500111083,14:00-16:00,0.73,0.91
500111083,16:00-18:00,1.2,0.88
500111083,18:00-20:00,2.08,1.25
500111083,20:00-22:00,1.19,2.22
500111083,22:00-24:00,0.5,1.19
500111084,00:00-02:00,0.3,0.66
500111084,02:00-04:00,0.22,0.16
500111084,04:00-06:00,0.91,0.19
500111084,06:00-08:00,4.0,2.16
500111084,08:00-10:00,4.11,3.12
500111084,10:00-12:00,2.68,2.22
500111084,12:00-14:00,3.16,2.66
500111084,14:00-16:00,2.24,2.5
500111084,16:00-18:00,3.54,4.63
500111084,18:00-20:00,3.26,4.46
500111084,20:00-22:00,1.75,3.62
500111084,22:00-24:00,2.32,1.98
500111085,00:00-02:00,1.08,1.07
500111085,02:00-04:00,0.31,0.97
500111085,04:00-06:00,0.53,0.39
500111085,06:00-08:00,4.78,2.34
500111085,08:00-10:00,7.87,4.24
500111085,10:00-12:00,3.48,3.75
500111085,12:00-14:00,3.53,3.26
500111085,14:00-16:00,2.98,2.78
500111085,16:00-18:00,4.87,6.54
500111085,18:00-20:00,5.17,6.48
500111085,20:00-22:00,5.94,5.42
500111085,22:00-24:00,2.93,2.62
500111086,00:00-02:00,0.49,0.4
500111086,02:00-04:00,0.06,0.34
500111086,04:00-06:00,0.63,0.44
500111086,06:00-08:00,6.69,6.25
500111086,08:00-10:00,7.16,6.63
500111086,10:00-12:00,6.16,4.51
500111086,12:00-14:00,5.66,5.35
500111086,14:00-16:00,5.25,5.78
500111086,16:00-18:00,8.52,5.98
500111086,18:00-20:00,4.99,6.48
500111086,20:00-22:00,3.3,4.65
500111086,22:00-24:00,2.54,2.44
500111087,00:00-02:00,1.08,0.43
500111087,02:00-04:00,0.28,0.09
500111087,04:00-06:00,0.44,0.19
500111087,06:00-08:00,3.94,5.0
500111087,08:00-10:00,8.84,8.83
500111087,10:00-12:00,5.04,5.93
500111087,12:00-14:00,7.57,7.6
500111087,14:00-16:00,4.55,4.21
500111087,16:00-18:00,10.35,8.04
500111087,18:00-20:00,7.25,5.35
500111087,20:00-22:00,3.84,3.66
500111087,22:00-24:00,2.29,2.73
500111088,00:00-02:00,0.27,0.33
500111088,02:00-04:00,0.07,0.06
500111088,04:00-06:00,0.03,0.25
500111088,06:00-08:00,1.72,10.09
500111088,08:00-10:00,5.03,3.89
500111088,10:00-12:00,1.94,1.94
500111088,12:00-14:00,2.86,2.41
500111088,14:00-16:00,2.81,1.62
500111088,16:00-18:00,12.69,5.22
500111088,18:00-20:00,3.3,3.0
500111088,20:00-22:00,2.11,1.47
500111088,22:00-24:00,1.23,1.04
500111089,00:00-02:00,0.72,0.92
500111089,02:00-04:00,0.16,0.12
500111089,04:00-06:00,0.47,0.31
500111089,06:00-08:00,2.33,3.91
500111089,08:00-10:00,5.78,4.59
500111089,10:00-12:00,3.34,2.16
500111089,12:00-14:00,3.34,3.22
500111089,14:00-16:00,2.93,2.66
500111089,16:00-18:00,5.66,3.68
500111089,18:00-20:00,3.98,3.87
500111089,20:00-22:00,2.49,3.38
500111089,22:00-24:00,1.67,2.04
500111090,00:00-02:00,1.15,0.18
500111090,02:00-04:00,0.03,0.0
500111090,04:00-06:00,0.25,0.25
500111090,06:00-08:00,2.87,1.03
500111090,08:00-10:00,4.18,2.97
500111090,10:00-12:00,1.79,1.22
500111090,12:00-14:00,1.13,1.41
500111090,14:00-16:00,0.81,0.87
500111090,16:00-18:00,1.69,2.77
500111090,18:00-20:00,2.3,3.28
500111090,20:00-22:00,1.47,2.5
500111090,22:00-24:00,0.38,0.91
500111091,00:00-02:00,0.13,0.36
500111091,02:00-04:00,0.16,0.12
500111091,04:00-06:00,0.63,0.25
500111091,06:00-08:00,4.72,6.2
500111091,08:00-10:00,8.49,4.68
500111091,10:00-12:00,4.12,3.28
500111091,12:00-14:00,4.59,5.53
500111091,14:00-16:00,3.35,3.5
500111091,16:00-18:00,9.32,6.9
500111091,18:00-20:00,4.94,5.81
500111091,20:00-22:00,3.43,4.16
500111091,22:00-24:00,1.51,1.76
500111092,00:00-02:00,0.03,0.33
500111092,02:00-04:00,0.0,0.0
500111092,04:00-06:00,0.19,0.22
500111092,06:00-08:00,0.91,3.83
500111092,08:00-10:00,3.94,3.03
500111092,10:00-12:00,1.81,1.34
500111092,12:00-14:00,4.87,4.98
500111092,14:00-16:00,1.41,2.22
500111092,16:00-18:00,5.63,2.11
500111092,18:00-20:00,0.84,1.31
500111092,20:00-22:00,0.6,0.63
500111092,22:00-24:00,0.59,0.44
500111093,00:00-02:00,0.62,0.56
500111093,02:00-04:00,0.21,0.19
500111093,04:00-06:00,0.13,0.03
500111093,06:00-08:00,0.73,1.91
500111093,08:00-10:00,6.26,7.89
500111093,10:00-12:00,4.21,3.34
500111093,12:00-14:00,5.15,5.95
500111093,14:00-16:00,3.5,4.35
500111093,16:00-18:00,7.76,5.1
500111093,18:00-20:00,4.02,1.94
500111093,20:00-22:00,2.26,1.63
500111093,22:00-24:00,1.24,0.97
500111094,00:00-02:00,0.35,0.69
500111094,02:00-04:00,0.19,0.12
500111094,04:00-06:00,0.31,0.22
500111094,06:00-08:00,3.67,5.86
500111094,08:00-10:00,7.26,8.52
500111094,10:00-12:00,5.34,3.63
500111094,12:00-14:00,4.84,6.47
500111094,14:00-16:00,3.06,3.8
500111094,16:00-18:00,7.01,3.51
500111094,18:00-20:00,3.83,3.0
500111094,20:00-22:00,2.19,1.84
500111094,22:00-24:00,1.69,1.1
500111095,00:00-02:00,0.54,0.26
500111095,02:00-04:00,0.13,0.87
500111095,04:00-06:00,0.94,0.69
500111095,06:00-08:00,3.92,3.53
500111095,08:00-10:00,8.25,11.51
500111095,10:00-12:00,6.32,4.54
500111095,12:00-14:00,6.1,5.47
500111095,14:00-16:00,3.37,5.22
500111095,16:00-18:00,6.88,5.9
500111095,18:00-20:00,8.86,8.12
500111095,20:00-22:00,3.99,4.19
500111095,22:00-24:00,2.55,1.88
500111096,00:00-02:00,1.15,0.64
500111096,02:00-04:00,0.09,0.16
500111096,04:00-06:00,0.83,0.53
500111096,06:00-08:00,6.16,2.91
500111096,08:00-10:00,6.14,4.41
500111096,10:00-12:00,3.3,3.28
500111096,12:00-14:00,4.88,5.28
500111096,14:00-16:00,4.57,4.06
500111096,16:00-18:00,6.35,7.17
500111096,18:00-20:00,5.56,6.96
500111096,20:00-22:00,3.36,4.63
500111096,22:00-24:00,2.07,3.26
500111097,00:00-02:00,0.75,1.31
500111097,02:00-04:00,0.13,0.09
500111097,04:00-06:00,0.22,0.66
500111097,06:00-08:00,4.71,4.13
500111097,08:00-10:00,5.99,12.69
500111097,10:00-12:00,3.72,3.44
500111097,12:00-14:00,5.91,4.69
500111097,14:00-16:00,4.37,3.66
500111097,16:00-18:00,10.19,5.54
500111097,18:00-20:00,8.4,4.19
500111097,20:00-22:00,5.29,3.25
500111097,22:00-24:00,1.78,1.51
500111098,00:00-02:00,0.92,1.15
500111098,02:00-04:00,0.16,0.22
500111098,04:00-06:00,0.69,0.59
500111098,06:00-08:00,6.5,3.45
500111098,08:00-10:00,9.54,6.46
500111098,10:00-12:00,5.75,4.03
500111098,12:00-14:00,5.07,4.13
500111098,14:00-16:00,3.62,3.5
500111098,16:00-18:00,4.8,9.35
500111098,18:00-20:00,8.9,8.1
500111098,20:00-22:00,3.69,7.27
500111098,22:00-24:00,3.14,3.9
500111113,00:00-02:00,0.26,0.07
500111113,02:00-04:00,0.23,0.31
500111113,04:00-06:00,0.13,0.13
500111113,06:00-08:00,2.93,1.94
500111113,08:00-10:00,2.04,2.41
500111113,10:00-12:00,2.3,1.72
500111113,12:00-14:00,2.17,1.72
500111113,14:00-16:00,1.9,2.41
500111113,16:00-18:00,3.17,3.43
500111113,18:00-20:00,2.97,2.63
500111113,20:00-22:00,1.57,1.46
500111113,22:00-24:00,0.8,0.75
500111114,00:00-02:00,0.99,0.36
500111114,02:00-04:00,0.19,0.62
500111114,04:00-06:00,0.5,1.25
500111114,06:00-08:00,9.41,8.26
500111114,08:00-10:00,11.44,9.7
500111114,10:00-12:00,3.69,5.65
500111114,12:00-14:00,5.03,6.41
500111114,14:00-16:00,3.0,3.82
500111114,16:00-18:00,10.71,10.06
500111114,18:00-20:00,11.52,9.19
500111114,20:00-22:00,5.09,3.48
500111114,22:00-24:00,3.11,3.7
500111115,00:00-02:00,0.18,0.3
500111115,02:00-04:00,0.0,0.0
500111115,04:00-06:00,0.0,0.0
500111115,06:00-08:00,0.41,0.19
500111115,08:00-10:00,0.55,1.06
500111115,10:00-12:00,0.37,0.34
500111115,12:00-14:00,0.91,1.09
500111115,14:00-16:00,0.41,0.59
500111115,16:00-18:00,0.91,0.98
500111115,18:00-20:00,2.14,1.06
500111115,20:00-22:00,0.75,0.59
500111115,22:00-24:00,0.15,0.19
500111116,00:00-02:00,1.79,0.46
500111116,02:00-04:00,0.0,0.56
500111116,04:00-06:00,0.22,1.03
500111116,06:00-08:00,1.47,1.44
500111116,08:00-10:00,3.24,2.72
500111116,10:00-12:00,1.25,2.22
500111116,12:00-14:00,2.41,3.35
500111116,14:00-16:00,2.12,2.62
500111116,16:00-18:00,2.14,2.49
500111116,18:00-20:00,4.15,5.19
500111116,20:00-22:00,2.13,1.97
500111116,22:00-24:00,2.39,0.87
500111117,00:00-02:00,0.4,0.82
500111117,02:00-04:00,0.03,0.56
500111117,04:00-06:00,0.09,0.09
500111117,06:00-08:00,2.11,3.52
500111117,08:00-10:00,2.84,3.51
500111117,10:00-12:00,3.28,2.63
500111117,12:00-14:00,2.81,2.5
500111117,14:00-16:00,2.72,1.37
500111117,16:00-18:00,4.61,2.93
500111117,18:00-20:00,3.61,2.94
500111117,20:00-22:00,2.72,2.31
500111117,22:00-24:00,0.77,1.47
500111118,00:00-02:00,0.03,0.13
500111118,02:00-04:00,0.03,0.06
500111118,04:00-06:00,0.0,0.0
500111118,06:00-08:00,1.56,3.93
500111118,08:00-10:00,1.66,0.91
500111118,10:00-12:00,0.7,0.56
500111118,12:00-14:00,0.88,0.98
500111118,14:00-16:00,0.72,0.75
500111118,16:00-18:00,2.74,1.38
500111118,18:00-20:00,1.34,0.84
500111118,20:00-22:00,1.29,0.63
500111118,22:00-24:00,0.48,0.22
500111119,00:00-02:00,1.38,1.91
500111119,02:00-04:00,0.12,0.16
500111119,04:00-06:00,0.34,0.88
500111119,06:00-08:00,1.72,3.53
500111119,08:00-10:00,10.94,14.58
500111119,10:00-12:00,8.81,10.68
500111119,12:00-14:00,10.19,11.77
500111119,14:00-16:00,6.81,8.63
500111119,16:00-18:00,17.03,9.14
500111119,18:00-20:00,10.62,7.43
500111119,20:00-22:00,8.91,2.66
500111119,22:00-24:00,1.45,0.94
500111120,00:00-02:00,0.51,1.05
500111120,02:00-04:00,0.13,0.28
500111120,04:00-06:00,0.06,0.19
500111120,06:00-08:00,2.87,4.56
500111120,08:00-10:00,5.84,7.99
500111120,10:00-12:00,3.22,3.36
500111120,12:00-14:00,2.16,3.81
500111120,14:00-16:00,3.78,2.86
500111120,16:00-18:00,6.4,3.68
500111120,18:00-20:00,4.0,1.41
500111120,20:00-22:00,2.39,1.16
500111120,22:00-24:00,1.43,0.94
500111121,00:00-02:00,0.11,0.16
500111121,02:00-04:00,0.06,0.5
500111121,04:00-06:00,0.06,0.0
500111121,06:00-08:00,0.62,0.13
500111121,08:00-10:00,0.54,1.25
500111121,10:00-12:00,0.09,0.28
500111121,12:00-14:00,0.7,0.72
500111121,14:00-16:00,0.47,0.62
500111121,16:00-18:00,1.07,0.91
500111121,18:00-20:00,1.66,0.87
500111121,20:00-22:00,0.77,0.25
500111121,22:00-24:00,1.14,0.06
500111122,00:00-02:00,0.03,0.0
500111122,02:00-04:00,0.0,0.0
500111122,04:00-06:00,0.0,0.0
500111122,06:00-08:00,0.78,5.43
500111122,08:00-10:00,4.5,3.35
500111122,10:00-12:00,1.16,0.31
500111122,12:00-14:00,2.13,1.94
500111122,14:00-16:00,0.75,0.34
500111122,16:00-18:00,6.23,3.89
500111122,18:00-20:00,1.63,1.19
500111122,20:00-22:00,0.12,0.38
500111122,22:00-24:00,0.03,0.28
500111123,00:00-02:00,0.0,0.33
500111123,02:00-04:00,0.0,0.0
500111123,04:00-06:00,0.16,0.06
500111123,06:00-08:00,2.06,5.13
500111123,08:00-10:00,5.06,4.3
500111123,10:00-12:00,2.69,1.78
500111123,12:00-14:00,1.43,2.05
500111123,14:00-16:00,1.69,0.95
500111123,16:00-18:00,5.11,2.05
500111123,18:00-20:00,4.47,2.59
500111123,20:00-22:00,1.39,1.84
500111123,22:00-24:00,0.58,1.51
500111124,00:00-02:00,0.72,0.76
500111124,02:00-04:00,0.53,0.72
500111124,04:00-06:00,0.54,1.97
500111124,06:00-08:00,9.77,10.9
500111124,08:00-10:00,12.67,15.13
500111124,10:00-12:00,8.31,5.87
500111124,12:00-14:00,8.36,8.13
500111124,14:00-16:00,6.35,6.93
500111124,16:00-18:00,9.9,11.8
500111124,18:00-20:00,11.35,11.69
500111124,20:00-22:00,8.09,5.31
500111124,22:00-24:00,3.07,2.63
500111125,00:00-02:00,0.23,0.33
500111125,02:00-04:00,0.0,0.12
500111125,04:00-06:00,0.88,0.81
500111125,06:00-08:00,2.55,1.19
500111125,08:00-10:00,2.07,1.84
500111125,10:00-12:00,1.97,1.59
500111125,12:00-14:00,2.63,1.44
500111125,14:00-16:00,1.45,1.41
500111125,16:00-18:00,3.61,3.81
500111125,18:00-20:00,3.16,3.9
500111125,20:00-22:00,3.41,4.28
500111125,22:00-24:00,1.22,1.66
500111126,00:00-02:00,0.0,0.53
500111126,02:00-04:00,0.06,0.09
500111126,04:00-06:00,0.13,0.03
500111126,06:00-08:00,0.78,1.59
500111126,08:00-10:00,1.78,1.88
500111126,10:00-12:00,1.0,0.5
500111126,12:00-14:00,1.94,2.06
500111126,14:00-16:00,0.84,0.91
500111126,16:00-18:00,4.28,1.67
500111126,18:00-20:00,1.55,1.41
500111126,20:00-22:00,0.79,1.16
500111126,22:00-24:00,0.19,0.75
500111127,00:00-02:00,1.02,0.63
500111127,02:00-04:00,0.03,0.03
500111127,04:00-06:00,0.19,0.19
500111127,06:00-08:00,5.16,2.47
500111127,08:00-10:00,5.81,7.41
500111127,10:00-12:00,5.5,3.0
500111127,12:00-14:00,4.7,4.06
500111127,14:00-16:00,2.85,3.69
500111127,16:00-18:00,5.26,4.75
500111127,18:00-20:00,6.85,6.97
500111127,20:00-22:00,2.67,4.45
500111127,22:00-24:00,1.46,3.24
500111128,00:00-02:00,0.0,0.0
500111128,02:00-04:00,0.0,0.0
500111128,04:00-06:00,0.0,0.0
500111128,06:00-08:00,1.63,5.16
500111128,08:00-10:00,3.38,4.12
500111128,10:00-12:00,0.75,0.6
500111128,12:00-14:00,2.85,1.38
500111128,14:00-16:00,0.59,0.62
500111128,16:00-18:00,6.16,2.27
500111128,18:00-20:00,1.71,1.0
500111128,20:00-22:00,0.46,0.44
500111128,22:00-24:00,0.03,0.16
500111129,00:00-02:00,0.58,1.94
500111129,02:00-04:00,0.03,0.62
500111129,04:00-06:00,0.03,0.81
500111129,06:00-08:00,1.91,0.75
500111129,08:00-10:00,4.72,1.53
500111129,10:00-12:00,0.76,2.5
500111129,12:00-14:00,3.35,2.91
500111129,14:00-16:00,1.7,1.56
500111129,16:00-18:00,2.27,5.68
500111129,18:00-20:00,3.09,5.32
500111129,20:00-22:00,4.85,1.27
500111129,22:00-24:00,2.81,1.07
500111130,00:00-02:00,0.46,0.3
500111130,02:00-04:00,0.19,0.19
500111130,04:00-06:00,0.09,0.63
500111130,06:00-08:00,1.53,1.34
500111130,08:00-10:00,3.19,4.53
500111130,10:00-12:00,2.22,1.41
500111130,12:00-14:00,3.25,1.75
500111130,14:00-16:00,1.92,1.28
500111130,16:00-18:00,3.43,2.89
500111130,18:00-20:00,3.54,3.72
500111130,20:00-22:00,1.39,2.57
500111130,22:00-24:00,1.32,2.48
500111131,00:00-02:00,0.23,0.23
500111131,02:00-04:00,0.09,0.03
500111131,04:00-06:00,0.03,0.03
500111131,06:00-08:00,1.13,0.75
500111131,08:00-10:00,3.35,0.72
500111131,10:00-12:00,1.33,1.09
500111131,12:00-14:00,2.1,2.22
500111131,14:00-16:00,0.6,1.12
500111131,16:00-18:00,1.42,1.73
500111131,18:00-20:00,1.5,2.16
500111131,20:00-22:00,0.6,2.05
500111131,22:00-24:00,1.0,0.64
500111132,00:00-02:00,0.36,0.39
500111132,02:00-04:00,0.16,0.0
500111132,04:00-06:00,0.72,0.09
500111132,06:00-08:00,4.66,1.0
500111132,08:00-10:00,6.34,2.19
500111132,10:00-12:00,2.21,1.91
500111132,12:00-14:00,2.05,3.47
500111132,14:00-16:00,1.56,1.81
500111132,16:00-18:00,2.64,3.21
500111132,18:00-20:00,3.08,5.25
500111132,20:00-22:00,1.31,2.63
500111132,22:00-24:00,1.04,1.88
500111133,00:00-02:00,0.79,0.17
500111133,02:00-04:00,0.06,0.0
500111133,04:00-06:00,0.66,0.09
500111133,06:00-08:00,3.29,1.06
500111133,08:00-10:00,4.11,3.19
500111133,10:00-12:00,2.84,2.19
500111133,12:00-14:00,2.17,3.03
500111133,14:00-16:00,2.19,2.41
500111133,16:00-18:00,3.65,4.75
500111133,18:00-20:00,3.92,5.46
500111133,20:00-22:00,2.75,3.57
500111133,22:00-24:00,1.35,1.38
500111134,00:00-02:00,0.46,0.82
500111134,02:00-04:00,0.03,0.06
500111134,04:00-06:00,0.44,0.31
500111134,06:00-08:00,2.19,0.44
500111134,08:00-10:00,2.73,1.41
500111134,10:00-12:00,1.75,0.72
500111134,12:00-14:00,1.6,1.31
500111134,14:00-16:00,1.49,1.34
500111134,16:00-18:00,2.17,2.58
500111134,18:00-20:00,2.18,2.5
500111134,20:00-22:00,1.07,2.16
500111134,22:00-24:00,0.44,1.19
500112001,00:00-02:00,2.1,2.79
500112001,02:00-04:00,0.12,1.0
500112001,04:00-06:00,2.16,0.66
500112001,06:00-08:00,9.69,5.11
500112001,08:00-10:00,12.29,9.0
500112001,10:00-12:00,6.92,4.84
500112001,12:00-14:00,7.4,6.13
500112001,14:00-16:00,5.93,5.62
500112001,16:00-18:00,6.49,12.78
500112001,18:00-20:00,11.34,12.19
500112001,20:00-22:00,8.81,11.25
500112001,22:00-24:00,7.18,8.03
500112002,00:00-02:00,2.04,1.67
500112002,02:00-04:00,0.66,0.9
500112002,04:00-06:00,1.19,0.58
500112002,06:00-08:00,7.13,5.0
500112002,08:00-10:00,13.33,10.91
500112002,10:00-12:00,10.75,7.21
500112002,12:00-14:00,9.14,7.5
500112002,14:00-16:00,7.95,7.31
500112002,16:00-18:00,10.25,8.61
500112002,18:00-20:00,10.43,10.82
500112002,20:00-22:00,5.99,8.07
500112002,22:00-24:00,3.0,4.67
500112003,00:00-02:00,2.27,1.8
500112003,02:00-04:00,0.81,0.53
500112003,04:00-06:00,1.91,1.0
500112003,06:00-08:00,9.38,4.44
500112003,08:00-10:00,19.0,17.56
500112003,10:00-12:00,11.52,8.5
500112003,12:00-14:00,11.42,8.85
500112003,14:00-16:00,7.61,8.09
500112003,16:00-18:00,11.26,10.89
500112003,18:00-20:00,10.86,12.24
500112003,20:00-22:00,6.05,9.8
500112003,22:00-24:00,5.33,6.22
500112004,00:00-02:00,0.33,1.15
500112004,02:00-04:00,0.09,0.31
500112004,04:00-06:00,0.78,0.25
500112004,06:00-08:00,2.41,0.75
500112004,08:00-10:00,5.34,1.38
500112004,10:00-12:00,1.6,1.81
500112004,12:00-14:00,2.49,2.16
500112004,14:00-16:00,1.19,1.69
500112004,16:00-18:00,1.84,3.08
500112004,18:00-20:00,1.92,2.87
500112004,20:00-22:00,1.03,2.44
500112004,22:00-24:00,1.41,1.96
500112005,00:00-02:00,0.16,0.23
500112005,02:00-04:00,0.03,0.09
500112005,04:00-06:00,0.34,0.16
500112005,06:00-08:00,1.19,0.63
500112005,08:00-10:00,2.23,1.47
500112005,10:00-12:00,1.75,1.81
500112005,12:00-14:00,1.2,1.03
500112005,14:00-16:00,1.1,0.72
500112005,16:00-18:00,1.32,0.88
500112005,18:00-20:00,0.73,0.87
500112005,20:00-22:00,0.47,0.88
500112005,22:00-24:00,0.38,0.94
500112006,00:00-02:00,2.0,1.25
500112006,02:00-04:00,0.37,1.03
500112006,04:00-06:00,1.19,1.41
500112006,06:00-08:00,9.94,2.88
500112006,08:00-10:00,12.02,5.28
500112006,10:00-12:00,7.4,5.68
500112006,12:00-14:00,5.31,4.78
500112006,14:00-16:00,5.41,6.12
500112006,16:00-18:00,7.27,10.23
500112006,18:00-20:00,7.06,9.78
500112006,20:00-22:00,5.38,8.09
500112006,22:00-24:00,2.95,5.96
500112007,00:00-02:00,2.84,3.19
500112007,02:00-04:00,0.56,0.75
500112007,04:00-06:00,2.22,1.69
500112007,06:00-08:00,13.91,23.78
500112007,08:00-10:00,33.01,35.45
500112007,10:00-12:00,29.67,25.99
500112007,12:00-14:00,23.39,27.24
500112007,14:00-16:00,22.94,19.64
500112007,16:00-18:00,37.33,27.5
500112007,18:00-20:00,21.9,19.96
500112007,20:00-22:00,15.33,12.09
500112007,22:00-24:00,8.66,8.84
500112008,00:00-02:00,1.31,1.32
500112008,02:00-04:00,0.28,0.94
500112008,04:00-06:00,1.41,1.69
500112008,06:00-08:00,14.37,2.56
500112008,08:00-10:00,11.77,5.44
500112008,10:00-12:00,5.62,3.5
500112008,12:00-14:00,5.46,5.19
500112008,14:00-16:00,5.42,4.12
500112008,16:00-18:00,6.45,11.23
500112008,18:00-20:00,7.12,11.12
500112008,20:00-22:00,4.66,7.08
500112008,22:00-24:00,2.48,6.21
500112009,00:00-02:00,1.68,1.18
500112009,02:00-04:00,0.59,0.41
500112009,04:00-06:00,1.03,1.0
500112009,06:00-08:00,5.31,14.05
500112009,08:00-10:00,15.13,17.24
500112009,10:00-12:00,13.06,9.09
500112009,12:00-14:00,14.92,12.41
500112009,14:00-16:00,7.53,6.75
500112009,16:00-18:00,17.33,8.65
500112009,18:00-20:00,9.99,9.31
500112009,20:00-22:00,3.51,6.56
500112009,22:00-24:00,3.32,5.46
500112010,00:00-02:00,1.99,2.69
500112010,02:00-04:00,0.49,0.22
500112010,04:00-06:00,0.52,1.91
500112010,06:00-08:00,23.22,31.34
500112010,08:00-10:00,39.6,32.22
500112010,10:00-12:00,15.86,17.57
500112010,12:00-14:00,16.1,19.79
500112010,14:00-16:00,15.53,13.32
500112010,16:00-18:00,25.65,34.55
500112010,18:00-20:00,34.23,19.48
500112010,20:00-22:00,17.51,12.34
500112010,22:00-24:00,10.9,5.8
500112011,00:00-02:00,1.66,1.28
500112011,02:00-04:00,0.17,0.62
500112011,04:00-06:00,0.72,3.1
500112011,06:00-08:00,15.03,13.75
500112011,08:00-10:00,27.34,45.46
500112011,10:00-12:00,19.28,13.45
500112011,12:00-14:00,20.07,16.35
500112011,14:00-16:00,11.21,13.47
500112011,16:00-18:00,26.58,20.71
500112011,18:00-20:00,18.55,14.15
500112011,20:00-22:00,8.58,8.28
500112011,22:00-24:00,6.68,3.45
500112012,00:00-02:00,2.96,4.39
500112012,02:00-04:00,0.28,1.03
500112012,04:00-06:00,2.03,1.72
500112012,06:00-08:00,16.54,13.26
500112012,08:00-10:00,19.32,12.03
500112012,10:00-12:00,10.35,8.75
500112012,12:00-14:00,12.37,10.88
500112012,14:00-16:00,9.22,10.94
500112012,16:00-18:00,17.41,20.12
500112012,18:00-20:00,19.58,21.1
500112012,20:00-22:00,13.84,15.61
500112012,22:00-24:00,8.57,8.49
500112013,00:00-02:00,0.88,1.64
500112013,02:00-04:00,1.22,0.37
500112013,04:00-06:00,0.63,0.63
500112013,06:00-08:00,8.23,12.07
500112013,08:00-10:00,6.88,10.29
500112013,10:00-12:00,6.28,6.17
500112013,12:00-14:00,8.39,10.46
500112013,14:00-16:00,4.56,4.75
500112013,16:00-18:00,13.28,9.39
500112013,18:00-20:00,9.67,6.25
500112013,20:00-22:00,6.12,2.93
500112013,22:00-24:00,4.47,1.22
500112014,00:00-02:00,2.42,2.92
500112014,02:00-04:00,0.99,3.19
500112014,04:00-06:00,1.1,5.03
500112014,06:00-08:00,12.55,5.57
500112014,08:00-10:00,15.98,14.96
500112014,10:00-12:00,9.52,9.49
500112014,12:00-14:00,8.45,9.2
500112014,14:00-16:00,7.31,7.49
500112014,16:00-18:00,16.0,18.74
500112014,18:00-20:00,16.66,11.6
500112014,20:00-22:00,10.03,7.06
500112014,22:00-24:00,7.82,3.94
500112015,00:00-02:00,2.83,1.58
500112015,02:00-04:00,1.0,0.62
500112015,04:00-06:00,0.56,0.41
500112015,06:00-08:00,6.66,12.91
500112015,08:00-10:00,16.31,19.46
500112015,10:00-12:00,13.87,10.09
500112015,12:00-14:00,15.01,13.31
500112015,14:00-16:00,9.28,10.28
500112015,16:00-18:00,16.01,11.61
500112015,18:00-20:00,15.92,13.84
500112015,20:00-22:00,8.6,8.09
500112015,22:00-24:00,6.13,5.68
500112016,00:00-02:00,0.79,3.38
500112016,02:00-04:00,0.97,1.19
500112016,04:00-06:00,1.78,1.53
500112016,06:00-08:00,8.41,5.84
500112016,08:00-10:00,13.46,7.25
500112016,10:00-12:00,9.42,8.93
500112016,12:00-14:00,10.54,10.35
500112016,14:00-16:00,6.7,8.37
500112016,16:00-18:00,15.96,16.95
500112016,18:00-20:00,14.33,16.14
500112016,20:00-22:00,12.9,10.25
500112016,22:00-24:00,3.95,5.3
500112017,00:00-02:00,1.38,3.74
500112017,02:00-04:00,0.37,2.72
500112017,04:00-06:00,1.72,2.66
500112017,06:00-08:00,19.13,12.72
500112017,08:00-10:00,26.05,17.22
500112017,10:00-12:00,12.24,10.81
500112017,12:00-14:00,17.16,19.26
500112017,14:00-16:00,11.4,12.69
500112017,16:00-18:00,24.48,20.26
500112017,18:00-20:00,16.25,25.7
500112017,20:00-22:00,19.26,13.19
500112017,22:00-24:00,7.74,9.46
500112018,00:00-02:00,0.7,1.74
500112018,02:00-04:00,0.13,0.37
500112018,04:00-06:00,0.19,1.88
500112018,06:00-08:00,6.69,11.78
500112018,08:00-10:00,15.59,19.53
500112018,10:00-12:00,17.3,11.99
500112018,12:00-14:00,19.11,19.29
500112018,14:00-16:00,10.69,11.44
500112018,16:00-18:00,15.77,15.67
500112018,18:00-20:00,20.01,12.02
500112018,20:00-22:00,12.44,7.06
500112018,22:00-24:00,2.66,1.32
500112019,00:00-02:00,1.18,1.68
500112019,02:00-04:00,0.66,0.22
500112019,04:00-06:00,0.38,1.69
500112019,06:00-08:00,11.13,17.12
500112019,08:00-10:00,22.49,24.45
500112019,10:00-12:00,13.88,11.91
500112019,12:00-14:00,15.17,17.69
500112019,14:00-16:00,13.02,13.06
500112019,16:00-18:00,18.82,17.41
500112019,18:00-20:00,17.0,14.65
500112019,20:00-22:00,13.1,10.03
500112019,22:00-24:00,8.03,5.83
500112020,00:00-02:00,0.88,1.81
500112020,02:00-04:00,0.37,0.59
500112020,04:00-06:00,0.98,0.81
500112020,06:00-08:00,7.57,5.84
500112020,08:00-10:00,10.49,5.78
500112020,10:00-12:00,8.26,8.15
500112020,12:00-14:00,10.39,8.71
500112020,14:00-16:00,5.69,6.16
500112020,16:00-18:00,8.53,11.23
500112020,18:00-20:00,10.8,10.02
500112020,20:00-22:00,7.5,6.77
500112020,22:00-24:00,3.79,3.81
500112021,00:00-02:00,1.48,1.72
500112021,02:00-04:00,0.5,0.28
500112021,04:00-06:00,0.66,0.53
500112021,06:00-08:00,7.17,6.75
500112021,08:00-10:00,14.7,18.38
500112021,10:00-12:00,12.37,9.22
500112021,12:00-14:00,12.5,12.36
500112021,14:00-16:00,10.56,11.18
500112021,16:00-18:00,14.7,12.91
500112021,18:00-20:00,14.53,14.29
500112021,20:00-22:00,10.88,10.23
500112021,22:00-24:00,8.42,7.72
500112022,00:00-02:00,1.97,3.58
500112022,02:00-04:00,1.06,2.34
500112022,04:00-06:00,2.38,1.78
500112022,06:00-08:00,20.25,5.53
500112022,08:00-10:00,18.53,17.13
500112022,10:00-12:00,13.05,11.12
500112022,12:00-14:00,14.57,12.19
500112022,14:00-16:00,10.95,13.53
500112022,16:00-18:00,16.3,20.42
500112022,18:00-20:00,18.11,19.71
500112022,20:00-22:00,13.28,14.35
500112022,22:00-24:00,8.31,12.67
500112023,00:00-02:00,1.06,1.35
500112023,02:00-04:00,0.25,1.69
500112023,04:00-06:00,0.66,4.03
500112023,06:00-08:00,13.59,7.31
500112023,08:00-10:00,16.29,9.56
500112023,10:00-12:00,9.18,7.18
500112023,12:00-14:00,9.07,10.22
500112023,14:00-16:00,6.56,6.94
500112023,16:00-18:00,7.5,9.6
500112023,18:00-20:00,8.75,11.28
500112023,20:00-22:00,5.82,7.63
500112023,22:00-24:00,4.0,4.33
500112024,00:00-02:00,1.35,1.31
500112024,02:00-04:00,0.91,1.06
500112024,04:00-06:00,0.63,0.44
500112024,06:00-08:00,6.22,15.36
500112024,08:00-10:00,14.88,13.34
500112024,10:00-12:00,9.87,9.46
500112024,12:00-14:00,13.52,14.38
500112024,14:00-16:00,8.67,8.98
500112024,16:00-18:00,24.54,13.78
500112024,18:00-20:00,13.09,10.84
500112024,20:00-22:00,6.48,5.66
500112024,22:00-24:00,3.8,3.36
500112025,00:00-02:00,1.15,3.16
500112025,02:00-04:00,0.12,0.6
500112025,04:00-06:00,1.59,0.69
500112025,06:00-08:00,16.89,8.81
500112025,08:00-10:00,15.1,10.09
500112025,10:00-12:00,9.11,7.46
500112025,12:00-14:00,8.0,7.82
500112025,14:00-16:00,5.08,6.62
500112025,16:00-18:00,12.64,14.1
500112025,18:00-20:00,14.17,19.78
500112025,20:00-22:00,14.91,14.48
500112025,22:00-24:00,5.08,8.32
500112026,00:00-02:00,4.93,4.9
500112026,02:00-04:00,1.25,0.87
500112026,04:00-06:00,2.28,0.69
500112026,06:00-08:00,14.53,6.91
500112026,08:00-10:00,20.91,15.16
500112026,10:00-12:00,12.89,10.49
500112026,12:00-14:00,12.04,10.6
500112026,14:00-16:00,8.19,10.47
500112026,16:00-18:00,13.48,18.88
500112026,18:00-20:00,20.71,22.66
500112026,20:00-22:00,13.59,17.49
500112026,22:00-24:00,8.41,11.02
500112027,00:00-02:00,0.07,0.49
500112027,02:00-04:00,0.0,0.19
500112027,04:00-06:00,0.25,0.78
500112027,06:00-08:00,2.25,12.06
500112027,08:00-10:00,6.66,8.92
500112027,10:00-12:00,3.13,2.69
500112027,12:00-14:00,7.23,3.46
500112027,14:00-16:00,3.92,4.59
500112027,16:00-18:00,17.92,3.34
500112027,18:00-20:00,2.57,3.69
500112027,20:00-22:00,1.93,1.72
500112027,22:00-24:00,1.48,0.53
500112028,00:00-02:00,0.43,0.53
500112028,02:00-04:00,0.28,0.09
500112028,04:00-06:00,0.94,1.03
500112028,06:00-08:00,5.16,4.88
500112028,08:00-10:00,7.88,6.47
500112028,10:00-12:00,4.67,1.87
500112028,12:00-14:00,5.34,3.5
500112028,14:00-16:00,3.85,3.56
500112028,16:00-18:00,7.34,4.15
500112028,18:00-20:00,4.44,5.75
500112028,20:00-22:00,2.63,4.22
500112028,22:00-24:00,1.88,5.52
500112029,00:00-02:00,1.04,1.46
500112029,02:00-04:00,2.16,0.06
500112029,04:00-06:00,0.39,0.44
500112029,06:00-08:00,2.28,7.83
500112029,08:00-10:00,20.69,27.59
500112029,10:00-12:00,10.61,14.74
500112029,12:00-14:00,9.2,12.98
500112029,14:00-16:00,7.12,8.1
500112029,16:00-18:00,10.85,12.36
500112029,18:00-20:00,22.11,13.94
500112029,20:00-22:00,16.13,6.9
500112029,22:00-24:00,8.23,2.68
500112030,00:00-02:00,2.75,3.08
500112030,02:00-04:00,4.24,0.77
500112030,04:00-06:00,1.16,1.5
500112030,06:00-08:00,1.35,3.91
500112030,08:00-10:00,11.91,19.51
500112030,10:00-12:00,5.7,10.89
500112030,12:00-14:00,11.8,14.78
500112030,14:00-16:00,11.27,8.58
500112030,16:00-18:00,16.83,11.42
500112030,18:00-20:00,18.68,16.97
500112030,20:00-22:00,12.39,6.63
500112030,22:00-24:00,10.02,3.24
500112031,00:00-02:00,1.22,0.2
500112031,02:00-04:00,0.8,0.19
500112031,04:00-06:00,0.47,1.03
500112031,06:00-08:00,6.49,10.38
500112031,08:00-10:00,13.13,21.45
500112031,10:00-12:00,11.29,8.05
500112031,12:00-14:00,8.27,14.27
500112031,14:00-16:00,9.0,8.82
500112031,16:00-18:00,14.6,10.07
500112031,18:00-20:00,10.84,8.51
500112031,20:00-22:00,5.83,2.44
500112031,22:00-24:00,6.44,5.33
500112032,00:00-02:00,1.42,0.99
500112032,02:00-04:00,0.26,0.44
500112032,04:00-06:00,0.34,3.78
500112032,06:00-08:00,9.34,14.19
500112032,08:00-10:00,23.41,37.57
500112032,10:00-12:00,22.11,15.35
500112032,12:00-14:00,18.01,25.34
500112032,14:00-16:00,13.44,13.66
500112032,16:00-18:00,24.86,20.34
500112032,18:00-20:00,25.15,16.91
500112032,20:00-22:00,13.09,13.81
500112032,22:00-24:00,12.01,4.45
500112033,00:00-02:00,1.35,1.28
500112033,02:00-04:00,0.8,0.06
500112033,04:00-06:00,0.3,0.88
500112033,06:00-08:00,2.88,5.47
500112033,08:00-10:00,12.66,18.64
500112033,10:00-12:00,4.84,6.1
500112033,12:00-14:00,6.32,7.89
500112033,14:00-16:00,5.25,4.75
500112033,16:00-18:00,12.95,10.27
500112033,18:00-20:00,13.12,6.79
500112033,20:00-22:00,5.73,3.63
500112033,22:00-24:00,3.79,1.54
500112035,00:00-02:00,2.89,3.84
500112035,02:00-04:00,2.82,5.18
500112035,04:00-06:00,1.55,2.53
500112035,06:00-08:00,9.05,5.56
500112035,08:00-10:00,12.47,45.67
500112035,10:00-12:00,11.34,11.24
500112035,12:00-14:00,17.54,16.47
500112035,14:00-16:00,12.66,7.11
500112035,16:00-18:00,22.28,9.19
500112035,18:00-20:00,21.01,9.28
500112035,20:00-22:00,9.52,4.25
500112035,22:00-24:00,5.41,2.79
500112036,00:00-02:00,2.71,1.48
500112036,02:00-04:00,0.72,1.09
500112036,04:00-06:00,0.59,1.25
500112036,06:00-08:00,7.84,5.81
500112036,08:00-10:00,15.0,18.66
500112036,10:00-12:00,8.28,9.1
500112036,12:00-14:00,12.56,11.86
500112036,14:00-16:00,10.12,8.47
500112036,16:00-18:00,14.43,12.63
500112036,18:00-20:00,15.24,10.79
500112036,20:00-22:00,7.49,4.09
500112036,22:00-24:00,5.36,5.96
500112037,00:00-02:00,2.07,2.23
500112037,02:00-04:00,0.87,2.62
500112037,04:00-06:00,1.59,1.13
500112037,06:00-08:00,10.96,4.59
500112037,08:00-10:00,12.33,9.78
500112037,10:00-12:00,9.52,8.84
500112037,12:00-14:00,10.59,9.91
500112037,14:00-16:00,8.68,10.91
500112037,16:00-18:00,12.88,17.18
500112037,18:00-20:00,12.4,16.02
500112037,20:00-22:00,12.03,11.09
500112037,22:00-24:00,7.18,6.49
500112038,00:00-02:00,2.97,2.07
500112038,02:00-04:00,1.05,1.47
500112038,04:00-06:00,0.32,1.84
500112038,06:00-08:00,5.98,12.15
500112038,08:00-10:00,19.88,23.96
500112038,10:00-12:00,13.68,15.34
500112038,12:00-14:00,16.82,20.61
500112038,14:00-16:00,9.28,11.42
500112038,16:00-18:00,20.6,16.18
500112038,18:00-20:00,20.25,15.39
500112038,20:00-22:00,13.44,11.47
500112038,22:00-24:00,8.47,5.36
500112039,00:00-02:00,2.4,1.31
500112039,02:00-04:00,0.41,1.31
500112039,04:00-06:00,3.22,2.67
500112039,06:00-08:00,12.5,15.1
500112039,08:00-10:00,18.78,10.38
500112039,10:00-12:00,12.53,7.06
500112039,12:00-14:00,7.44,6.94
500112039,14:00-16:00,7.2,7.78
500112039,16:00-18:00,15.54,10.26
500112039,18:00-20:00,6.63,12.24
500112039,20:00-22:00,5.91,7.56
500112039,22:00-24:00,3.01,6.32
500112040,00:00-02:00,1.48,2.28
500112040,02:00-04:00,0.34,1.69
500112040,04:00-06:00,2.47,1.79
500112040,06:00-08:00,21.0,14.34
500112040,08:00-10:00,26.43,22.06
500112040,10:00-12:00,16.58,14.05
500112040,12:00-14:00,14.33,15.88
500112040,14:00-16:00,14.34,15.75
500112040,16:00-18:00,22.19,19.54
500112040,18:00-20:00,17.02,23.12
500112040,20:00-22:00,12.91,15.5
500112040,22:00-24:00,6.24,9.39
500112042,00:00-02:00,0.74,0.59
500112042,02:00-04:00,0.38,0.25
500112042,04:00-06:00,0.24,1.28
500112042,06:00-08:00,1.34,6.19
500112042,08:00-10:00,4.59,9.72
500112042,10:00-12:00,5.43,9.88
500112042,12:00-14:00,6.94,10.35
500112042,14:00-16:00,7.66,8.15
500112042,16:00-18:00,11.3,12.12
500112042,18:00-20:00,11.93,10.99
500112042,20:00-22:00,7.73,5.19
500112042,22:00-24:00,3.1,1.85
500112043,00:00-02:00,4.21,0.59
500112043,02:00-04:00,0.91,4.93
500112043,04:00-06:00,0.47,3.19
500112043,06:00-08:00,8.03,14.32
500112043,08:00-10:00,24.38,32.31
500112043,10:00-12:00,12.87,18.51
500112043,12:00-14:00,14.01,16.29
500112043,14:00-16:00,13.37,11.65
500112043,16:00-18:00,21.58,19.68
500112043,18:00-20:00,27.17,17.19
500112043,20:00-22:00,15.26,7.95
500112043,22:00-24:00,10.67,5.58
500112044,00:00-02:00,0.89,0.62
500112044,02:00-04:00,0.16,0.31
500112044,04:00-06:00,1.09,0.53
500112044,06:00-08:00,9.81,5.88
500112044,08:00-10:00,13.88,12.01
500112044,10:00-12:00,7.12,6.37
500112044,12:00-14:00,7.78,6.34
500112044,14:00-16:00,4.61,5.07
500112044,16:00-18:00,8.59,9.34
500112044,18:00-20:00,12.96,15.26
500112044,20:00-22:00,7.91,11.15
500112044,22:00-24:00,4.84,5.34
500112045,00:00-02:00,2.1,4.99
500112045,02:00-04:00,0.53,2.19
500112045,04:00-06:00,0.94,1.06
500112045,06:00-08:00,19.01,6.0
500112045,08:00-10:00,18.08,11.41
500112045,10:00-12:00,12.42,7.25
500112045,12:00-14:00,9.95,9.13
500112045,14:00-16:00,8.09,7.81
500112045,16:00-18:00,12.88,16.2
500112045,18:00-20:00,16.31,20.7
500112045,20:00-22:00,12.73,14.5
500112045,22:00-24:00,9.03,10.89
500112046,00:00-02:00,1.15,2.45
500112046,02:00-04:00,0.66,1.31
500112046,04:00-06:00,2.16,1.84
500112046,06:00-08:00,19.76,13.87
500112046,08:00-10:00,22.05,12.9
500112046,10:00-12:00,9.54,6.25
500112046,12:00-14:00,8.57,6.07
500112046,14:00-16:00,6.89,7.09
500112046,16:00-18:00,9.32,17.46
500112046,18:00-20:00,21.75,20.46
500112046,20:00-22:00,12.63,18.81
500112046,22:00-24:00,8.66,11.06
500112047,00:00-02:00,0.95,1.05
500112047,02:00-04:00,0.72,0.31
500112047,04:00-06:00,0.28,0.75
500112047,06:00-08:00,6.84,2.63
500112047,08:00-10:00,6.8,4.81
500112047,10:00-12:00,4.81,3.06
500112047,12:00-14:00,3.94,3.44
500112047,14:00-16:00,2.55,2.37
500112047,16:00-18:00,4.67,7.83
500112047,18:00-20:00,6.68,8.1
500112047,20:00-22:00,4.59,4.97
500112047,22:00-24:00,2.48,4.09
500112048,00:00-02:00,0.92,1.79
500112048,02:00-04:00,0.62,0.68
500112048,04:00-06:00,0.75,0.81
500112048,06:00-08:00,9.89,5.87
500112048,08:00-10:00,13.04,11.13
500112048,10:00-12:00,8.15,9.03
500112048,12:00-14:00,10.13,8.41
500112048,14:00-16:00,6.99,8.91
500112048,16:00-18:00,10.69,13.05
500112048,18:00-20:00,15.67,16.23
500112048,20:00-22:00,9.66,14.31
500112048,22:00-24:00,8.03,6.72
500112049,00:00-02:00,1.61,1.02
500112049,02:00-04:00,0.88,0.72
500112049,04:00-06:00,2.33,6.57
500112049,06:00-08:00,29.16,26.07
500112049,08:00-10:00,31.12,30.0
500112049,10:00-12:00,17.45,16.88
500112049,12:00-14:00,19.35,20.75
500112049,14:00-16:00,17.12,14.19
500112049,16:00-18:00,22.79,36.5
500112049,18:00-20:00,28.78,31.9
500112049,20:00-22:00,27.77,15.25
500112049,22:00-24:00,14.1,8.37
500112050,00:00-02:00,0.39,0.56
500112050,02:00-04:00,0.47,0.12
500112050,04:00-06:00,1.25,0.66
500112050,06:00-08:00,13.11,9.22
500112050,08:00-10:00,14.47,6.91
500112050,10:00-12:00,6.9,4.53
500112050,12:00-14:00,5.72,5.5
500112050,14:00-16:00,6.25,6.53
500112050,16:00-18:00,14.07,12.14
500112050,18:00-20:00,7.65,15.12
500112050,20:00-22:00,7.28,10.1
500112050,22:00-24:00,4.8,4.79
500112051,00:00-02:00,0.95,1.84
500112051,02:00-04:00,0.78,1.69
500112051,04:00-06:00,2.0,0.75
500112051,06:00-08:00,17.84,9.69
500112051,08:00-10:00,19.01,13.78
500112051,10:00-12:00,12.33,9.84
500112051,12:00-14:00,9.14,8.1
500112051,14:00-16:00,8.45,7.37
500112051,16:00-18:00,11.15,15.58
500112051,18:00-20:00,18.96,20.08
500112051,20:00-22:00,11.53,13.41
500112051,22:00-24:00,7.84,9.07
500112052,00:00-02:00,2.53,2.3
500112052,02:00-04:00,1.0,1.87
500112052,04:00-06:00,1.47,0.91
500112052,06:00-08:00,10.06,7.78
500112052,08:00-10:00,20.51,20.8
500112052,10:00-12:00,13.78,11.56
500112052,12:00-14:00,12.72,11.47
500112052,14:00-16:00,10.6,11.03
500112052,16:00-18:00,15.38,13.08
500112052,18:00-20:00,15.03,16.71
500112052,20:00-22:00,11.29,11.75
500112052,22:00-24:00,7.43,7.49
500112053,00:00-02:00,0.76,0.76
500112053,02:00-04:00,0.16,0.62
500112053,04:00-06:00,0.59,0.31
500112053,06:00-08:00,5.34,2.75
500112053,08:00-10:00,7.72,4.12
500112053,10:00-12:00,3.91,3.72
500112053,12:00-14:00,3.97,3.5
500112053,14:00-16:00,2.65,1.78
500112053,16:00-18:00,3.28,6.2
500112053,18:00-20:00,8.07,8.56
500112053,20:00-22:00,4.5,6.47
500112053,22:00-24:00,3.48,3.47
500112054,00:00-02:00,1.45,2.46
500112054,02:00-04:00,1.25,0.47
500112054,04:00-06:00,1.28,0.72
500112054,06:00-08:00,5.72,11.74
500112054,08:00-10:00,12.69,21.28
500112054,10:00-12:00,11.99,12.78
500112054,12:00-14:00,10.82,13.6
500112054,14:00-16:00,9.5,10.59
500112054,16:00-18:00,21.37,12.11
500112054,18:00-20:00,15.69,13.65
500112054,20:00-22:00,10.22,9.47
500112054,22:00-24:00,4.9,5.49
500112055,00:00-02:00,2.42,1.84
500112055,02:00-04:00,0.85,2.78
500112055,04:00-06:00,1.25,1.91
500112055,06:00-08:00,5.53,1.91
500112055,08:00-10:00,11.48,6.84
500112055,10:00-12:00,6.76,4.59
500112055,12:00-14:00,8.12,6.19
500112055,14:00-16:00,5.2,5.06
500112055,16:00-18:00,7.06,6.45
500112055,18:00-20:00,7.76,8.4
500112055,20:00-22:00,5.3,6.47
500112055,22:00-24:00,4.04,5.57
500112056,00:00-02:00,2.06,1.87
500112056,02:00-04:00,0.68,0.94
500112056,04:00-06:00,1.05,2.03
500112056,06:00-08:00,12.31,10.47
500112056,08:00-10:00,19.41,30.62
500112056,10:00-12:00,14.23,17.55
500112056,12:00-14:00,18.01,18.99
500112056,14:00-16:00,13.62,12.98
500112056,16:00-18:00,19.37,16.79
500112056,18:00-20:00,20.72,18.05
500112056,20:00-22:00,12.95,11.34
500112056,22:00-24:00,6.66,4.67
500112057,00:00-02:00,0.59,3.31
500112057,02:00-04:00,0.44,1.12
500112057,04:00-06:00,0.59,0.43
500112057,06:00-08:00,13.79,7.05
500112057,08:00-10:00,14.89,7.39
500112057,10:00-12:00,6.03,3.53
500112057,12:00-14:00,5.68,4.13
500112057,14:00-16:00,4.16,4.12
500112057,16:00-18:00,5.55,8.59
500112057,18:00-20:00,11.75,12.19
500112057,20:00-22:00,6.84,10.65
500112057,22:00-24:00,6.49,6.38
500112058,00:00-02:00,2.84,2.6
500112058,02:00-04:00,0.55,0.53
500112058,04:00-06:00,0.61,1.75
500112058,06:00-08:00,16.31,21.97
500112058,08:00-10:00,24.6,26.65
500112058,10:00-12:00,15.23,16.46
500112058,12:00-14:00,16.23,15.75
500112058,14:00-16:00,15.49,13.21
500112058,16:00-18:00,22.34,23.76
500112058,18:00-20:00,22.79,19.08
500112058,20:00-22:00,16.46,11.91
500112058,22:00-24:00,11.16,6.84
500112059,00:00-02:00,1.48,3.15
500112059,02:00-04:00,0.44,0.95
500112059,04:00-06:00,2.44,1.25
500112059,06:00-08:00,12.51,8.11
500112059,08:00-10:00,14.2,8.28
500112059,10:00-12:00,11.89,9.34
500112059,12:00-14:00,11.0,10.1
500112059,14:00-16:00,11.88,12.44
500112059,16:00-18:00,16.78,20.28
500112059,18:00-20:00,18.31,18.74
500112059,20:00-22:00,7.43,11.74
500112059,22:00-24:00,6.95,6.19
500112060,00:00-02:00,2.07,3.45
500112060,02:00-04:00,1.16,1.44
500112060,04:00-06:00,2.53,0.72
500112060,06:00-08:00,12.44,9.32
500112060,08:00-10:00,17.83,11.09
500112060,10:00-12:00,10.68,9.09
500112060,12:00-14:00,11.33,10.19
500112060,14:00-16:00,9.09,10.25
500112060,16:00-18:00,13.38,16.68
500112060,18:00-20:00,17.68,16.44
500112060,20:00-22:00,9.95,13.01
500112060,22:00-24:00,8.41,8.9
500112061,00:00-02:00,1.45,2.89
500112061,02:00-04:00,0.34,0.64
500112061,04:00-06:00,2.06,0.83
500112061,06:00-08:00,11.38,7.28
500112061,08:00-10:00,14.91,9.81
500112061,10:00-12:00,9.69,7.44
500112061,12:00-14:00,8.16,8.44
500112061,14:00-16:00,8.94,8.16
500112061,16:00-18:00,9.49,12.77
500112061,18:00-20:00,16.49,17.1
500112061,20:00-22:00,7.77,10.79
500112061,22:00-24:00,6.87,7.5
500112062,00:00-02:00,2.12,1.98
500112062,02:00-04:00,1.56,1.06
500112062,04:00-06:00,1.28,1.16
500112062,06:00-08:00,6.22,3.34
500112062,08:00-10:00,9.4,6.5
500112062,10:00-12:00,6.81,5.93
500112062,12:00-14:00,8.13,8.69
500112062,14:00-16:00,6.73,6.34
500112062,16:00-18:00,7.48,12.64
500112062,18:00-20:00,8.59,11.96
500112062,20:00-22:00,6.84,9.75
500112062,22:00-24:00,7.31,5.17
500112063,00:00-02:00,1.28,1.87
500112063,02:00-04:00,0.12,0.66
500112063,04:00-06:00,1.41,0.92
500112063,06:00-08:00,10.44,5.28
500112063,08:00-10:00,12.11,11.19
500112063,10:00-12:00,11.41,10.9
500112063,12:00-14:00,12.48,11.66
500112063,14:00-16:00,10.38,13.72
500112063,16:00-18:00,18.55,19.91
500112063,18:00-20:00,15.56,16.44
500112063,20:00-22:00,10.41,10.38
500112063,22:00-24:00,6.03,5.5
500112064,00:00-02:00,4.32,10.84
500112064,02:00-04:00,0.72,1.81
500112064,04:00-06:00,0.84,3.66
500112064,06:00-08:00,23.72,14.66
500112064,08:00-10:00,32.6,21.47
500112064,10:00-12:00,12.83,13.31
500112064,12:00-14:00,13.38,15.41
500112064,14:00-16:00,12.3,14.16
500112064,16:00-18:00,22.18,27.34
500112064,18:00-20:00,25.87,17.08
500112064,20:00-22:00,15.33,12.88
500112064,22:00-24:00,10.46,16.56
500112065,00:00-02:00,0.6,0.46
500112065,02:00-04:00,3.25,1.12
500112065,04:00-06:00,0.98,1.56
500112065,06:00-08:00,5.4,31.3
500112065,08:00-10:00,16.78,13.65
500112065,10:00-12:00,10.99,8.9
500112065,12:00-14:00,11.03,10.35
500112065,14:00-16:00,7.16,7.78
500112065,16:00-18:00,30.89,9.49
500112065,18:00-20:00,12.53,12.37
500112065,20:00-22:00,8.23,5.94
500112065,22:00-24:00,3.69,2.45
500112066,00:00-02:00,1.64,0.69
500112066,02:00-04:00,0.97,0.19
500112066,04:00-06:00,2.51,0.75
500112066,06:00-08:00,1.89,4.56
500112066,08:00-10:00,7.31,18.87
500112066,10:00-12:00,4.06,6.34
500112066,12:00-14:00,5.44,8.73
500112066,14:00-16:00,3.37,4.85
500112066,16:00-18:00,11.14,5.83
500112066,18:00-20:00,15.78,6.43
500112066,20:00-22:00,8.04,2.03
500112066,22:00-24:00,5.38,3.64
500112067,00:00-02:00,1.64,1.95
500112067,02:00-04:00,0.22,0.25
500112067,04:00-06:00,0.41,0.91
500112067,06:00-08:00,8.15,4.27
500112067,08:00-10:00,13.18,9.02
500112067,10:00-12:00,8.53,7.59
500112067,12:00-14:00,10.1,10.19
500112067,14:00-16:00,7.06,7.25
500112067,16:00-18:00,11.64,14.16
500112067,18:00-20:00,13.73,14.4
500112067,20:00-22:00,9.13,8.7
500112067,22:00-24:00,4.14,4.55
500112068,00:00-02:00,2.14,2.1
500112068,02:00-04:00,0.75,0.78
500112068,04:00-06:00,2.6,1.25
500112068,06:00-08:00,11.18,5.69
500112068,08:00-10:00,16.27,13.72
500112068,10:00-12:00,10.12,9.78
500112068,12:00-14:00,10.49,10.72
500112068,14:00-16:00,8.8,8.66
500112068,16:00-18:00,12.73,14.16
500112068,18:00-20:00,12.13,17.46
500112068,20:00-22:00,10.88,12.63
500112068,22:00-24:00,6.52,6.92
500112069,00:00-02:00,1.91,1.93
500112069,02:00-04:00,0.72,0.75
500112069,04:00-06:00,1.41,1.13
500112069,06:00-08:00,8.01,6.13
500112069,08:00-10:00,14.21,17.06
500112069,10:00-12:00,10.39,8.59
500112069,12:00-14:00,10.45,11.04
500112069,14:00-16:00,7.73,6.72
500112069,16:00-18:00,11.61,8.09
500112069,18:00-20:00,10.1,11.31
500112069,20:00-22:00,8.21,9.34
500112069,22:00-24:00,4.31,4.77
500112070,00:00-02:00,6.27,4.99
500112070,02:00-04:00,1.15,1.69
500112070,04:00-06:00,2.59,2.28
500112070,06:00-08:00,22.69,23.47
500112070,08:00-10:00,34.42,31.82
500112070,10:00-12:00,23.38,22.69
500112070,12:00-14:00,25.52,27.87
500112070,14:00-16:00,22.56,21.11
500112070,16:00-18:00,31.32,34.1
500112070,18:00-20:00,29.49,31.69
500112070,20:00-22:00,26.69,20.41
500112070,22:00-24:00,16.77,15.31
500112071,00:00-02:00,3.68,4.78
500112071,02:00-04:00,1.09,1.19
500112071,04:00-06:00,3.19,1.9
500112071,06:00-08:00,15.72,14.32
500112071,08:00-10:00,23.48,20.05
500112071,10:00-12:00,15.68,16.59
500112071,12:00-14:00,17.91,16.62
500112071,14:00-16:00,12.71,13.98
500112071,16:00-18:00,20.78,17.59
500112071,18:00-20:00,16.49,21.51
500112071,20:00-22:00,16.73,15.63
500112071,22:00-24:00,9.64,12.52
500112072,00:00-02:00,3.68,2.87
500112072,02:00-04:00,1.5,1.12
500112072,04:00-06:00,2.38,0.72
500112072,06:00-08:00,6.31,11.05
500112072,08:00-10:00,14.53,10.44
500112072,10:00-12:00,9.12,6.47
500112072,12:00-14:00,8.82,6.97
500112072,14:00-16:00,6.28,5.28
500112072,16:00-18:00,15.87,8.56
500112072,18:00-20:00,8.55,11.21
500112072,20:00-22:00,5.72,8.81
500112072,22:00-24:00,3.73,7.4
500112073,00:00-02:00,0.76,2.43
500112073,02:00-04:00,0.28,0.69
500112073,04:00-06:00,0.38,2.47
500112073,06:00-08:00,6.03,4.72
500112073,08:00-10:00,6.92,5.78
500112073,10:00-12:00,6.69,4.44
500112073,12:00-14:00,5.69,8.82
500112073,14:00-16:00,4.56,4.75
500112073,16:00-18:00,6.58,4.44
500112073,18:00-20:00,8.49,6.22
500112073,20:00-22:00,4.26,3.25
500112073,22:00-24:00,2.58,3.67
500112075,00:00-02:00,1.35,1.51
500112075,02:00-04:00,0.89,0.37
500112075,04:00-06:00,0.95,1.31
500112075,06:00-08:00,6.24,7.19
500112075,08:00-10:00,13.56,20.4
500112075,10:00-12:00,12.31,11.3
500112075,12:00-14:00,13.57,15.22
500112075,14:00-16:00,8.87,8.79
500112075,16:00-18:00,14.19,11.04
500112075,18:00-20:00,14.5,12.52
500112075,20:00-22:00,8.82,7.85
500112075,22:00-24:00,6.44,3.26
500112076,00:00-02:00,3.38,4.73
500112076,02:00-04:00,0.61,2.34
500112076,04:00-06:00,0.44,2.78
500112076,06:00-08:00,18.97,22.32
500112076,08:00-10:00,36.21,33.93
500112076,10:00-12:00,20.8,16.4
500112076,12:00-14:00,18.81,24.16
500112076,14:00-16:00,18.9,16.2
500112076,16:00-18:00,25.9,23.84
500112076,18:00-20:00,26.95,18.96
500112076,20:00-22:00,18.99,11.25
500112076,22:00-24:00,15.86,8.03
500112078,00:00-02:00,0.62,1.68
500112078,02:00-04:00,0.03,0.64
500112078,04:00-06:00,0.84,0.26
500112078,06:00-08:00,8.18,4.51
500112078,08:00-10:00,10.46,5.59
500112078,10:00-12:00,4.55,2.78
500112078,12:00-14:00,4.57,3.19
500112078,14:00-16:00,2.74,2.84
500112078,16:00-18:00,3.68,5.25
500112078,18:00-20:00,5.06,7.76
500112078,20:00-22:00,5.68,5.72
500112078,22:00-24:00,4.36,7.43
500112079,00:00-02:00,1.22,1.51
500112079,02:00-04:00,0.63,0.66
500112079,04:00-06:00,0.53,0.53
500112079,06:00-08:00,6.25,6.03
500112079,08:00-10:00,8.62,7.04
500112079,10:00-12:00,4.98,4.44
500112079,12:00-14:00,6.04,6.13
500112079,14:00-16:00,4.88,4.41
500112079,16:00-18:00,6.7,8.34
500112079,18:00-20:00,8.39,8.03
500112079,20:00-22:00,5.79,6.59
500112079,22:00-24:00,4.58,4.58
500112080,00:00-02:00,1.08,1.94
500112080,02:00-04:00,0.41,0.41
500112080,04:00-06:00,1.16,0.63
500112080,06:00-08:00,9.9,6.29
500112080,08:00-10:00,9.88,3.84
500112080,10:00-12:00,6.99,5.15
500112080,12:00-14:00,6.1,4.22
500112080,14:00-16:00,3.77,4.28
500112080,16:00-18:00,8.1,8.56
500112080,18:00-20:00,9.04,11.03
500112080,20:00-22:00,4.93,7.85
500112080,22:00-24:00,3.11,4.91
500112081,00:00-02:00,4.42,3.12
500112081,02:00-04:00,2.96,1.91
500112081,04:00-06:00,1.52,3.1
500112081,06:00-08:00,18.23,27.0
500112081,08:00-10:00,52.34,56.91
500112081,10:00-12:00,34.23,42.99
500112081,12:00-14:00,27.11,29.02
500112081,14:00-16:00,19.78,19.07
500112081,16:00-18:00,37.49,36.42
500112081,18:00-20:00,37.59,27.19
500112081,20:00-22:00,24.6,16.98
500112081,22:00-24:00,16.78,5.9
500112082,00:00-02:00,3.67,2.99
500112082,02:00-04:00,1.65,0.91
500112082,04:00-06:00,0.87,2.13
500112082,06:00-08:00,3.39,11.78
500112082,08:00-10:00,9.34,36.23
500112082,10:00-12:00,22.8,21.87
500112082,12:00-14:00,18.76,20.05
500112082,14:00-16:00,18.16,13.67
500112082,16:00-18:00,25.4,18.19
500112082,18:00-20:00,29.78,21.05
500112082,20:00-22:00,20.24,15.98
500112082,22:00-24:00,9.68,5.52
500112083,00:00-02:00,1.47,1.97
500112083,02:00-04:00,0.41,0.94
500112083,04:00-06:00,0.72,1.56
500112083,06:00-08:00,8.34,9.66
500112083,08:00-10:00,16.81,17.69
500112083,10:00-12:00,12.59,9.9
500112083,12:00-14:00,13.13,13.98
500112083,14:00-16:00,8.09,7.34
500112083,16:00-18:00,12.56,11.89
500112083,18:00-20:00,13.76,13.59
500112083,20:00-22:00,8.45,8.44
500112083,22:00-24:00,5.8,5.52
500112084,00:00-02:00,0.46,0.89
500112084,02:00-04:00,0.22,3.28
500112084,04:00-06:00,0.47,1.78
500112084,06:00-08:00,9.94,2.53
500112084,08:00-10:00,8.61,4.72
500112084,10:00-12:00,4.91,4.53
500112084,12:00-14:00,5.48,5.25
500112084,14:00-16:00,4.12,4.72
500112084,16:00-18:00,7.29,8.05
500112084,18:00-20:00,8.04,10.71
500112084,20:00-22:00,6.22,4.59
500112084,22:00-24:00,2.98,2.32
500112085,00:00-02:00,3.27,1.54
500112085,02:00-04:00,1.28,13.34
500112085,04:00-06:00,1.5,4.16
500112085,06:00-08:00,12.16,11.53
500112085,08:00-10:00,21.44,19.32
500112085,10:00-12:00,11.77,21.05
500112085,12:00-14:00,16.98,24.16
500112085,14:00-16:00,16.37,18.44
500112085,16:00-18:00,25.05,24.51
500112085,18:00-20:00,30.93,22.41
500112085,20:00-22:00,26.04,12.31
500112085,22:00-24:00,12.76,7.84
500112086,00:00-02:00,0.86,1.31
500112086,02:00-04:00,0.28,0.53
500112086,04:00-06:00,0.66,0.38
500112086,06:00-08:00,2.56,1.09
500112086,08:00-10:00,3.36,2.63
500112086,10:00-12:00,2.56,2.75
500112086,12:00-14:00,3.32,4.14
500112086,14:00-16:00,2.97,2.82
500112086,16:00-18:00,4.49,4.97
500112086,18:00-20:00,5.46,6.51
500112086,20:00-22:00,4.72,3.95
500112086,22:00-24:00,4.51,3.03
500112087,00:00-02:00,0.56,0.76
500112087,02:00-04:00,0.53,0.41
500112087,04:00-06:00,0.84,0.5
500112087,06:00-08:00,8.1,4.59
500112087,08:00-10:00,11.16,7.88
500112087,10:00-12:00,7.42,3.81
500112087,12:00-14:00,4.33,3.38
500112087,14:00-16:00,3.44,2.81
500112087,16:00-18:00,3.73,4.85
500112087,18:00-20:00,4.28,4.78
500112087,20:00-22:00,1.97,3.89
500112087,22:00-24:00,2.01,2.69
500112088,00:00-02:00,1.97,1.46
500112088,02:00-04:00,0.25,0.52
500112088,04:00-06:00,1.22,0.82
500112088,06:00-08:00,5.77,5.13
500112088,08:00-10:00,10.1,6.41
500112088,10:00-12:00,6.83,4.34
500112088,12:00-14:00,5.54,3.75
500112088,14:00-16:00,4.03,4.06
500112088,16:00-18:00,5.75,5.41
500112088,18:00-20:00,8.21,9.01
500112088,20:00-22:00,5.2,6.31
500112088,22:00-24:00,3.36,4.8
500112089,00:00-02:00,1.8,1.22
500112089,02:00-04:00,0.37,0.25
500112089,04:00-06:00,1.77,0.97
500112089,06:00-08:00,4.02,11.75
500112089,08:00-10:00,9.31,11.0
500112089,10:00-12:00,12.21,7.97
500112089,12:00-14:00,10.64,15.3
500112089,14:00-16:00,7.56,6.5
500112089,16:00-18:00,16.14,12.86
500112089,18:00-20:00,13.43,12.15
500112089,20:00-22:00,7.54,5.22
500112089,22:00-24:00,5.32,5.87
500112090,00:00-02:00,1.51,2.08
500112090,02:00-04:00,0.43,0.37
500112090,04:00-06:00,0.96,0.87
500112090,06:00-08:00,4.64,5.32
500112090,08:00-10:00,11.62,10.22
500112090,10:00-12:00,8.67,6.41
500112090,12:00-14:00,8.51,8.66
500112090,14:00-16:00,7.07,5.89
500112090,16:00-18:00,10.85,9.93
500112090,18:00-20:00,11.4,8.59
500112090,20:00-22:00,8.99,6.09
500112090,22:00-24:00,6.02,3.23
500112091,00:00-02:00,0.3,0.62
500112091,02:00-04:00,0.13,0.47
500112091,04:00-06:00,0.25,0.34
500112091,06:00-08:00,1.71,2.47
500112091,08:00-10:00,5.23,4.08
500112091,10:00-12:00,3.29,2.37
500112091,12:00-14:00,3.32,3.3
500112091,14:00-16:00,2.52,3.27
500112091,16:00-18:00,4.38,2.96
500112091,18:00-20:00,4.04,3.62
500112091,20:00-22:00,2.68,1.72
500112091,22:00-24:00,1.93,1.1
500112092,00:00-02:00,0.49,0.79
500112092,02:00-04:00,0.09,0.19
500112092,04:00-06:00,0.5,0.66
500112092,06:00-08:00,2.66,2.78
500112092,08:00-10:00,6.59,4.61
500112092,10:00-12:00,4.09,3.36
500112092,12:00-14:00,4.39,3.03
500112092,14:00-16:00,2.71,3.09
500112092,16:00-18:00,5.44,5.73
500112092,18:00-20:00,5.04,4.34
500112092,20:00-22:00,2.87,4.19
500112092,22:00-24:00,1.58,2.35
500112093,00:00-02:00,2.74,1.84
500112093,02:00-04:00,0.72,0.84
500112093,04:00-06:00,0.79,0.94
500112093,06:00-08:00,10.59,10.75
500112093,08:00-10:00,16.45,15.54
500112093,10:00-12:00,11.37,12.27
500112093,12:00-14:00,12.14,14.26
500112093,14:00-16:00,10.02,10.72
500112093,16:00-18:00,16.98,17.06
500112093,18:00-20:00,17.64,18.03
500112093,20:00-22:00,14.98,10.62
500112093,22:00-24:00,8.52,6.08
500112094,00:00-02:00,0.79,1.08
500112094,02:00-04:00,0.16,0.17
500112094,04:00-06:00,1.84,1.15
500112094,06:00-08:00,10.08,6.28
500112094,08:00-10:00,12.67,6.97
500112094,10:00-12:00,6.95,4.5
500112094,12:00-14:00,6.79,4.25
500112094,14:00-16:00,4.45,4.37
500112094,16:00-18:00,7.05,9.98
500112094,18:00-20:00,8.08,11.19
500112094,20:00-22:00,6.96,9.6
500112094,22:00-24:00,2.92,3.4
500112095,00:00-02:00,0.99,1.09
500112095,02:00-04:00,0.09,0.22
500112095,04:00-06:00,0.19,0.03
500112095,06:00-08:00,5.85,1.63
500112095,08:00-10:00,6.52,4.72
500112095,10:00-12:00,5.03,3.34
500112095,12:00-14:00,4.43,3.75
500112095,14:00-16:00,2.88,4.03
500112095,16:00-18:00,4.58,5.22
500112095,18:00-20:00,5.68,7.06
500112095,20:00-22:00,3.42,4.31
500112095,22:00-24:00,1.82,2.93
500112096,00:00-02:00,1.5,1.05
500112096,02:00-04:00,0.06,0.37
500112096,04:00-06:00,0.63,0.44
500112096,06:00-08:00,3.25,3.94
500112096,08:00-10:00,7.44,11.74
500112096,10:00-12:00,6.84,7.45
500112096,12:00-14:00,6.69,6.58
500112096,14:00-16:00,5.81,4.86
500112096,16:00-18:00,10.87,5.9
500112096,18:00-20:00,6.57,5.53
500112096,20:00-22:00,6.18,3.89
500112096,22:00-24:00,3.13,4.17
500112097,00:00-02:00,1.48,2.09
500112097,02:00-04:00,0.12,0.77
500112097,04:00-06:00,1.31,1.38
500112097,06:00-08:00,8.27,4.15
500112097,08:00-10:00,12.88,9.01
500112097,10:00-12:00,8.47,6.4
500112097,12:00-14:00,10.28,8.54
500112097,14:00-16:00,7.28,7.06
500112097,16:00-18:00,9.89,13.47
500112097,18:00-20:00,13.04,14.49
500112097,20:00-22:00,7.29,10.24
500112097,22:00-24:00,7.53,7.75
500112098,00:00-02:00,1.02,1.16
500112098,02:00-04:00,0.44,0.91
500112098,04:00-06:00,0.66,0.19
500112098,06:00-08:00,3.92,1.44
500112098,08:00-10:00,5.6,3.66
500112098,10:00-12:00,3.86,3.81
500112098,12:00-14:00,3.56,3.63
500112098,14:00-16:00,2.78,2.19
500112098,16:00-18:00,3.25,4.37
500112098,18:00-20:00,4.25,6.79
500112098,20:00-22:00,4.25,3.6
500112098,22:00-24:00,2.73,2.95
500112099,00:00-02:00,2.23,4.52
500112099,02:00-04:00,1.59,1.48
500112099,04:00-06:00,3.13,1.69
500112099,06:00-08:00,16.23,12.38
500112099,08:00-10:00,22.3,17.28
500112099,10:00-12:00,15.63,11.34
500112099,12:00-14:00,14.91,15.51
500112099,14:00-16:00,13.14,13.91
500112099,16:00-18:00,20.18,19.78
500112099,18:00-20:00,17.4,21.86
500112099,20:00-22:00,14.75,17.44
500112099,22:00-24:00,10.66,11.48
500112100,00:00-02:00,0.26,0.69
500112100,02:00-04:00,0.0,0.66
500112100,04:00-06:00,1.22,0.03
500112100,06:00-08:00,5.26,1.47
500112100,08:00-10:00,7.65,1.81
500112100,10:00-12:00,4.47,1.31
500112100,12:00-14:00,2.82,1.78
500112100,14:00-16:00,1.97,2.53
500112100,16:00-18:00,2.92,4.18
500112100,18:00-20:00,2.3,6.5
500112100,20:00-22:00,1.47,5.38
500112100,22:00-24:00,1.22,3.38
500112101,00:00-02:00,1.43,1.54
500112101,02:00-04:00,0.47,0.81
500112101,04:00-06:00,0.44,0.81
500112101,06:00-08:00,7.71,6.69
500112101,08:00-10:00,10.99,8.57
500112101,10:00-12:00,7.19,7.37
500112101,12:00-14:00,8.47,9.88
500112101,14:00-16:00,6.5,7.17
500112101,16:00-18:00,10.62,11.05
500112101,18:00-20:00,11.75,13.97
500112101,20:00-22:00,9.68,8.35
500112101,22:00-24:00,5.16,4.31
500112102,00:00-02:00,3.19,3.62
500112102,02:00-04:00,0.44,1.16
500112102,04:00-06:00,0.69,0.53
500112102,06:00-08:00,7.76,5.73
500112102,08:00-10:00,9.3,5.63
500112102,10:00-12:00,7.16,5.26
500112102,12:00-14:00,6.29,5.41
500112102,14:00-16:00,5.07,4.56
500112102,16:00-18:00,9.96,9.71
500112102,18:00-20:00,9.46,11.35
500112102,20:00-22:00,7.9,9.42
500112102,22:00-24:00,8.37,10.05
500112103,00:00-02:00,1.06,0.95
500112103,02:00-04:00,0.35,0.16
500112103,04:00-06:00,0.26,0.84
500112103,06:00-08:00,3.9,6.81
500112103,08:00-10:00,7.78,18.85
500112103,10:00-12:00,7.43,7.89
500112103,12:00-14:00,15.77,14.75
500112103,14:00-16:00,9.78,10.44
500112103,16:00-18:00,17.14,10.56
500112103,18:00-20:00,13.03,10.68
500112103,20:00-22:00,8.19,3.84
500112103,22:00-24:00,4.73,2.01
500112104,00:00-02:00,3.19,4.8
500112104,02:00-04:00,0.89,0.84
500112104,04:00-06:00,0.4,2.75
500112104,06:00-08:00,13.08,9.22
500112104,08:00-10:00,19.39,15.41
500112104,10:00-12:00,12.39,11.81
500112104,12:00-14:00,13.48,13.47
500112104,14:00-16:00,13.32,13.99
500112104,16:00-18:00,18.64,20.05
500112104,18:00-20:00,20.61,20.36
500112104,20:00-22:00,16.38,12.78
500112104,22:00-24:00,9.84,6.82
500112105,00:00-02:00,2.84,2.92
500112105,02:00-04:00,1.44,3.0
500112105,04:00-06:00,1.04,0.91
500112105,06:00-08:00,7.19,2.69
500112105,08:00-10:00,12.2,9.19
500112105,10:00-12:00,7.98,7.34
500112105,12:00-14:00,10.02,12.07
500112105,14:00-16:00,7.97,9.43
500112105,16:00-18:00,11.65,13.14
500112105,18:00-20:00,16.11,15.79
500112105,20:00-22:00,13.3,10.52
500112105,22:00-24:00,9.35,7.5
500112106,00:00-02:00,0.82,1.51
500112106,02:00-04:00,0.19,0.41
500112106,04:00-06:00,0.45,0.44
500112106,06:00-08:00,3.37,2.13
500112106,08:00-10:00,5.4,2.97
500112106,10:00-12:00,4.58,4.78
500112106,12:00-14:00,4.46,5.99
500112106,14:00-16:00,5.03,4.6
500112106,16:00-18:00,7.15,7.13
500112106,18:00-20:00,6.43,7.98
500112106,20:00-22:00,6.87,5.84
500112106,22:00-24:00,4.15,2.58
500112107,00:00-02:00,0.39,1.41
500112107,02:00-04:00,0.03,0.5
500112107,04:00-06:00,0.44,0.31
500112107,06:00-08:00,7.89,5.57
500112107,08:00-10:00,9.38,6.22
500112107,10:00-12:00,4.16,2.19
500112107,12:00-14:00,3.34,3.28
500112107,14:00-16:00,2.67,3.16
500112107,16:00-18:00,5.43,5.85
500112107,18:00-20:00,8.77,8.56
500112107,20:00-22:00,4.27,6.65
500112107,22:00-24:00,3.39,3.66
500112108,00:00-02:00,0.39,0.46
500112108,02:00-04:00,1.06,0.78
500112108,04:00-06:00,0.88,0.31
500112108,06:00-08:00,3.12,0.66
500112108,08:00-10:00,4.03,4.59
500112108,10:00-12:00,1.96,2.34
500112108,12:00-14:00,3.61,2.47
500112108,14:00-16:00,1.55,2.12
500112108,16:00-18:00,2.07,2.81
500112108,18:00-20:00,4.32,3.16
500112108,20:00-22:00,1.52,2.59
500112108,22:00-24:00,1.22,1.32
500112109,00:00-02:00,1.28,2.27
500112109,02:00-04:00,0.06,0.31
500112109,04:00-06:00,1.06,0.78
500112109,06:00-08:00,12.85,9.52
500112109,08:00-10:00,13.33,10.62
500112109,10:00-12:00,7.4,5.37
500112109,12:00-14:00,8.68,6.94
500112109,14:00-16:00,6.57,6.81
500112109,16:00-18:00,10.69,13.84
500112109,18:00-20:00,15.09,15.33
500112109,20:00-22:00,8.59,10.09
500112109,22:00-24:00,6.24,6.73
500112110,00:00-02:00,2.04,3.01
500112110,02:00-04:00,0.66,0.47
500112110,04:00-06:00,2.13,0.47
500112110,06:00-08:00,15.39,9.16
500112110,08:00-10:00,23.1,20.91
500112110,10:00-12:00,15.3,14.98
500112110,12:00-14:00,18.44,18.1
500112110,14:00-16:00,10.77,12.09
500112110,16:00-18:00,19.89,16.43
500112110,18:00-20:00,18.83,19.71
500112110,20:00-22:00,11.53,14.59
500112110,22:00-24:00,6.84,10.23
500112111,00:00-02:00,0.85,0.92
500112111,02:00-04:00,0.25,0.19
500112111,04:00-06:00,0.22,0.59
500112111,06:00-08:00,6.14,2.47
500112111,08:00-10:00,7.39,6.06
500112111,10:00-12:00,5.3,5.13
500112111,12:00-14:00,5.42,4.14
500112111,14:00-16:00,5.11,4.19
500112111,16:00-18:00,6.34,6.54
500112111,18:00-20:00,6.11,6.22
500112111,20:00-22:00,5.52,5.25
500112111,22:00-24:00,2.55,3.86
500112112,00:00-02:00,0.81,0.56
500112112,02:00-04:00,0.1,0.12
500112112,04:00-06:00,0.19,0.31
500112112,06:00-08:00,1.81,1.06
500112112,08:00-10:00,4.12,5.08
500112112,10:00-12:00,2.16,4.63
500112112,12:00-14:00,3.69,3.98
500112112,14:00-16:00,2.84,4.45
500112112,16:00-18:00,4.91,3.91
500112112,18:00-20:00,7.96,3.96
500112112,20:00-22:00,3.34,1.7
500112112,22:00-24:00,1.89,2.2
500112113,00:00-02:00,0.95,1.31
500112113,02:00-04:00,0.22,0.36
500112113,04:00-06:00,1.38,0.61
500112113,06:00-08:00,8.91,5.75
500112113,08:00-10:00,14.14,8.02
500112113,10:00-12:00,6.85,5.22
500112113,12:00-14:00,6.9,6.47
500112113,14:00-16:00,5.73,4.53
500112113,16:00-18:00,6.91,10.1
500112113,18:00-20:00,11.79,11.55
500112113,20:00-22:00,5.46,9.38
500112113,22:00-24:00,5.02,5.52
500112114,00:00-02:00,1.68,1.9
500112114,02:00-04:00,0.25,0.38
500112114,04:00-06:00,1.28,0.75
500112114,06:00-08:00,4.71,1.69
500112114,08:00-10:00,7.04,6.75
500112114,10:00-12:00,5.98,4.72
500112114,12:00-14:00,5.64,4.72
500112114,14:00-16:00,3.67,3.72
500112114,16:00-18:00,5.36,6.93
500112114,18:00-20:00,6.59,6.7
500112114,20:00-22:00,4.5,5.65
500112114,22:00-24:00,3.68,2.8
500112115,00:00-02:00,2.04,3.48
500112115,02:00-04:00,0.72,1.42
500112115,04:00-06:00,1.56,1.53
500112115,06:00-08:00,11.28,6.23
500112115,08:00-10:00,15.32,9.27
500112115,10:00-12:00,8.35,5.78
500112115,12:00-14:00,11.0,8.1
500112115,14:00-16:00,6.9,8.09
500112115,16:00-18:00,12.55,16.57
500112115,18:00-20:00,13.29,14.24
500112115,20:00-22:00,10.32,12.85
500112115,22:00-24:00,10.38,8.19
500112116,00:00-02:00,1.18,1.64
500112116,02:00-04:00,0.03,0.12
500112116,04:00-06:00,0.59,0.29
500112116,06:00-08:00,6.22,3.71
500112116,08:00-10:00,11.7,7.82
500112116,10:00-12:00,5.87,2.44
500112116,12:00-14:00,4.5,2.94
500112116,14:00-16:00,3.82,3.56
500112116,16:00-18:00,3.53,6.21
500112116,18:00-20:00,8.46,7.32
500112116,20:00-22:00,3.83,6.17
500112116,22:00-24:00,3.32,5.33
500112117,00:00-02:00,0.55,1.51
500112117,02:00-04:00,0.31,0.19
500112117,04:00-06:00,0.25,1.94
500112117,06:00-08:00,4.78,5.22
500112117,08:00-10:00,6.13,10.38
500112117,10:00-12:00,5.72,7.38
500112117,12:00-14:00,7.91,7.52
500112117,14:00-16:00,5.62,7.22
500112117,16:00-18:00,8.21,6.79
500112117,18:00-20:00,9.33,5.42
500112117,20:00-22:00,5.63,3.81
500112117,22:00-24:00,2.8,2.42
500112118,00:00-02:00,1.94,1.99
500112118,02:00-04:00,0.12,0.34
500112118,04:00-06:00,0.69,2.34
500112118,06:00-08:00,7.57,4.81
500112118,08:00-10:00,8.17,7.78
500112118,10:00-12:00,6.49,6.59
500112118,12:00-14:00,8.92,8.38
500112118,14:00-16:00,6.49,7.91
500112118,16:00-18:00,7.93,12.17
500112118,18:00-20:00,12.59,11.82
500112118,20:00-22:00,10.83,7.5
500112118,22:00-24:00,4.78,2.9
500112119,00:00-02:00,2.78,2.89
500112119,02:00-04:00,1.01,1.37
500112119,04:00-06:00,0.38,2.94
500112119,06:00-08:00,3.09,6.31
500112119,08:00-10:00,6.78,25.69
500112119,10:00-12:00,9.65,7.05
500112119,12:00-14:00,17.82,16.72
500112119,14:00-16:00,7.16,6.34
500112119,16:00-18:00,13.37,5.76
500112119,18:00-20:00,13.67,6.94
500112119,20:00-22:00,7.28,3.95
500112119,22:00-24:00,6.94,1.25
500112120,00:00-02:00,0.13,0.23
500112120,02:00-04:00,0.0,0.31
500112120,04:00-06:00,0.38,0.19
500112120,06:00-08:00,0.84,0.69
500112120,08:00-10:00,2.13,1.44
500112120,10:00-12:00,1.32,0.94
500112120,12:00-14:00,1.94,0.75
500112120,14:00-16:00,0.8,1.56
500112120,16:00-18:00,4.04,1.79
500112120,18:00-20:00,1.18,2.72
500112120,20:00-22:00,0.41,0.78
500112120,22:00-24:00,0.31,0.35
500112123,00:00-02:00,1.07,1.25
500112123,02:00-04:00,0.28,0.62
500112123,04:00-06:00,1.25,0.47
500112123,06:00-08:00,4.08,3.34
500112123,08:00-10:00,6.21,6.55
500112123,10:00-12:00,5.76,5.21
500112123,12:00-14:00,6.83,6.97
500112123,14:00-16:00,5.59,6.03
500112123,16:00-18:00,7.75,10.24
500112123,18:00-20:00,7.4,11.84
500112123,20:00-22:00,6.85,5.56
500112123,22:00-24:00,4.96,3.31
500112124,00:00-02:00,0.86,1.64
500112124,02:00-04:00,0.48,0.19
500112124,04:00-06:00,0.44,1.06
500112124,06:00-08:00,4.91,1.72
500112124,08:00-10:00,7.88,5.88
500112124,10:00-12:00,5.33,3.9
500112124,12:00-14:00,5.57,5.29
500112124,14:00-16:00,3.62,3.78
500112124,16:00-18:00,5.89,6.7
500112124,18:00-20:00,7.04,6.99
500112124,20:00-22:00,5.71,3.23
500112124,22:00-24:00,2.57,1.76
500112125,00:00-02:00,0.92,1.81
500112125,02:00-04:00,0.13,1.34
500112125,04:00-06:00,0.22,1.94
500112125,06:00-08:00,2.34,3.03
500112125,08:00-10:00,5.38,5.0
500112125,10:00-12:00,4.31,4.74
500112125,12:00-14:00,4.81,3.54
500112125,14:00-16:00,3.39,4.97
500112125,16:00-18:00,5.94,4.3
500112125,18:00-20:00,7.51,5.72
500112125,20:00-22:00,8.02,5.25
500112125,22:00-24:00,3.25,0.72
500112127,00:00-02:00,1.81,2.23
500112127,02:00-04:00,0.44,1.19
500112127,04:00-06:00,1.59,0.22
500112127,06:00-08:00,9.38,5.03
500112127,08:00-10:00,15.9,11.51
500112127,10:00-12:00,7.69,6.22
500112127,12:00-14:00,6.23,6.0
500112127,14:00-16:00,5.44,6.39
500112127,16:00-18:00,7.46,10.63
500112127,18:00-20:00,11.98,13.49
500112127,20:00-22:00,7.06,9.03
500112127,22:00-24:00,5.02,5.16
500112128,00:00-02:00,1.98,1.35
500112128,02:00-04:00,0.73,0.66
500112128,04:00-06:00,0.89,0.56
500112128,06:00-08:00,3.51,6.0
500112128,08:00-10:00,13.8,16.41
500112128,10:00-12:00,6.06,7.37
500112128,12:00-14:00,7.32,8.07
500112128,14:00-16:00,5.47,5.06
500112128,16:00-18:00,11.77,6.07
500112128,18:00-20:00,14.15,8.31
500112128,20:00-22:00,5.72,3.38
500112128,22:00-24:00,4.96,3.95
500112129,00:00-02:00,0.82,1.48
500112129,02:00-04:00,0.28,0.44
500112129,04:00-06:00,0.94,0.25
500112129,06:00-08:00,8.09,4.25
500112129,08:00-10:00,8.39,5.97
500112129,10:00-12:00,7.33,5.28
500112129,12:00-14:00,7.65,7.5
500112129,14:00-16:00,4.72,4.31
500112129,16:00-18:00,9.39,12.64
500112129,18:00-20:00,12.83,11.8
500112129,20:00-22:00,7.1,6.73
500112129,22:00-24:00,2.47,3.6
500112130,00:00-02:00,0.16,0.53
500112130,02:00-04:00,0.12,0.22
500112130,04:00-06:00,0.56,0.53
500112130,06:00-08:00,1.84,2.91
500112130,08:00-10:00,4.19,7.0
500112130,10:00-12:00,2.84,3.15
500112130,12:00-14:00,3.97,4.0
500112130,14:00-16:00,5.22,3.19
500112130,16:00-18:00,6.15,2.42
500112130,18:00-20:00,4.65,3.37
500112130,20:00-22:00,1.85,1.34
500112130,22:00-24:00,0.77,2.07
500112132,00:00-02:00,0.43,0.92
500112132,02:00-04:00,0.0,0.53
500112132,04:00-06:00,1.41,1.5
500112132,06:00-08:00,8.81,1.97
500112132,08:00-10:00,12.2,3.47
500112132,10:00-12:00,5.36,2.59
500112132,12:00-14:00,4.55,4.22
500112132,14:00-16:00,4.29,3.94
500112132,16:00-18:00,5.05,5.63
500112132,18:00-20:00,6.31,7.31
500112132,20:00-22:00,3.25,6.09
500112132,22:00-24:00,1.35,6.9
500112133,00:00-02:00,1.05,1.71
500112133,02:00-04:00,0.03,0.34
500112133,04:00-06:00,0.72,0.61
500112133,06:00-08:00,5.87,3.8
500112133,08:00-10:00,9.96,7.46
500112133,10:00-12:00,7.67,6.55
500112133,12:00-14:00,10.05,9.81
500112133,14:00-16:00,6.02,5.61
500112133,16:00-18:00,9.1,10.85
500112133,18:00-20:00,9.18,10.49
500112133,20:00-22:00,9.51,8.12
500112133,22:00-24:00,4.1,4.09
500112134,00:00-02:00,0.52,0.66
500112134,02:00-04:00,0.34,0.25
500112134,04:00-06:00,0.38,0.38
500112134,06:00-08:00,4.44,8.54
500112134,08:00-10:00,8.99,3.03
500112134,10:00-12:00,3.56,2.59
500112134,12:00-14:00,3.61,3.03
500112134,14:00-16:00,2.15,2.34
500112134,16:00-18:00,5.55,4.63
500112134,18:00-20:00,6.53,8.53
500112134,20:00-22:00,5.77,3.31
500112134,22:00-24:00,1.6,1.0
500113001,00:00-02:00,0.5,1.13
500113001,02:00-04:00,0.53,0.29
500113001,04:00-06:00,1.53,0.83
500113001,06:00-08:00,9.4,7.47
500113001,08:00-10:00,5.4,4.79
500113001,10:00-12:00,3.68,3.79
500113001,12:00-14:00,3.61,3.48
500113001,14:00-16:00,3.57,3.72
500113001,16:00-18:00,7.34,10.24
500113001,18:00-20:00,9.71,7.9
500113001,20:00-22:00,4.54,7.72
500113001,22:00-24:00,4.55,3.7
500113002,00:00-02:00,2.3,1.54
500113002,02:00-04:00,0.31,0.53
500113002,04:00-06:00,2.45,1.05
500113002,06:00-08:00,9.63,5.91
500113002,08:00-10:00,6.43,7.67
500113002,10:00-12:00,4.11,3.58
500113002,12:00-14:00,4.22,3.32
500113002,14:00-16:00,4.29,3.84
500113002,16:00-18:00,8.31,12.22
500113002,18:00-20:00,10.87,9.6
500113002,20:00-22:00,4.16,8.95
500113002,22:00-24:00,3.42,3.4
500113003,00:00-02:00,1.2,2.21
500113003,02:00-04:00,1.41,0.68
500113003,04:00-06:00,1.35,1.63
500113003,06:00-08:00,5.48,3.95
500113003,08:00-10:00,4.01,6.23
500113003,10:00-12:00,4.56,4.72
500113003,12:00-14:00,3.82,3.89
500113003,14:00-16:00,4.47,4.62
500113003,16:00-18:00,6.05,8.06
500113003,18:00-20:00,5.93,6.52
500113003,20:00-22:00,5.06,5.54
500113003,22:00-24:00,3.33,3.61
500113004,00:00-02:00,0.79,0.76
500113004,02:00-04:00,0.25,0.41
500113004,04:00-06:00,1.66,0.13
500113004,06:00-08:00,5.25,8.16
500113004,08:00-10:00,8.26,3.84
500113004,10:00-12:00,6.16,5.84
500113004,12:00-14:00,4.47,4.83
500113004,14:00-16:00,5.02,4.28
500113004,16:00-18:00,8.51,7.91
500113004,18:00-20:00,6.19,8.09
500113004,20:00-22:00,4.44,4.85
500113004,22:00-24:00,1.98,2.72
500113005,00:00-02:00,0.36,0.99
500113005,02:00-04:00,3.28,0.09
500113005,04:00-06:00,1.81,0.81
500113005,06:00-08:00,4.84,8.84
500113005,08:00-10:00,5.91,5.47
500113005,10:00-12:00,7.53,4.72
500113005,12:00-14:00,5.97,4.85
500113005,14:00-16:00,4.62,4.72
500113005,16:00-18:00,12.94,7.99
500113005,18:00-20:00,5.47,9.4
500113005,20:00-22:00,4.88,6.28
500113005,22:00-24:00,2.1,3.32
500113006,00:00-02:00,0.43,0.59
500113006,02:00-04:00,0.19,0.41
500113006,04:00-06:00,0.66,0.69
500113006,06:00-08:00,3.52,2.31
500113006,08:00-10:00,3.13,2.78
500113006,10:00-12:00,2.26,1.94
500113006,12:00-14:00,2.92,2.63
500113006,14:00-16:00,2.67,3.21
500113006,16:00-18:00,5.77,2.95
500113006,18:00-20:00,2.85,3.56
500113006,20:00-22:00,1.59,2.81
500113006,22:00-24:00,0.94,1.98
500113007,00:00-02:00,0.46,0.72
500113007,02:00-04:00,0.09,0.31
500113007,04:00-06:00,0.41,1.28
500113007,06:00-08:00,5.13,5.59
500113007,08:00-10:00,8.59,5.97
500113007,10:00-12:00,5.86,5.56
500113007,12:00-14:00,4.28,3.88
500113007,14:00-16:00,4.01,4.41
500113007,16:00-18:00,7.21,6.11
500113007,18:00-20:00,4.51,4.0
500113007,20:00-22:00,2.81,2.78
500113007,22:00-24:00,1.61,1.79
500113008,00:00-02:00,0.95,1.87
500113008,02:00-04:00,2.4,1.25
500113008,04:00-06:00,2.41,2.19
500113008,06:00-08:00,15.19,9.19
500113008,08:00-10:00,11.29,9.03
500113008,10:00-12:00,9.78,9.12
500113008,12:00-14:00,7.82,7.03
500113008,14:00-16:00,6.16,6.94
500113008,16:00-18:00,11.19,14.79
500113008,18:00-20:00,10.49,13.31
500113008,20:00-22:00,8.81,8.38
500113008,22:00-24:00,3.98,4.3
500113009,00:00-02:00,0.13,0.39
500113009,02:00-04:00,0.31,0.28
500113009,04:00-06:00,0.66,0.28
500113009,06:00-08:00,3.91,3.16
500113009,08:00-10:00,5.9,3.34
500113009,10:00-12:00,3.59,2.37
500113009,12:00-14:00,3.33,2.91
500113009,14:00-16:00,3.85,3.09
500113009,16:00-18:00,4.17,5.69
500113009,18:00-20:00,2.8,4.84
500113009,20:00-22:00,2.56,3.0
500113009,22:00-24:00,1.41,1.66
500113010,00:00-02:00,0.46,0.13
500113010,02:00-04:00,0.1,0.37
500113010,04:00-06:00,0.06,0.63
500113010,06:00-08:00,2.76,3.4
500113010,08:00-10:00,3.63,2.72
500113010,10:00-12:00,2.7,2.09
500113010,12:00-14:00,2.45,2.0
500113010,14:00-16:00,2.01,2.97
500113010,16:00-18:00,4.37,3.65
500113010,18:00-20:00,2.68,4.0
500113010,20:00-22:00,3.5,3.38
500113010,22:00-24:00,2.28,1.6
500113012,00:00-02:00,1.77,2.21
500113012,02:00-04:00,0.44,0.78
500113012,04:00-06:00,2.56,1.19
500113012,06:00-08:00,13.27,7.82
500113012,08:00-10:00,12.48,8.97
500113012,10:00-12:00,8.31,8.0
500113012,12:00-14:00,8.53,8.17
500113012,14:00-16:00,8.19,9.0
500113012,16:00-18:00,12.29,17.47
500113012,18:00-20:00,13.96,15.61
500113012,20:00-22:00,8.75,8.97
500113012,22:00-24:00,4.89,5.47
500113013,00:00-02:00,1.28,1.62
500113013,02:00-04:00,0.09,0.19
500113013,04:00-06:00,0.63,0.13
500113013,06:00-08:00,7.56,6.5
500113013,08:00-10:00,8.3,3.54
500113013,10:00-12:00,4.62,3.94
500113013,12:00-14:00,4.93,4.35
500113013,14:00-16:00,5.08,3.66
500113013,16:00-18:00,7.52,10.13
500113013,18:00-20:00,9.93,9.96
500113013,20:00-22:00,4.44,6.78
500113013,22:00-24:00,2.67,2.7
500113014,00:00-02:00,0.72,1.74
500113014,02:00-04:00,0.31,0.53
500113014,04:00-06:00,1.66,1.06
500113014,06:00-08:00,6.29,3.34
500113014,08:00-10:00,6.73,4.59
500113014,10:00-12:00,4.73,4.31
500113014,12:00-14:00,6.01,5.69
500113014,14:00-16:00,5.29,5.0
500113014,16:00-18:00,5.85,8.37
500113014,18:00-20:00,7.69,6.9
500113014,20:00-22:00,4.86,4.06
500113014,22:00-24:00,2.34,2.85
500113015,00:00-02:00,0.53,0.59
500113015,02:00-04:00,0.25,0.3
500113015,04:00-06:00,1.4,0.8
500113015,06:00-08:00,4.1,3.2
500113015,08:00-10:00,5.02,4.02
500113015,10:00-12:00,3.83,3.12
500113015,12:00-14:00,3.98,4.76
500113015,14:00-16:00,4.22,3.66
500113015,16:00-18:00,5.07,6.32
500113015,18:00-20:00,6.89,7.46
500113015,20:00-22:00,3.87,4.43
500113015,22:00-24:00,3.16,2.61
500113016,00:00-02:00,0.43,0.23
500113016,02:00-04:00,0.09,0.03
500113016,04:00-06:00,0.03,0.16
500113016,06:00-08:00,2.66,1.88
500113016,08:00-10:00,2.8,2.69
500113016,10:00-12:00,2.27,2.59
500113016,12:00-14:00,2.67,2.85
500113016,14:00-16:00,2.28,2.72
500113016,16:00-18:00,4.27,5.62
500113016,18:00-20:00,4.43,3.3
500113016,20:00-22:00,2.22,2.41
500113016,22:00-24:00,1.48,0.82
500113017,00:00-02:00,0.95,0.72
500113017,02:00-04:00,0.31,0.12
500113017,04:00-06:00,1.59,0.44
500113017,06:00-08:00,9.29,4.66
500113017,08:00-10:00,5.03,7.84
500113017,10:00-12:00,5.25,5.62
500113017,12:00-14:00,5.19,5.23
500113017,14:00-16:00,7.31,5.69
500113017,16:00-18:00,7.94,10.47
500113017,18:00-20:00,8.62,10.21
500113017,20:00-22:00,5.69,5.71
500113017,22:00-24:00,3.01,3.36
500113018,00:00-02:00,1.15,1.64
500113018,02:00-04:00,1.31,0.62
500113018,04:00-06:00,0.56,0.67
500113018,06:00-08:00,3.64,3.54
500113018,08:00-10:00,4.16,3.35
500113018,10:00-12:00,3.31,3.95
500113018,12:00-14:00,3.19,3.47
500113018,14:00-16:00,3.17,4.04
500113018,16:00-18:00,5.06,4.97
500113018,18:00-20:00,6.43,6.94
500113018,20:00-22:00,5.15,4.81
500113018,22:00-24:00,2.44,3.38
500113019,00:00-02:00,0.69,2.43
500113019,02:00-04:00,0.53,1.24
500113019,04:00-06:00,1.53,1.1
500113019,06:00-08:00,12.17,9.41
500113019,08:00-10:00,8.97,8.74
500113019,10:00-12:00,6.95,6.31
500113019,12:00-14:00,6.44,5.07
500113019,14:00-16:00,6.49,4.84
500113019,16:00-18:00,10.15,18.27
500113019,18:00-20:00,16.31,14.41
500113019,20:00-22:00,7.33,9.07
500113019,22:00-24:00,6.8,7.01
500113020,00:00-02:00,1.48,0.91
500113020,02:00-04:00,0.06,0.22
500113020,04:00-06:00,0.81,0.44
500113020,06:00-08:00,6.98,5.87
500113020,08:00-10:00,6.92,5.75
500113020,10:00-12:00,5.41,4.93
500113020,12:00-14:00,4.35,5.64
500113020,14:00-16:00,5.52,5.28
500113020,16:00-18:00,8.3,11.09
500113020,18:00-20:00,8.89,9.7
500113020,20:00-22:00,5.44,7.4
500113020,22:00-24:00,2.51,3.26
500113022,00:00-02:00,1.31,2.53
500113022,02:00-04:00,4.81,1.44
500113022,04:00-06:00,2.66,2.09
500113022,06:00-08:00,10.82,16.75
500113022,08:00-10:00,16.53,19.69
500113022,10:00-12:00,14.55,14.52
500113022,12:00-14:00,12.76,12.6
500113022,14:00-16:00,13.24,10.78
500113022,16:00-18:00,25.04,17.27
500113022,18:00-20:00,15.31,16.65
500113022,20:00-22:00,10.21,8.56
500113022,22:00-24:00,5.43,8.94
500113023,00:00-02:00,1.97,3.78
500113023,02:00-04:00,0.5,0.31
500113023,04:00-06:00,0.75,0.72
500113023,06:00-08:00,5.15,4.22
500113023,08:00-10:00,5.77,6.81
500113023,10:00-12:00,3.94,4.93
500113023,12:00-14:00,4.88,5.19
500113023,14:00-16:00,5.33,5.59
500113023,16:00-18:00,7.98,6.54
500113023,18:00-20:00,8.66,6.43
500113023,20:00-22:00,7.61,3.78
500113023,22:00-24:00,5.92,6.62
500113025,00:00-02:00,2.1,2.3
500113025,02:00-04:00,1.66,1.26
500113025,04:00-06:00,2.38,1.91
500113025,06:00-08:00,8.07,8.28
500113025,08:00-10:00,6.13,5.09
500113025,10:00-12:00,5.09,5.35
500113025,12:00-14:00,5.47,6.07
500113025,14:00-16:00,7.0,6.02
500113025,16:00-18:00,10.1,9.52
500113025,18:00-20:00,7.84,10.69
500113025,20:00-22:00,6.34,7.67
500113025,22:00-24:00,6.08,4.43
500113026,00:00-02:00,1.38,1.48
500113026,02:00-04:00,0.59,0.72
500113026,04:00-06:00,1.0,1.69
500113026,06:00-08:00,4.56,5.05
500113026,08:00-10:00,4.69,5.36
500113026,10:00-12:00,4.22,3.34
500113026,12:00-14:00,5.6,3.0
500113026,14:00-16:00,4.18,4.47
500113026,16:00-18:00,6.4,6.45
500113026,18:00-20:00,4.5,5.73
500113026,20:00-22:00,4.72,4.57
500113026,22:00-24:00,3.18,2.9
500113027,00:00-02:00,0.49,1.15
500113027,02:00-04:00,0.19,0.53
500113027,04:00-06:00,1.09,0.72
500113027,06:00-08:00,5.78,4.18
500113027,08:00-10:00,6.88,5.47
500113027,10:00-12:00,4.4,2.94
500113027,12:00-14:00,3.88,3.78
500113027,14:00-16:00,3.99,3.06
500113027,16:00-18:00,3.91,7.68
500113027,18:00-20:00,8.72,8.09
500113027,20:00-22:00,3.38,5.88
500113027,22:00-24:00,3.73,3.39
500113028,00:00-02:00,0.23,0.49
500113028,02:00-04:00,0.25,0.12
500113028,04:00-06:00,0.41,0.59
500113028,06:00-08:00,4.75,3.41
500113028,08:00-10:00,6.68,3.78
500113028,10:00-12:00,3.09,3.31
500113028,12:00-14:00,4.76,4.41
500113028,14:00-16:00,3.42,3.28
500113028,16:00-18:00,4.56,5.63
500113028,18:00-20:00,6.5,7.39
500113028,20:00-22:00,4.52,5.14
500113028,22:00-24:00,3.18,2.8
500113029,00:00-02:00,1.08,1.01
500113029,02:00-04:00,0.19,0.16
500113029,04:00-06:00,1.66,0.25
500113029,06:00-08:00,3.83,5.13
500113029,08:00-10:00,5.72,5.19
500113029,10:00-12:00,3.34,3.23
500113029,12:00-14:00,3.5,3.2
500113029,14:00-16:00,2.87,3.61
500113029,16:00-18:00,8.13,6.22
500113029,18:00-20:00,5.67,6.63
500113029,20:00-22:00,3.41,4.85
500113029,22:00-24:00,2.51,2.45
500113030,00:00-02:00,0.16,0.1
500113030,02:00-04:00,0.28,0.16
500113030,04:00-06:00,0.44,0.56
500113030,06:00-08:00,5.38,13.6
500113030,08:00-10:00,6.66,7.79
500113030,10:00-12:00,3.75,4.51
500113030,12:00-14:00,3.13,2.22
500113030,14:00-16:00,2.81,3.53
500113030,16:00-18:00,21.26,3.25
500113030,18:00-20:00,2.41,2.59
500113030,20:00-22:00,1.06,1.97
500113030,22:00-24:00,0.41,2.16
500113031,00:00-02:00,1.61,1.74
500113031,02:00-04:00,0.31,0.16
500113031,04:00-06:00,1.69,0.47
500113031,06:00-08:00,6.41,5.52
500113031,08:00-10:00,8.4,6.38
500113031,10:00-12:00,7.15,4.7
500113031,12:00-14:00,5.43,5.25
500113031,14:00-16:00,4.58,6.44
500113031,16:00-18:00,8.79,8.93
500113031,18:00-20:00,8.94,8.81
500113031,20:00-22:00,6.24,7.15
500113031,22:00-24:00,4.96,5.19
500113032,00:00-02:00,0.56,0.72
500113032,02:00-04:00,0.03,0.0
500113032,04:00-06:00,0.19,0.28
500113032,06:00-08:00,2.6,2.5
500113032,08:00-10:00,4.14,4.84
500113032,10:00-12:00,2.01,1.03
500113032,12:00-14:00,3.51,3.63
500113032,14:00-16:00,2.54,2.72
500113032,16:00-18:00,4.74,3.43
500113032,18:00-20:00,3.06,2.62
500113032,20:00-22:00,1.78,1.97
500113032,22:00-24:00,1.53,1.44
500113033,00:00-02:00,0.72,1.06
500113033,02:00-04:00,0.25,0.25
500113033,04:00-06:00,1.31,1.5
500113033,06:00-08:00,6.22,2.41
500113033,08:00-10:00,6.27,5.29
500113033,10:00-12:00,3.5,2.37
500113033,12:00-14:00,3.14,2.13
500113033,14:00-16:00,2.62,2.41
500113033,16:00-18:00,3.96,4.91
500113033,18:00-20:00,4.09,6.98
500113033,20:00-22:00,4.44,5.58
500113033,22:00-24:00,2.98,3.17
500113034,00:00-02:00,7.59,4.5
500113034,02:00-04:00,5.25,2.16
500113034,04:00-06:00,4.41,2.72
500113034,06:00-08:00,16.25,7.72
500113034,08:00-10:00,19.81,11.91
500113034,10:00-12:00,12.4,14.12
500113034,12:00-14:00,17.51,19.04
500113034,14:00-16:00,11.75,16.41
500113034,16:00-18:00,12.87,19.3
500113034,18:00-20:00,11.12,24.04
500113034,20:00-22:00,16.25,13.64
500113034,22:00-24:00,11.6,9.13
500113035,00:00-02:00,4.86,3.84
500113035,02:00-04:00,4.01,2.12
500113035,04:00-06:00,2.96,1.75
500113035,06:00-08:00,4.48,6.03
500113035,08:00-10:00,6.98,9.0
500113035,10:00-12:00,8.59,13.06
500113035,12:00-14:00,11.29,13.88
500113035,14:00-16:00,10.87,12.52
500113035,16:00-18:00,14.25,13.32
500113035,18:00-20:00,13.34,14.35
500113035,20:00-22:00,12.06,9.31
500113035,22:00-24:00,10.61,5.15
500113036,00:00-02:00,1.74,1.23
500113036,02:00-04:00,0.37,0.31
500113036,04:00-06:00,1.44,1.14
500113036,06:00-08:00,4.66,2.11
500113036,08:00-10:00,7.3,2.97
500113036,10:00-12:00,3.29,2.56
500113036,12:00-14:00,3.05,2.25
500113036,14:00-16:00,2.54,3.31
500113036,16:00-18:00,4.54,6.23
500113036,18:00-20:00,4.61,6.59
500113036,20:00-22:00,3.44,5.47
500113036,22:00-24:00,1.1,3.88
500113037,00:00-02:00,1.22,1.08
500113037,02:00-04:00,0.22,0.39
500113037,04:00-06:00,0.59,0.3
500113037,06:00-08:00,4.86,4.16
500113037,08:00-10:00,5.12,3.09
500113037,10:00-12:00,2.98,2.34
500113037,12:00-14:00,3.85,3.35
500113037,14:00-16:00,3.02,3.28
500113037,16:00-18:00,4.61,6.09
500113037,18:00-20:00,5.44,5.34
500113037,20:00-22:00,2.97,4.55
500113037,22:00-24:00,1.73,2.1
500113038,00:00-02:00,7.02,3.81
500113038,02:00-04:00,2.84,5.72
500113038,04:00-06:00,2.63,4.63
500113038,06:00-08:00,12.15,10.13
500113038,08:00-10:00,13.4,18.75
500113038,10:00-12:00,15.4,15.93
500113038,12:00-14:00,19.29,20.71
500113038,14:00-16:00,19.62,19.58
500113038,16:00-18:00,22.97,26.32
500113038,18:00-20:00,27.34,22.42
500113038,20:00-22:00,22.76,15.97
500113038,22:00-24:00,15.27,10.35
500113039,00:00-02:00,5.71,5.61
500113039,02:00-04:00,2.39,7.72
500113039,04:00-06:00,2.97,2.99
500113039,06:00-08:00,16.62,11.4
500113039,08:00-10:00,18.75,14.74
500113039,10:00-12:00,15.79,19.09
500113039,12:00-14:00,22.96,23.25
500113039,14:00-16:00,20.86,20.14
500113039,16:00-18:00,24.65,29.28
500113039,18:00-20:00,25.4,26.0
500113039,20:00-22:00,23.73,20.38
500113039,22:00-24:00,16.07,14.43
500113041,00:00-02:00,0.99,0.49
500113041,02:00-04:00,0.28,0.59
500113041,04:00-06:00,1.44,1.03
500113041,06:00-08:00,4.84,4.97
500113041,08:00-10:00,5.4,3.97
500113041,10:00-12:00,2.93,2.56
500113041,12:00-14:00,3.5,3.38
500113041,14:00-16:00,3.89,3.81
500113041,16:00-18:00,4.97,6.29
500113041,18:00-20:00,4.55,4.56
500113041,20:00-22:00,4.92,4.0
500113041,22:00-24:00,2.31,3.45
500113042,00:00-02:00,3.88,3.35
500113042,02:00-04:00,1.19,2.32
500113042,04:00-06:00,3.16,2.33
500113042,06:00-08:00,14.03,10.0
500113042,08:00-10:00,17.5,11.28
500113042,10:00-12:00,10.73,11.4
500113042,12:00-14:00,12.01,13.29
500113042,14:00-16:00,13.03,15.76
500113042,16:00-18:00,18.63,23.54
500113042,18:00-20:00,21.71,17.53
500113042,20:00-22:00,10.66,16.71
500113042,22:00-24:00,7.31,7.4
500113043,00:00-02:00,2.69,3.0
500113043,02:00-04:00,1.25,2.28
500113043,04:00-06:00,2.53,1.31
500113043,06:00-08:00,9.94,3.66
500113043,08:00-10:00,14.44,6.94
500113043,10:00-12:00,10.23,10.12
500113043,12:00-14:00,9.57,9.6
500113043,14:00-16:00,9.66,11.87
500113043,16:00-18:00,11.94,15.67
500113043,18:00-20:00,9.15,13.49
500113043,20:00-22:00,10.41,9.68
500113043,22:00-24:00,5.68,6.37
500113044,00:00-02:00,0.62,1.77
500113044,02:00-04:00,0.16,0.34
500113044,04:00-06:00,0.16,0.72
500113044,06:00-08:00,7.73,2.38
500113044,08:00-10:00,7.03,4.63
500113044,10:00-12:00,4.0,3.62
500113044,12:00-14:00,3.98,3.6
500113044,14:00-16:00,3.26,4.47
500113044,16:00-18:00,3.52,7.43
500113044,18:00-20:00,7.04,4.44
500113044,20:00-22:00,4.17,2.94
500113044,22:00-24:00,2.68,3.23
500113045,00:00-02:00,1.6,2.89
500113045,02:00-04:00,0.31,0.28
500113045,04:00-06:00,1.32,4.03
500113045,06:00-08:00,27.98,20.89
500113045,08:00-10:00,19.61,20.6
500113045,10:00-12:00,10.16,11.16
500113045,12:00-14:00,11.44,12.89
500113045,14:00-16:00,11.82,10.74
500113045,16:00-18:00,22.37,26.65
500113045,18:00-20:00,22.09,15.1
500113045,20:00-22:00,14.24,11.21
500113045,22:00-24:00,10.43,9.57
500113046,00:00-02:00,1.84,3.38
500113046,02:00-04:00,1.44,0.56
500113046,04:00-06:00,1.85,0.38
500113046,06:00-08:00,6.61,7.0
500113046,08:00-10:00,8.17,8.59
500113046,10:00-12:00,7.03,6.84
500113046,12:00-14:00,7.11,7.85
500113046,14:00-16:00,6.0,7.04
500113046,16:00-18:00,10.93,9.34
500113046,18:00-20:00,10.63,8.46
500113046,20:00-22:00,9.09,8.22
500113046,22:00-24:00,5.6,6.84
500113047,00:00-02:00,3.02,1.94
500113047,02:00-04:00,1.67,1.41
500113047,04:00-06:00,1.87,0.81
500113047,06:00-08:00,4.79,4.44
500113047,08:00-10:00,7.57,7.02
500113047,10:00-12:00,5.13,5.37
500113047,12:00-14:00,5.5,6.16
500113047,14:00-16:00,5.25,5.97
500113047,16:00-18:00,8.32,7.19
500113047,18:00-20:00,6.18,7.37
500113047,20:00-22:00,3.66,5.16
500113047,22:00-24:00,3.51,3.01
500113048,00:00-02:00,2.33,1.47
500113048,02:00-04:00,1.14,0.94
500113048,04:00-06:00,0.91,0.84
500113048,06:00-08:00,4.0,3.34
500113048,08:00-10:00,5.13,4.62
500113048,10:00-12:00,4.23,3.72
500113048,12:00-14:00,4.6,5.72
500113048,14:00-16:00,4.23,3.59
500113048,16:00-18:00,5.51,6.45
500113048,18:00-20:00,5.62,6.2
500113048,20:00-22:00,3.63,4.27
500113048,22:00-24:00,2.6,3.03
500113049,00:00-02:00,5.12,4.24
500113049,02:00-04:00,2.34,3.22
500113049,04:00-06:00,2.42,2.85
500113049,06:00-08:00,3.63,5.93
500113049,08:00-10:00,9.06,9.95
500113049,10:00-12:00,9.93,11.01
500113049,12:00-14:00,14.48,15.68
500113049,14:00-16:00,14.11,15.88
500113049,16:00-18:00,16.4,18.22
500113049,18:00-20:00,17.95,19.46
500113049,20:00-22:00,17.15,12.4
500113049,22:00-24:00,10.27,8.12
500113050,00:00-02:00,3.15,3.82
500113050,02:00-04:00,1.28,1.47
500113050,04:00-06:00,2.97,1.77
500113050,06:00-08:00,11.66,9.27
500113050,08:00-10:00,12.81,8.69
500113050,10:00-12:00,11.99,10.43
500113050,12:00-14:00,11.09,10.94
500113050,14:00-16:00,11.22,11.33
500113050,16:00-18:00,13.94,16.18
500113050,18:00-20:00,14.99,16.62
500113050,20:00-22:00,9.79,12.11
500113050,22:00-24:00,7.13,8.96
500113051,00:00-02:00,0.3,0.99
500113051,02:00-04:00,0.03,0.12
500113051,04:00-06:00,0.47,0.67
500113051,06:00-08:00,3.97,5.49
500113051,08:00-10:00,3.78,3.14
500113051,10:00-12:00,2.19,1.97
500113051,12:00-14:00,3.24,1.72
500113051,14:00-16:00,2.84,1.97
500113051,16:00-18:00,5.7,5.03
500113051,18:00-20:00,4.02,6.83
500113051,20:00-22:00,5.75,3.47
500113051,22:00-24:00,1.37,2.01
500113052,00:00-02:00,0.37,1.41
500113052,02:00-04:00,0.22,0.78
500113052,04:00-06:00,0.59,1.48
500113052,06:00-08:00,8.12,5.79
500113052,08:00-10:00,8.15,7.72
500113052,10:00-12:00,6.01,4.4
500113052,12:00-14:00,6.34,4.85
500113052,14:00-16:00,6.09,5.69
500113052,16:00-18:00,9.04,10.55
500113052,18:00-20:00,10.09,10.09
500113052,20:00-22:00,7.75,6.57
500113052,22:00-24:00,3.99,3.59
500113053,00:00-02:00,0.76,0.86
500113053,02:00-04:00,0.09,0.28
500113053,04:00-06:00,1.09,0.33
500113053,06:00-08:00,4.94,2.06
500113053,08:00-10:00,2.73,2.25
500113053,10:00-12:00,2.32,1.31
500113053,12:00-14:00,2.03,1.0
500113053,14:00-16:00,1.5,1.25
500113053,16:00-18:00,1.65,3.05
500113053,18:00-20:00,2.65,3.87
500113053,20:00-22:00,1.66,3.2
500113053,22:00-24:00,1.63,3.29
500113054,00:00-02:00,0.36,0.13
500113054,02:00-04:00,0.31,0.16
500113054,04:00-06:00,0.06,0.03
500113054,06:00-08:00,1.13,0.84
500113054,08:00-10:00,1.22,1.22
500113054,10:00-12:00,0.97,1.37
500113054,12:00-14:00,1.06,0.92
500113054,14:00-16:00,0.85,0.47
500113054,16:00-18:00,1.4,1.32
500113054,18:00-20:00,1.51,1.44
500113054,20:00-22:00,0.63,1.25
500113054,22:00-24:00,0.4,0.38
500113055,00:00-02:00,0.72,0.52
500113055,02:00-04:00,0.06,0.1
500113055,04:00-06:00,0.88,0.1
500113055,06:00-08:00,4.52,2.78
500113055,08:00-10:00,5.46,8.43
500113055,10:00-12:00,3.81,3.25
500113055,12:00-14:00,4.23,3.75
500113055,14:00-16:00,3.6,2.98
500113055,16:00-18:00,7.14,6.73
500113055,18:00-20:00,6.41,7.43
500113055,20:00-22:00,4.78,3.76
500113055,22:00-24:00,2.09,3.39
500113056,00:00-02:00,0.72,0.72
500113056,02:00-04:00,0.09,0.19
500113056,04:00-06:00,0.91,0.16
500113056,06:00-08:00,3.68,1.31
500113056,08:00-10:00,3.73,2.66
500113056,10:00-12:00,2.86,2.69
500113056,12:00-14:00,2.24,2.13
500113056,14:00-16:00,2.21,1.87
500113056,16:00-18:00,2.2,3.48
500113056,18:00-20:00,2.22,3.45
500113056,20:00-22:00,1.41,3.23
500113056,22:00-24:00,1.85,1.93
500113057,00:00-02:00,2.1,1.91
500113057,02:00-04:00,0.37,0.41
500113057,04:00-06:00,2.25,0.97
500113057,06:00-08:00,9.72,4.81
500113057,08:00-10:00,7.88,4.97
500113057,10:00-12:00,5.04,4.59
500113057,12:00-14:00,4.01,4.53
500113057,14:00-16:00,4.54,4.56
500113057,16:00-18:00,4.34,9.56
500113057,18:00-20:00,7.9,7.62
500113057,20:00-22:00,5.0,6.94
500113057,22:00-24:00,2.51,4.94
500113058,00:00-02:00,1.08,0.99
500113058,02:00-04:00,0.12,0.22
500113058,04:00-06:00,1.44,0.5
500113058,06:00-08:00,7.62,5.44
500113058,08:00-10:00,8.18,6.34
500113058,10:00-12:00,3.61,3.0
500113058,12:00-14:00,3.88,2.94
500113058,14:00-16:00,3.07,3.75
500113058,16:00-18:00,6.33,7.93
500113058,18:00-20:00,5.78,7.84
500113058,20:00-22:00,3.69,5.75
500113058,22:00-24:00,3.92,4.4
500113059,00:00-02:00,0.59,0.56
500113059,02:00-04:00,0.28,0.12
500113059,04:00-06:00,0.5,0.78
500113059,06:00-08:00,4.78,9.57
500113059,08:00-10:00,3.81,3.59
500113059,10:00-12:00,2.47,2.59
500113059,12:00-14:00,3.25,2.79
500113059,14:00-16:00,1.09,1.31
500113059,16:00-18:00,13.75,1.04
500113059,18:00-20:00,1.64,2.0
500113059,20:00-22:00,0.74,1.53
500113059,22:00-24:00,0.28,1.88
500113060,00:00-02:00,0.36,0.69
500113060,02:00-04:00,0.5,1.76
500113060,04:00-06:00,0.56,0.83
500113060,06:00-08:00,3.06,1.31
500113060,08:00-10:00,2.72,2.79
500113060,10:00-12:00,3.32,1.8
500113060,12:00-14:00,1.15,1.03
500113060,14:00-16:00,1.31,0.87
500113060,16:00-18:00,1.46,1.79
500113060,18:00-20:00,1.12,1.44
500113060,20:00-22:00,1.09,2.75
500113060,22:00-24:00,0.94,0.82
500113061,00:00-02:00,0.26,0.23
500113061,02:00-04:00,0.62,0.22
500113061,04:00-06:00,2.69,0.88
500113061,06:00-08:00,1.53,2.5
500113061,08:00-10:00,2.18,2.5
500113061,10:00-12:00,2.56,2.31
500113061,12:00-14:00,1.28,0.81
500113061,14:00-16:00,1.87,0.5
500113061,16:00-18:00,0.98,0.47
500113061,18:00-20:00,0.95,1.25
500113061,20:00-22:00,0.66,4.09
500113061,22:00-24:00,3.04,4.29
500113062,00:00-02:00,0.43,0.99
500113062,02:00-04:00,0.16,0.25
500113062,04:00-06:00,0.09,0.25
500113062,06:00-08:00,4.38,5.64
500113062,08:00-10:00,6.05,2.91
500113062,10:00-12:00,2.66,3.22
500113062,12:00-14:00,3.25,3.25
500113062,14:00-16:00,3.32,3.66
500113062,16:00-18:00,9.17,5.08
500113062,18:00-20:00,5.62,8.47
500113062,20:00-22:00,6.43,3.55
500113062,22:00-24:00,1.04,1.94
500113064,00:00-02:00,3.29,2.36
500113064,02:00-04:00,0.87,0.78
500113064,04:00-06:00,1.28,1.03
500113064,06:00-08:00,13.3,11.55
500113064,08:00-10:00,14.79,13.5
500113064,10:00-12:00,10.46,8.62
500113064,12:00-14:00,11.18,11.77
500113064,14:00-16:00,9.93,10.69
500113064,16:00-18:00,13.55,15.26
500113064,18:00-20:00,15.71,15.8
500113064,20:00-22:00,10.13,9.91
500113064,22:00-24:00,3.8,5.87
500113065,00:00-02:00,1.97,0.89
500113065,02:00-04:00,1.09,0.5
500113065,04:00-06:00,0.88,1.28
500113065,06:00-08:00,6.53,12.31
500113065,08:00-10:00,10.83,7.99
500113065,10:00-12:00,6.5,4.97
500113065,12:00-14:00,6.2,6.79
500113065,14:00-16:00,6.66,8.38
500113065,16:00-18:00,19.67,13.66
500113065,18:00-20:00,11.56,10.31
500113065,20:00-22:00,6.5,6.88
500113065,22:00-24:00,2.81,3.76
500113066,00:00-02:00,1.22,0.89
500113066,02:00-04:00,0.97,0.25
500113066,04:00-06:00,1.06,1.75
500113066,06:00-08:00,8.66,3.41
500113066,08:00-10:00,7.94,3.94
500113066,10:00-12:00,5.54,4.4
500113066,12:00-14:00,4.24,4.25
500113066,14:00-16:00,4.49,3.94
500113066,16:00-18:00,5.37,8.65
500113066,18:00-20:00,5.97,9.65
500113066,20:00-22:00,4.72,5.75
500113066,22:00-24:00,3.48,4.38
500113069,00:00-02:00,1.68,2.33
500113069,02:00-04:00,0.31,0.47
500113069,04:00-06:00,1.06,1.03
500113069,06:00-08:00,8.94,5.53
500113069,08:00-10:00,8.51,6.16
500113069,10:00-12:00,5.48,5.56
500113069,12:00-14:00,5.51,5.13
500113069,14:00-16:00,6.27,4.87
500113069,16:00-18:00,8.61,9.69
500113069,18:00-20:00,10.13,7.46
500113069,20:00-22:00,6.74,5.56
500113069,22:00-24:00,5.11,8.28
500113070,00:00-02:00,0.26,0.85
500113070,02:00-04:00,0.19,0.26
500113070,04:00-06:00,0.78,0.35
500113070,06:00-08:00,3.6,1.25
500113070,08:00-10:00,1.42,1.84
500113070,10:00-12:00,1.53,0.91
500113070,12:00-14:00,0.81,0.63
500113070,14:00-16:00,0.94,1.03
500113070,16:00-18:00,1.34,2.39
500113070,18:00-20:00,0.59,1.16
500113070,20:00-22:00,1.66,1.03
500113070,22:00-24:00,0.28,0.78
500113071,00:00-02:00,0.62,1.03
500113071,02:00-04:00,0.41,0.7
500113071,04:00-06:00,0.5,0.79
500113071,06:00-08:00,4.69,3.22
500113071,08:00-10:00,3.95,2.26
500113071,10:00-12:00,4.14,3.65
500113071,12:00-14:00,1.97,2.78
500113071,14:00-16:00,2.26,1.85
500113071,16:00-18:00,2.86,4.57
500113071,18:00-20:00,2.77,4.28
500113071,20:00-22:00,1.44,3.77
500113071,22:00-24:00,1.07,1.37
500113072,00:00-02:00,0.59,0.66
500113072,02:00-04:00,0.56,0.25
500113072,04:00-06:00,1.34,0.47
500113072,06:00-08:00,3.14,2.88
500113072,08:00-10:00,1.98,1.51
500113072,10:00-12:00,1.65,1.47
500113072,12:00-14:00,0.86,1.25
500113072,14:00-16:00,1.6,1.71
500113072,16:00-18:00,2.95,3.08
500113072,18:00-20:00,3.02,3.82
500113072,20:00-22:00,3.56,3.27
500113072,22:00-24:00,1.6,2.25
500113073,00:00-02:00,1.31,1.04
500113073,02:00-04:00,0.16,0.56
500113073,04:00-06:00,1.22,1.13
500113073,06:00-08:00,7.74,3.64
500113073,08:00-10:00,7.32,8.54
500113073,10:00-12:00,5.4,3.7
500113073,12:00-14:00,4.08,2.69
500113073,14:00-16:00,3.64,3.25
500113073,16:00-18:00,7.09,9.47
500113073,18:00-20:00,7.12,9.07
500113073,20:00-22:00,4.19,6.61
500113073,22:00-24:00,3.64,3.54
500113074,00:00-02:00,0.89,0.69
500113074,02:00-04:00,0.03,0.19
500113074,04:00-06:00,0.56,0.53
500113074,06:00-08:00,4.53,2.73
500113074,08:00-10:00,5.35,4.78
500113074,10:00-12:00,3.73,2.31
500113074,12:00-14:00,2.78,2.13
500113074,14:00-16:00,2.92,2.66
500113074,16:00-18:00,5.01,5.9
500113074,18:00-20:00,4.83,4.32
500113074,20:00-22:00,3.26,3.96
500113074,22:00-24:00,2.04,2.16
500113075,00:00-02:00,0.66,0.7
500113075,02:00-04:00,0.41,0.09
500113075,04:00-06:00,0.38,0.5
500113075,06:00-08:00,5.23,3.04
500113075,08:00-10:00,2.97,3.4
500113075,10:00-12:00,3.56,2.9
500113075,12:00-14:00,1.81,2.09
500113075,14:00-16:00,2.56,2.37
500113075,16:00-18:00,4.92,7.12
500113075,18:00-20:00,6.55,6.41
500113075,20:00-22:00,3.81,5.72
500113075,22:00-24:00,1.91,2.07
500113077,00:00-02:00,1.31,1.62
500113077,02:00-04:00,0.06,0.19
500113077,04:00-06:00,0.41,0.13
500113077,06:00-08:00,5.08,4.57
500113077,08:00-10:00,4.47,3.49
500113077,10:00-12:00,3.52,3.47
500113077,12:00-14:00,4.64,2.8
500113077,14:00-16:00,3.17,2.97
500113077,16:00-18:00,6.32,7.11
500113077,18:00-20:00,5.99,6.21
500113077,20:00-22:00,3.54,5.27
500113077,22:00-24:00,2.33,2.63
500113078,00:00-02:00,0.62,0.76
500113078,02:00-04:00,0.56,0.31
500113078,04:00-06:00,1.56,1.76
500113078,06:00-08:00,8.49,6.48
500113078,08:00-10:00,7.36,5.89
500113078,10:00-12:00,5.64,5.03
500113078,12:00-14:00,4.16,3.97
500113078,14:00-16:00,8.2,8.55
500113078,16:00-18:00,10.87,13.57
500113078,18:00-20:00,11.03,11.81
500113078,20:00-22:00,9.72,10.87
500113078,22:00-24:00,4.83,4.21
500113079,00:00-02:00,0.43,1.41
500113079,02:00-04:00,0.62,0.44
500113079,04:00-06:00,2.72,2.06
500113079,06:00-08:00,8.95,4.34
500113079,08:00-10:00,8.36,7.56
500113079,10:00-12:00,5.37,4.68
500113079,12:00-14:00,4.86,3.99
500113079,14:00-16:00,4.26,3.88
500113079,16:00-18:00,6.76,7.93
500113079,18:00-20:00,9.93,11.79
500113079,20:00-22:00,5.28,8.04
500113079,22:00-24:00,4.3,4.15
500113081,00:00-02:00,0.36,0.36
500113081,02:00-04:00,0.25,0.44
500113081,04:00-06:00,2.41,0.84
500113081,06:00-08:00,1.69,3.03
500113081,08:00-10:00,3.38,7.38
500113081,10:00-12:00,1.12,1.91
500113081,12:00-14:00,1.19,1.36
500113081,14:00-16:00,1.66,2.68
500113081,16:00-18:00,9.22,0.94
500113081,18:00-20:00,1.35,1.03
500113081,20:00-22:00,0.65,2.53
500113081,22:00-24:00,1.41,2.38
500113083,00:00-02:00,0.49,0.53
500113083,02:00-04:00,0.06,0.16
500113083,04:00-06:00,0.25,0.16
500113083,06:00-08:00,1.62,1.67
500113083,08:00-10:00,4.18,3.23
500113083,10:00-12:00,2.73,2.12
500113083,12:00-14:00,1.67,1.75
500113083,14:00-16:00,1.95,1.73
500113083,16:00-18:00,2.94,2.35
500113083,18:00-20:00,2.77,3.87
500113083,20:00-22:00,2.11,2.26
500113083,22:00-24:00,1.89,1.64
500113085,00:00-02:00,0.62,0.73
500113085,02:00-04:00,0.28,0.56
500113085,04:00-06:00,0.72,1.23
500113085,06:00-08:00,5.32,3.45
500113085,08:00-10:00,2.78,3.1
500113085,10:00-12:00,3.24,2.25
500113085,12:00-14:00,3.04,2.72
500113085,14:00-16:00,2.03,2.41
500113085,16:00-18:00,5.17,5.42
500113085,18:00-20:00,2.87,4.23
500113085,20:00-22:00,3.73,4.11
500113085,22:00-24:00,2.93,2.69
500113086,00:00-02:00,0.62,0.6
500113086,02:00-04:00,0.12,0.19
500113086,04:00-06:00,1.63,0.38
500113086,06:00-08:00,7.28,5.97
500113086,08:00-10:00,7.02,5.19
500113086,10:00-12:00,4.15,3.65
500113086,12:00-14:00,3.85,3.54
500113086,14:00-16:00,4.37,3.96
500113086,16:00-18:00,5.19,9.07
500113086,18:00-20:00,10.5,9.37
500113086,20:00-22:00,3.9,6.19
500113086,22:00-24:00,3.98,3.88
500113087,00:00-02:00,0.89,1.02
500113087,02:00-04:00,0.22,0.37
500113087,04:00-06:00,0.69,0.38
500113087,06:00-08:00,5.71,4.22
500113087,08:00-10:00,5.17,5.76
500113087,10:00-12:00,5.14,2.97
500113087,12:00-14:00,4.04,3.22
500113087,14:00-16:00,4.14,3.21
500113087,16:00-18:00,6.58,8.94
500113087,18:00-20:00,6.51,6.53
500113087,20:00-22:00,2.44,6.43
500113087,22:00-24:00,2.38,2.55
500113088,00:00-02:00,0.79,1.38
500113088,02:00-04:00,0.28,0.69
500113088,04:00-06:00,1.13,1.03
500113088,06:00-08:00,7.28,6.2
500113088,08:00-10:00,7.01,3.41
500113088,10:00-12:00,3.36,3.09
500113088,12:00-14:00,4.68,4.75
500113088,14:00-16:00,4.44,4.16
500113088,16:00-18:00,7.49,9.55
500113088,18:00-20:00,10.09,10.37
500113088,20:00-22:00,5.84,6.62
500113088,22:00-24:00,3.73,4.38
500113089,00:00-02:00,0.71,0.46
500113089,02:00-04:00,0.19,0.03
500113089,04:00-06:00,0.19,0.41
500113089,06:00-08:00,2.06,4.21
500113089,08:00-10:00,4.24,3.06
500113089,10:00-12:00,3.27,4.14
500113089,12:00-14:00,3.17,3.03
500113089,14:00-16:00,3.25,3.71
500113089,16:00-18:00,8.27,4.66
500113089,18:00-20:00,3.83,3.53
500113089,20:00-22:00,2.55,1.13
500113089,22:00-24:00,0.89,1.44
500113090,00:00-02:00,0.56,0.33
500113090,02:00-04:00,0.12,0.22
500113090,04:00-06:00,0.63,0.81
500113090,06:00-08:00,2.0,10.05
500113090,08:00-10:00,8.13,6.98
500113090,10:00-12:00,4.62,3.88
500113090,12:00-14:00,4.06,4.44
500113090,14:00-16:00,2.84,3.38
500113090,16:00-18:00,19.96,7.88
500113090,18:00-20:00,3.63,5.06
500113090,20:00-22:00,2.63,2.44
500113090,22:00-24:00,1.21,1.69
500113091,00:00-02:00,0.66,1.55
500113091,02:00-04:00,0.28,0.43
500113091,04:00-06:00,0.5,0.33
500113091,06:00-08:00,6.79,4.38
500113091,08:00-10:00,7.89,5.25
500113091,10:00-12:00,6.02,5.18
500113091,12:00-14:00,5.63,5.76
500113091,14:00-16:00,6.08,6.21
500113091,16:00-18:00,10.59,11.06
500113091,18:00-20:00,9.74,9.84
500113091,20:00-22:00,4.91,6.21
500113091,22:00-24:00,2.95,3.33
500113092,00:00-02:00,0.5,0.72
500113092,02:00-04:00,0.34,1.97
500113092,04:00-06:00,0.94,0.54
500113092,06:00-08:00,2.5,1.53
500113092,08:00-10:00,2.28,2.02
500113092,10:00-12:00,1.66,1.28
500113092,12:00-14:00,1.1,0.69
500113092,14:00-16:00,0.5,0.47
500113092,16:00-18:00,0.8,0.03
500113092,18:00-20:00,0.22,0.78
500113092,20:00-22:00,0.07,0.59
500113092,22:00-24:00,0.41,0.66
500113093,00:00-02:00,0.49,0.86
500113093,02:00-04:00,0.06,0.37
500113093,04:00-06:00,1.0,0.75
500113093,06:00-08:00,5.39,1.9
500113093,08:00-10:00,4.04,4.5
500113093,10:00-12:00,3.13,1.84
500113093,12:00-14:00,2.92,1.97
500113093,14:00-16:00,2.11,1.75
500113093,16:00-18:00,3.06,5.35
500113093,18:00-20:00,4.56,5.97
500113093,20:00-22:00,1.97,3.71
500113093,22:00-24:00,3.48,3.37
500113094,00:00-02:00,5.35,2.73
500113094,02:00-04:00,1.45,1.0
500113094,04:00-06:00,1.83,3.48
500113094,06:00-08:00,15.42,16.55
500113094,08:00-10:00,16.53,21.13
500113094,10:00-12:00,13.7,14.73
500113094,12:00-14:00,13.53,15.75
500113094,14:00-16:00,15.55,15.21
500113094,16:00-18:00,21.19,20.11
500113094,18:00-20:00,21.42,16.43
500113094,20:00-22:00,19.88,12.58
500113094,22:00-24:00,15.37,9.38
500113095,00:00-02:00,3.8,2.07
500113095,02:00-04:00,0.41,0.22
500113095,04:00-06:00,1.29,2.75
500113095,06:00-08:00,19.53,24.02
500113095,08:00-10:00,23.63,27.8
500113095,10:00-12:00,15.47,16.74
500113095,12:00-14:00,17.5,18.98
500113095,14:00-16:00,19.41,15.47
500113095,16:00-18:00,31.62,24.16
500113095,18:00-20:00,24.93,14.49
500113095,20:00-22:00,20.9,8.69
500113095,22:00-24:00,14.72,6.99
500113096,00:00-02:00,0.36,0.34
500113096,02:00-04:00,0.47,0.09
500113096,04:00-06:00,0.25,0.72
500113096,06:00-08:00,0.91,0.78
500113096,08:00-10:00,1.5,1.5
500113096,10:00-12:00,1.03,1.32
500113096,12:00-14:00,1.06,1.5
500113096,14:00-16:00,1.66,1.95
500113096,16:00-18:00,2.89,2.32
500113096,18:00-20:00,2.47,2.53
500113096,20:00-22:00,1.59,1.66
500113096,22:00-24:00,0.53,0.89
500113097,00:00-02:00,0.56,0.49
500113097,02:00-04:00,0.09,0.09
500113097,04:00-06:00,0.59,0.22
500113097,06:00-08:00,4.81,2.84
500113097,08:00-10:00,5.35,2.69
500113097,10:00-12:00,2.97,2.4
500113097,12:00-14:00,2.62,1.72
500113097,14:00-16:00,3.03,2.84
500113097,16:00-18:00,5.06,6.19
500113097,18:00-20:00,4.7,8.53
500113097,20:00-22:00,4.16,6.02
500113097,22:00-24:00,3.86,3.45
500113098,00:00-02:00,0.36,0.36
500113098,02:00-04:00,0.22,0.62
500113098,04:00-06:00,1.75,1.34
500113098,06:00-08:00,6.02,4.34
500113098,08:00-10:00,7.23,6.25
500113098,10:00-12:00,5.78,3.84
500113098,12:00-14:00,5.16,4.41
500113098,14:00-16:00,5.01,4.31
500113098,16:00-18:00,7.09,8.02
500113098,18:00-20:00,7.01,7.02
500113098,20:00-22:00,4.24,5.0
500113098,22:00-24:00,2.1,2.73
500113099,00:00-02:00,2.78,2.27
500113099,02:00-04:00,1.46,1.19
500113099,04:00-06:00,1.5,0.75
500113099,06:00-08:00,4.63,4.74
500113099,08:00-10:00,5.66,3.91
500113099,10:00-12:00,5.83,5.69
500113099,12:00-14:00,7.1,6.97
500113099,14:00-16:00,5.87,7.41
500113099,16:00-18:00,7.16,8.16
500113099,18:00-20:00,7.56,8.34
500113099,20:00-22:00,5.88,5.84
500113099,22:00-24:00,5.55,3.58
500113100,00:00-02:00,0.07,0.3
500113100,02:00-04:00,0.0,0.0
500113100,04:00-06:00,0.31,0.0
500113100,06:00-08:00,0.13,0.63
500113100,08:00-10:00,0.63,0.5
500113100,10:00-12:00,0.87,0.34
500113100,12:00-14:00,0.63,0.09
500113100,14:00-16:00,1.16,0.97
500113100,16:00-18:00,0.41,1.01
500113100,18:00-20:00,0.22,0.59
500113100,20:00-22:00,0.38,0.69
500113100,22:00-24:00,0.06,0.25
500113101,00:00-02:00,0.89,0.63
500113101,02:00-04:00,0.22,0.28
500113101,04:00-06:00,0.63,0.25
500113101,06:00-08:00,4.25,2.41
500113101,08:00-10:00,4.3,4.74
500113101,10:00-12:00,3.43,2.4
500113101,12:00-14:00,2.7,2.38
500113101,14:00-16:00,2.25,2.47
500113101,16:00-18:00,4.64,4.37
500113101,18:00-20:00,4.42,4.12
500113101,20:00-22:00,1.97,4.91
500113101,22:00-24:00,2.89,2.61
500119005,00:00-02:00,3.61,4.5
500119005,02:00-04:00,1.09,1.64
500119005,04:00-06:00,1.03,1.05
500119005,06:00-08:00,11.62,3.23
500119005,08:00-10:00,18.03,4.0
500119005,10:00-12:00,17.85,6.22
500119005,12:00-14:00,16.74,10.04
500119005,14:00-16:00,13.59,11.37
500119005,16:00-18:00,13.69,12.81
500119005,18:00-20:00,12.77,13.93
500119005,20:00-22:00,8.03,16.21
500119005,22:00-24:00,11.07,10.48
500119006,00:00-02:00,1.38,3.71
500119006,02:00-04:00,0.5,0.84
500119006,04:00-06:00,0.22,0.5
500119006,06:00-08:00,8.63,3.28
500119006,08:00-10:00,30.78,10.16
500119006,10:00-12:00,16.27,11.59
500119006,12:00-14:00,16.67,10.79
500119006,14:00-16:00,10.11,10.75
500119006,16:00-18:00,12.02,11.48
500119006,18:00-20:00,9.29,8.87
500119006,20:00-22:00,5.4,12.41
500119006,22:00-24:00,4.14,9.06
500119007,00:00-02:00,0.64,1.97
500119007,02:00-04:00,0.41,0.91
500119007,04:00-06:00,0.47,0.74
500119007,06:00-08:00,8.15,2.3
500119007,08:00-10:00,12.87,5.94
500119007,10:00-12:00,9.48,4.31
500119007,12:00-14:00,7.78,5.57
500119007,14:00-16:00,5.44,4.87
500119007,16:00-18:00,5.84,5.66
500119007,18:00-20:00,6.36,6.87
500119007,20:00-22:00,4.23,6.22
500119007,22:00-24:00,3.58,3.92
500119008,00:00-02:00,0.07,0.13
500119008,02:00-04:00,0.03,0.0
500119008,04:00-06:00,0.0,0.38
500119008,06:00-08:00,0.38,0.86
500119008,08:00-10:00,4.22,1.99
500119008,10:00-12:00,3.06,2.4
500119008,12:00-14:00,4.35,4.14
500119008,14:00-16:00,3.07,4.26
500119008,16:00-18:00,2.71,2.22
500119008,18:00-20:00,1.15,2.85
500119008,20:00-22:00,2.25,1.67
500119008,22:00-24:00,1.15,0.69
500119009,00:00-02:00,2.83,4.91
500119009,02:00-04:00,0.78,1.45
500119009,04:00-06:00,0.94,1.11
500119009,06:00-08:00,12.28,7.23
500119009,08:00-10:00,23.43,7.22
500119009,10:00-12:00,19.54,8.9
500119009,12:00-14:00,22.52,13.54
500119009,14:00-16:00,15.27,15.19
500119009,16:00-18:00,18.47,16.11
500119009,18:00-20:00,14.75,17.3
500119009,20:00-22:00,7.56,14.34
500119009,22:00-24:00,9.5,9.58
500119043,00:00-02:00,2.4,5.48
500119043,02:00-04:00,0.34,2.05
500119043,04:00-06:00,0.63,0.65
500119043,06:00-08:00,9.66,2.19
500119043,08:00-10:00,21.82,5.03
500119043,10:00-12:00,13.94,6.47
500119043,12:00-14:00,22.48,15.1
500119043,14:00-16:00,16.52,13.09
500119043,16:00-18:00,21.24,16.42
500119043,18:00-20:00,19.37,17.99
500119043,20:00-22:00,9.17,21.63
500119043,22:00-24:00,6.34,12.75
500119044,00:00-02:00,0.61,0.23
500119044,02:00-04:00,0.04,0.16
500119044,04:00-06:00,0.07,0.63
500119044,06:00-08:00,1.97,3.28
500119044,08:00-10:00,12.36,14.1
500119044,10:00-12:00,10.54,8.68
500119044,12:00-14:00,12.42,13.75
500119044,14:00-16:00,9.78,12.98
500119044,16:00-18:00,15.25,9.41
500119044,18:00-20:00,6.44,6.03
500119044,20:00-22:00,4.06,1.88
500119044,22:00-24:00,1.31,2.07
500119045,00:00-02:00,0.93,0.39
500119045,02:00-04:00,0.46,0.44
500119045,04:00-06:00,0.11,1.63
500119045,06:00-08:00,5.46,4.96
500119045,08:00-10:00,10.48,9.44
500119045,10:00-12:00,7.6,7.03
500119045,12:00-14:00,12.97,12.49
500119045,14:00-16:00,7.76,10.59
500119045,16:00-18:00,9.82,17.0
500119045,18:00-20:00,13.93,16.05
500119045,20:00-22:00,12.67,6.5
500119045,22:00-24:00,3.99,2.34
500119046,00:00-02:00,0.53,0.13
500119046,02:00-04:00,0.12,0.03
500119046,04:00-06:00,0.16,0.03
500119046,06:00-08:00,2.38,1.44
500119046,08:00-10:00,9.35,14.98
500119046,10:00-12:00,12.85,7.61
500119046,12:00-14:00,16.79,17.86
500119046,14:00-16:00,11.87,16.73
500119046,16:00-18:00,17.27,14.51
500119046,18:00-20:00,7.46,10.31
500119046,20:00-22:00,5.13,2.8
500119046,22:00-24:00,2.11,1.0
500119047,00:00-02:00,2.9,0.49
500119047,02:00-04:00,0.77,0.28
500119047,04:00-06:00,0.35,0.59
500119047,06:00-08:00,0.64,2.56
500119047,08:00-10:00,3.03,13.84
500119047,10:00-12:00,11.18,12.71
500119047,12:00-14:00,12.6,16.48
500119047,14:00-16:00,9.5,10.76
500119047,16:00-18:00,14.98,8.46
500119047,18:00-20:00,9.9,6.72
500119047,20:00-22:00,7.3,1.78
500119047,22:00-24:00,4.96,3.89
500119048,00:00-02:00,1.4,0.53
500119048,02:00-04:00,0.23,0.31
500119048,04:00-06:00,0.06,0.13
500119048,06:00-08:00,15.43,1.63
500119048,08:00-10:00,10.64,4.06
500119048,10:00-12:00,11.48,6.31
500119048,12:00-14:00,16.61,14.16
500119048,14:00-16:00,11.25,14.06
500119048,16:00-18:00,8.31,30.84
500119048,18:00-20:00,12.46,15.22
500119048,20:00-22:00,8.97,9.79
500119048,22:00-24:00,8.19,4.81
500119049,00:00-02:00,0.82,0.1
500119049,02:00-04:00,0.12,0.34
500119049,04:00-06:00,0.1,0.16
500119049,06:00-08:00,0.66,2.63
500119049,08:00-10:00,1.94,15.5
500119049,10:00-12:00,6.72,10.7
500119049,12:00-14:00,11.41,16.21
500119049,14:00-16:00,8.87,10.57
500119049,16:00-18:00,14.47,7.1
500119049,18:00-20:00,7.64,7.09
500119049,20:00-22:00,6.17,1.91
500119049,22:00-24:00,1.94,0.75
500119050,00:00-02:00,1.77,2.17
500119050,02:00-04:00,0.52,0.22
500119050,04:00-06:00,0.26,0.97
500119050,06:00-08:00,6.79,10.47
500119050,08:00-10:00,21.69,45.52
500119050,10:00-12:00,17.33,28.31
500119050,12:00-14:00,32.64,45.23
500119050,14:00-16:00,21.78,33.62
500119050,16:00-18:00,32.39,24.88
500119050,18:00-20:00,22.78,21.66
500119050,20:00-22:00,10.54,5.63
500119050,22:00-24:00,4.01,4.42
500119051,00:00-02:00,1.4,0.53
500119051,02:00-04:00,0.54,0.47
500119051,04:00-06:00,0.68,0.31
500119051,06:00-08:00,4.29,14.3
500119051,08:00-10:00,19.69,17.47
500119051,10:00-12:00,16.36,11.65
500119051,12:00-14:00,13.67,19.76
500119051,14:00-16:00,11.56,11.38
500119051,16:00-18:00,20.55,10.84
500119051,18:00-20:00,13.42,9.37
500119051,20:00-22:00,8.46,7.19
500119051,22:00-24:00,3.94,3.76
500119052,00:00-02:00,3.43,2.37
500119052,02:00-04:00,1.37,0.44
500119052,04:00-06:00,0.98,2.19
500119052,06:00-08:00,2.74,7.32
500119052,08:00-10:00,15.29,27.11
500119052,10:00-12:00,16.55,24.35
500119052,12:00-14:00,23.13,30.31
500119052,14:00-16:00,16.62,20.49
500119052,16:00-18:00,27.86,23.69
500119052,18:00-20:00,19.19,15.51
500119052,20:00-22:00,13.16,6.83
500119052,22:00-24:00,8.04,5.55
500119053,00:00-02:00,1.71,0.99
500119053,02:00-04:00,0.5,0.12
500119053,04:00-06:00,0.17,0.38
500119053,06:00-08:00,6.95,9.78
500119053,08:00-10:00,18.42,31.17
500119053,10:00-12:00,12.56,16.25
500119053,12:00-14:00,17.04,20.95
500119053,14:00-16:00,16.12,19.18
500119053,16:00-18:00,29.22,17.81
500119053,18:00-20:00,15.22,13.96
500119053,20:00-22:00,9.64,6.47
500119053,22:00-24:00,3.66,2.79
500119054,00:00-02:00,1.3,1.15
500119054,02:00-04:00,0.87,0.06
500119054,04:00-06:00,0.3,0.53
500119054,06:00-08:00,0.73,4.34
500119054,08:00-10:00,10.79,24.61
500119054,10:00-12:00,9.46,13.53
500119054,12:00-14:00,12.48,18.21
500119054,14:00-16:00,9.16,12.96
500119054,16:00-18:00,21.75,14.04
500119054,18:00-20:00,11.87,8.92
500119054,20:00-22:00,7.54,3.66
500119054,22:00-24:00,8.39,3.2
500119055,00:00-02:00,1.65,0.89
500119055,02:00-04:00,0.43,0.28
500119055,04:00-06:00,0.34,0.81
500119055,06:00-08:00,1.84,5.0
500119055,08:00-10:00,14.81,22.39
500119055,10:00-12:00,19.34,19.25
500119055,12:00-14:00,21.71,28.41
500119055,14:00-16:00,17.28,23.93
500119055,16:00-18:00,25.44,19.94
500119055,18:00-20:00,14.85,16.76
500119055,20:00-22:00,12.85,5.07
500119055,22:00-24:00,5.29,3.86
500119056,00:00-02:00,2.07,2.63
500119056,02:00-04:00,0.55,0.76
500119056,04:00-06:00,0.47,0.35
500119056,06:00-08:00,2.44,2.23
500119056,08:00-10:00,7.76,6.61
500119056,10:00-12:00,8.94,7.88
500119056,12:00-14:00,13.47,13.54
500119056,14:00-16:00,9.71,10.21
500119056,16:00-18:00,9.49,11.4
500119056,18:00-20:00,9.09,7.55
500119056,20:00-22:00,5.56,6.07
500119056,22:00-24:00,4.33,3.86
500119057,00:00-02:00,0.54,0.07
500119057,02:00-04:00,0.17,0.22
500119057,04:00-06:00,0.03,0.38
500119057,06:00-08:00,1.24,2.47
500119057,08:00-10:00,12.38,15.41
500119057,10:00-12:00,14.33,14.84
500119057,12:00-14:00,17.94,18.88
500119057,14:00-16:00,15.97,21.02
500119057,16:00-18:00,18.03,8.06
500119057,18:00-20:00,6.76,6.37
500119057,20:00-22:00,3.92,1.94
500119057,22:00-24:00,2.54,0.6
500119058,00:00-02:00,0.76,0.62
500119058,02:00-04:00,0.56,0.47
500119058,04:00-06:00,0.17,1.25
500119058,06:00-08:00,4.25,6.74
500119058,08:00-10:00,8.72,15.81
500119058,10:00-12:00,12.34,14.34
500119058,12:00-14:00,13.94,18.16
500119058,14:00-16:00,12.56,20.43
500119058,16:00-18:00,19.92,22.0
500119058,18:00-20:00,18.33,24.88
500119058,20:00-22:00,19.54,7.33
500119058,22:00-24:00,5.67,3.17
500119059,00:00-02:00,0.56,0.53
500119059,02:00-04:00,0.27,0.09
500119059,04:00-06:00,0.07,0.63
500119059,06:00-08:00,0.56,1.66
500119059,08:00-10:00,13.1,19.9
500119059,10:00-12:00,18.5,17.96
500119059,12:00-14:00,19.51,32.19
500119059,14:00-16:00,18.78,24.12
500119059,16:00-18:00,22.6,8.39
500119059,18:00-20:00,9.61,4.28
500119059,20:00-22:00,2.29,0.84
500119059,22:00-24:00,1.81,0.75
500119060,00:00-02:00,0.51,0.43
500119060,02:00-04:00,0.18,0.25
500119060,04:00-06:00,0.03,0.38
500119060,06:00-08:00,2.53,2.81
500119060,08:00-10:00,18.83,15.89
500119060,10:00-12:00,16.5,16.36
500119060,12:00-14:00,22.24,24.53
500119060,14:00-16:00,15.99,20.23
500119060,16:00-18:00,14.74,14.45
500119060,18:00-20:00,8.34,5.09
500119060,20:00-22:00,3.09,2.56
500119060,22:00-24:00,1.62,0.72
500119061,00:00-02:00,1.56,1.08
500119061,02:00-04:00,0.32,0.19
500119061,04:00-06:00,0.28,0.88
500119061,06:00-08:00,2.56,3.28
500119061,08:00-10:00,21.58,21.22
500119061,10:00-12:00,18.51,19.43
500119061,12:00-14:00,23.36,25.83
500119061,14:00-16:00,16.78,18.56
500119061,16:00-18:00,17.42,12.15
500119061,18:00-20:00,12.64,8.9
500119061,20:00-22:00,6.15,3.38
500119061,22:00-24:00,3.96,3.07
500119062,00:00-02:00,0.43,0.25
500119062,02:00-04:00,0.19,0.25
500119062,04:00-06:00,0.17,0.19
500119062,06:00-08:00,1.12,0.25
500119062,08:00-10:00,3.48,2.31
500119062,10:00-12:00,2.28,2.01
500119062,12:00-14:00,2.99,3.17
500119062,14:00-16:00,2.89,2.6
500119062,16:00-18:00,3.55,3.96
500119062,18:00-20:00,3.57,2.82
500119062,20:00-22:00,2.18,2.0
500119062,22:00-24:00,1.44,1.27
500119063,00:00-02:00,0.11,0.33
500119063,02:00-04:00,0.0,0.39
500119063,04:00-06:00,0.07,0.77
500119063,06:00-08:00,1.13,3.23
500119063,08:00-10:00,20.05,13.36
500119063,10:00-12:00,13.35,9.98
500119063,12:00-14:00,13.58,11.47
500119063,14:00-16:00,9.98,11.76
500119063,16:00-18:00,11.76,8.45
500119063,18:00-20:00,5.81,4.87
500119063,20:00-22:00,2.36,1.63
500119063,22:00-24:00,1.06,0.82
500119064,00:00-02:00,2.06,4.24
500119064,02:00-04:00,0.72,1.2
500119064,04:00-06:00,0.63,0.34
500119064,06:00-08:00,1.72,2.09
500119064,08:00-10:00,15.94,11.68
500119064,10:00-12:00,17.95,13.39
500119064,12:00-14:00,16.0,17.61
500119064,14:00-16:00,16.79,16.76
500119064,16:00-18:00,12.7,6.23
500119064,18:00-20:00,9.22,5.09
500119064,20:00-22:00,5.58,5.16
500119064,22:00-24:00,5.48,9.93
500119065,00:00-02:00,0.22,0.26
500119065,02:00-04:00,0.05,0.16
500119065,04:00-06:00,0.04,0.56
500119065,06:00-08:00,0.41,1.76
500119065,08:00-10:00,9.69,7.7
500119065,10:00-12:00,9.47,7.47
500119065,12:00-14:00,10.98,10.42
500119065,14:00-16:00,8.29,9.55
500119065,16:00-18:00,7.2,8.13
500119065,18:00-20:00,4.37,3.81
500119065,20:00-22:00,2.49,0.94
500119065,22:00-24:00,1.78,0.88
500119066,00:00-02:00,1.62,0.66
500119066,02:00-04:00,0.63,0.28
500119066,04:00-06:00,0.18,1.31
500119066,06:00-08:00,1.76,4.5
500119066,08:00-10:00,6.91,16.57
500119066,10:00-12:00,16.4,18.56
500119066,12:00-14:00,19.14,25.58
500119066,14:00-16:00,14.03,17.89
500119066,16:00-18:00,17.0,12.75
500119066,18:00-20:00,12.88,13.32
500119066,20:00-22:00,7.19,4.16
500119066,22:00-24:00,3.05,2.48
500119067,00:00-02:00,1.15,1.15
500119067,02:00-04:00,0.29,0.22
500119067,04:00-06:00,0.17,0.97
500119067,06:00-08:00,9.18,13.91
500119067,08:00-10:00,16.03,38.23
500119067,10:00-12:00,14.99,21.09
500119067,12:00-14:00,26.26,30.53
500119067,14:00-16:00,24.82,26.11
500119067,16:00-18:00,33.53,22.74
500119067,18:00-20:00,16.55,14.09
500119067,20:00-22:00,10.36,6.25
500119067,22:00-24:00,3.92,3.04
500119068,00:00-02:00,1.09,0.85
500119068,02:00-04:00,0.44,0.06
500119068,04:00-06:00,0.45,1.66
500119068,06:00-08:00,1.03,2.63
500119068,08:00-10:00,21.09,32.84
500119068,10:00-12:00,14.9,26.14
500119068,12:00-14:00,17.76,23.48
500119068,14:00-16:00,14.81,17.5
500119068,16:00-18:00,29.94,22.98
500119068,18:00-20:00,22.36,13.67
500119068,20:00-22:00,9.21,4.13
500119068,22:00-24:00,4.72,2.01
500119069,00:00-02:00,0.59,0.26
500119069,02:00-04:00,0.0,0.09
500119069,04:00-06:00,0.22,0.16
500119069,06:00-08:00,0.91,2.72
500119069,08:00-10:00,6.99,12.91
500119069,10:00-12:00,9.87,11.22
500119069,12:00-14:00,6.47,11.08
500119069,14:00-16:00,8.44,8.55
500119069,16:00-18:00,11.33,8.37
500119069,18:00-20:00,4.52,3.15
500119069,20:00-22:00,2.73,1.03
500119069,22:00-24:00,1.66,1.32
500119070,00:00-02:00,4.32,6.38
500119070,02:00-04:00,2.44,3.02
500119070,04:00-06:00,1.59,1.36
500119070,06:00-08:00,7.39,2.69
500119070,08:00-10:00,23.62,7.69
500119070,10:00-12:00,23.29,13.27
500119070,12:00-14:00,27.72,26.98
500119070,14:00-16:00,17.78,17.16
500119070,16:00-18:00,17.36,30.18
500119070,18:00-20:00,24.77,20.16
500119070,20:00-22:00,13.0,15.47
500119070,22:00-24:00,10.58,10.02
500119071,00:00-02:00,0.73,0.1
500119071,02:00-04:00,0.28,0.16
500119071,04:00-06:00,0.25,0.34
500119071,06:00-08:00,1.47,3.75
500119071,08:00-10:00,19.84,24.53
500119071,10:00-12:00,13.84,23.69
500119071,12:00-14:00,17.07,20.58
500119071,14:00-16:00,15.12,16.68
500119071,16:00-18:00,19.79,18.69
500119071,18:00-20:00,10.87,6.19
500119071,20:00-22:00,8.79,1.63
500119071,22:00-24:00,2.72,1.22
500119072,00:00-02:00,0.78,0.39
500119072,02:00-04:00,0.46,0.41
500119072,04:00-06:00,0.17,0.31
500119072,06:00-08:00,1.07,4.24
500119072,08:00-10:00,5.95,13.64
500119072,10:00-12:00,8.79,15.14
500119072,12:00-14:00,12.65,17.58
500119072,14:00-16:00,10.58,11.92
500119072,16:00-18:00,14.63,10.72
500119072,18:00-20:00,10.35,7.76
500119072,20:00-22:00,6.44,3.19
500119072,22:00-24:00,2.73,1.51
500119074,00:00-02:00,1.96,1.02
500119074,02:00-04:00,0.55,0.44
500119074,04:00-06:00,0.19,1.34
500119074,06:00-08:00,1.11,3.31
500119074,08:00-10:00,12.09,17.99
500119074,10:00-12:00,12.19,14.28
500119074,12:00-14:00,14.5,20.83
500119074,14:00-16:00,14.22,11.97
500119074,16:00-18:00,15.87,8.89
500119074,18:00-20:00,12.57,8.09
500119074,20:00-22:00,6.06,3.41
500119074,22:00-24:00,3.57,2.54
500119075,00:00-02:00,2.74,2.89
500119075,02:00-04:00,1.12,0.5
500119075,04:00-06:00,0.85,1.69
500119075,06:00-08:00,6.27,14.09
500119075,08:00-10:00,32.41,42.33
500119075,10:00-12:00,27.45,38.14
500119075,12:00-14:00,39.99,46.43
500119075,14:00-16:00,32.25,35.88
500119075,16:00-18:00,47.28,43.05
500119075,18:00-20:00,41.18,30.22
500119075,20:00-22:00,20.11,12.28
500119075,22:00-24:00,6.56,4.77
500119076,00:00-02:00,2.92,1.41
500119076,02:00-04:00,1.54,0.66
500119076,04:00-06:00,0.77,0.75
500119076,06:00-08:00,0.98,3.94
500119076,08:00-10:00,13.59,25.38
500119076,10:00-12:00,13.56,18.33
500119076,12:00-14:00,18.14,23.92
500119076,14:00-16:00,12.75,19.02
500119076,16:00-18:00,24.33,16.55
500119076,18:00-20:00,13.56,9.36
500119076,20:00-22:00,9.01,5.63
500119076,22:00-24:00,6.56,5.68
500119077,00:00-02:00,0.3,0.07
500119077,02:00-04:00,0.03,0.0
500119077,04:00-06:00,0.03,0.09
500119077,06:00-08:00,0.56,0.56
500119077,08:00-10:00,15.56,24.99
500119077,10:00-12:00,14.12,22.81
500119077,12:00-14:00,16.48,19.8
500119077,14:00-16:00,13.28,20.44
500119077,16:00-18:00,21.62,16.25
500119077,18:00-20:00,7.09,11.07
500119077,20:00-22:00,13.13,1.28
500119077,22:00-24:00,6.44,0.47
500119078,00:00-02:00,0.64,0.69
500119078,02:00-04:00,0.18,0.09
500119078,04:00-06:00,0.1,0.44
500119078,06:00-08:00,0.44,2.16
500119078,08:00-10:00,3.84,7.22
500119078,10:00-12:00,5.63,9.08
500119078,12:00-14:00,7.27,8.97
500119078,14:00-16:00,5.83,7.88
500119078,16:00-18:00,6.73,4.18
500119078,18:00-20:00,4.37,2.76
500119078,20:00-22:00,3.19,1.16
500119078,22:00-24:00,4.97,2.76
500119079,00:00-02:00,2.9,2.0
500119079,02:00-04:00,0.6,0.31
500119079,04:00-06:00,0.2,0.69
500119079,06:00-08:00,1.78,3.88
500119079,08:00-10:00,21.91,16.57
500119079,10:00-12:00,19.81,15.06
500119079,12:00-14:00,17.81,18.75
500119079,14:00-16:00,15.99,13.65
500119079,16:00-18:00,10.46,16.11
500119079,18:00-20:00,13.21,12.38
500119079,20:00-22:00,8.87,7.41
500119079,22:00-24:00,5.74,4.18
500119080,00:00-02:00,0.27,0.13
500119080,02:00-04:00,0.0,0.09
500119080,04:00-06:00,0.04,0.28
500119080,06:00-08:00,1.4,1.73
500119080,08:00-10:00,10.45,6.58
500119080,10:00-12:00,8.24,5.82
500119080,12:00-14:00,8.6,8.7
500119080,14:00-16:00,4.3,5.84
500119080,16:00-18:00,5.12,5.26
500119080,18:00-20:00,3.97,2.55
500119080,20:00-22:00,1.73,0.97
500119080,22:00-24:00,1.23,0.69
500119081,00:00-02:00,1.46,0.76
500119081,02:00-04:00,0.2,0.37
500119081,04:00-06:00,0.25,0.41
500119081,06:00-08:00,1.17,7.68
500119081,08:00-10:00,6.97,11.78
500119081,10:00-12:00,7.67,9.02
500119081,12:00-14:00,14.33,14.77
500119081,14:00-16:00,11.24,10.23
500119081,16:00-18:00,18.61,10.68
500119081,18:00-20:00,12.23,9.43
500119081,20:00-22:00,8.08,5.72
500119081,22:00-24:00,4.46,2.85
500119082,00:00-02:00,0.5,0.3
500119082,02:00-04:00,0.24,0.28
500119082,04:00-06:00,0.0,0.22
500119082,06:00-08:00,0.5,1.47
500119082,08:00-10:00,4.34,4.7
500119082,10:00-12:00,4.41,5.63
500119082,12:00-14:00,4.91,5.03
500119082,14:00-16:00,3.25,6.21
500119082,16:00-18:00,4.64,2.27
500119082,18:00-20:00,2.32,2.05
500119082,20:00-22:00,1.99,0.52
500119082,22:00-24:00,1.57,0.79
500119083,00:00-02:00,1.19,0.16
500119083,02:00-04:00,0.11,0.41
500119083,04:00-06:00,0.07,0.44
500119083,06:00-08:00,0.66,4.67
500119083,08:00-10:00,12.81,18.52
500119083,10:00-12:00,11.34,19.95
500119083,12:00-14:00,19.3,28.45
500119083,14:00-16:00,16.37,20.82
500119083,16:00-18:00,20.1,14.39
500119083,18:00-20:00,16.33,15.97
500119083,20:00-22:00,10.47,3.59
500119083,22:00-24:00,3.51,1.98
500119084,00:00-02:00,2.53,2.86
500119084,02:00-04:00,0.94,0.62
500119084,04:00-06:00,0.63,0.69
500119084,06:00-08:00,0.88,2.22
500119084,08:00-10:00,10.0,19.8
500119084,10:00-12:00,18.21,16.65
500119084,12:00-14:00,14.73,16.52
500119084,14:00-16:00,10.95,17.98
500119084,16:00-18:00,18.66,6.92
500119084,18:00-20:00,10.2,5.87
500119084,20:00-22:00,6.9,3.97
500119084,22:00-24:00,5.56,5.71
500119085,00:00-02:00,1.62,1.88
500119085,02:00-04:00,0.6,0.41
500119085,04:00-06:00,0.41,0.94
500119085,06:00-08:00,0.55,1.53
500119085,08:00-10:00,4.91,14.97
500119085,10:00-12:00,10.9,16.13
500119085,12:00-14:00,18.2,23.32
500119085,14:00-16:00,10.78,14.28
500119085,16:00-18:00,14.53,8.94
500119085,18:00-20:00,12.92,7.87
500119085,20:00-22:00,10.39,5.44
500119085,22:00-24:00,3.87,2.29
500119086,00:00-02:00,1.44,0.3
500119086,02:00-04:00,0.25,0.25
500119086,04:00-06:00,0.18,1.0
500119086,06:00-08:00,1.48,3.59
500119086,08:00-10:00,24.65,40.91
500119086,10:00-12:00,20.64,27.5
500119086,12:00-14:00,23.32,32.11
500119086,14:00-16:00,16.69,19.83
500119086,16:00-18:00,30.63,25.94
500119086,18:00-20:00,22.58,17.78
500119086,20:00-22:00,16.79,7.53
500119086,22:00-24:00,8.32,5.08
500119087,00:00-02:00,0.98,0.59
500119087,02:00-04:00,0.39,0.41
500119087,04:00-06:00,0.37,1.22
500119087,06:00-08:00,1.22,5.28
500119087,08:00-10:00,11.34,17.81
500119087,10:00-12:00,12.37,18.6
500119087,12:00-14:00,16.95,23.99
500119087,14:00-16:00,13.81,14.79
500119087,16:00-18:00,26.37,22.02
500119087,18:00-20:00,14.46,9.18
500119087,20:00-22:00,9.33,4.25
500119087,22:00-24:00,5.1,2.54
500119088,00:00-02:00,2.63,3.17
500119088,02:00-04:00,0.59,0.56
500119088,04:00-06:00,0.63,0.81
500119088,06:00-08:00,3.41,2.5
500119088,08:00-10:00,15.02,18.72
500119088,10:00-12:00,14.17,19.98
500119088,12:00-14:00,26.61,25.68
500119088,14:00-16:00,19.03,20.54
500119088,16:00-18:00,20.96,16.43
500119088,18:00-20:00,15.87,14.63
500119088,20:00-22:00,13.96,10.63
500119088,22:00-24:00,6.94,6.57
500119089,00:00-02:00,1.38,1.22
500119089,02:00-04:00,0.44,0.19
500119089,04:00-06:00,0.36,0.47
500119089,06:00-08:00,0.87,4.42
500119089,08:00-10:00,9.03,14.77
500119089,10:00-12:00,15.4,14.16
500119089,12:00-14:00,15.21,18.85
500119089,14:00-16:00,10.42,10.9
500119089,16:00-18:00,17.59,9.79
500119089,18:00-20:00,11.0,8.26
500119089,20:00-22:00,7.36,3.22
500119089,22:00-24:00,4.22,1.76
500119090,00:00-02:00,1.1,1.15
500119090,02:00-04:00,0.53,0.06
500119090,04:00-06:00,0.2,1.69
500119090,06:00-08:00,6.16,13.75
500119090,08:00-10:00,22.22,30.33
500119090,10:00-12:00,27.11,30.89
500119090,12:00-14:00,33.19,40.03
500119090,14:00-16:00,25.44,32.9
500119090,16:00-18:00,32.86,29.55
500119090,18:00-20:00,26.95,32.05
500119090,20:00-22:00,26.11,11.09
500119090,22:00-24:00,4.36,2.07
500119091,00:00-02:00,0.33,0.79
500119091,02:00-04:00,0.12,0.47
500119091,04:00-06:00,0.5,0.07
500119091,06:00-08:00,3.08,2.35
500119091,08:00-10:00,4.65,3.09
500119091,10:00-12:00,4.55,3.68
500119091,12:00-14:00,4.16,4.31
500119091,14:00-16:00,3.2,4.33
500119091,16:00-18:00,6.64,2.83
500119091,18:00-20:00,3.34,2.87
500119091,20:00-22:00,2.23,3.88
500119091,22:00-24:00,1.32,1.71
500119092,00:00-02:00,1.32,1.35
500119092,02:00-04:00,0.53,0.12
500119092,04:00-06:00,0.18,0.41
500119092,06:00-08:00,1.41,2.28
500119092,08:00-10:00,7.97,13.79
500119092,10:00-12:00,12.41,11.32
500119092,12:00-14:00,14.49,18.21
500119092,14:00-16:00,11.56,13.83
500119092,16:00-18:00,12.23,8.95
500119092,18:00-20:00,9.11,7.12
500119092,20:00-22:00,4.76,2.25
500119092,22:00-24:00,3.23,3.07
500119093,00:00-02:00,1.11,0.62
500119093,02:00-04:00,0.53,0.16
500119093,04:00-06:00,0.07,0.66
500119093,06:00-08:00,0.44,1.91
500119093,08:00-10:00,7.03,8.56
500119093,10:00-12:00,6.43,5.68
500119093,12:00-14:00,10.49,8.85
500119093,14:00-16:00,5.82,7.56
500119093,16:00-18:00,11.83,9.07
500119093,18:00-20:00,4.92,3.14
500119093,20:00-22:00,2.89,1.94
500119093,22:00-24:00,2.39,2.45
500119094,00:00-02:00,1.1,0.92
500119094,02:00-04:00,0.22,0.34
500119094,04:00-06:00,0.24,1.12
500119094,06:00-08:00,19.38,15.82
500119094,08:00-10:00,19.31,6.81
500119094,10:00-12:00,16.08,12.25
500119094,12:00-14:00,21.54,19.04
500119094,14:00-16:00,10.26,10.91
500119094,16:00-18:00,19.22,39.45
500119094,18:00-20:00,12.4,15.52
500119094,20:00-22:00,9.81,8.3
500119094,22:00-24:00,6.77,2.81
500119095,00:00-02:00,1.26,1.08
500119095,02:00-04:00,0.42,0.16
500119095,04:00-06:00,0.2,0.63
500119095,06:00-08:00,0.72,2.59
500119095,08:00-10:00,9.31,16.65
500119095,10:00-12:00,11.71,17.3
500119095,12:00-14:00,17.65,22.52
500119095,14:00-16:00,12.84,15.53
500119095,16:00-18:00,21.96,13.43
500119095,18:00-20:00,13.22,9.69
500119095,20:00-22:00,6.78,3.84
500119095,22:00-24:00,3.89,3.2
500119096,00:00-02:00,0.39,2.1
500119096,02:00-04:00,0.09,0.62
500119096,04:00-06:00,0.16,0.16
500119096,06:00-08:00,4.44,0.5
500119096,08:00-10:00,22.72,3.53
500119096,10:00-12:00,6.78,2.97
500119096,12:00-14:00,8.35,5.94
500119096,14:00-16:00,4.42,6.06
500119096,16:00-18:00,4.97,5.63
500119096,18:00-20:00,4.61,5.25
500119096,20:00-22:00,1.75,7.09
500119096,22:00-24:00,0.78,6.24
500119097,00:00-02:00,1.31,1.45
500119097,02:00-04:00,0.46,0.12
500119097,04:00-06:00,0.53,1.25
500119097,06:00-08:00,2.29,7.98
500119097,08:00-10:00,23.08,17.63
500119097,10:00-12:00,19.02,21.52
500119097,12:00-14:00,22.19,25.15
500119097,14:00-16:00,17.97,27.07
500119097,16:00-18:00,15.76,20.14
500119097,18:00-20:00,11.09,16.4
500119097,20:00-22:00,19.69,5.03
500119097,22:00-24:00,7.49,2.16
500119098,00:00-02:00,1.67,1.51
500119098,02:00-04:00,0.32,0.41
500119098,04:00-06:00,0.09,0.81
500119098,06:00-08:00,3.09,1.78
500119098,08:00-10:00,23.41,34.97
500119098,10:00-12:00,16.15,30.64
500119098,12:00-14:00,17.57,24.57
500119098,14:00-16:00,11.59,16.71
500119098,16:00-18:00,30.62,21.37
500119098,18:00-20:00,14.51,16.44
500119098,20:00-22:00,17.22,6.45
500119098,22:00-24:00,6.14,5.9
