sno,time_period,lambda_rent_hr,lambda_return_hr
500101001,00:00-02:00,6.08,8.08
500101001,02:00-04:00,1.5,0.92
500101001,04:00-06:00,0.67,3.17
500101001,06:00-08:00,15.75,15.33
500101001,08:00-10:00,32.85,30.88
500101001,10:00-12:00,28.0,30.93
500101001,12:00-14:00,35.42,34.26
500101001,14:00-16:00,33.51,30.3
500101001,16:00-18:00,34.07,34.49
500101001,18:00-20:00,33.57,30.88
500101001,20:00-22:00,27.13,25.42
500101001,22:00-24:00,21.3,17.82
500101002,00:00-02:00,4.62,6.58
500101002,02:00-04:00,0.58,1.92
500101002,04:00-06:00,1.0,1.5
500101002,06:00-08:00,4.83,3.83
500101002,08:00-10:00,13.16,11.38
500101002,10:00-12:00,9.42,11.31
500101002,12:00-14:00,13.58,13.34
500101002,14:00-16:00,12.99,12.07
500101002,16:00-18:00,14.89,16.68
500101002,18:00-20:00,16.37,15.5
500101002,20:00-22:00,17.19,14.42
500101002,22:00-24:00,9.11,6.28
500101003,00:00-02:00,0.5,1.59
500101003,02:00-04:00,0.17,0.22
500101003,04:00-06:00,0.83,0.23
500101003,06:00-08:00,6.92,1.75
500101003,08:00-10:00,6.8,5.51
500101003,10:00-12:00,8.87,6.33
500101003,12:00-14:00,6.75,7.65
500101003,14:00-16:00,6.36,6.52
500101003,16:00-18:00,5.86,8.08
500101003,18:00-20:00,5.26,9.72
500101003,20:00-22:00,4.25,6.07
500101003,22:00-24:00,1.84,4.68
500101004,00:00-02:00,1.5,2.25
500101004,02:00-04:00,0.75,0.47
500101004,04:00-06:00,1.08,0.47
500101004,06:00-08:00,3.0,2.12
500101004,08:00-10:00,5.1,4.08
500101004,10:00-12:00,6.69,8.58
500101004,12:00-14:00,13.54,17.38
500101004,14:00-16:00,10.77,9.26
500101004,16:00-18:00,9.4,13.29
500101004,18:00-20:00,16.33,18.89
500101004,20:00-22:00,8.64,11.51
500101004,22:00-24:00,2.76,7.4
500101005,00:00-02:00,2.17,3.88
500101005,02:00-04:00,0.17,1.07
500101005,04:00-06:00,1.33,0.38
500101005,06:00-08:00,3.0,3.72
500101005,08:00-10:00,10.84,7.78
500101005,10:00-12:00,13.01,14.92
500101005,12:00-14:00,20.69,22.33
500101005,14:00-16:00,12.12,12.34
500101005,16:00-18:00,14.75,19.84
500101005,18:00-20:00,24.57,21.79
500101005,20:00-22:00,8.09,11.31
500101005,22:00-24:00,5.86,8.27
500101006,00:00-02:00,2.42,2.42
500101006,02:00-04:00,0.92,1.08
500101006,04:00-06:00,0.5,0.69
500101006,06:00-08:00,3.08,1.49
500101006,08:00-10:00,5.17,6.42
500101006,10:00-12:00,7.42,8.67
500101006,12:00-14:00,9.22,11.62
500101006,14:00-16:00,9.36,7.76
500101006,16:00-18:00,8.33,11.32
500101006,18:00-20:00,11.67,13.89
500101006,20:00-22:00,8.58,6.08
500101006,22:00-24:00,6.09,4.56
500101007,00:00-02:00,2.22,1.6
500101007,02:00-04:00,0.42,0.8
500101007,04:00-06:00,0.93,0.35
500101007,06:00-08:00,2.67,1.25
500101007,08:00-10:00,4.23,3.17
500101007,10:00-12:00,6.12,6.97
500101007,12:00-14:00,9.25,10.68
500101007,14:00-16:00,6.97,7.64
500101007,16:00-18:00,7.58,10.86
500101007,18:00-20:00,10.67,14.65
500101007,20:00-22:00,7.12,6.13
500101007,22:00-24:00,2.97,4.94
500101008,00:00-02:00,1.68,0.83
500101008,02:00-04:00,0.3,0.25
500101008,04:00-06:00,0.58,1.08
500101008,06:00-08:00,3.22,2.75
500101008,08:00-10:00,4.85,5.78
500101008,10:00-12:00,7.0,9.57
500101008,12:00-14:00,7.65,13.6
500101008,14:00-16:00,7.69,6.42
500101008,16:00-18:00,7.42,9.45
500101008,18:00-20:00,8.67,14.84
500101008,20:00-22:00,6.42,5.43
500101008,22:00-24:00,4.35,3.38
500101009,00:00-02:00,1.13,1.17
500101009,02:00-04:00,0.1,0.17
500101009,04:00-06:00,0.19,0.67
500101009,06:00-08:00,2.56,1.08
500101009,08:00-10:00,4.58,10.28
500101009,10:00-12:00,8.58,15.16
500101009,12:00-14:00,13.38,22.15
500101009,14:00-16:00,14.98,13.33
500101009,16:00-18:00,12.58,20.77
500101009,18:00-20:00,14.92,24.25
500101009,20:00-22:00,12.14,8.02
500101009,22:00-24:00,3.67,3.01
500101010,00:00-02:00,2.32,3.0
500101010,02:00-04:00,1.26,0.75
500101010,04:00-06:00,0.5,0.42
500101010,06:00-08:00,3.73,5.17
500101010,08:00-10:00,11.78,17.06
500101010,10:00-12:00,12.17,21.12
500101010,12:00-14:00,19.31,24.05
500101010,14:00-16:00,20.15,18.92
500101010,16:00-18:00,17.25,24.61
500101010,18:00-20:00,20.5,24.62
500101010,20:00-22:00,15.9,9.75
500101010,22:00-24:00,7.5,8.2
500101012,00:00-02:00,1.25,1.13
500101012,02:00-04:00,0.0,0.67
500101012,04:00-06:00,0.42,0.36
500101012,06:00-08:00,2.17,2.24
500101012,08:00-10:00,5.98,5.33
500101012,10:00-12:00,6.84,8.11
500101012,12:00-14:00,8.51,8.67
500101012,14:00-16:00,9.61,9.64
500101012,16:00-18:00,9.19,8.97
500101012,18:00-20:00,7.99,7.86
500101012,20:00-22:00,5.02,5.84
500101012,22:00-24:00,3.68,3.56
500101013,00:00-02:00,1.34,2.42
500101013,02:00-04:00,0.17,0.44
500101013,04:00-06:00,1.08,1.15
500101013,06:00-08:00,3.25,4.21
500101013,08:00-10:00,5.35,7.3
500101013,10:00-12:00,8.93,10.72
500101013,12:00-14:00,9.55,12.26
500101013,14:00-16:00,10.16,11.96
500101013,16:00-18:00,11.55,12.86
500101013,18:00-20:00,9.71,12.18
500101013,20:00-22:00,8.47,8.48
500101013,22:00-24:00,5.55,4.09
500101014,00:00-02:00,4.2,3.85
500101014,02:00-04:00,2.01,1.94
500101014,04:00-06:00,1.71,1.33
500101014,06:00-08:00,3.52,3.67
500101014,08:00-10:00,9.56,10.84
500101014,10:00-12:00,12.34,17.29
500101014,12:00-14:00,14.54,18.63
500101014,14:00-16:00,13.92,13.42
500101014,16:00-18:00,15.11,20.1
500101014,18:00-20:00,18.82,20.38
500101014,20:00-22:00,12.64,11.14
500101014,22:00-24:00,9.0,6.28
500101015,00:00-02:00,0.08,0.67
500101015,02:00-04:00,0.25,0.08
500101015,04:00-06:00,0.17,0.0
500101015,06:00-08:00,1.75,2.0
500101015,08:00-10:00,3.92,3.23
500101015,10:00-12:00,3.83,3.83
500101015,12:00-14:00,3.91,3.99
500101015,14:00-16:00,2.42,3.5
500101015,16:00-18:00,6.0,4.07
500101015,18:00-20:00,3.69,4.26
500101015,20:00-22:00,2.33,3.75
500101015,22:00-24:00,1.92,2.09
500101016,00:00-02:00,0.91,0.86
500101016,02:00-04:00,0.3,0.39
500101016,04:00-06:00,0.48,0.88
500101016,06:00-08:00,1.91,1.89
500101016,08:00-10:00,4.93,6.16
500101016,10:00-12:00,6.13,7.78
500101016,12:00-14:00,8.93,7.97
500101016,14:00-16:00,6.99,6.43
500101016,16:00-18:00,6.75,8.32
500101016,18:00-20:00,7.4,7.67
500101016,20:00-22:00,5.88,4.15
500101016,22:00-24:00,3.29,3.63
500101018,00:00-02:00,0.76,1.69
500101018,02:00-04:00,0.33,0.86
500101018,04:00-06:00,0.75,0.14
500101018,06:00-08:00,3.27,2.59
500101018,08:00-10:00,6.42,6.14
500101018,10:00-12:00,7.42,11.33
500101018,12:00-14:00,9.89,12.19
500101018,14:00-16:00,10.11,12.27
500101018,16:00-18:00,8.46,12.41
500101018,18:00-20:00,9.58,12.49
500101018,20:00-22:00,9.47,9.12
500101018,22:00-24:00,4.45,4.9
500101019,00:00-02:00,1.67,2.99
500101019,02:00-04:00,0.42,0.53
500101019,04:00-06:00,0.83,0.37
500101019,06:00-08:00,5.92,3.0
500101019,08:00-10:00,10.33,10.0
500101019,10:00-12:00,13.14,11.75
500101019,12:00-14:00,15.08,13.3
500101019,14:00-16:00,10.83,10.36
500101019,16:00-18:00,9.73,10.33
500101019,18:00-20:00,11.24,13.29
500101019,20:00-22:00,6.9,9.14
500101019,22:00-24:00,4.44,6.87
500101021,00:00-02:00,1.02,0.92
500101021,02:00-04:00,0.65,0.5
500101021,04:00-06:00,0.79,0.75
500101021,06:00-08:00,2.53,2.08
500101021,08:00-10:00,6.73,6.12
500101021,10:00-12:00,7.28,10.97
500101021,12:00-14:00,10.39,13.42
500101021,14:00-16:00,8.24,10.46
500101021,16:00-18:00,10.53,12.49
500101021,18:00-20:00,9.33,12.78
500101021,20:00-22:00,8.53,5.45
500101021,22:00-24:00,8.66,1.76
500101022,00:00-02:00,11.24,8.67
500101022,02:00-04:00,1.96,2.75
500101022,04:00-06:00,1.48,6.75
500101022,06:00-08:00,19.17,18.75
500101022,08:00-10:00,41.75,46.83
500101022,10:00-12:00,35.92,55.76
500101022,12:00-14:00,52.52,45.63
500101022,14:00-16:00,58.41,45.94
500101022,16:00-18:00,55.08,74.39
500101022,18:00-20:00,68.75,54.72
500101022,20:00-22:00,49.86,31.83
500101022,22:00-24:00,37.03,39.58
500101023,00:00-02:00,4.2,2.58
500101023,02:00-04:00,0.98,7.83
500101023,04:00-06:00,2.25,2.25
500101023,06:00-08:00,6.75,3.67
500101023,08:00-10:00,10.08,24.0
500101023,10:00-12:00,13.17,18.17
500101023,12:00-14:00,21.86,23.85
500101023,14:00-16:00,17.8,14.46
500101023,16:00-18:00,23.67,18.0
500101023,18:00-20:00,19.0,16.5
500101023,20:00-22:00,21.58,8.75
500101023,22:00-24:00,12.21,13.47
500101024,00:00-02:00,0.54,0.42
500101024,02:00-04:00,0.54,0.33
500101024,04:00-06:00,0.26,0.58
500101024,06:00-08:00,1.67,2.33
500101024,08:00-10:00,4.92,8.5
500101024,10:00-12:00,7.42,8.67
500101024,12:00-14:00,14.23,7.56
500101024,14:00-16:00,6.53,8.94
500101024,16:00-18:00,13.78,8.42
500101024,18:00-20:00,8.66,7.67
500101024,20:00-22:00,4.91,6.33
500101024,22:00-24:00,4.15,2.59
500101025,00:00-02:00,1.0,1.5
500101025,02:00-04:00,0.33,0.58
500101025,04:00-06:00,0.83,0.75
500101025,06:00-08:00,2.67,3.58
500101025,08:00-10:00,11.08,12.5
500101025,10:00-12:00,14.67,11.25
500101025,12:00-14:00,13.3,12.71
500101025,14:00-16:00,11.45,12.79
500101025,16:00-18:00,9.92,7.75
500101025,18:00-20:00,9.83,10.67
500101025,20:00-22:00,8.58,15.5
500101025,22:00-24:00,5.77,7.78
500101026,00:00-02:00,1.0,2.17
500101026,02:00-04:00,1.5,0.17
500101026,04:00-06:00,0.25,0.33
500101026,06:00-08:00,2.08,1.08
500101026,08:00-10:00,7.2,2.75
500101026,10:00-12:00,8.37,4.58
500101026,12:00-14:00,7.66,4.16
500101026,14:00-16:00,3.32,3.51
500101026,16:00-18:00,7.99,4.25
500101026,18:00-20:00,5.18,7.0
500101026,20:00-22:00,11.67,15.22
500101026,22:00-24:00,3.18,8.16
500101027,00:00-02:00,9.08,10.19
500101027,02:00-04:00,2.92,2.4
500101027,04:00-06:00,6.08,1.68
500101027,06:00-08:00,12.92,5.58
500101027,08:00-10:00,17.91,12.08
500101027,10:00-12:00,21.0,13.42
500101027,12:00-14:00,27.63,25.26
500101027,14:00-16:00,23.17,24.85
500101027,16:00-18:00,38.57,25.25
500101027,18:00-20:00,36.71,40.73
500101027,20:00-22:00,20.42,38.26
500101027,22:00-24:00,17.66,26.13
500101028,00:00-02:00,0.93,0.83
500101028,02:00-04:00,0.58,0.67
500101028,04:00-06:00,0.55,0.33
500101028,06:00-08:00,2.06,4.33
500101028,08:00-10:00,4.17,3.5
500101028,10:00-12:00,5.47,4.67
500101028,12:00-14:00,6.87,5.32
500101028,14:00-16:00,5.18,6.94
500101028,16:00-18:00,9.43,4.58
500101028,18:00-20:00,7.05,6.67
500101028,20:00-22:00,3.0,6.08
500101028,22:00-24:00,3.48,3.19
500101029,00:00-02:00,0.64,0.25
500101029,02:00-04:00,0.43,0.08
500101029,04:00-06:00,0.37,1.33
500101029,06:00-08:00,1.72,1.58
500101029,08:00-10:00,2.37,2.92
500101029,10:00-12:00,2.1,1.83
500101029,12:00-14:00,3.42,3.99
500101029,14:00-16:00,3.66,2.42
500101029,16:00-18:00,4.07,2.25
500101029,18:00-20:00,2.83,3.08
500101029,20:00-22:00,1.13,2.0
500101029,22:00-24:00,0.93,1.42
500101030,00:00-02:00,0.92,2.17
500101030,02:00-04:00,0.43,0.75
500101030,04:00-06:00,0.5,0.42
500101030,06:00-08:00,0.97,0.75
500101030,08:00-10:00,2.92,2.17
500101030,10:00-12:00,4.34,2.92
500101030,12:00-14:00,4.52,2.99
500101030,14:00-16:00,2.77,3.43
500101030,16:00-18:00,3.67,4.17
500101030,18:00-20:00,3.76,5.06
500101030,20:00-22:00,2.58,3.89
500101030,22:00-24:00,4.44,6.71
500101031,00:00-02:00,2.08,4.34
500101031,02:00-04:00,0.58,0.79
500101031,04:00-06:00,1.75,0.67
500101031,06:00-08:00,5.42,1.92
500101031,08:00-10:00,9.15,4.17
500101031,10:00-12:00,8.0,5.0
500101031,12:00-14:00,9.27,8.31
500101031,14:00-16:00,9.47,9.54
500101031,16:00-18:00,11.9,9.82
500101031,18:00-20:00,12.06,13.12
500101031,20:00-22:00,5.0,13.45
500101031,22:00-24:00,3.6,9.34
500101032,00:00-02:00,5.0,7.63
500101032,02:00-04:00,1.42,2.49
500101032,04:00-06:00,2.25,1.1
500101032,06:00-08:00,14.17,2.33
500101032,08:00-10:00,22.07,8.08
500101032,10:00-12:00,18.37,7.58
500101032,12:00-14:00,27.41,18.61
500101032,14:00-16:00,21.98,22.4
500101032,16:00-18:00,29.05,22.67
500101032,18:00-20:00,25.32,36.16
500101032,20:00-22:00,9.5,28.11
500101032,22:00-24:00,5.52,11.31
500101033,00:00-02:00,7.25,11.88
500101033,02:00-04:00,3.5,5.32
500101033,04:00-06:00,3.5,2.17
500101033,06:00-08:00,6.17,1.25
500101033,08:00-10:00,17.67,10.75
500101033,10:00-12:00,21.68,9.25
500101033,12:00-14:00,28.02,13.46
500101033,14:00-16:00,16.7,15.79
500101033,16:00-18:00,19.4,12.5
500101033,18:00-20:00,17.01,19.67
500101033,20:00-22:00,12.28,23.04
500101033,22:00-24:00,27.02,31.23
500101034,00:00-02:00,0.68,0.83
500101034,02:00-04:00,0.25,0.67
500101034,04:00-06:00,0.42,0.33
500101034,06:00-08:00,0.83,3.98
500101034,08:00-10:00,5.83,5.31
500101034,10:00-12:00,5.68,4.29
500101034,12:00-14:00,8.11,5.26
500101034,14:00-16:00,5.01,5.35
500101034,16:00-18:00,7.98,5.08
500101034,18:00-20:00,7.08,4.0
500101034,20:00-22:00,3.36,4.92
500101034,22:00-24:00,3.01,4.08
500101035,00:00-02:00,1.52,0.5
500101035,02:00-04:00,1.09,0.75
500101035,04:00-06:00,0.08,0.92
500101035,06:00-08:00,1.01,0.5
500101035,08:00-10:00,3.06,3.33
500101035,10:00-12:00,3.98,3.08
500101035,12:00-14:00,4.24,5.15
500101035,14:00-16:00,2.43,3.43
500101035,16:00-18:00,5.32,5.25
500101035,18:00-20:00,6.85,7.99
500101035,20:00-22:00,3.76,4.52
500101035,22:00-24:00,3.48,1.95
500101036,00:00-02:00,0.14,0.75
500101036,02:00-04:00,0.0,0.17
500101036,04:00-06:00,0.2,0.42
500101036,06:00-08:00,0.25,0.58
500101036,08:00-10:00,2.7,4.33
500101036,10:00-12:00,3.42,2.42
500101036,12:00-14:00,4.96,3.66
500101036,14:00-16:00,2.26,2.59
500101036,16:00-18:00,5.16,3.17
500101036,18:00-20:00,2.29,2.0
500101036,20:00-22:00,1.32,2.0
500101036,22:00-24:00,1.85,1.92
500101037,00:00-02:00,1.1,2.92
500101037,02:00-04:00,0.75,0.75
500101037,04:00-06:00,1.25,0.83
500101037,06:00-08:00,2.58,0.75
500101037,08:00-10:00,5.73,4.0
500101037,10:00-12:00,8.89,6.83
500101037,12:00-14:00,9.03,6.98
500101037,14:00-16:00,6.73,4.35
500101037,16:00-18:00,7.89,5.5
500101037,18:00-20:00,8.48,10.25
500101037,20:00-22:00,7.0,10.27
500101037,22:00-24:00,5.69,7.21
500101038,00:00-02:00,0.79,0.42
500101038,02:00-04:00,0.14,0.58
500101038,04:00-06:00,0.0,1.42
500101038,06:00-08:00,0.42,2.08
500101038,08:00-10:00,3.33,6.33
500101038,10:00-12:00,5.08,6.74
500101038,12:00-14:00,10.37,9.06
500101038,14:00-16:00,8.52,7.94
500101038,16:00-18:00,10.86,6.67
500101038,18:00-20:00,9.3,7.92
500101038,20:00-22:00,5.67,3.33
500101038,22:00-24:00,3.57,2.18
500101039,00:00-02:00,0.79,0.42
500101039,02:00-04:00,0.0,0.5
500101039,04:00-06:00,0.37,0.58
500101039,06:00-08:00,0.38,0.83
500101039,08:00-10:00,2.13,2.58
500101039,10:00-12:00,3.12,2.67
500101039,12:00-14:00,2.34,3.91
500101039,14:00-16:00,3.02,3.09
500101039,16:00-18:00,6.06,3.25
500101039,18:00-20:00,3.19,3.58
500101039,20:00-22:00,2.9,2.5
500101039,22:00-24:00,1.11,1.17
500101040,00:00-02:00,1.4,2.33
500101040,02:00-04:00,0.25,0.25
500101040,04:00-06:00,0.25,0.42
500101040,06:00-08:00,1.08,1.58
500101040,08:00-10:00,3.17,6.3
500101040,10:00-12:00,4.92,6.13
500101040,12:00-14:00,6.23,5.22
500101040,14:00-16:00,4.56,4.9
500101040,16:00-18:00,6.69,5.58
500101040,18:00-20:00,5.22,4.34
500101040,20:00-22:00,3.51,3.29
500101040,22:00-24:00,2.52,0.84
500101041,00:00-02:00,2.75,2.25
500101041,02:00-04:00,1.0,0.42
500101041,04:00-06:00,1.0,3.08
500101041,06:00-08:00,2.06,2.67
500101041,08:00-10:00,5.67,16.52
500101041,10:00-12:00,10.17,7.65
500101041,12:00-14:00,9.89,9.7
500101041,14:00-16:00,9.53,10.28
500101041,16:00-18:00,15.42,12.5
500101041,18:00-20:00,8.92,9.42
500101041,20:00-22:00,6.92,7.08
500101041,22:00-24:00,7.69,4.77
500101042,00:00-02:00,3.75,7.37
500101042,02:00-04:00,1.83,2.85
500101042,04:00-06:00,1.67,1.52
500101042,06:00-08:00,4.25,3.46
500101042,08:00-10:00,6.59,4.39
500101042,10:00-12:00,12.39,5.34
500101042,12:00-14:00,23.42,10.3
500101042,14:00-16:00,11.38,9.69
500101042,16:00-18:00,14.7,10.42
500101042,18:00-20:00,8.92,12.2
500101042,20:00-22:00,5.0,15.34
500101042,22:00-24:00,4.18,15.23
500101091,00:00-02:00,1.0,2.79
500101091,02:00-04:00,0.25,0.3
500101091,04:00-06:00,0.42,1.6
500101091,06:00-08:00,2.58,2.81
500101091,08:00-10:00,9.33,3.67
500101091,10:00-12:00,8.25,4.58
500101091,12:00-14:00,8.9,6.73
500101091,14:00-16:00,4.99,5.18
500101091,16:00-18:00,7.59,8.0
500101091,18:00-20:00,5.86,7.5
500101091,20:00-22:00,5.83,9.42
500101091,22:00-24:00,2.51,7.68
500101092,00:00-02:00,0.17,0.42
500101092,02:00-04:00,0.0,0.33
500101092,04:00-06:00,0.0,0.17
500101092,06:00-08:00,2.67,1.42
500101092,08:00-10:00,3.08,2.67
500101092,10:00-12:00,3.48,2.5
500101092,12:00-14:00,4.07,3.24
500101092,14:00-16:00,3.11,2.59
500101092,16:00-18:00,4.34,3.83
500101092,18:00-20:00,2.73,3.92
500101092,20:00-22:00,1.75,2.5
500101092,22:00-24:00,0.5,2.59
500101093,00:00-02:00,0.11,0.83
500101093,02:00-04:00,0.08,0.25
500101093,04:00-06:00,0.08,0.25
500101093,06:00-08:00,0.83,2.0
500101093,08:00-10:00,3.33,5.67
500101093,10:00-12:00,6.92,4.27
500101093,12:00-14:00,4.04,7.15
500101093,14:00-16:00,5.03,6.44
500101093,16:00-18:00,7.46,5.25
500101093,18:00-20:00,7.91,6.0
500101093,20:00-22:00,3.44,2.58
500101093,22:00-24:00,1.91,0.25
500101094,00:00-02:00,0.17,1.67
500101094,02:00-04:00,0.33,0.42
500101094,04:00-06:00,0.33,0.58
500101094,06:00-08:00,3.17,1.17
500101094,08:00-10:00,5.92,6.67
500101094,10:00-12:00,6.83,6.17
500101094,12:00-14:00,7.06,8.74
500101094,14:00-16:00,7.77,4.99
500101094,16:00-18:00,7.91,8.5
500101094,18:00-20:00,10.67,10.99
500101094,20:00-22:00,8.08,7.06
500101094,22:00-24:00,1.51,3.35
500101095,00:00-02:00,0.83,2.42
500101095,02:00-04:00,0.08,0.75
500101095,04:00-06:00,0.67,1.0
500101095,06:00-08:00,3.67,6.08
500101095,08:00-10:00,8.67,7.33
500101095,10:00-12:00,11.17,8.42
500101095,12:00-14:00,13.3,6.57
500101095,14:00-16:00,7.86,6.85
500101095,16:00-18:00,9.44,7.67
500101095,18:00-20:00,5.67,5.83
500101095,20:00-22:00,3.29,7.92
500101095,22:00-24:00,1.34,5.86
500101097,00:00-02:00,1.42,2.08
500101097,02:00-04:00,1.42,0.67
500101097,04:00-06:00,0.33,0.58
500101097,06:00-08:00,1.92,1.33
500101097,08:00-10:00,6.08,4.5
500101097,10:00-12:00,7.92,7.67
500101097,12:00-14:00,5.9,3.66
500101097,14:00-16:00,8.19,3.26
500101097,16:00-18:00,6.08,4.75
500101097,18:00-20:00,5.33,7.5
500101097,20:00-22:00,1.83,5.83
500101097,22:00-24:00,2.68,8.2
500101098,00:00-02:00,0.0,0.67
500101098,02:00-04:00,0.5,0.17
500101098,04:00-06:00,0.58,0.0
500101098,06:00-08:00,2.5,1.5
500101098,08:00-10:00,3.92,3.83
500101098,10:00-12:00,3.83,3.25
500101098,12:00-14:00,3.57,2.74
500101098,14:00-16:00,2.01,3.26
500101098,16:00-18:00,2.83,3.5
500101098,18:00-20:00,3.5,2.42
500101098,20:00-22:00,1.67,2.33
500101098,22:00-24:00,0.17,2.01
500101099,00:00-02:00,2.42,5.5
500101099,02:00-04:00,0.33,1.25
500101099,04:00-06:00,1.42,1.75
500101099,06:00-08:00,8.08,5.67
500101099,08:00-10:00,13.33,12.35
500101099,10:00-12:00,17.17,14.08
500101099,12:00-14:00,19.27,15.46
500101099,14:00-16:00,15.34,12.45
500101099,16:00-18:00,17.8,19.67
500101099,18:00-20:00,22.17,22.31
500101099,20:00-22:00,10.33,14.83
500101099,22:00-24:00,4.35,7.11
500101100,00:00-02:00,1.25,2.5
500101100,02:00-04:00,1.42,1.42
500101100,04:00-06:00,2.25,0.5
500101100,06:00-08:00,4.58,3.08
500101100,08:00-10:00,7.17,8.75
500101100,10:00-12:00,12.61,10.08
500101100,12:00-14:00,8.39,7.81
500101100,14:00-16:00,9.57,6.69
500101100,16:00-18:00,9.0,9.58
500101100,18:00-20:00,9.05,8.75
500101100,20:00-22:00,5.26,7.0
500101100,22:00-24:00,4.77,7.87
500101101,00:00-02:00,6.1,7.5
500101101,02:00-04:00,1.07,1.33
500101101,04:00-06:00,3.42,6.0
500101101,06:00-08:00,13.58,19.42
500101101,08:00-10:00,19.33,24.9
500101101,10:00-12:00,24.0,27.15
500101101,12:00-14:00,28.01,25.76
500101101,14:00-16:00,29.75,21.56
500101101,16:00-18:00,30.42,26.83
500101101,18:00-20:00,29.66,24.67
500101101,20:00-22:00,23.03,22.08
500101101,22:00-24:00,16.57,21.42
500101102,00:00-02:00,1.92,2.17
500101102,02:00-04:00,0.33,0.33
500101102,04:00-06:00,0.58,1.08
500101102,06:00-08:00,4.0,0.75
500101102,08:00-10:00,6.91,5.69
500101102,10:00-12:00,7.51,5.1
500101102,12:00-14:00,5.94,5.57
500101102,14:00-16:00,4.44,3.84
500101102,16:00-18:00,5.84,5.42
500101102,18:00-20:00,4.75,8.67
500101102,20:00-22:00,4.0,4.39
500101102,22:00-24:00,3.51,3.04
500101103,00:00-02:00,4.0,3.09
500101103,02:00-04:00,0.58,0.33
500101103,04:00-06:00,1.08,0.58
500101103,06:00-08:00,5.83,3.33
500101103,08:00-10:00,10.42,7.92
500101103,10:00-12:00,8.83,6.33
500101103,12:00-14:00,8.48,7.23
500101103,14:00-16:00,6.44,7.68
500101103,16:00-18:00,9.76,9.79
500101103,18:00-20:00,10.42,10.5
500101103,20:00-22:00,5.83,10.83
500101103,22:00-24:00,3.26,8.14
500101104,00:00-02:00,1.58,1.83
500101104,02:00-04:00,0.2,0.25
500101104,04:00-06:00,0.33,0.58
500101104,06:00-08:00,6.75,5.83
500101104,08:00-10:00,12.56,11.25
500101104,10:00-12:00,10.06,12.08
500101104,12:00-14:00,12.73,12.1
500101104,14:00-16:00,14.87,13.77
500101104,16:00-18:00,11.72,14.19
500101104,18:00-20:00,13.6,12.32
500101104,20:00-22:00,9.87,12.44
500101104,22:00-24:00,9.55,3.94
500101105,00:00-02:00,2.99,3.42
500101105,02:00-04:00,3.06,1.0
500101105,04:00-06:00,0.92,1.0
500101105,06:00-08:00,3.59,4.58
500101105,08:00-10:00,9.92,16.0
500101105,10:00-12:00,13.55,12.58
500101105,12:00-14:00,14.96,15.12
500101105,14:00-16:00,17.57,14.37
500101105,16:00-18:00,18.24,15.67
500101105,18:00-20:00,13.43,13.58
500101105,20:00-22:00,11.43,10.58
500101105,22:00-24:00,6.43,5.77
500101107,00:00-02:00,5.58,4.97
500101107,02:00-04:00,1.08,3.0
500101107,04:00-06:00,1.83,1.3
500101107,06:00-08:00,8.5,2.33
500101107,08:00-10:00,18.63,17.58
500101107,10:00-12:00,19.52,16.0
500101107,12:00-14:00,18.91,19.2
500101107,14:00-16:00,19.5,19.14
500101107,16:00-18:00,22.17,22.25
500101107,18:00-20:00,24.0,27.54
500101107,20:00-22:00,19.42,25.55
500101107,22:00-24:00,13.22,20.68
500101108,00:00-02:00,2.75,3.87
500101108,02:00-04:00,2.0,1.1
500101108,04:00-06:00,2.17,1.01
500101108,06:00-08:00,5.61,2.5
500101108,08:00-10:00,12.49,16.59
500101108,10:00-12:00,16.16,13.23
500101108,12:00-14:00,17.85,16.95
500101108,14:00-16:00,16.04,17.0
500101108,16:00-18:00,16.85,16.57
500101108,18:00-20:00,17.17,18.92
500101108,20:00-22:00,12.67,14.69
500101108,22:00-24:00,7.11,9.16
500101109,00:00-02:00,3.8,5.29
500101109,02:00-04:00,1.17,2.3
500101109,04:00-06:00,2.0,1.57
500101109,06:00-08:00,10.21,6.6
500101109,08:00-10:00,16.74,27.28
500101109,10:00-12:00,23.31,18.43
500101109,12:00-14:00,21.37,23.53
500101109,14:00-16:00,22.81,21.61
500101109,16:00-18:00,27.38,21.33
500101109,18:00-20:00,21.34,24.92
500101109,20:00-22:00,18.67,20.92
500101109,22:00-24:00,13.89,15.54
500101110,00:00-02:00,6.0,5.33
500101110,02:00-04:00,2.33,4.83
500101110,04:00-06:00,2.25,4.08
500101110,06:00-08:00,12.92,7.25
500101110,08:00-10:00,18.2,17.92
500101110,10:00-12:00,22.25,26.58
500101110,12:00-14:00,28.92,28.25
500101110,14:00-16:00,22.14,22.98
500101110,16:00-18:00,22.83,27.0
500101110,18:00-20:00,28.79,25.58
500101110,20:00-22:00,25.83,21.42
500101110,22:00-24:00,16.27,14.06
500101113,00:00-02:00,1.58,4.67
500101113,02:00-04:00,1.5,1.67
500101113,04:00-06:00,2.42,2.42
500101113,06:00-08:00,10.33,6.42
500101113,08:00-10:00,16.92,26.7
500101113,10:00-12:00,26.25,24.59
500101113,12:00-14:00,25.68,30.22
500101113,14:00-16:00,26.24,26.08
500101113,16:00-18:00,40.2,23.67
500101113,18:00-20:00,21.25,20.17
500101113,20:00-22:00,14.01,17.08
500101113,22:00-24:00,5.22,14.05
500101114,00:00-02:00,2.63,3.83
500101114,02:00-04:00,1.75,1.17
500101114,04:00-06:00,1.67,1.83
500101114,06:00-08:00,6.67,9.83
500101114,08:00-10:00,13.08,15.5
500101114,10:00-12:00,10.67,12.56
500101114,12:00-14:00,13.46,12.93
500101114,14:00-16:00,14.27,20.24
500101114,16:00-18:00,20.17,17.8
500101114,18:00-20:00,16.92,11.33
500101114,20:00-22:00,12.08,9.17
500101114,22:00-24:00,6.28,8.87
500101115,00:00-02:00,2.25,3.42
500101115,02:00-04:00,0.67,0.75
500101115,04:00-06:00,4.83,2.58
500101115,06:00-08:00,8.58,10.75
500101115,08:00-10:00,15.25,21.58
500101115,10:00-12:00,18.5,22.17
500101115,12:00-14:00,20.94,20.23
500101115,14:00-16:00,17.63,19.4
500101115,16:00-18:00,26.78,20.57
500101115,18:00-20:00,18.75,17.0
500101115,20:00-22:00,11.81,14.25
500101115,22:00-24:00,7.7,7.53
500101116,00:00-02:00,3.25,3.46
500101116,02:00-04:00,0.92,2.83
500101116,04:00-06:00,1.83,1.89
500101116,06:00-08:00,8.75,4.0
500101116,08:00-10:00,13.58,9.75
500101116,10:00-12:00,13.5,20.22
500101116,12:00-14:00,18.03,19.71
500101116,14:00-16:00,20.81,16.3
500101116,16:00-18:00,17.5,18.64
500101116,18:00-20:00,19.5,19.89
500101116,20:00-22:00,15.17,10.92
500101116,22:00-24:00,7.6,8.54
500101118,00:00-02:00,2.07,1.21
500101118,02:00-04:00,0.17,0.5
500101118,04:00-06:00,1.25,0.58
500101118,06:00-08:00,3.5,2.83
500101118,08:00-10:00,4.75,6.61
500101118,10:00-12:00,9.84,8.69
500101118,12:00-14:00,10.6,8.53
500101118,14:00-16:00,7.02,10.24
500101118,16:00-18:00,9.67,10.14
500101118,18:00-20:00,9.33,9.39
500101118,20:00-22:00,5.17,6.96
500101118,22:00-24:00,5.44,3.57
500101119,00:00-02:00,1.08,2.51
500101119,02:00-04:00,1.33,0.67
500101119,04:00-06:00,0.67,0.17
500101119,06:00-08:00,3.0,1.83
500101119,08:00-10:00,6.63,3.83
500101119,10:00-12:00,5.41,6.0
500101119,12:00-14:00,6.5,5.73
500101119,14:00-16:00,5.22,4.76
500101119,16:00-18:00,6.03,7.83
500101119,18:00-20:00,7.2,8.11
500101119,20:00-22:00,5.35,6.41
500101119,22:00-24:00,1.76,3.34
500101120,00:00-02:00,2.75,0.67
500101120,02:00-04:00,0.83,0.08
500101120,04:00-06:00,0.25,0.42
500101120,06:00-08:00,3.0,2.58
500101120,08:00-10:00,5.75,7.08
500101120,10:00-12:00,6.67,8.17
500101120,12:00-14:00,8.14,12.47
500101120,14:00-16:00,8.52,7.19
500101120,16:00-18:00,7.83,8.33
500101120,18:00-20:00,8.75,6.17
500101120,20:00-22:00,4.75,4.42
500101120,22:00-24:00,2.01,3.01
500101122,00:00-02:00,0.08,0.25
500101122,02:00-04:00,0.0,0.67
500101122,04:00-06:00,0.42,0.0
500101122,06:00-08:00,1.33,0.58
500101122,08:00-10:00,3.35,2.5
500101122,10:00-12:00,3.64,3.33
500101122,12:00-14:00,3.37,2.41
500101122,14:00-16:00,3.37,3.18
500101122,16:00-18:00,3.56,2.25
500101122,18:00-20:00,2.25,1.42
500101122,20:00-22:00,1.21,1.42
500101122,22:00-24:00,0.93,1.42
500101123,00:00-02:00,0.17,0.83
500101123,02:00-04:00,0.08,0.25
500101123,04:00-06:00,0.42,0.33
500101123,06:00-08:00,1.17,1.25
500101123,08:00-10:00,6.42,4.58
500101123,10:00-12:00,4.58,2.58
500101123,12:00-14:00,5.81,3.91
500101123,14:00-16:00,2.9,4.43
500101123,16:00-18:00,4.91,4.92
500101123,18:00-20:00,3.17,5.0
500101123,20:00-22:00,2.25,3.33
500101123,22:00-24:00,0.59,2.93
500101124,00:00-02:00,2.55,1.02
500101124,02:00-04:00,1.29,1.42
500101124,04:00-06:00,0.58,1.08
500101124,06:00-08:00,4.65,4.67
500101124,08:00-10:00,8.92,9.25
500101124,10:00-12:00,10.83,12.85
500101124,12:00-14:00,13.3,10.72
500101124,14:00-16:00,11.7,10.7
500101124,16:00-18:00,12.0,12.08
500101124,18:00-20:00,10.67,13.25
500101124,20:00-22:00,8.92,10.67
500101124,22:00-24:00,8.91,7.71
500101125,00:00-02:00,7.59,6.01
500101125,02:00-04:00,1.44,2.67
500101125,04:00-06:00,2.5,2.33
500101125,06:00-08:00,11.98,10.0
500101125,08:00-10:00,17.8,18.33
500101125,10:00-12:00,21.87,19.33
500101125,12:00-14:00,22.24,16.2
500101125,14:00-16:00,15.47,17.88
500101125,16:00-18:00,20.99,25.25
500101125,18:00-20:00,30.08,29.24
500101125,20:00-22:00,18.6,19.94
500101125,22:00-24:00,13.46,15.23
500101126,00:00-02:00,5.75,4.83
500101126,02:00-04:00,2.03,5.33
500101126,04:00-06:00,2.28,1.5
500101126,06:00-08:00,6.5,6.33
500101126,08:00-10:00,15.26,10.92
500101126,10:00-12:00,19.62,15.08
500101126,12:00-14:00,14.14,12.05
500101126,14:00-16:00,11.31,11.62
500101126,16:00-18:00,13.58,15.17
500101126,18:00-20:00,19.39,21.14
500101126,20:00-22:00,18.5,17.08
500101126,22:00-24:00,15.06,10.89
500101127,00:00-02:00,4.33,2.58
500101127,02:00-04:00,1.92,8.92
500101127,04:00-06:00,2.0,1.08
500101127,06:00-08:00,7.17,3.67
500101127,08:00-10:00,12.17,12.8
500101127,10:00-12:00,18.17,13.33
500101127,12:00-14:00,13.3,15.21
500101127,14:00-16:00,15.29,16.3
500101127,16:00-18:00,17.78,12.42
500101127,18:00-20:00,13.59,13.0
500101127,20:00-22:00,11.05,13.33
500101127,22:00-24:00,6.03,8.37
500101128,00:00-02:00,2.0,2.25
500101128,02:00-04:00,1.25,2.75
500101128,04:00-06:00,0.92,3.83
500101128,06:00-08:00,5.25,4.67
500101128,08:00-10:00,11.17,10.58
500101128,10:00-12:00,13.33,11.0
500101128,12:00-14:00,16.95,13.55
500101128,14:00-16:00,13.55,12.87
500101128,16:00-18:00,17.27,17.58
500101128,18:00-20:00,12.0,14.67
500101128,20:00-22:00,11.44,10.42
500101128,22:00-24:00,7.18,6.86
500101129,00:00-02:00,2.17,1.52
500101129,02:00-04:00,0.42,0.67
500101129,04:00-06:00,0.58,1.25
500101129,06:00-08:00,5.5,2.92
500101129,08:00-10:00,8.75,8.85
500101129,10:00-12:00,11.0,10.85
500101129,12:00-14:00,13.21,12.2
500101129,14:00-16:00,12.74,11.11
500101129,16:00-18:00,15.59,15.17
500101129,18:00-20:00,11.77,11.43
500101129,20:00-22:00,4.83,8.33
500101129,22:00-24:00,3.6,6.69
500101130,00:00-02:00,1.92,2.28
500101130,02:00-04:00,0.42,1.15
500101130,04:00-06:00,1.75,0.4
500101130,06:00-08:00,5.92,3.58
500101130,08:00-10:00,11.02,7.5
500101130,10:00-12:00,12.47,8.25
500101130,12:00-14:00,10.65,10.47
500101130,14:00-16:00,10.41,13.22
500101130,16:00-18:00,11.58,12.75
500101130,18:00-20:00,11.33,13.25
500101130,20:00-22:00,6.5,9.72
500101130,22:00-24:00,4.52,5.74
500101131,00:00-02:00,2.4,1.58
500101131,02:00-04:00,1.2,2.42
500101131,04:00-06:00,2.69,2.0
500101131,06:00-08:00,2.75,5.08
500101131,08:00-10:00,6.17,4.92
500101131,10:00-12:00,8.68,9.0
500101131,12:00-14:00,10.65,10.14
500101131,14:00-16:00,9.86,9.53
500101131,16:00-18:00,9.65,7.92
500101131,18:00-20:00,9.64,10.67
500101131,20:00-22:00,5.87,5.33
500101131,22:00-24:00,2.93,2.68
500101132,00:00-02:00,1.12,0.83
500101132,02:00-04:00,0.33,0.42
500101132,04:00-06:00,0.25,1.08
500101132,06:00-08:00,3.33,5.0
500101132,08:00-10:00,5.58,9.75
500101132,10:00-12:00,10.25,15.58
500101132,12:00-14:00,12.22,18.91
500101132,14:00-16:00,17.21,20.64
500101132,16:00-18:00,22.25,15.65
500101132,18:00-20:00,15.92,5.67
500101132,20:00-22:00,4.75,4.83
500101132,22:00-24:00,1.34,2.85
500101133,00:00-02:00,2.27,2.58
500101133,02:00-04:00,0.94,6.4
500101133,04:00-06:00,1.0,2.54
500101133,06:00-08:00,6.42,4.42
500101133,08:00-10:00,9.33,10.32
500101133,10:00-12:00,12.25,13.82
500101133,12:00-14:00,15.62,18.2
500101133,14:00-16:00,21.89,20.73
500101133,16:00-18:00,18.08,21.92
500101133,18:00-20:00,17.25,16.25
500101133,20:00-22:00,12.67,7.48
500101133,22:00-24:00,6.26,4.44
500101134,00:00-02:00,5.08,5.0
500101134,02:00-04:00,0.83,1.17
500101134,04:00-06:00,0.67,2.42
500101134,06:00-08:00,12.25,11.74
500101134,08:00-10:00,20.0,23.17
500101134,10:00-12:00,22.99,19.6
500101134,12:00-14:00,26.15,25.3
500101134,14:00-16:00,25.3,20.25
500101134,16:00-18:00,29.37,23.25
500101134,18:00-20:00,24.89,21.58
500101134,20:00-22:00,22.6,17.83
500101134,22:00-24:00,15.43,9.87
500101135,00:00-02:00,2.33,2.67
500101135,02:00-04:00,1.42,1.0
500101135,04:00-06:00,0.95,1.0
500101135,06:00-08:00,4.09,9.83
500101135,08:00-10:00,10.17,11.08
500101135,10:00-12:00,17.54,13.42
500101135,12:00-14:00,16.54,14.63
500101135,14:00-16:00,14.5,17.8
500101135,16:00-18:00,18.76,16.17
500101135,18:00-20:00,15.08,11.75
500101135,20:00-22:00,6.4,7.58
500101135,22:00-24:00,4.63,3.68
500101136,00:00-02:00,1.63,2.5
500101136,02:00-04:00,0.5,1.25
500101136,04:00-06:00,1.58,0.92
500101136,06:00-08:00,2.68,2.33
500101136,08:00-10:00,6.76,6.5
500101136,10:00-12:00,9.17,9.67
500101136,12:00-14:00,11.55,11.98
500101136,14:00-16:00,10.78,7.52
500101136,16:00-18:00,10.75,9.67
500101136,18:00-20:00,10.52,9.58
500101136,20:00-22:00,7.02,7.83
500101136,22:00-24:00,5.3,6.06
500101137,00:00-02:00,5.47,2.67
500101137,02:00-04:00,2.38,2.92
500101137,04:00-06:00,2.58,4.08
500101137,06:00-08:00,3.25,4.58
500101137,08:00-10:00,8.08,11.08
500101137,10:00-12:00,13.5,23.17
500101137,12:00-14:00,17.62,20.76
500101137,14:00-16:00,21.73,22.14
500101137,16:00-18:00,20.33,23.72
500101137,18:00-20:00,21.92,18.43
500101137,20:00-22:00,21.0,11.67
500101137,22:00-24:00,10.79,6.19
500101138,00:00-02:00,2.25,2.25
500101138,02:00-04:00,0.42,1.08
500101138,04:00-06:00,1.81,0.75
500101138,06:00-08:00,4.99,5.92
500101138,08:00-10:00,7.64,10.5
500101138,10:00-12:00,12.67,14.14
500101138,12:00-14:00,14.13,12.38
500101138,14:00-16:00,14.04,11.11
500101138,16:00-18:00,11.75,11.17
500101138,18:00-20:00,11.17,12.58
500101138,20:00-22:00,7.17,6.08
500101138,22:00-24:00,4.1,3.93
500101139,00:00-02:00,4.33,4.25
500101139,02:00-04:00,2.08,3.5
500101139,04:00-06:00,4.92,1.33
500101139,06:00-08:00,6.01,4.92
500101139,08:00-10:00,13.0,12.58
500101139,10:00-12:00,13.79,15.08
500101139,12:00-14:00,17.83,15.71
500101139,14:00-16:00,15.82,19.64
500101139,16:00-18:00,19.02,15.75
500101139,18:00-20:00,15.25,16.58
500101139,20:00-22:00,13.08,11.33
500101139,22:00-24:00,4.52,8.37
500101140,00:00-02:00,0.85,1.0
500101140,02:00-04:00,0.58,0.5
500101140,04:00-06:00,0.25,0.25
500101140,06:00-08:00,1.58,1.75
500101140,08:00-10:00,3.08,5.33
500101140,10:00-12:00,5.34,5.0
500101140,12:00-14:00,7.19,6.81
500101140,14:00-16:00,5.92,6.1
500101140,16:00-18:00,8.79,6.75
500101140,18:00-20:00,5.51,5.0
500101140,20:00-22:00,3.67,3.0
500101140,22:00-24:00,2.18,1.42
500101141,00:00-02:00,4.33,3.17
500101141,02:00-04:00,0.75,0.42
500101141,04:00-06:00,2.17,3.0
500101141,06:00-08:00,6.92,6.58
500101141,08:00-10:00,12.49,11.19
500101141,10:00-12:00,11.9,12.22
500101141,12:00-14:00,14.58,15.66
500101141,14:00-16:00,15.28,12.45
500101141,16:00-18:00,14.83,13.25
500101141,18:00-20:00,15.26,17.83
500101141,20:00-22:00,11.25,10.67
500101141,22:00-24:00,7.27,8.45
500101142,00:00-02:00,4.0,2.3
500101142,02:00-04:00,3.67,1.33
500101142,04:00-06:00,1.33,0.93
500101142,06:00-08:00,5.33,4.0
500101142,08:00-10:00,8.0,6.83
500101142,10:00-12:00,8.88,5.5
500101142,12:00-14:00,9.01,9.64
500101142,14:00-16:00,10.46,9.69
500101142,16:00-18:00,9.89,8.0
500101142,18:00-20:00,10.16,10.42
500101142,20:00-22:00,7.65,9.92
500101142,22:00-24:00,5.8,7.87
500101143,00:00-02:00,2.75,0.85
500101143,02:00-04:00,0.75,0.25
500101143,04:00-06:00,0.67,0.58
500101143,06:00-08:00,2.0,1.58
500101143,08:00-10:00,4.42,4.5
500101143,10:00-12:00,7.66,6.67
500101143,12:00-14:00,6.74,4.65
500101143,14:00-16:00,5.83,7.69
500101143,16:00-18:00,10.2,6.86
500101143,18:00-20:00,6.7,8.48
500101143,20:00-22:00,3.8,5.45
500101143,22:00-24:00,3.35,3.95
500101144,00:00-02:00,3.1,2.17
500101144,02:00-04:00,1.58,9.33
500101144,04:00-06:00,1.67,6.83
500101144,06:00-08:00,8.33,13.75
500101144,08:00-10:00,21.42,19.37
500101144,10:00-12:00,20.73,20.88
500101144,12:00-14:00,20.11,24.76
500101144,14:00-16:00,21.23,30.7
500101144,16:00-18:00,32.08,27.6
500101144,18:00-20:00,25.75,23.67
500101144,20:00-22:00,26.42,12.33
500101144,22:00-24:00,10.54,7.45
500101145,00:00-02:00,3.08,3.69
500101145,02:00-04:00,1.92,1.67
500101145,04:00-06:00,2.5,1.67
500101145,06:00-08:00,4.82,4.08
500101145,08:00-10:00,6.81,6.75
500101145,10:00-12:00,9.44,7.75
500101145,12:00-14:00,10.73,10.72
500101145,14:00-16:00,10.44,7.9
500101145,16:00-18:00,8.68,9.0
500101145,18:00-20:00,8.66,10.92
500101145,20:00-22:00,8.08,9.91
500101145,22:00-24:00,6.12,4.21
500101146,00:00-02:00,3.83,2.08
500101146,02:00-04:00,0.67,0.58
500101146,04:00-06:00,1.17,0.58
500101146,06:00-08:00,5.92,6.42
500101146,08:00-10:00,8.17,8.38
500101146,10:00-12:00,9.31,10.99
500101146,12:00-14:00,9.46,10.18
500101146,14:00-16:00,10.03,11.43
500101146,16:00-18:00,14.67,12.45
500101146,18:00-20:00,10.92,10.42
500101146,20:00-22:00,6.67,7.83
500101146,22:00-24:00,6.02,5.02
500101147,00:00-02:00,3.48,2.25
500101147,02:00-04:00,1.06,1.5
500101147,04:00-06:00,1.2,1.58
500101147,06:00-08:00,2.99,5.08
500101147,08:00-10:00,7.43,7.97
500101147,10:00-12:00,11.78,13.33
500101147,12:00-14:00,10.43,12.3
500101147,14:00-16:00,10.82,9.78
500101147,16:00-18:00,10.13,12.04
500101147,18:00-20:00,12.08,11.42
500101147,20:00-22:00,9.67,6.44
500101147,22:00-24:00,7.37,3.18
500101148,00:00-02:00,1.25,3.0
500101148,02:00-04:00,5.67,1.0
500101148,04:00-06:00,2.67,1.75
500101148,06:00-08:00,3.83,5.17
500101148,08:00-10:00,10.92,14.56
500101148,10:00-12:00,19.08,17.67
500101148,12:00-14:00,19.2,22.11
500101148,14:00-16:00,19.97,19.89
500101148,16:00-18:00,25.58,21.42
500101148,18:00-20:00,17.86,10.42
500101148,20:00-22:00,5.25,10.25
500101148,22:00-24:00,3.26,7.45
500101149,00:00-02:00,1.1,1.0
500101149,02:00-04:00,0.1,3.42
500101149,04:00-06:00,0.42,3.17
500101149,06:00-08:00,1.25,0.83
500101149,08:00-10:00,4.38,2.08
500101149,10:00-12:00,7.24,3.83
500101149,12:00-14:00,5.59,3.66
500101149,14:00-16:00,5.77,5.93
500101149,16:00-18:00,6.85,4.75
500101149,18:00-20:00,5.32,5.5
500101149,20:00-22:00,3.84,2.75
500101149,22:00-24:00,3.66,1.92
500101150,00:00-02:00,5.32,2.83
500101150,02:00-04:00,2.66,9.58
500101150,04:00-06:00,0.92,2.08
500101150,06:00-08:00,10.83,5.08
500101150,08:00-10:00,14.5,10.92
500101150,10:00-12:00,14.35,15.75
500101150,12:00-14:00,15.51,18.61
500101150,14:00-16:00,17.97,15.71
500101150,16:00-18:00,21.44,16.25
500101150,18:00-20:00,16.71,14.42
500101150,20:00-22:00,15.27,10.67
500101150,22:00-24:00,11.54,9.46
500101151,00:00-02:00,3.33,3.0
500101151,02:00-04:00,0.17,1.08
500101151,04:00-06:00,1.83,4.0
500101151,06:00-08:00,5.92,5.17
500101151,08:00-10:00,12.74,7.67
500101151,10:00-12:00,11.28,11.36
500101151,12:00-14:00,14.75,12.55
500101151,14:00-16:00,10.1,9.69
500101151,16:00-18:00,12.84,11.42
500101151,18:00-20:00,11.23,10.33
500101151,20:00-22:00,9.76,10.17
500101151,22:00-24:00,6.12,7.75
500101152,00:00-02:00,1.61,1.67
500101152,02:00-04:00,0.75,5.17
500101152,04:00-06:00,1.08,1.25
500101152,06:00-08:00,6.08,4.92
500101152,08:00-10:00,12.08,7.17
500101152,10:00-12:00,11.46,13.0
500101152,12:00-14:00,12.18,11.39
500101152,14:00-16:00,11.35,10.19
500101152,16:00-18:00,12.87,12.08
500101152,18:00-20:00,12.71,13.83
500101152,20:00-22:00,10.78,6.75
500101152,22:00-24:00,6.43,3.85
500101153,00:00-02:00,3.83,3.83
500101153,02:00-04:00,1.42,2.58
500101153,04:00-06:00,1.83,2.42
500101153,06:00-08:00,2.75,3.56
500101153,08:00-10:00,6.67,6.95
500101153,10:00-12:00,8.83,13.32
500101153,12:00-14:00,11.39,14.5
500101153,14:00-16:00,13.45,15.76
500101153,16:00-18:00,15.92,19.09
500101153,18:00-20:00,16.83,19.9
500101153,20:00-22:00,15.33,12.94
500101153,22:00-24:00,10.54,7.78
500101154,00:00-02:00,4.17,3.86
500101154,02:00-04:00,2.92,2.08
500101154,04:00-06:00,0.83,2.92
500101154,06:00-08:00,3.17,0.5
500101154,08:00-10:00,7.33,6.08
500101154,10:00-12:00,9.0,9.08
500101154,12:00-14:00,8.69,11.48
500101154,14:00-16:00,10.85,9.67
500101154,16:00-18:00,8.17,11.37
500101154,18:00-20:00,10.08,13.67
500101154,20:00-22:00,10.08,10.21
500101154,22:00-24:00,4.52,4.66
500101155,00:00-02:00,2.19,2.33
500101155,02:00-04:00,0.29,0.33
500101155,04:00-06:00,0.67,3.0
500101155,06:00-08:00,10.58,11.17
500101155,08:00-10:00,21.29,18.0
500101155,10:00-12:00,21.27,20.93
500101155,12:00-14:00,21.31,22.13
500101155,14:00-16:00,21.48,24.23
500101155,16:00-18:00,22.1,20.93
500101155,18:00-20:00,21.21,19.41
500101155,20:00-22:00,15.22,15.75
500101155,22:00-24:00,9.69,6.61
500101156,00:00-02:00,3.63,3.83
500101156,02:00-04:00,0.92,2.58
500101156,04:00-06:00,0.75,4.33
500101156,06:00-08:00,7.58,13.24
500101156,08:00-10:00,21.17,21.83
500101156,10:00-12:00,24.67,23.56
500101156,12:00-14:00,25.68,29.65
500101156,14:00-16:00,26.82,32.5
500101156,16:00-18:00,37.33,31.12
500101156,18:00-20:00,25.7,18.08
500101156,20:00-22:00,15.45,14.42
500101156,22:00-24:00,10.26,19.41
500101157,00:00-02:00,2.92,1.91
500101157,02:00-04:00,0.33,0.89
500101157,04:00-06:00,1.08,0.35
500101157,06:00-08:00,3.33,2.34
500101157,08:00-10:00,7.88,5.42
500101157,10:00-12:00,8.25,7.42
500101157,12:00-14:00,8.31,10.06
500101157,14:00-16:00,8.69,8.72
500101157,16:00-18:00,9.5,8.83
500101157,18:00-20:00,7.83,10.93
500101157,20:00-22:00,7.5,8.33
500101157,22:00-24:00,3.77,5.85
500101158,00:00-02:00,2.33,1.55
500101158,02:00-04:00,1.0,1.3
500101158,04:00-06:00,0.75,0.82
500101158,06:00-08:00,3.0,1.5
500101158,08:00-10:00,9.46,4.83
500101158,10:00-12:00,8.16,10.58
500101158,12:00-14:00,8.39,7.81
500101158,14:00-16:00,9.02,8.11
500101158,16:00-18:00,6.99,8.72
500101158,18:00-20:00,8.67,9.47
500101158,20:00-22:00,5.92,7.89
500101158,22:00-24:00,3.6,4.54
500101159,00:00-02:00,2.55,1.33
500101159,02:00-04:00,1.25,4.42
500101159,04:00-06:00,1.33,4.33
500101159,06:00-08:00,3.17,1.33
500101159,08:00-10:00,7.76,6.92
500101159,10:00-12:00,9.26,12.76
500101159,12:00-14:00,15.04,18.15
500101159,14:00-16:00,13.2,15.88
500101159,16:00-18:00,16.42,16.76
500101159,18:00-20:00,16.67,18.5
500101159,20:00-22:00,15.56,8.26
500101159,22:00-24:00,5.68,3.85
500101160,00:00-02:00,5.37,4.25
500101160,02:00-04:00,2.86,2.58
500101160,04:00-06:00,2.71,3.83
500101160,06:00-08:00,4.5,3.92
500101160,08:00-10:00,8.58,10.09
500101160,10:00-12:00,11.84,15.68
500101160,12:00-14:00,12.3,20.13
500101160,14:00-16:00,15.79,18.98
500101160,16:00-18:00,19.41,22.84
500101160,18:00-20:00,17.71,19.2
500101160,20:00-22:00,14.94,13.33
500101160,22:00-24:00,11.85,8.28
500101161,00:00-02:00,6.16,3.08
500101161,02:00-04:00,3.13,5.58
500101161,04:00-06:00,2.62,2.5
500101161,06:00-08:00,7.16,4.75
500101161,08:00-10:00,8.17,11.31
500101161,10:00-12:00,12.58,16.59
500101161,12:00-14:00,16.5,17.51
500101161,14:00-16:00,19.22,24.87
500101161,16:00-18:00,23.92,22.04
500101161,18:00-20:00,20.2,21.98
500101161,20:00-22:00,13.0,13.76
500101161,22:00-24:00,13.8,8.77
500101163,00:00-02:00,5.61,5.02
500101163,02:00-04:00,2.83,1.89
500101163,04:00-06:00,2.33,2.54
500101163,06:00-08:00,7.82,7.31
500101163,08:00-10:00,14.48,12.7
500101163,10:00-12:00,15.06,14.92
500101163,12:00-14:00,15.37,17.35
500101163,14:00-16:00,15.44,15.02
500101163,16:00-18:00,18.03,17.75
500101163,18:00-20:00,17.57,18.5
500101163,20:00-22:00,12.5,14.13
500101163,22:00-24:00,7.7,10.24
500101165,00:00-02:00,2.0,2.7
500101165,02:00-04:00,0.5,0.83
500101165,04:00-06:00,1.83,0.75
500101165,06:00-08:00,4.83,3.79
500101165,08:00-10:00,7.59,5.42
500101165,10:00-12:00,7.23,7.17
500101165,12:00-14:00,8.31,7.29
500101165,14:00-16:00,7.13,7.94
500101165,16:00-18:00,10.38,10.5
500101165,18:00-20:00,11.62,12.2
500101165,20:00-22:00,5.25,7.99
500101165,22:00-24:00,3.18,4.77
500101166,00:00-02:00,2.75,3.0
500101166,02:00-04:00,0.42,0.25
500101166,04:00-06:00,2.08,4.83
500101166,06:00-08:00,5.0,5.0
500101166,08:00-10:00,11.83,13.16
500101166,10:00-12:00,14.92,12.92
500101166,12:00-14:00,17.37,15.04
500101166,14:00-16:00,16.71,13.48
500101166,16:00-18:00,20.0,15.92
500101166,18:00-20:00,13.33,12.92
500101166,20:00-22:00,9.08,11.33
500101166,22:00-24:00,6.95,13.64
500101167,00:00-02:00,6.99,7.25
500101167,02:00-04:00,3.71,6.0
500101167,04:00-06:00,1.83,3.17
500101167,06:00-08:00,9.08,14.92
500101167,08:00-10:00,16.33,19.61
500101167,10:00-12:00,24.5,23.63
500101167,12:00-14:00,27.17,29.0
500101167,14:00-16:00,29.16,29.67
500101167,16:00-18:00,28.66,29.03
500101167,18:00-20:00,29.2,27.75
500101167,20:00-22:00,32.46,18.5
500101167,22:00-24:00,13.18,9.71
500101168,00:00-02:00,3.56,1.58
500101168,02:00-04:00,0.88,0.83
500101168,04:00-06:00,2.56,1.33
500101168,06:00-08:00,5.05,10.17
500101168,08:00-10:00,12.75,12.91
500101168,10:00-12:00,16.17,15.43
500101168,12:00-14:00,12.98,12.47
500101168,14:00-16:00,12.74,13.04
500101168,16:00-18:00,16.9,17.83
500101168,18:00-20:00,15.25,13.17
500101168,20:00-22:00,9.17,8.92
500101168,22:00-24:00,6.81,5.77
500101169,00:00-02:00,11.11,11.75
500101169,02:00-04:00,4.33,13.25
500101169,04:00-06:00,5.33,3.33
500101169,06:00-08:00,11.75,17.0
500101169,08:00-10:00,19.58,19.25
500101169,10:00-12:00,28.75,23.33
500101169,12:00-14:00,30.91,26.68
500101169,14:00-16:00,26.91,25.4
500101169,16:00-18:00,35.06,30.25
500101169,18:00-20:00,30.8,36.58
500101169,20:00-22:00,31.32,22.83
500101169,22:00-24:00,20.57,21.26
500101170,00:00-02:00,4.25,4.78
500101170,02:00-04:00,1.5,1.2
500101170,04:00-06:00,3.08,1.78
500101170,06:00-08:00,10.33,7.17
500101170,08:00-10:00,18.8,21.58
500101170,10:00-12:00,26.79,21.79
500101170,12:00-14:00,20.99,20.86
500101170,14:00-16:00,20.52,17.72
500101170,16:00-18:00,19.32,21.75
500101170,18:00-20:00,21.92,25.71
500101170,20:00-22:00,16.65,18.03
500101170,22:00-24:00,6.36,13.44
500101171,00:00-02:00,2.53,1.83
500101171,02:00-04:00,0.39,0.92
500101171,04:00-06:00,1.67,1.42
500101171,06:00-08:00,6.92,7.42
500101171,08:00-10:00,13.89,12.08
500101171,10:00-12:00,14.14,14.25
500101171,12:00-14:00,13.55,14.17
500101171,14:00-16:00,12.25,14.04
500101171,16:00-18:00,15.58,18.84
500101171,18:00-20:00,12.67,14.71
500101171,20:00-22:00,10.58,10.29
500101171,22:00-24:00,8.03,5.94
500101172,00:00-02:00,7.51,7.17
500101172,02:00-04:00,3.25,10.58
500101172,04:00-06:00,3.92,4.75
500101172,06:00-08:00,10.33,8.83
500101172,08:00-10:00,15.5,18.06
500101172,10:00-12:00,18.58,18.62
500101172,12:00-14:00,21.52,20.15
500101172,14:00-16:00,21.74,17.28
500101172,16:00-18:00,24.97,23.33
500101172,18:00-20:00,20.31,18.75
500101172,20:00-22:00,17.73,17.08
500101172,22:00-24:00,12.67,11.05
500101173,00:00-02:00,0.92,0.42
500101173,02:00-04:00,0.08,0.0
500101173,04:00-06:00,0.08,0.42
500101173,06:00-08:00,2.5,2.17
500101173,08:00-10:00,2.75,7.58
500101173,10:00-12:00,4.83,5.75
500101173,12:00-14:00,5.24,5.57
500101173,14:00-16:00,5.68,4.35
500101173,16:00-18:00,5.58,4.92
500101173,18:00-20:00,4.17,3.45
500101173,20:00-22:00,3.92,2.08
500101173,22:00-24:00,2.18,2.34
500101174,00:00-02:00,8.58,5.67
500101174,02:00-04:00,1.58,2.0
500101174,04:00-06:00,3.25,1.67
500101174,06:00-08:00,9.89,8.0
500101174,08:00-10:00,15.96,16.62
500101174,10:00-12:00,17.65,19.88
500101174,12:00-14:00,21.61,21.15
500101174,14:00-16:00,18.8,16.63
500101174,16:00-18:00,16.75,19.94
500101174,18:00-20:00,20.92,22.39
500101174,20:00-22:00,13.42,16.06
500101174,22:00-24:00,7.95,10.18
500101175,00:00-02:00,0.45,1.58
500101175,02:00-04:00,1.25,0.08
500101175,04:00-06:00,0.5,0.17
500101175,06:00-08:00,1.33,3.19
500101175,08:00-10:00,5.92,8.6
500101175,10:00-12:00,7.08,7.17
500101175,12:00-14:00,7.98,8.52
500101175,14:00-16:00,7.27,7.23
500101175,16:00-18:00,10.4,7.73
500101175,18:00-20:00,5.09,6.36
500101175,20:00-22:00,5.11,4.25
500101175,22:00-24:00,2.18,2.34
500101176,00:00-02:00,0.42,1.0
500101176,02:00-04:00,0.08,0.42
500101176,04:00-06:00,0.42,0.37
500101176,06:00-08:00,1.08,0.19
500101176,08:00-10:00,2.17,1.13
500101176,10:00-12:00,2.97,1.17
500101176,12:00-14:00,2.61,2.41
500101176,14:00-16:00,2.06,1.84
500101176,16:00-18:00,2.3,2.92
500101176,18:00-20:00,2.93,3.5
500101176,20:00-22:00,1.0,2.33
500101176,22:00-24:00,1.0,1.34
500101177,00:00-02:00,2.47,1.75
500101177,02:00-04:00,1.6,3.08
500101177,04:00-06:00,2.0,1.5
500101177,06:00-08:00,3.42,2.5
500101177,08:00-10:00,5.73,3.67
500101177,10:00-12:00,7.13,7.75
500101177,12:00-14:00,8.67,11.34
500101177,14:00-16:00,10.11,10.65
500101177,16:00-18:00,9.58,9.86
500101177,18:00-20:00,7.92,11.67
500101177,20:00-22:00,8.67,8.36
500101177,22:00-24:00,5.1,4.82
500101179,00:00-02:00,6.99,9.0
500101179,02:00-04:00,1.5,4.33
500101179,04:00-06:00,1.75,2.67
500101179,06:00-08:00,11.25,14.24
500101179,08:00-10:00,28.12,24.81
500101179,10:00-12:00,25.8,35.96
500101179,12:00-14:00,28.5,30.43
500101179,14:00-16:00,34.73,33.71
500101179,16:00-18:00,34.79,43.0
500101179,18:00-20:00,40.48,36.36
500101179,20:00-22:00,31.09,24.25
500101179,22:00-24:00,16.19,17.49
500101180,00:00-02:00,1.5,2.98
500101180,02:00-04:00,0.75,1.01
500101180,04:00-06:00,1.25,0.42
500101180,06:00-08:00,3.66,1.33
500101180,08:00-10:00,5.74,5.08
500101180,10:00-12:00,6.83,9.5
500101180,12:00-14:00,8.48,9.66
500101180,14:00-16:00,7.63,7.33
500101180,16:00-18:00,9.0,11.71
500101180,18:00-20:00,10.42,12.0
500101180,20:00-22:00,8.25,8.02
500101180,22:00-24:00,5.68,5.88
500101181,00:00-02:00,6.97,2.42
500101181,02:00-04:00,0.3,0.08
500101181,04:00-06:00,0.18,2.0
500101181,06:00-08:00,8.64,5.17
500101181,08:00-10:00,29.51,30.33
500101181,10:00-12:00,21.21,28.25
500101181,12:00-14:00,30.66,59.34
500101181,14:00-16:00,42.03,23.4
500101181,16:00-18:00,34.75,53.77
500101181,18:00-20:00,38.33,43.24
500101181,20:00-22:00,45.87,18.36
500101181,22:00-24:00,27.37,11.8
500101182,00:00-02:00,1.95,2.42
500101182,02:00-04:00,1.2,1.67
500101182,04:00-06:00,0.43,0.17
500101182,06:00-08:00,2.29,1.25
500101182,08:00-10:00,2.99,5.25
500101182,10:00-12:00,6.76,5.17
500101182,12:00-14:00,7.83,8.81
500101182,14:00-16:00,8.9,7.69
500101182,16:00-18:00,9.04,6.08
500101182,18:00-20:00,6.92,6.83
500101182,20:00-22:00,4.68,5.42
500101182,22:00-24:00,4.45,3.1
500101184,00:00-02:00,2.89,1.83
500101184,02:00-04:00,0.82,0.83
500101184,04:00-06:00,1.21,2.83
500101184,06:00-08:00,4.2,5.17
500101184,08:00-10:00,7.91,13.23
500101184,10:00-12:00,13.0,19.69
500101184,12:00-14:00,20.25,25.01
500101184,14:00-16:00,19.19,18.86
500101184,16:00-18:00,17.81,23.52
500101184,18:00-20:00,19.17,21.24
500101184,20:00-22:00,12.69,9.54
500101184,22:00-24:00,6.32,4.94
500101185,00:00-02:00,0.67,2.48
500101185,02:00-04:00,0.25,0.5
500101185,04:00-06:00,1.67,0.09
500101185,06:00-08:00,5.68,3.75
500101185,08:00-10:00,12.92,11.67
500101185,10:00-12:00,12.83,10.5
500101185,12:00-14:00,12.55,13.63
500101185,14:00-16:00,14.46,11.28
500101185,16:00-18:00,12.5,13.33
500101185,18:00-20:00,9.25,13.29
500101185,20:00-22:00,8.75,9.37
500101185,22:00-24:00,4.18,8.2
500101186,00:00-02:00,3.56,3.83
500101186,02:00-04:00,1.58,3.92
500101186,04:00-06:00,1.42,0.92
500101186,06:00-08:00,3.42,3.75
500101186,08:00-10:00,9.33,8.79
500101186,10:00-12:00,12.67,7.84
500101186,12:00-14:00,11.95,12.3
500101186,14:00-16:00,11.83,11.2
500101186,16:00-18:00,16.06,13.33
500101186,18:00-20:00,12.97,12.08
500101186,20:00-22:00,7.26,9.5
500101186,22:00-24:00,6.38,3.85
500101187,00:00-02:00,0.83,1.74
500101187,02:00-04:00,0.08,0.38
500101187,04:00-06:00,0.42,0.6
500101187,06:00-08:00,3.33,2.63
500101187,08:00-10:00,5.58,4.07
500101187,10:00-12:00,6.09,5.82
500101187,12:00-14:00,5.57,4.82
500101187,14:00-16:00,4.8,5.01
500101187,16:00-18:00,5.2,5.42
500101187,18:00-20:00,6.17,5.75
500101187,20:00-22:00,2.94,6.32
500101187,22:00-24:00,1.09,2.67
500101188,00:00-02:00,0.17,0.75
500101188,02:00-04:00,0.5,0.33
500101188,04:00-06:00,0.5,0.67
500101188,06:00-08:00,2.81,0.83
500101188,08:00-10:00,1.97,3.58
500101188,10:00-12:00,4.64,1.5
500101188,12:00-14:00,3.13,3.07
500101188,14:00-16:00,3.2,4.35
500101188,16:00-18:00,4.21,2.67
500101188,18:00-20:00,4.07,2.5
500101188,20:00-22:00,1.89,1.92
500101188,22:00-24:00,0.0,3.31
500101189,00:00-02:00,0.25,1.0
500101189,02:00-04:00,0.17,0.25
500101189,04:00-06:00,0.42,0.33
500101189,06:00-08:00,1.68,5.41
500101189,08:00-10:00,4.82,4.02
500101189,10:00-12:00,7.52,5.92
500101189,12:00-14:00,8.91,6.57
500101189,14:00-16:00,5.14,5.85
500101189,16:00-18:00,8.73,6.75
500101189,18:00-20:00,5.69,7.75
500101189,20:00-22:00,4.49,2.75
500101189,22:00-24:00,1.71,1.76
500101190,00:00-02:00,1.0,4.11
500101190,02:00-04:00,0.42,0.44
500101190,04:00-06:00,3.42,0.8
500101190,06:00-08:00,8.0,5.42
500101190,08:00-10:00,14.25,10.42
500101190,10:00-12:00,14.5,13.08
500101190,12:00-14:00,17.97,18.58
500101190,14:00-16:00,16.19,14.87
500101190,16:00-18:00,16.09,18.42
500101190,18:00-20:00,15.82,17.82
500101190,20:00-22:00,10.7,14.79
500101190,22:00-24:00,8.79,11.22
500101191,00:00-02:00,0.0,0.25
500101191,02:00-04:00,0.0,0.17
500101191,04:00-06:00,0.2,1.17
500101191,06:00-08:00,7.25,15.84
500101191,08:00-10:00,21.92,18.97
500101191,10:00-12:00,18.92,15.75
500101191,12:00-14:00,15.4,16.04
500101191,14:00-16:00,16.13,21.97
500101191,16:00-18:00,23.33,19.23
500101191,18:00-20:00,15.88,16.67
500101191,20:00-22:00,16.84,13.75
500101191,22:00-24:00,6.43,1.42
500101192,00:00-02:00,3.58,4.42
500101192,02:00-04:00,1.33,1.75
500101192,04:00-06:00,2.08,1.5
500101192,06:00-08:00,5.12,2.25
500101192,08:00-10:00,9.74,8.75
500101192,10:00-12:00,10.06,10.83
500101192,12:00-14:00,11.88,11.22
500101192,14:00-16:00,10.78,9.69
500101192,16:00-18:00,12.28,12.58
500101192,18:00-20:00,10.58,13.33
500101192,20:00-22:00,12.92,10.17
500101192,22:00-24:00,6.03,8.79
500101193,00:00-02:00,1.25,5.33
500101193,02:00-04:00,0.33,4.52
500101193,04:00-06:00,3.17,1.91
500101193,06:00-08:00,2.83,0.36
500101193,08:00-10:00,17.3,8.25
500101193,10:00-12:00,22.84,7.0
500101193,12:00-14:00,26.91,8.98
500101193,14:00-16:00,11.03,12.53
500101193,16:00-18:00,10.42,4.58
500101193,18:00-20:00,10.45,5.42
500101193,20:00-22:00,1.13,19.65
500101193,22:00-24:00,22.18,24.41
500101194,00:00-02:00,0.46,1.0
500101194,02:00-04:00,0.33,0.0
500101194,04:00-06:00,0.25,0.75
500101194,06:00-08:00,3.25,5.33
500101194,08:00-10:00,5.67,6.17
500101194,10:00-12:00,5.75,5.5
500101194,12:00-14:00,6.57,7.6
500101194,14:00-16:00,6.92,6.19
500101194,16:00-18:00,10.36,7.42
500101194,18:00-20:00,8.55,10.0
500101194,20:00-22:00,5.78,2.92
500101194,22:00-24:00,0.92,0.84
500101196,00:00-02:00,3.92,2.58
500101196,02:00-04:00,2.42,0.83
500101196,04:00-06:00,1.0,2.0
500101196,06:00-08:00,1.83,1.67
500101196,08:00-10:00,5.17,3.17
500101196,10:00-12:00,7.61,8.67
500101196,12:00-14:00,9.19,9.04
500101196,14:00-16:00,9.57,10.85
500101196,16:00-18:00,11.36,13.06
500101196,18:00-20:00,10.17,11.66
500101196,20:00-22:00,8.33,9.59
500101196,22:00-24:00,6.19,4.35
500101197,00:00-02:00,2.02,1.08
500101197,02:00-04:00,1.85,0.33
500101197,04:00-06:00,0.18,2.67
500101197,06:00-08:00,2.08,1.17
500101197,08:00-10:00,2.08,2.17
500101197,10:00-12:00,3.75,5.76
500101197,12:00-14:00,5.3,8.21
500101197,14:00-16:00,6.35,7.81
500101197,16:00-18:00,6.75,10.47
500101197,18:00-20:00,5.92,6.79
500101197,20:00-22:00,7.17,3.71
500101197,22:00-24:00,3.64,4.18
500101198,00:00-02:00,3.35,2.08
500101198,02:00-04:00,1.6,1.33
500101198,04:00-06:00,1.0,0.92
500101198,06:00-08:00,3.08,3.17
500101198,08:00-10:00,6.25,7.42
500101198,10:00-12:00,10.75,15.69
500101198,12:00-14:00,10.97,13.19
500101198,14:00-16:00,12.62,12.42
500101198,16:00-18:00,11.08,14.05
500101198,18:00-20:00,13.5,15.17
500101198,20:00-22:00,14.58,10.65
500101198,22:00-24:00,9.71,5.87
500101199,00:00-02:00,3.28,3.5
500101199,02:00-04:00,1.53,1.33
500101199,04:00-06:00,2.25,1.2
500101199,06:00-08:00,4.9,4.67
500101199,08:00-10:00,12.95,10.52
500101199,10:00-12:00,14.17,13.16
500101199,12:00-14:00,15.56,15.06
500101199,14:00-16:00,14.62,16.45
500101199,16:00-18:00,17.27,15.02
500101199,18:00-20:00,14.68,15.66
500101199,20:00-22:00,8.49,13.26
500101199,22:00-24:00,2.85,7.62
500101200,00:00-02:00,1.5,1.67
500101200,02:00-04:00,0.17,0.5
500101200,04:00-06:00,0.58,0.5
500101200,06:00-08:00,4.75,2.96
500101200,08:00-10:00,7.54,7.08
500101200,10:00-12:00,5.97,4.83
500101200,12:00-14:00,6.18,6.48
500101200,14:00-16:00,5.95,5.4
500101200,16:00-18:00,6.63,7.71
500101200,18:00-20:00,9.42,9.04
500101200,20:00-22:00,5.54,5.95
500101200,22:00-24:00,3.43,4.41
500101201,00:00-02:00,1.85,2.25
500101201,02:00-04:00,0.5,0.92
500101201,04:00-06:00,1.17,0.92
500101201,06:00-08:00,4.58,7.33
500101201,08:00-10:00,10.33,9.28
500101201,10:00-12:00,14.32,12.64
500101201,12:00-14:00,17.06,16.29
500101201,14:00-16:00,15.25,21.42
500101201,16:00-18:00,22.64,18.66
500101201,18:00-20:00,16.48,13.83
500101201,20:00-22:00,10.77,9.33
500101201,22:00-24:00,7.01,6.53
500101202,00:00-02:00,0.46,1.25
500101202,02:00-04:00,0.08,0.17
500101202,04:00-06:00,0.59,0.33
500101202,06:00-08:00,2.94,2.58
500101202,08:00-10:00,5.35,4.08
500101202,10:00-12:00,5.14,6.47
500101202,12:00-14:00,6.65,5.35
500101202,14:00-16:00,5.59,6.73
500101202,16:00-18:00,8.7,5.92
500101202,18:00-20:00,5.59,7.05
500101202,20:00-22:00,4.71,4.48
500101202,22:00-24:00,2.64,1.68
500101203,00:00-02:00,1.0,0.75
500101203,02:00-04:00,0.42,0.42
500101203,04:00-06:00,0.58,1.08
500101203,06:00-08:00,2.25,3.58
500101203,08:00-10:00,5.92,4.83
500101203,10:00-12:00,6.92,10.58
500101203,12:00-14:00,8.64,8.65
500101203,14:00-16:00,9.36,6.94
500101203,16:00-18:00,8.75,8.33
500101203,18:00-20:00,7.83,8.08
500101203,20:00-22:00,5.08,4.42
500101203,22:00-24:00,1.34,2.68
500101204,00:00-02:00,2.72,1.67
500101204,02:00-04:00,0.18,0.58
500101204,04:00-06:00,1.77,0.42
500101204,06:00-08:00,2.13,1.67
500101204,08:00-10:00,5.68,7.87
500101204,10:00-12:00,7.09,8.19
500101204,12:00-14:00,8.81,9.78
500101204,14:00-16:00,9.5,7.58
500101204,16:00-18:00,8.81,9.33
500101204,18:00-20:00,7.92,7.83
500101204,20:00-22:00,7.71,5.5
500101204,22:00-24:00,3.93,4.52
500101205,00:00-02:00,1.67,1.93
500101205,02:00-04:00,0.67,0.25
500101205,04:00-06:00,2.0,1.17
500101205,06:00-08:00,2.67,1.58
500101205,08:00-10:00,4.96,4.58
500101205,10:00-12:00,6.25,6.92
500101205,12:00-14:00,7.24,7.73
500101205,14:00-16:00,6.27,5.77
500101205,16:00-18:00,5.74,6.51
500101205,18:00-20:00,7.08,6.92
500101205,20:00-22:00,3.05,5.91
500101205,22:00-24:00,2.93,3.32
500101206,00:00-02:00,2.77,8.87
500101206,02:00-04:00,1.82,6.67
500101206,04:00-06:00,0.92,0.67
500101206,06:00-08:00,6.58,8.77
500101206,08:00-10:00,14.92,17.43
500101206,10:00-12:00,19.67,14.5
500101206,12:00-14:00,25.13,22.02
500101206,14:00-16:00,16.72,16.63
500101206,16:00-18:00,25.1,17.58
500101206,18:00-20:00,16.37,18.33
500101206,20:00-22:00,17.89,16.58
500101206,22:00-24:00,9.15,6.69
500101207,00:00-02:00,3.25,3.5
500101207,02:00-04:00,0.67,0.92
500101207,04:00-06:00,0.58,0.92
500101207,06:00-08:00,4.92,4.67
500101207,08:00-10:00,14.33,15.08
500101207,10:00-12:00,13.42,16.17
500101207,12:00-14:00,14.79,12.63
500101207,14:00-16:00,13.77,10.95
500101207,16:00-18:00,14.07,16.03
500101207,18:00-20:00,16.08,12.03
500101207,20:00-22:00,9.04,10.67
500101207,22:00-24:00,7.97,6.86
500101208,00:00-02:00,2.18,1.12
500101208,02:00-04:00,0.14,1.88
500101208,04:00-06:00,0.75,0.54
500101208,06:00-08:00,2.5,2.04
500101208,08:00-10:00,6.12,7.41
500101208,10:00-12:00,9.0,8.42
500101208,12:00-14:00,11.42,12.51
500101208,14:00-16:00,10.02,9.29
500101208,16:00-18:00,9.49,9.12
500101208,18:00-20:00,7.25,7.75
500101208,20:00-22:00,4.63,7.1
500101208,22:00-24:00,3.81,2.17
500101209,00:00-02:00,2.04,0.92
500101209,02:00-04:00,1.56,0.33
500101209,04:00-06:00,0.51,1.25
500101209,06:00-08:00,1.94,2.08
500101209,08:00-10:00,3.64,5.75
500101209,10:00-12:00,4.92,6.0
500101209,12:00-14:00,5.9,8.73
500101209,14:00-16:00,6.6,6.18
500101209,16:00-18:00,9.94,4.83
500101209,18:00-20:00,6.37,6.75
500101209,20:00-22:00,5.19,3.67
500101209,22:00-24:00,2.91,1.92
500101210,00:00-02:00,0.92,1.58
500101210,02:00-04:00,0.08,0.83
500101210,04:00-06:00,1.25,0.33
500101210,06:00-08:00,2.33,2.67
500101210,08:00-10:00,3.33,3.42
500101210,10:00-12:00,5.86,7.42
500101210,12:00-14:00,7.73,6.65
500101210,14:00-16:00,7.52,6.6
500101210,16:00-18:00,8.61,8.33
500101210,18:00-20:00,6.92,7.58
500101210,20:00-22:00,4.33,5.92
500101210,22:00-24:00,2.68,4.02
500101211,00:00-02:00,2.17,2.1
500101211,02:00-04:00,0.17,0.58
500101211,04:00-06:00,1.25,0.33
500101211,06:00-08:00,3.83,2.0
500101211,08:00-10:00,8.03,8.75
500101211,10:00-12:00,12.25,10.95
500101211,12:00-14:00,9.93,11.09
500101211,14:00-16:00,10.19,11.43
500101211,16:00-18:00,13.83,11.64
500101211,18:00-20:00,7.88,10.25
500101211,20:00-22:00,7.75,9.15
500101211,22:00-24:00,4.35,5.58
500101212,00:00-02:00,4.44,5.33
500101212,02:00-04:00,1.9,1.33
500101212,04:00-06:00,2.05,1.33
500101212,06:00-08:00,4.29,5.49
500101212,08:00-10:00,7.33,13.84
500101212,10:00-12:00,12.08,13.3
500101212,12:00-14:00,15.32,15.58
500101212,14:00-16:00,15.48,12.92
500101212,16:00-18:00,12.34,16.95
500101212,18:00-20:00,15.67,13.09
500101212,20:00-22:00,11.7,9.08
500101212,22:00-24:00,7.98,7.36
500101213,00:00-02:00,0.33,1.0
500101213,02:00-04:00,1.0,0.17
500101213,04:00-06:00,1.08,0.33
500101213,06:00-08:00,2.92,1.42
500101213,08:00-10:00,4.3,5.67
500101213,10:00-12:00,5.82,5.5
500101213,12:00-14:00,6.31,6.81
500101213,14:00-16:00,6.34,7.1
500101213,16:00-18:00,8.4,6.15
500101213,18:00-20:00,6.61,7.21
500101213,20:00-22:00,4.69,4.0
500101213,22:00-24:00,2.09,2.43
500101214,00:00-02:00,0.51,1.5
500101214,02:00-04:00,1.37,0.5
500101214,04:00-06:00,1.23,1.08
500101214,06:00-08:00,2.13,3.08
500101214,08:00-10:00,5.66,5.67
500101214,10:00-12:00,6.78,8.5
500101214,12:00-14:00,6.67,10.02
500101214,14:00-16:00,8.86,7.11
500101214,16:00-18:00,10.06,6.58
500101214,18:00-20:00,6.6,7.17
500101214,20:00-22:00,4.34,3.42
500101214,22:00-24:00,1.92,1.26
500101215,00:00-02:00,2.67,2.01
500101215,02:00-04:00,0.58,1.08
500101215,04:00-06:00,1.42,0.58
500101215,06:00-08:00,3.66,3.42
500101215,08:00-10:00,5.67,6.03
500101215,10:00-12:00,8.69,8.42
500101215,12:00-14:00,8.01,9.36
500101215,14:00-16:00,8.05,7.3
500101215,16:00-18:00,6.25,8.96
500101215,18:00-20:00,8.0,11.8
500101215,20:00-22:00,9.17,7.21
500101215,22:00-24:00,3.43,3.99
500101216,00:00-02:00,1.67,1.03
500101216,02:00-04:00,0.0,0.17
500101216,04:00-06:00,0.25,0.08
500101216,06:00-08:00,4.58,2.25
500101216,08:00-10:00,10.98,9.5
500101216,10:00-12:00,10.22,8.92
500101216,12:00-14:00,8.17,11.63
500101216,14:00-16:00,7.57,7.21
500101216,16:00-18:00,10.0,9.57
500101216,18:00-20:00,9.0,11.08
500101216,20:00-22:00,4.25,8.84
500101216,22:00-24:00,4.85,4.73
500101217,00:00-02:00,4.25,7.0
500101217,02:00-04:00,1.33,5.17
500101217,04:00-06:00,0.83,2.17
500101217,06:00-08:00,5.58,8.01
500101217,08:00-10:00,9.92,13.95
500101217,10:00-12:00,18.01,15.1
500101217,12:00-14:00,20.61,19.29
500101217,14:00-16:00,18.09,15.76
500101217,16:00-18:00,21.39,19.5
500101217,18:00-20:00,20.34,18.75
500101217,20:00-22:00,16.3,10.58
500101217,22:00-24:00,10.4,7.87
500101218,00:00-02:00,1.33,3.0
500101218,02:00-04:00,0.92,0.42
500101218,04:00-06:00,2.08,1.17
500101218,06:00-08:00,6.42,2.92
500101218,08:00-10:00,9.08,7.5
500101218,10:00-12:00,9.71,8.0
500101218,12:00-14:00,8.52,6.32
500101218,14:00-16:00,9.3,7.27
500101218,16:00-18:00,8.78,11.25
500101218,18:00-20:00,12.43,11.0
500101218,20:00-22:00,7.42,12.4
500101218,22:00-24:00,6.78,6.35
500101219,00:00-02:00,0.25,0.2
500101219,02:00-04:00,0.25,0.0
500101219,04:00-06:00,0.67,0.08
500101219,06:00-08:00,0.83,0.08
500101219,08:00-10:00,2.17,1.0
500101219,10:00-12:00,2.53,2.33
500101219,12:00-14:00,1.66,1.66
500101219,14:00-16:00,1.5,2.17
500101219,16:00-18:00,2.5,2.75
500101219,18:00-20:00,1.42,1.42
500101219,20:00-22:00,0.42,1.68
500101219,22:00-24:00,0.5,1.84
500101221,00:00-02:00,7.94,5.58
500101221,02:00-04:00,2.46,4.17
500101221,04:00-06:00,1.17,2.17
500101221,06:00-08:00,4.49,3.0
500101221,08:00-10:00,7.25,10.25
500101221,10:00-12:00,12.58,18.79
500101221,12:00-14:00,19.94,22.88
500101221,14:00-16:00,19.35,21.52
500101221,16:00-18:00,19.83,22.8
500101221,18:00-20:00,20.08,20.09
500101221,20:00-22:00,17.0,11.67
500101221,22:00-24:00,5.77,6.86
500101222,00:00-02:00,3.0,2.0
500101222,02:00-04:00,1.25,1.42
500101222,04:00-06:00,1.34,0.58
500101222,06:00-08:00,3.8,4.33
500101222,08:00-10:00,7.58,7.83
500101222,10:00-12:00,8.17,11.58
500101222,12:00-14:00,9.64,10.3
500101222,14:00-16:00,14.04,12.92
500101222,16:00-18:00,8.92,13.14
500101222,18:00-20:00,10.5,12.2
500101222,20:00-22:00,8.58,6.85
500101222,22:00-24:00,6.28,4.5
500101223,00:00-02:00,3.5,2.07
500101223,02:00-04:00,0.58,0.75
500101223,04:00-06:00,1.08,1.17
500101223,06:00-08:00,4.08,2.83
500101223,08:00-10:00,7.8,6.55
500101223,10:00-12:00,8.86,7.37
500101223,12:00-14:00,8.91,7.15
500101223,14:00-16:00,7.39,8.02
500101223,16:00-18:00,11.14,12.02
500101223,18:00-20:00,12.07,13.28
500101223,20:00-22:00,8.14,9.54
500101223,22:00-24:00,4.1,5.62
500101224,00:00-02:00,2.67,2.02
500101224,02:00-04:00,1.08,0.45
500101224,04:00-06:00,0.75,1.51
500101224,06:00-08:00,2.42,2.44
500101224,08:00-10:00,5.33,7.6
500101224,10:00-12:00,10.08,8.35
500101224,12:00-14:00,11.39,10.43
500101224,14:00-16:00,8.61,7.1
500101224,16:00-18:00,10.75,9.33
500101224,18:00-20:00,9.75,10.83
500101224,20:00-22:00,6.33,6.69
500101224,22:00-24:00,4.83,6.03
500101225,00:00-02:00,1.33,0.77
500101225,02:00-04:00,0.17,0.33
500101225,04:00-06:00,0.67,0.17
500101225,06:00-08:00,4.42,1.58
500101225,08:00-10:00,6.77,6.5
500101225,10:00-12:00,7.91,7.92
500101225,12:00-14:00,8.78,6.48
500101225,14:00-16:00,5.96,8.44
500101225,16:00-18:00,7.44,8.7
500101225,18:00-20:00,7.17,9.38
500101225,20:00-22:00,5.25,6.1
500101225,22:00-24:00,3.43,3.52
500101226,00:00-02:00,4.08,2.49
500101226,02:00-04:00,0.42,0.58
500101226,04:00-06:00,1.92,2.33
500101226,06:00-08:00,6.17,2.75
500101226,08:00-10:00,11.33,12.5
500101226,10:00-12:00,11.23,7.42
500101226,12:00-14:00,10.48,9.39
500101226,14:00-16:00,7.57,7.94
500101226,16:00-18:00,12.24,12.5
500101226,18:00-20:00,18.19,19.94
500101226,20:00-22:00,6.25,12.06
500101226,22:00-24:00,5.1,7.62
500101227,00:00-02:00,1.87,0.67
500101227,02:00-04:00,1.34,3.5
500101227,04:00-06:00,1.17,1.75
500101227,06:00-08:00,1.92,1.75
500101227,08:00-10:00,3.0,3.27
500101227,10:00-12:00,2.83,6.21
500101227,12:00-14:00,5.15,8.81
500101227,14:00-16:00,6.35,6.57
500101227,16:00-18:00,5.17,8.94
500101227,18:00-20:00,5.67,6.31
500101227,20:00-22:00,6.08,3.6
500101227,22:00-24:00,4.77,1.34
500101228,00:00-02:00,1.93,1.75
500101228,02:00-04:00,0.58,0.42
500101228,04:00-06:00,1.48,0.83
500101228,06:00-08:00,2.71,3.75
500101228,08:00-10:00,7.4,7.75
500101228,10:00-12:00,9.93,10.88
500101228,12:00-14:00,8.98,9.44
500101228,14:00-16:00,7.63,5.85
500101228,16:00-18:00,11.25,8.58
500101228,18:00-20:00,5.45,5.83
500101228,20:00-22:00,5.5,5.42
500101228,22:00-24:00,2.24,2.34
500101229,00:00-02:00,5.58,5.4
500101229,02:00-04:00,1.0,1.54
500101229,04:00-06:00,2.25,1.35
500101229,06:00-08:00,7.01,3.33
500101229,08:00-10:00,12.41,9.42
500101229,10:00-12:00,13.92,12.83
500101229,12:00-14:00,15.86,20.24
500101229,14:00-16:00,15.88,15.84
500101229,16:00-18:00,20.42,20.87
500101229,18:00-20:00,19.5,25.37
500101229,20:00-22:00,15.48,16.26
500101229,22:00-24:00,11.63,15.99
500101230,00:00-02:00,4.12,4.27
500101230,02:00-04:00,1.25,2.0
500101230,04:00-06:00,2.08,0.67
500101230,06:00-08:00,3.92,3.83
500101230,08:00-10:00,8.04,6.67
500101230,10:00-12:00,13.02,13.33
500101230,12:00-14:00,12.88,12.05
500101230,14:00-16:00,10.01,9.28
500101230,16:00-18:00,9.92,17.36
500101230,18:00-20:00,13.08,14.77
500101230,20:00-22:00,12.25,11.85
500101230,22:00-24:00,6.36,7.49
500101231,00:00-02:00,0.33,1.76
500101231,02:00-04:00,1.25,0.0
500101231,04:00-06:00,0.33,0.0
500101231,06:00-08:00,3.42,1.3
500101231,08:00-10:00,5.62,3.42
500101231,10:00-12:00,6.1,3.42
500101231,12:00-14:00,6.76,4.9
500101231,14:00-16:00,5.58,3.84
500101231,16:00-18:00,4.74,5.83
500101231,18:00-20:00,4.43,6.92
500101231,20:00-22:00,1.92,7.41
500101231,22:00-24:00,0.75,5.1
500101232,00:00-02:00,3.44,4.25
500101232,02:00-04:00,1.16,1.08
500101232,04:00-06:00,1.45,2.0
500101232,06:00-08:00,5.92,9.26
500101232,08:00-10:00,14.29,13.16
500101232,10:00-12:00,14.94,18.7
500101232,12:00-14:00,17.12,21.66
500101232,14:00-16:00,19.07,19.27
500101232,16:00-18:00,21.48,21.11
500101232,18:00-20:00,20.29,20.17
500101232,20:00-22:00,17.13,14.41
500101232,22:00-24:00,13.03,9.96
500101233,00:00-02:00,4.75,3.17
500101233,02:00-04:00,1.5,0.92
500101233,04:00-06:00,1.34,2.33
500101233,06:00-08:00,3.36,3.25
500101233,08:00-10:00,5.33,6.17
500101233,10:00-12:00,7.92,11.08
500101233,12:00-14:00,10.89,15.59
500101233,14:00-16:00,12.53,14.68
500101233,16:00-18:00,14.67,18.24
500101233,18:00-20:00,16.17,15.9
500101233,20:00-22:00,14.58,9.25
500101233,22:00-24:00,7.36,6.61
500101234,00:00-02:00,0.08,0.67
500101234,02:00-04:00,0.0,0.48
500101234,04:00-06:00,1.08,0.18
500101234,06:00-08:00,2.5,2.08
500101234,08:00-10:00,5.67,6.24
500101234,10:00-12:00,8.67,8.0
500101234,12:00-14:00,7.67,9.07
500101234,14:00-16:00,7.1,5.81
500101234,16:00-18:00,9.29,7.5
500101234,18:00-20:00,6.43,6.08
500101234,20:00-22:00,3.25,5.75
500101234,22:00-24:00,1.59,3.6
500101235,00:00-02:00,1.83,1.5
500101235,02:00-04:00,0.27,1.17
500101235,04:00-06:00,0.33,1.05
500101235,06:00-08:00,4.13,3.24
500101235,08:00-10:00,7.15,8.09
500101235,10:00-12:00,11.58,11.18
500101235,12:00-14:00,10.85,10.8
500101235,14:00-16:00,9.75,9.41
500101235,16:00-18:00,10.2,10.25
500101235,18:00-20:00,9.84,7.68
500101235,20:00-22:00,7.11,8.32
500101235,22:00-24:00,5.82,5.34
500101236,00:00-02:00,1.92,3.16
500101236,02:00-04:00,0.42,1.7
500101236,04:00-06:00,0.92,0.58
500101236,06:00-08:00,2.42,2.45
500101236,08:00-10:00,5.5,5.44
500101236,10:00-12:00,9.08,7.49
500101236,12:00-14:00,7.21,5.4
500101236,14:00-16:00,6.58,6.52
500101236,16:00-18:00,8.29,6.92
500101236,18:00-20:00,8.79,10.53
500101236,20:00-22:00,4.27,7.66
500101236,22:00-24:00,4.69,4.88
500101237,00:00-02:00,1.9,2.08
500101237,02:00-04:00,0.42,0.5
500101237,04:00-06:00,0.85,0.0
500101237,06:00-08:00,2.76,3.75
500101237,08:00-10:00,4.69,5.0
500101237,10:00-12:00,5.42,8.25
500101237,12:00-14:00,7.44,7.38
500101237,14:00-16:00,7.76,6.66
500101237,16:00-18:00,8.84,6.08
500101237,18:00-20:00,7.69,9.25
500101237,20:00-22:00,4.97,4.67
500101237,22:00-24:00,2.69,3.01
500101238,00:00-02:00,0.73,1.83
500101238,02:00-04:00,0.5,0.42
500101238,04:00-06:00,0.43,0.42
500101238,06:00-08:00,3.18,2.42
500101238,08:00-10:00,5.25,8.83
500101238,10:00-12:00,7.5,9.67
500101238,12:00-14:00,8.73,11.08
500101238,14:00-16:00,8.94,9.74
500101238,16:00-18:00,12.08,8.72
500101238,18:00-20:00,10.26,10.08
500101238,20:00-22:00,5.77,4.18
500101238,22:00-24:00,3.73,1.92
500101239,00:00-02:00,1.67,2.37
500101239,02:00-04:00,0.33,1.29
500101239,04:00-06:00,0.92,1.35
500101239,06:00-08:00,3.33,3.4
500101239,08:00-10:00,9.08,9.17
500101239,10:00-12:00,10.16,7.83
500101239,12:00-14:00,7.16,6.33
500101239,14:00-16:00,7.09,7.44
500101239,16:00-18:00,7.79,7.83
500101239,18:00-20:00,11.24,10.58
500101239,20:00-22:00,4.92,7.17
500101239,22:00-24:00,2.7,4.42
500101240,00:00-02:00,0.75,1.33
500101240,02:00-04:00,0.33,0.25
500101240,04:00-06:00,1.5,0.08
500101240,06:00-08:00,4.58,2.75
500101240,08:00-10:00,10.13,8.0
500101240,10:00-12:00,10.23,7.42
500101240,12:00-14:00,10.52,9.39
500101240,14:00-16:00,8.52,8.02
500101240,16:00-18:00,9.24,11.5
500101240,18:00-20:00,11.13,8.83
500101240,20:00-22:00,4.83,9.75
500101240,22:00-24:00,4.69,6.78
500101241,00:00-02:00,1.67,1.42
500101241,02:00-04:00,1.0,0.42
500101241,04:00-06:00,0.58,0.5
500101241,06:00-08:00,3.58,3.25
500101241,08:00-10:00,7.13,6.17
500101241,10:00-12:00,10.55,9.92
500101241,12:00-14:00,10.51,11.32
500101241,14:00-16:00,9.51,9.19
500101241,16:00-18:00,11.56,9.25
500101241,18:00-20:00,7.51,10.24
500101241,20:00-22:00,6.67,5.7
500101241,22:00-24:00,3.55,4.6
500101242,00:00-02:00,1.83,2.59
500101242,02:00-04:00,0.17,0.58
500101242,04:00-06:00,2.61,0.5
500101242,06:00-08:00,4.12,4.33
500101242,08:00-10:00,6.81,7.08
500101242,10:00-12:00,9.27,6.71
500101242,12:00-14:00,10.57,8.63
500101242,14:00-16:00,6.6,5.93
500101242,16:00-18:00,6.52,10.82
500101242,18:00-20:00,12.36,9.2
500101242,20:00-22:00,4.67,7.24
500101242,22:00-24:00,3.6,4.87
500101243,00:00-02:00,2.0,1.68
500101243,02:00-04:00,1.58,0.58
500101243,04:00-06:00,1.17,0.17
500101243,06:00-08:00,5.33,2.33
500101243,08:00-10:00,9.11,10.56
500101243,10:00-12:00,10.97,9.85
500101243,12:00-14:00,13.76,11.55
500101243,14:00-16:00,8.96,10.74
500101243,16:00-18:00,12.5,9.71
500101243,18:00-20:00,10.45,9.33
500101243,20:00-22:00,6.68,8.58
500101243,22:00-24:00,3.1,6.34
500101244,00:00-02:00,1.0,1.9
500101244,02:00-04:00,0.5,0.8
500101244,04:00-06:00,1.17,0.76
500101244,06:00-08:00,3.17,1.83
500101244,08:00-10:00,7.92,8.46
500101244,10:00-12:00,7.06,5.72
500101244,12:00-14:00,8.18,8.88
500101244,14:00-16:00,6.67,6.6
500101244,16:00-18:00,10.23,7.86
500101244,18:00-20:00,9.67,12.14
500101244,20:00-22:00,7.18,7.71
500101244,22:00-24:00,1.59,2.47
500101245,00:00-02:00,0.33,0.17
500101245,02:00-04:00,0.0,0.0
500101245,04:00-06:00,0.08,0.17
500101245,06:00-08:00,0.42,3.08
500101245,08:00-10:00,3.5,4.39
500101245,10:00-12:00,3.08,2.42
500101245,12:00-14:00,4.49,3.88
500101245,14:00-16:00,4.35,2.67
500101245,16:00-18:00,1.33,0.92
500101245,18:00-20:00,0.92,1.67
500101245,20:00-22:00,0.33,0.67
500101245,22:00-24:00,0.0,0.17
500101246,00:00-02:00,1.5,1.84
500101246,02:00-04:00,1.0,1.0
500101246,04:00-06:00,1.5,0.42
500101246,06:00-08:00,4.25,3.17
500101246,08:00-10:00,7.0,6.33
500101246,10:00-12:00,9.86,7.83
500101246,12:00-14:00,13.14,14.13
500101246,14:00-16:00,14.29,13.37
500101246,16:00-18:00,13.43,14.42
500101246,18:00-20:00,15.73,13.0
500101246,20:00-22:00,9.77,10.58
500101246,22:00-24:00,4.86,6.11
500101247,00:00-02:00,1.56,0.83
500101247,02:00-04:00,1.15,1.75
500101247,04:00-06:00,0.88,4.58
500101247,06:00-08:00,1.42,0.83
500101247,08:00-10:00,2.92,1.83
500101247,10:00-12:00,3.92,6.0
500101247,12:00-14:00,8.64,9.91
500101247,14:00-16:00,12.27,10.81
500101247,16:00-18:00,10.79,12.87
500101247,18:00-20:00,10.28,10.03
500101247,20:00-22:00,10.1,4.17
500101247,22:00-24:00,5.44,2.26
500101248,00:00-02:00,1.08,3.01
500101248,02:00-04:00,0.42,0.24
500101248,04:00-06:00,0.33,0.67
500101248,06:00-08:00,5.17,1.82
500101248,08:00-10:00,10.25,9.87
500101248,10:00-12:00,13.11,8.77
500101248,12:00-14:00,10.35,9.39
500101248,14:00-16:00,9.56,11.8
500101248,16:00-18:00,12.41,11.08
500101248,18:00-20:00,11.17,13.33
500101248,20:00-22:00,7.58,9.8
500101248,22:00-24:00,2.85,6.66
500101250,00:00-02:00,0.34,1.0
500101250,02:00-04:00,0.17,0.08
500101250,04:00-06:00,0.0,1.94
500101250,06:00-08:00,3.37,2.43
500101250,08:00-10:00,4.65,5.92
500101250,10:00-12:00,6.03,4.98
500101250,12:00-14:00,4.45,5.73
500101250,14:00-16:00,5.71,5.15
500101250,16:00-18:00,8.61,6.08
500101250,18:00-20:00,6.53,7.0
500101250,20:00-22:00,5.78,4.58
500101250,22:00-24:00,2.74,2.26
500101251,00:00-02:00,4.5,4.0
500101251,02:00-04:00,1.99,5.58
500101251,04:00-06:00,1.67,3.42
500101251,06:00-08:00,8.08,5.42
500101251,08:00-10:00,13.87,12.75
500101251,10:00-12:00,16.31,17.58
500101251,12:00-14:00,18.28,19.92
500101251,14:00-16:00,17.47,22.14
500101251,16:00-18:00,23.08,24.32
500101251,18:00-20:00,23.33,20.06
500101251,20:00-22:00,18.94,14.0
500101251,22:00-24:00,8.93,7.7
500101252,00:00-02:00,1.83,2.33
500101252,02:00-04:00,0.58,0.83
500101252,04:00-06:00,1.42,0.5
500101252,06:00-08:00,4.62,3.33
500101252,08:00-10:00,9.07,11.69
500101252,10:00-12:00,10.35,12.97
500101252,12:00-14:00,12.3,17.28
500101252,14:00-16:00,11.93,11.03
500101252,16:00-18:00,11.77,12.89
500101252,18:00-20:00,11.17,12.56
500101252,20:00-22:00,10.42,8.42
500101252,22:00-24:00,5.51,6.11
500101253,00:00-02:00,1.83,1.83
500101253,02:00-04:00,0.5,1.42
500101253,04:00-06:00,0.83,0.67
500101253,06:00-08:00,2.92,4.3
500101253,08:00-10:00,9.85,6.93
500101253,10:00-12:00,8.84,9.37
500101253,12:00-14:00,10.23,10.89
500101253,14:00-16:00,10.0,8.72
500101253,16:00-18:00,10.23,9.99
500101253,18:00-20:00,10.67,10.82
500101253,20:00-22:00,7.25,8.42
500101253,22:00-24:00,6.53,7.25
500101254,00:00-02:00,0.25,1.42
500101254,02:00-04:00,0.0,0.33
500101254,04:00-06:00,1.33,0.92
500101254,06:00-08:00,4.08,4.5
500101254,08:00-10:00,7.5,9.15
500101254,10:00-12:00,13.61,10.61
500101254,12:00-14:00,14.0,11.63
500101254,14:00-16:00,11.21,16.63
500101254,16:00-18:00,16.26,10.64
500101254,18:00-20:00,11.81,10.25
500101254,20:00-22:00,8.33,10.0
500101254,22:00-24:00,1.76,3.6
500101255,00:00-02:00,2.42,1.87
500101255,02:00-04:00,0.67,1.28
500101255,04:00-06:00,1.33,0.25
500101255,06:00-08:00,5.5,2.33
500101255,08:00-10:00,10.62,9.25
500101255,10:00-12:00,11.75,13.78
500101255,12:00-14:00,12.3,13.66
500101255,14:00-16:00,11.38,12.07
500101255,16:00-18:00,15.83,15.11
500101255,18:00-20:00,11.0,12.09
500101255,20:00-22:00,9.58,8.45
500101255,22:00-24:00,4.18,7.2
500101256,00:00-02:00,0.75,0.67
500101256,02:00-04:00,0.58,0.08
500101256,04:00-06:00,0.17,0.0
500101256,06:00-08:00,1.75,2.58
500101256,08:00-10:00,5.93,4.33
500101256,10:00-12:00,2.92,3.0
500101256,12:00-14:00,3.76,3.66
500101256,14:00-16:00,3.29,1.84
500101256,16:00-18:00,3.2,4.08
500101256,18:00-20:00,2.0,3.33
500101256,20:00-22:00,2.42,3.1
500101256,22:00-24:00,3.01,2.25
500101257,00:00-02:00,1.33,0.62
500101257,02:00-04:00,0.83,0.51
500101257,04:00-06:00,1.92,0.17
500101257,06:00-08:00,6.95,2.08
500101257,08:00-10:00,8.43,6.33
500101257,10:00-12:00,9.95,8.5
500101257,12:00-14:00,7.51,7.98
500101257,14:00-16:00,7.79,7.52
500101257,16:00-18:00,10.2,8.5
500101257,18:00-20:00,7.54,9.54
500101257,20:00-22:00,7.62,10.36
500101257,22:00-24:00,2.68,5.57
500101258,00:00-02:00,0.67,0.92
500101258,02:00-04:00,0.92,0.25
500101258,04:00-06:00,0.58,1.08
500101258,06:00-08:00,5.42,4.73
500101258,08:00-10:00,6.67,11.83
500101258,10:00-12:00,12.67,11.0
500101258,12:00-14:00,12.22,11.8
500101258,14:00-16:00,11.36,11.72
500101258,16:00-18:00,11.92,12.88
500101258,18:00-20:00,11.0,9.33
500101258,20:00-22:00,6.0,6.08
500101258,22:00-24:00,2.51,3.26
500101259,00:00-02:00,1.83,1.93
500101259,02:00-04:00,0.17,0.3
500101259,04:00-06:00,1.0,0.29
500101259,06:00-08:00,3.0,2.07
500101259,08:00-10:00,7.11,5.08
500101259,10:00-12:00,7.93,7.42
500101259,12:00-14:00,9.74,9.39
500101259,14:00-16:00,8.06,9.73
500101259,16:00-18:00,10.16,9.04
500101259,18:00-20:00,9.16,10.53
500101259,20:00-22:00,5.98,8.98
500101259,22:00-24:00,3.43,8.38
500101260,00:00-02:00,1.92,1.04
500101260,02:00-04:00,0.0,0.08
500101260,04:00-06:00,0.25,0.0
500101260,06:00-08:00,0.83,0.17
500101260,08:00-10:00,1.67,0.83
500101260,10:00-12:00,2.08,2.17
500101260,12:00-14:00,2.83,2.66
500101260,14:00-16:00,2.12,3.01
500101260,16:00-18:00,2.39,1.42
500101260,18:00-20:00,1.17,1.5
500101260,20:00-22:00,0.83,1.84
500101260,22:00-24:00,0.42,1.3
500101261,00:00-02:00,0.5,0.58
500101261,02:00-04:00,0.08,0.67
500101261,04:00-06:00,0.33,0.5
500101261,06:00-08:00,1.83,1.0
500101261,08:00-10:00,4.42,3.6
500101261,10:00-12:00,5.78,4.62
500101261,12:00-14:00,6.17,6.23
500101261,14:00-16:00,4.68,4.93
500101261,16:00-18:00,6.0,4.33
500101261,18:00-20:00,4.59,4.0
500101261,20:00-22:00,2.18,3.92
500101261,22:00-24:00,1.42,2.68
500101262,00:00-02:00,0.42,0.33
500101262,02:00-04:00,1.17,0.08
500101262,04:00-06:00,0.17,0.0
500101262,06:00-08:00,1.42,0.83
500101262,08:00-10:00,1.83,1.75
500101262,10:00-12:00,3.33,2.08
500101262,12:00-14:00,1.75,3.16
500101262,14:00-16:00,2.51,3.34
500101262,16:00-18:00,3.58,2.25
500101262,18:00-20:00,2.08,2.08
500101262,20:00-22:00,0.92,1.67
500101262,22:00-24:00,0.42,2.43
500101264,00:00-02:00,1.47,0.75
500101264,02:00-04:00,0.17,0.42
500101264,04:00-06:00,0.58,0.33
500101264,06:00-08:00,1.17,2.92
500101264,08:00-10:00,3.35,5.25
500101264,10:00-12:00,5.97,6.25
500101264,12:00-14:00,7.56,7.47
500101264,14:00-16:00,8.61,7.06
500101264,16:00-18:00,6.86,7.14
500101264,18:00-20:00,6.92,8.53
500101264,20:00-22:00,6.83,4.21
500101264,22:00-24:00,3.68,1.76
500101265,00:00-02:00,0.75,0.77
500101265,02:00-04:00,0.08,0.46
500101265,04:00-06:00,0.67,0.52
500101265,06:00-08:00,3.25,2.6
500101265,08:00-10:00,6.0,4.66
500101265,10:00-12:00,5.42,7.97
500101265,12:00-14:00,8.39,10.74
500101265,14:00-16:00,8.94,6.74
500101265,16:00-18:00,9.17,9.8
500101265,18:00-20:00,9.64,13.57
500101265,20:00-22:00,6.5,7.9
500101265,22:00-24:00,3.18,3.13
500101266,00:00-02:00,1.58,1.25
500101266,02:00-04:00,0.42,0.75
500101266,04:00-06:00,0.7,0.75
500101266,06:00-08:00,1.25,4.0
500101266,08:00-10:00,7.33,3.75
500101266,10:00-12:00,8.16,6.08
500101266,12:00-14:00,8.95,6.9
500101266,14:00-16:00,6.37,5.77
500101266,16:00-18:00,11.98,8.17
500101266,18:00-20:00,10.61,7.5
500101266,20:00-22:00,4.17,8.17
500101266,22:00-24:00,3.6,4.52
500101267,00:00-02:00,1.0,0.25
500101267,02:00-04:00,0.08,0.25
500101267,04:00-06:00,0.17,0.17
500101267,06:00-08:00,1.58,0.83
500101267,08:00-10:00,2.58,2.42
500101267,10:00-12:00,3.28,2.58
500101267,12:00-14:00,2.35,2.66
500101267,14:00-16:00,2.42,1.5
500101267,16:00-18:00,3.01,2.33
500101267,18:00-20:00,1.76,2.92
500101267,20:00-22:00,0.58,2.17
500101267,22:00-24:00,0.42,0.79
500101268,00:00-02:00,1.28,2.5
500101268,02:00-04:00,1.17,0.75
500101268,04:00-06:00,0.5,0.17
500101268,06:00-08:00,1.58,1.92
500101268,08:00-10:00,4.74,5.01
500101268,10:00-12:00,5.85,6.13
500101268,12:00-14:00,6.18,6.57
500101268,14:00-16:00,5.88,5.26
500101268,16:00-18:00,6.42,4.75
500101268,18:00-20:00,6.12,5.29
500101268,20:00-22:00,4.18,6.0
500101268,22:00-24:00,3.27,2.93
500101269,00:00-02:00,0.25,0.67
500101269,02:00-04:00,0.0,0.25
500101269,04:00-06:00,0.17,0.25
500101269,06:00-08:00,3.2,4.42
500101269,08:00-10:00,3.17,3.17
500101269,10:00-12:00,3.44,2.33
500101269,12:00-14:00,3.72,3.41
500101269,14:00-16:00,2.42,5.01
500101269,16:00-18:00,5.36,2.75
500101269,18:00-20:00,3.07,2.5
500101269,20:00-22:00,2.53,2.08
500101269,22:00-24:00,1.25,0.92
500101270,00:00-02:00,1.42,1.89
500101270,02:00-04:00,0.25,0.42
500101270,04:00-06:00,0.83,0.59
500101270,06:00-08:00,2.33,1.42
500101270,08:00-10:00,4.58,7.55
500101270,10:00-12:00,8.0,9.36
500101270,12:00-14:00,8.36,10.0
500101270,14:00-16:00,6.26,6.82
500101270,16:00-18:00,8.7,7.29
500101270,18:00-20:00,7.9,8.1
500101270,20:00-22:00,4.79,6.08
500101270,22:00-24:00,2.18,3.33
500101271,00:00-02:00,1.42,1.35
500101271,02:00-04:00,0.17,1.2
500101271,04:00-06:00,0.67,0.78
500101271,06:00-08:00,2.42,3.09
500101271,08:00-10:00,7.25,9.07
500101271,10:00-12:00,9.43,11.92
500101271,12:00-14:00,12.02,11.82
500101271,14:00-16:00,8.53,8.7
500101271,16:00-18:00,10.3,10.44
500101271,18:00-20:00,9.94,12.75
500101271,20:00-22:00,6.04,7.83
500101271,22:00-24:00,3.97,4.47
500101272,00:00-02:00,0.5,0.56
500101272,02:00-04:00,0.08,0.42
500101272,04:00-06:00,0.17,0.08
500101272,06:00-08:00,1.67,0.75
500101272,08:00-10:00,3.2,1.0
500101272,10:00-12:00,3.84,5.58
500101272,12:00-14:00,3.54,5.04
500101272,14:00-16:00,4.76,4.29
500101272,16:00-18:00,4.67,6.06
500101272,18:00-20:00,5.92,4.18
500101272,20:00-22:00,1.92,3.0
500101272,22:00-24:00,1.09,1.26
500101273,00:00-02:00,0.33,0.5
500101273,02:00-04:00,0.58,0.17
500101273,04:00-06:00,0.53,0.08
500101273,06:00-08:00,1.66,1.08
500101273,08:00-10:00,1.48,1.74
500101273,10:00-12:00,1.62,1.9
500101273,12:00-14:00,1.97,1.08
500101273,14:00-16:00,1.57,2.84
500101273,16:00-18:00,2.09,1.17
500101273,18:00-20:00,1.75,1.83
500101273,20:00-22:00,2.08,2.42
500101273,22:00-24:00,0.92,1.19
500101274,00:00-02:00,3.58,2.39
500101274,02:00-04:00,0.67,0.25
500101274,04:00-06:00,1.08,2.08
500101274,06:00-08:00,4.08,1.75
500101274,08:00-10:00,7.75,2.33
500101274,10:00-12:00,5.83,4.08
500101274,12:00-14:00,6.48,5.4
500101274,14:00-16:00,5.85,5.18
500101274,16:00-18:00,7.27,6.92
500101274,18:00-20:00,3.83,6.25
500101274,20:00-22:00,3.33,5.67
500101274,22:00-24:00,1.76,2.14
500101276,00:00-02:00,4.23,3.5
500101276,02:00-04:00,2.18,1.17
500101276,04:00-06:00,1.1,2.17
500101276,06:00-08:00,4.0,4.17
500101276,08:00-10:00,8.96,12.36
500101276,10:00-12:00,12.14,18.65
500101276,12:00-14:00,27.01,31.61
500101276,14:00-16:00,26.91,27.0
500101276,16:00-18:00,24.83,37.38
500101276,18:00-20:00,33.0,33.01
500101276,20:00-22:00,21.83,16.3
500101276,22:00-24:00,8.66,6.28
500103001,00:00-02:00,2.08,2.57
500103001,02:00-04:00,0.58,1.0
500103001,04:00-06:00,2.67,0.42
500103001,06:00-08:00,4.83,2.25
500103001,08:00-10:00,5.33,7.0
500103001,10:00-12:00,6.0,3.42
500103001,12:00-14:00,4.57,4.32
500103001,14:00-16:00,5.52,4.51
500103001,16:00-18:00,7.75,8.08
500103001,18:00-20:00,9.67,9.5
500103001,20:00-22:00,4.0,6.75
500103001,22:00-24:00,1.76,6.28
500103002,00:00-02:00,0.9,0.67
500103002,02:00-04:00,0.18,8.0
500103002,04:00-06:00,1.67,0.42
500103002,06:00-08:00,5.0,2.08
500103002,08:00-10:00,6.67,5.92
500103002,10:00-12:00,7.37,4.83
500103002,12:00-14:00,7.71,6.4
500103002,14:00-16:00,9.56,6.69
500103002,16:00-18:00,9.09,7.17
500103002,18:00-20:00,6.96,6.92
500103002,20:00-22:00,4.5,3.67
500103002,22:00-24:00,1.92,1.59
500103003,00:00-02:00,0.33,0.61
500103003,02:00-04:00,0.0,0.19
500103003,04:00-06:00,0.67,0.0
500103003,06:00-08:00,1.0,0.58
500103003,08:00-10:00,3.5,3.58
500103003,10:00-12:00,2.83,3.07
500103003,12:00-14:00,2.83,2.44
500103003,14:00-16:00,4.68,2.01
500103003,16:00-18:00,2.12,3.58
500103003,18:00-20:00,4.67,3.58
500103003,20:00-22:00,1.83,2.75
500103003,22:00-24:00,0.92,2.03
500103004,00:00-02:00,4.08,3.28
500103004,02:00-04:00,0.25,1.58
500103004,04:00-06:00,2.67,1.47
500103004,06:00-08:00,9.83,5.25
500103004,08:00-10:00,12.57,15.25
500103004,10:00-12:00,12.75,9.5
500103004,12:00-14:00,11.39,11.39
500103004,14:00-16:00,13.64,12.37
500103004,16:00-18:00,16.33,18.0
500103004,18:00-20:00,17.33,18.5
500103004,20:00-22:00,11.08,13.33
500103004,22:00-24:00,4.1,8.28
500103005,00:00-02:00,1.67,1.92
500103005,02:00-04:00,0.67,2.33
500103005,04:00-06:00,1.75,0.67
500103005,06:00-08:00,5.92,3.83
500103005,08:00-10:00,10.75,9.17
500103005,10:00-12:00,12.92,8.08
500103005,12:00-14:00,10.14,8.23
500103005,14:00-16:00,11.2,9.61
500103005,16:00-18:00,12.26,13.58
500103005,18:00-20:00,9.83,11.33
500103005,20:00-22:00,9.64,10.33
500103005,22:00-24:00,4.85,6.03
500103006,00:00-02:00,0.92,1.3
500103006,02:00-04:00,0.0,0.0
500103006,04:00-06:00,1.5,0.26
500103006,06:00-08:00,2.33,2.38
500103006,08:00-10:00,4.75,3.89
500103006,10:00-12:00,7.85,4.25
500103006,12:00-14:00,5.35,3.74
500103006,14:00-16:00,4.72,4.43
500103006,16:00-18:00,5.63,6.74
500103006,18:00-20:00,6.19,5.5
500103006,20:00-22:00,2.44,3.48
500103006,22:00-24:00,1.0,3.01
500103007,00:00-02:00,1.67,2.05
500103007,02:00-04:00,0.33,0.6
500103007,04:00-06:00,1.52,0.67
500103007,06:00-08:00,2.83,0.92
500103007,08:00-10:00,3.87,6.58
500103007,10:00-12:00,5.34,4.73
500103007,12:00-14:00,7.24,6.57
500103007,14:00-16:00,6.41,9.29
500103007,16:00-18:00,10.37,9.48
500103007,18:00-20:00,9.32,9.97
500103007,20:00-22:00,3.87,5.25
500103007,22:00-24:00,3.08,3.58
500103008,00:00-02:00,1.17,1.33
500103008,02:00-04:00,0.33,1.5
500103008,04:00-06:00,0.33,0.5
500103008,06:00-08:00,4.58,4.5
500103008,08:00-10:00,10.06,11.5
500103008,10:00-12:00,13.31,9.75
500103008,12:00-14:00,11.35,9.14
500103008,14:00-16:00,12.96,12.7
500103008,16:00-18:00,12.95,13.33
500103008,18:00-20:00,12.47,12.17
500103008,20:00-22:00,10.02,5.67
500103008,22:00-24:00,2.55,4.77
500103009,00:00-02:00,11.88,7.08
500103009,02:00-04:00,5.68,7.67
500103009,04:00-06:00,4.0,7.92
500103009,06:00-08:00,15.58,18.33
500103009,08:00-10:00,28.17,30.83
500103009,10:00-12:00,27.92,38.92
500103009,12:00-14:00,37.89,35.85
500103009,14:00-16:00,48.18,38.02
500103009,16:00-18:00,43.71,38.58
500103009,18:00-20:00,34.6,28.75
500103009,20:00-22:00,30.67,24.25
500103009,22:00-24:00,16.9,16.74
500103010,00:00-02:00,1.42,1.33
500103010,02:00-04:00,1.25,0.67
500103010,04:00-06:00,3.5,0.83
500103010,06:00-08:00,4.42,2.5
500103010,08:00-10:00,6.5,4.33
500103010,10:00-12:00,5.8,4.58
500103010,12:00-14:00,3.72,5.82
500103010,14:00-16:00,5.52,7.69
500103010,16:00-18:00,6.42,5.92
500103010,18:00-20:00,5.08,6.5
500103010,20:00-22:00,3.0,6.0
500103010,22:00-24:00,3.18,4.52
500103011,00:00-02:00,0.08,0.42
500103011,02:00-04:00,0.0,0.08
500103011,04:00-06:00,0.0,0.17
500103011,06:00-08:00,0.83,4.17
500103011,08:00-10:00,2.08,2.0
500103011,10:00-12:00,3.25,1.08
500103011,12:00-14:00,5.9,3.16
500103011,14:00-16:00,2.1,1.92
500103011,16:00-18:00,1.92,1.42
500103011,18:00-20:00,1.38,4.0
500103011,20:00-22:00,0.67,0.33
500103011,22:00-24:00,0.33,0.17
500103012,00:00-02:00,0.33,0.58
500103012,02:00-04:00,0.33,0.5
500103012,04:00-06:00,0.5,0.08
500103012,06:00-08:00,2.58,1.08
500103012,08:00-10:00,2.5,1.25
500103012,10:00-12:00,2.29,1.83
500103012,12:00-14:00,2.84,1.16
500103012,14:00-16:00,2.69,2.09
500103012,16:00-18:00,2.23,2.58
500103012,18:00-20:00,1.69,2.75
500103012,20:00-22:00,1.0,1.33
500103012,22:00-24:00,0.17,0.92
500103013,00:00-02:00,0.58,1.17
500103013,02:00-04:00,0.25,1.08
500103013,04:00-06:00,0.5,0.42
500103013,06:00-08:00,2.25,1.75
500103013,08:00-10:00,4.08,2.17
500103013,10:00-12:00,3.5,4.25
500103013,12:00-14:00,5.15,4.82
500103013,14:00-16:00,4.85,6.27
500103013,16:00-18:00,6.33,7.09
500103013,18:00-20:00,6.42,7.47
500103013,20:00-22:00,3.5,3.17
500103013,22:00-24:00,3.35,1.67
500103019,00:00-02:00,1.45,1.54
500103019,02:00-04:00,0.82,1.1
500103019,04:00-06:00,0.5,0.33
500103019,06:00-08:00,1.92,1.25
500103019,08:00-10:00,3.67,2.83
500103019,10:00-12:00,4.15,3.33
500103019,12:00-14:00,5.72,4.16
500103019,14:00-16:00,6.16,4.35
500103019,16:00-18:00,7.34,7.33
500103019,18:00-20:00,7.76,8.75
500103019,20:00-22:00,5.82,5.93
500103019,22:00-24:00,3.07,3.1
500103020,00:00-02:00,2.5,3.19
500103020,02:00-04:00,1.0,1.95
500103020,04:00-06:00,1.58,0.35
500103020,06:00-08:00,3.83,3.08
500103020,08:00-10:00,8.08,6.5
500103020,10:00-12:00,10.39,5.33
500103020,12:00-14:00,9.69,8.73
500103020,14:00-16:00,10.87,9.11
500103020,16:00-18:00,10.59,11.92
500103020,18:00-20:00,8.92,12.0
500103020,20:00-22:00,6.25,9.25
500103020,22:00-24:00,2.43,4.27
500103021,00:00-02:00,1.67,2.5
500103021,02:00-04:00,2.17,1.17
500103021,04:00-06:00,2.33,0.67
500103021,06:00-08:00,5.25,2.25
500103021,08:00-10:00,9.55,9.5
500103021,10:00-12:00,10.12,10.67
500103021,12:00-14:00,11.21,12.21
500103021,14:00-16:00,13.62,14.37
500103021,16:00-18:00,16.17,15.08
500103021,18:00-20:00,13.21,13.69
500103021,20:00-22:00,7.4,10.97
500103021,22:00-24:00,4.69,6.76
500103022,00:00-02:00,1.25,1.17
500103022,02:00-04:00,0.83,0.17
500103022,04:00-06:00,1.0,0.08
500103022,06:00-08:00,1.38,0.83
500103022,08:00-10:00,2.87,3.33
500103022,10:00-12:00,5.22,3.75
500103022,12:00-14:00,3.88,3.49
500103022,14:00-16:00,5.54,3.68
500103022,16:00-18:00,5.32,6.25
500103022,18:00-20:00,4.23,4.33
500103022,20:00-22:00,2.8,3.08
500103022,22:00-24:00,1.42,1.4
500103023,00:00-02:00,1.98,8.17
500103023,02:00-04:00,3.6,0.17
500103023,04:00-06:00,0.98,3.92
500103023,06:00-08:00,3.17,2.25
500103023,08:00-10:00,7.25,5.42
500103023,10:00-12:00,8.76,8.0
500103023,12:00-14:00,8.1,5.4
500103023,14:00-16:00,6.86,5.93
500103023,16:00-18:00,7.95,7.58
500103023,18:00-20:00,8.84,7.5
500103023,20:00-22:00,3.09,3.5
500103023,22:00-24:00,3.31,2.76
500103024,00:00-02:00,2.04,1.42
500103024,02:00-04:00,0.41,6.17
500103024,04:00-06:00,0.34,2.42
500103024,06:00-08:00,7.33,5.25
500103024,08:00-10:00,12.41,9.33
500103024,10:00-12:00,16.8,13.83
500103024,12:00-14:00,12.18,11.97
500103024,14:00-16:00,17.83,14.87
500103024,16:00-18:00,15.54,9.08
500103024,18:00-20:00,10.8,12.67
500103024,20:00-22:00,10.43,6.5
500103024,22:00-24:00,7.8,5.77
500103025,00:00-02:00,2.27,2.67
500103025,02:00-04:00,0.17,1.25
500103025,04:00-06:00,0.75,0.5
500103025,06:00-08:00,4.5,6.25
500103025,08:00-10:00,10.25,7.5
500103025,10:00-12:00,10.82,9.42
500103025,12:00-14:00,10.94,8.73
500103025,14:00-16:00,12.73,8.86
500103025,16:00-18:00,12.64,10.25
500103025,18:00-20:00,14.52,14.0
500103025,20:00-22:00,10.31,7.67
500103025,22:00-24:00,8.07,6.61
500103026,00:00-02:00,0.91,0.83
500103026,02:00-04:00,0.0,0.25
500103026,04:00-06:00,0.09,0.25
500103026,06:00-08:00,4.1,2.92
500103026,08:00-10:00,4.21,5.17
500103026,10:00-12:00,4.85,6.17
500103026,12:00-14:00,6.72,3.16
500103026,14:00-16:00,5.49,4.35
500103026,16:00-18:00,7.53,4.67
500103026,18:00-20:00,9.2,3.58
500103026,20:00-22:00,5.17,3.25
500103026,22:00-24:00,4.03,2.09
500103027,00:00-02:00,2.67,3.75
500103027,02:00-04:00,1.83,0.92
500103027,04:00-06:00,1.58,2.75
500103027,06:00-08:00,8.75,11.67
500103027,08:00-10:00,17.67,22.75
500103027,10:00-12:00,25.17,20.33
500103027,12:00-14:00,19.86,17.95
500103027,14:00-16:00,19.05,17.47
500103027,16:00-18:00,18.75,19.5
500103027,18:00-20:00,16.83,16.83
500103027,20:00-22:00,12.58,10.58
500103027,22:00-24:00,8.12,8.95
500103028,00:00-02:00,2.84,2.75
500103028,02:00-04:00,1.17,1.83
500103028,04:00-06:00,1.08,3.08
500103028,06:00-08:00,9.92,7.42
500103028,08:00-10:00,20.92,13.58
500103028,10:00-12:00,21.61,18.58
500103028,12:00-14:00,25.28,23.02
500103028,14:00-16:00,30.71,30.17
500103028,16:00-18:00,32.14,30.33
500103028,18:00-20:00,24.24,37.0
500103028,20:00-22:00,18.92,16.83
500103028,22:00-24:00,12.38,11.3
500103029,00:00-02:00,3.02,2.77
500103029,02:00-04:00,0.67,1.49
500103029,04:00-06:00,1.25,0.79
500103029,06:00-08:00,4.11,2.5
500103029,08:00-10:00,6.88,5.75
500103029,10:00-12:00,6.97,8.12
500103029,12:00-14:00,9.11,9.5
500103029,14:00-16:00,9.46,9.17
500103029,16:00-18:00,10.85,13.07
500103029,18:00-20:00,10.31,14.97
500103029,20:00-22:00,8.82,8.03
500103029,22:00-24:00,4.82,6.5
500103030,00:00-02:00,4.42,4.08
500103030,02:00-04:00,2.75,1.75
500103030,04:00-06:00,2.5,1.17
500103030,06:00-08:00,7.75,7.67
500103030,08:00-10:00,20.86,23.56
500103030,10:00-12:00,30.92,33.1
500103030,12:00-14:00,29.37,36.0
500103030,14:00-16:00,30.63,34.58
500103030,16:00-18:00,32.25,27.99
500103030,18:00-20:00,23.51,23.44
500103030,20:00-22:00,11.58,10.67
500103030,22:00-24:00,4.94,7.11
500103031,00:00-02:00,1.0,2.46
500103031,02:00-04:00,0.17,0.7
500103031,04:00-06:00,0.67,0.49
500103031,06:00-08:00,4.5,2.95
500103031,08:00-10:00,7.53,3.5
500103031,10:00-12:00,7.89,6.75
500103031,12:00-14:00,8.36,6.23
500103031,14:00-16:00,8.57,8.11
500103031,16:00-18:00,9.54,9.08
500103031,18:00-20:00,8.51,8.67
500103031,20:00-22:00,7.32,6.92
500103031,22:00-24:00,2.85,4.91
500103032,00:00-02:00,0.17,0.5
500103032,02:00-04:00,0.25,0.17
500103032,04:00-06:00,0.42,0.17
500103032,06:00-08:00,1.21,1.75
500103032,08:00-10:00,3.38,4.0
500103032,10:00-12:00,4.83,5.92
500103032,12:00-14:00,4.07,4.5
500103032,14:00-16:00,5.73,2.92
500103032,16:00-18:00,5.13,3.75
500103032,18:00-20:00,2.67,2.58
500103032,20:00-22:00,1.92,1.58
500103032,22:00-24:00,1.02,1.26
500103033,00:00-02:00,2.65,1.17
500103033,02:00-04:00,2.64,0.42
500103033,04:00-06:00,1.24,2.17
500103033,06:00-08:00,2.08,2.42
500103033,08:00-10:00,3.92,6.0
500103033,10:00-12:00,7.0,6.17
500103033,12:00-14:00,7.48,8.06
500103033,14:00-16:00,8.27,10.95
500103033,16:00-18:00,12.58,7.58
500103033,18:00-20:00,7.96,8.0
500103033,20:00-22:00,5.45,4.58
500103033,22:00-24:00,3.38,3.35
500103034,00:00-02:00,6.67,5.61
500103034,02:00-04:00,0.83,3.42
500103034,04:00-06:00,2.83,1.5
500103034,06:00-08:00,9.0,5.33
500103034,08:00-10:00,15.17,13.92
500103034,10:00-12:00,17.25,14.92
500103034,12:00-14:00,20.36,22.52
500103034,14:00-16:00,22.56,25.09
500103034,16:00-18:00,25.33,23.77
500103034,18:00-20:00,23.17,23.78
500103034,20:00-22:00,14.33,20.81
500103034,22:00-24:00,12.89,12.77
500103035,00:00-02:00,1.75,2.69
500103035,02:00-04:00,0.5,1.21
500103035,04:00-06:00,2.33,0.62
500103035,06:00-08:00,6.25,3.28
500103035,08:00-10:00,11.67,8.42
500103035,10:00-12:00,11.57,8.92
500103035,12:00-14:00,10.79,9.14
500103035,14:00-16:00,11.57,10.95
500103035,16:00-18:00,10.13,11.42
500103035,18:00-20:00,12.58,12.33
500103035,20:00-22:00,6.58,10.48
500103035,22:00-24:00,5.1,6.85
500103036,00:00-02:00,0.7,0.92
500103036,02:00-04:00,0.25,0.42
500103036,04:00-06:00,1.54,0.83
500103036,06:00-08:00,1.65,1.92
500103036,08:00-10:00,4.05,5.17
500103036,10:00-12:00,6.46,5.83
500103036,12:00-14:00,5.93,2.91
500103036,14:00-16:00,5.3,4.43
500103036,16:00-18:00,5.75,5.08
500103036,18:00-20:00,5.08,4.5
500103036,20:00-22:00,6.08,4.5
500103036,22:00-24:00,2.17,2.18
500103037,00:00-02:00,3.67,2.5
500103037,02:00-04:00,2.83,3.42
500103037,04:00-06:00,1.48,2.42
500103037,06:00-08:00,7.83,8.83
500103037,08:00-10:00,11.92,10.58
500103037,10:00-12:00,17.5,21.2
500103037,12:00-14:00,19.61,20.44
500103037,14:00-16:00,22.4,25.22
500103037,16:00-18:00,30.5,26.92
500103037,18:00-20:00,22.72,22.31
500103037,20:00-22:00,18.47,14.0
500103037,22:00-24:00,12.24,11.38
500103038,00:00-02:00,3.34,3.53
500103038,02:00-04:00,1.33,0.92
500103038,04:00-06:00,1.5,0.5
500103038,06:00-08:00,4.47,3.58
500103038,08:00-10:00,7.67,5.68
500103038,10:00-12:00,7.83,9.0
500103038,12:00-14:00,9.39,9.31
500103038,14:00-16:00,8.85,9.69
500103038,16:00-18:00,10.76,11.76
500103038,18:00-20:00,13.58,12.95
500103038,20:00-22:00,9.75,10.32
500103038,22:00-24:00,4.02,6.92
500103039,00:00-02:00,3.22,1.58
500103039,02:00-04:00,2.58,0.42
500103039,04:00-06:00,1.17,0.25
500103039,06:00-08:00,2.92,1.42
500103039,08:00-10:00,5.0,5.08
500103039,10:00-12:00,7.06,5.25
500103039,12:00-14:00,8.2,8.14
500103039,14:00-16:00,7.2,6.6
500103039,16:00-18:00,7.97,7.25
500103039,18:00-20:00,6.25,9.0
500103039,20:00-22:00,4.42,7.83
500103039,22:00-24:00,2.18,5.69
500103040,00:00-02:00,1.92,2.33
500103040,02:00-04:00,0.75,2.5
500103040,04:00-06:00,2.08,2.75
500103040,06:00-08:00,7.33,4.42
500103040,08:00-10:00,8.83,7.92
500103040,10:00-12:00,13.53,10.0
500103040,12:00-14:00,10.25,11.3
500103040,14:00-16:00,11.38,10.78
500103040,16:00-18:00,12.92,11.25
500103040,18:00-20:00,9.58,10.5
500103040,20:00-22:00,7.67,9.42
500103040,22:00-24:00,2.93,5.94
500103041,00:00-02:00,1.25,2.0
500103041,02:00-04:00,1.0,1.0
500103041,04:00-06:00,1.08,0.42
500103041,06:00-08:00,1.25,2.42
500103041,08:00-10:00,4.42,3.29
500103041,10:00-12:00,4.75,2.42
500103041,12:00-14:00,4.07,3.07
500103041,14:00-16:00,4.76,4.09
500103041,16:00-18:00,5.86,6.33
500103041,18:00-20:00,5.19,4.5
500103041,20:00-22:00,4.76,4.5
500103041,22:00-24:00,1.92,2.85
500103042,00:00-02:00,0.42,0.67
500103042,02:00-04:00,0.25,0.08
500103042,04:00-06:00,0.42,1.58
500103042,06:00-08:00,5.58,7.83
500103042,08:00-10:00,12.83,12.58
500103042,10:00-12:00,17.66,12.5
500103042,12:00-14:00,13.33,13.31
500103042,14:00-16:00,13.9,13.47
500103042,16:00-18:00,13.36,12.59
500103042,18:00-20:00,10.69,10.83
500103042,20:00-22:00,8.34,7.37
500103042,22:00-24:00,4.71,2.18
500103043,00:00-02:00,3.07,3.08
500103043,02:00-04:00,0.9,0.67
500103043,04:00-06:00,0.91,0.83
500103043,06:00-08:00,3.87,4.83
500103043,08:00-10:00,7.42,9.33
500103043,10:00-12:00,15.61,15.4
500103043,12:00-14:00,18.58,19.56
500103043,14:00-16:00,20.46,20.06
500103043,16:00-18:00,21.24,19.13
500103043,18:00-20:00,18.96,18.0
500103043,20:00-22:00,16.21,13.75
500103043,22:00-24:00,9.25,8.87
500103044,00:00-02:00,12.17,12.58
500103044,02:00-04:00,3.83,5.58
500103044,04:00-06:00,3.5,5.92
500103044,06:00-08:00,18.42,16.7
500103044,08:00-10:00,29.7,24.67
500103044,10:00-12:00,29.92,44.0
500103044,12:00-14:00,48.86,41.86
500103044,14:00-16:00,52.05,61.93
500103044,16:00-18:00,61.25,64.08
500103044,18:00-20:00,50.91,46.94
500103044,20:00-22:00,41.75,43.8
500103044,22:00-24:00,29.15,21.37
500103045,00:00-02:00,2.92,3.25
500103045,02:00-04:00,1.08,2.42
500103045,04:00-06:00,2.25,1.08
500103045,06:00-08:00,5.42,4.25
500103045,08:00-10:00,10.27,7.0
500103045,10:00-12:00,12.42,10.67
500103045,12:00-14:00,10.16,11.63
500103045,14:00-16:00,12.05,9.94
500103045,16:00-18:00,12.57,12.58
500103045,18:00-20:00,11.78,15.5
500103045,20:00-22:00,11.08,11.21
500103045,22:00-24:00,6.53,7.52
500103046,00:00-02:00,1.55,1.0
500103046,02:00-04:00,0.3,0.17
500103046,04:00-06:00,0.61,0.92
500103046,06:00-08:00,1.76,1.17
500103046,08:00-10:00,3.77,4.08
500103046,10:00-12:00,5.66,4.25
500103046,12:00-14:00,5.18,4.49
500103046,14:00-16:00,5.9,5.93
500103046,16:00-18:00,7.28,3.67
500103046,18:00-20:00,5.02,4.25
500103046,20:00-22:00,4.01,3.5
500103046,22:00-24:00,2.97,3.18
500103047,00:00-02:00,1.93,1.75
500103047,02:00-04:00,0.58,1.08
500103047,04:00-06:00,1.47,0.25
500103047,06:00-08:00,3.13,4.33
500103047,08:00-10:00,6.02,6.42
500103047,10:00-12:00,7.65,6.92
500103047,12:00-14:00,9.33,7.81
500103047,14:00-16:00,6.65,5.93
500103047,16:00-18:00,9.36,5.83
500103047,18:00-20:00,5.57,4.75
500103047,20:00-22:00,4.29,4.0
500103047,22:00-24:00,4.65,2.68
500103048,00:00-02:00,4.25,2.83
500103048,02:00-04:00,0.78,1.92
500103048,04:00-06:00,2.17,5.75
500103048,06:00-08:00,5.07,3.5
500103048,08:00-10:00,9.24,5.75
500103048,10:00-12:00,11.22,10.0
500103048,12:00-14:00,10.03,11.88
500103048,14:00-16:00,12.88,13.45
500103048,16:00-18:00,17.59,16.25
500103048,18:00-20:00,16.3,16.5
500103048,20:00-22:00,12.75,14.25
500103048,22:00-24:00,12.11,7.28
500103049,00:00-02:00,2.98,1.92
500103049,02:00-04:00,1.43,1.33
500103049,04:00-06:00,1.36,1.25
500103049,06:00-08:00,1.75,2.67
500103049,08:00-10:00,6.5,5.75
500103049,10:00-12:00,7.58,8.33
500103049,12:00-14:00,11.39,9.47
500103049,14:00-16:00,11.19,10.45
500103049,16:00-18:00,13.01,13.0
500103049,18:00-20:00,11.36,12.54
500103049,20:00-22:00,10.67,9.84
500103049,22:00-24:00,5.84,6.86
500103050,00:00-02:00,5.25,3.5
500103050,02:00-04:00,0.92,1.75
500103050,04:00-06:00,1.67,0.25
500103050,06:00-08:00,6.25,3.75
500103050,08:00-10:00,9.83,7.67
500103050,10:00-12:00,12.22,10.83
500103050,12:00-14:00,12.13,12.8
500103050,14:00-16:00,10.27,10.28
500103050,16:00-18:00,18.33,21.17
500103050,18:00-20:00,19.25,25.28
500103050,20:00-22:00,16.75,16.26
500103050,22:00-24:00,11.88,12.15
500103051,00:00-02:00,6.38,3.25
500103051,02:00-04:00,2.7,2.75
500103051,04:00-06:00,3.04,5.17
500103051,06:00-08:00,5.08,7.83
500103051,08:00-10:00,8.25,9.87
500103051,10:00-12:00,15.25,15.11
500103051,12:00-14:00,16.2,16.54
500103051,14:00-16:00,18.23,15.67
500103051,16:00-18:00,21.23,20.58
500103051,18:00-20:00,17.26,15.58
500103051,20:00-22:00,14.47,13.58
500103051,22:00-24:00,11.69,7.2
500103052,00:00-02:00,1.83,1.33
500103052,02:00-04:00,0.48,0.5
500103052,04:00-06:00,0.73,2.5
500103052,06:00-08:00,3.41,1.75
500103052,08:00-10:00,4.07,4.67
500103052,10:00-12:00,6.76,7.0
500103052,12:00-14:00,7.99,6.07
500103052,14:00-16:00,8.52,5.1
500103052,16:00-18:00,10.33,6.0
500103052,18:00-20:00,7.91,7.5
500103052,20:00-22:00,8.74,6.17
500103052,22:00-24:00,5.66,3.68
500103053,00:00-02:00,5.68,4.25
500103053,02:00-04:00,1.59,1.42
500103053,04:00-06:00,1.06,2.08
500103053,06:00-08:00,7.86,7.67
500103053,08:00-10:00,11.34,14.16
500103053,10:00-12:00,16.55,21.38
500103053,12:00-14:00,20.03,25.84
500103053,14:00-16:00,25.36,27.79
500103053,16:00-18:00,26.17,28.88
500103053,18:00-20:00,26.84,25.19
500103053,20:00-22:00,21.79,16.46
500103053,22:00-24:00,13.69,11.46
500103054,00:00-02:00,3.42,4.25
500103054,02:00-04:00,1.42,2.36
500103054,04:00-06:00,3.42,1.56
500103054,06:00-08:00,5.75,5.64
500103054,08:00-10:00,9.71,7.08
500103054,10:00-12:00,10.44,10.42
500103054,12:00-14:00,11.3,13.14
500103054,14:00-16:00,15.17,14.38
500103054,16:00-18:00,12.67,12.18
500103054,18:00-20:00,13.86,12.56
500103054,20:00-22:00,8.51,10.08
500103054,22:00-24:00,7.11,7.14
500103055,00:00-02:00,2.0,2.25
500103055,02:00-04:00,1.25,0.83
500103055,04:00-06:00,2.25,0.75
500103055,06:00-08:00,3.75,2.33
500103055,08:00-10:00,6.22,6.08
500103055,10:00-12:00,8.16,7.33
500103055,12:00-14:00,7.98,9.4
500103055,14:00-16:00,9.77,8.88
500103055,16:00-18:00,12.91,7.75
500103055,18:00-20:00,8.31,11.25
500103055,20:00-22:00,7.79,7.42
500103055,22:00-24:00,3.77,5.02
500103056,00:00-02:00,1.08,0.87
500103056,02:00-04:00,0.33,0.44
500103056,04:00-06:00,0.42,0.08
500103056,06:00-08:00,1.33,1.7
500103056,08:00-10:00,4.89,3.42
500103056,10:00-12:00,4.83,4.52
500103056,12:00-14:00,6.04,5.18
500103056,14:00-16:00,4.89,6.22
500103056,16:00-18:00,7.8,8.53
500103056,18:00-20:00,6.58,6.84
500103056,20:00-22:00,3.14,3.38
500103056,22:00-24:00,2.4,3.51
500103057,00:00-02:00,1.52,3.58
500103057,02:00-04:00,0.95,0.08
500103057,04:00-06:00,0.84,3.08
500103057,06:00-08:00,5.92,8.67
500103057,08:00-10:00,10.5,14.29
500103057,10:00-12:00,10.0,16.18
500103057,12:00-14:00,11.55,12.72
500103057,14:00-16:00,18.38,14.44
500103057,16:00-18:00,18.42,13.5
500103057,18:00-20:00,17.44,11.17
500103057,20:00-22:00,11.3,6.58
500103057,22:00-24:00,7.12,4.1
500103058,00:00-02:00,2.0,3.47
500103058,02:00-04:00,0.5,1.75
500103058,04:00-06:00,2.33,1.07
500103058,06:00-08:00,6.08,3.5
500103058,08:00-10:00,13.17,8.96
500103058,10:00-12:00,15.04,9.58
500103058,12:00-14:00,11.39,10.97
500103058,14:00-16:00,13.28,10.36
500103058,16:00-18:00,12.32,13.33
500103058,18:00-20:00,13.3,13.42
500103058,20:00-22:00,9.25,12.5
500103058,22:00-24:00,4.1,6.95
500103059,00:00-02:00,3.09,3.5
500103059,02:00-04:00,1.08,1.0
500103059,04:00-06:00,1.83,6.25
500103059,06:00-08:00,3.67,6.75
500103059,08:00-10:00,8.67,7.74
500103059,10:00-12:00,9.33,8.88
500103059,12:00-14:00,10.47,14.05
500103059,14:00-16:00,13.87,10.71
500103059,16:00-18:00,14.0,14.0
500103059,18:00-20:00,14.89,12.08
500103059,20:00-22:00,10.38,7.0
500103059,22:00-24:00,8.1,4.1
500103060,00:00-02:00,1.35,1.67
500103060,02:00-04:00,0.26,1.25
500103060,04:00-06:00,0.83,0.58
500103060,06:00-08:00,2.18,5.5
500103060,08:00-10:00,8.33,6.42
500103060,10:00-12:00,10.6,9.42
500103060,12:00-14:00,11.0,8.23
500103060,14:00-16:00,7.32,6.69
500103060,16:00-18:00,8.01,7.0
500103060,18:00-20:00,7.29,4.83
500103060,20:00-22:00,4.27,4.17
500103060,22:00-24:00,2.58,1.67
500103061,00:00-02:00,0.58,0.83
500103061,02:00-04:00,0.08,0.58
500103061,04:00-06:00,0.25,0.48
500103061,06:00-08:00,3.61,1.4
500103061,08:00-10:00,3.7,3.25
500103061,10:00-12:00,4.76,3.0
500103061,12:00-14:00,5.07,3.74
500103061,14:00-16:00,4.13,4.85
500103061,16:00-18:00,5.57,3.67
500103061,18:00-20:00,4.15,4.08
500103061,20:00-22:00,1.01,3.99
500103061,22:00-24:00,1.17,1.42
500103062,00:00-02:00,0.75,1.12
500103062,02:00-04:00,0.58,0.59
500103062,04:00-06:00,0.67,0.33
500103062,06:00-08:00,2.83,2.03
500103062,08:00-10:00,5.7,3.18
500103062,10:00-12:00,6.64,5.58
500103062,12:00-14:00,4.97,6.07
500103062,14:00-16:00,6.24,6.27
500103062,16:00-18:00,7.26,4.92
500103062,18:00-20:00,5.94,6.17
500103062,20:00-22:00,3.92,5.46
500103062,22:00-24:00,2.01,3.11
500103063,00:00-02:00,1.0,1.07
500103063,02:00-04:00,1.44,0.29
500103063,04:00-06:00,1.11,0.85
500103063,06:00-08:00,3.33,2.13
500103063,08:00-10:00,7.43,9.62
500103063,10:00-12:00,7.83,10.9
500103063,12:00-14:00,10.27,8.3
500103063,14:00-16:00,8.61,7.2
500103063,16:00-18:00,11.54,8.42
500103063,18:00-20:00,6.18,6.95
500103063,20:00-22:00,3.63,5.15
500103063,22:00-24:00,2.05,3.22
500103064,00:00-02:00,1.5,1.83
500103064,02:00-04:00,0.67,0.83
500103064,04:00-06:00,1.5,0.42
500103064,06:00-08:00,2.75,1.92
500103064,08:00-10:00,5.08,4.25
500103064,10:00-12:00,7.89,5.75
500103064,12:00-14:00,5.98,6.65
500103064,14:00-16:00,6.6,6.72
500103064,16:00-18:00,8.06,8.73
500103064,18:00-20:00,8.77,6.79
500103064,20:00-22:00,3.58,5.54
500103064,22:00-24:00,2.93,4.17
500103065,00:00-02:00,2.33,1.7
500103065,02:00-04:00,0.33,0.4
500103065,04:00-06:00,1.5,0.42
500103065,06:00-08:00,5.67,5.12
500103065,08:00-10:00,10.25,10.6
500103065,10:00-12:00,9.2,10.51
500103065,12:00-14:00,9.47,7.59
500103065,14:00-16:00,8.38,8.45
500103065,16:00-18:00,9.03,9.28
500103065,18:00-20:00,8.73,10.07
500103065,20:00-22:00,6.21,5.33
500103065,22:00-24:00,1.94,4.04
500103066,00:00-02:00,1.56,1.3
500103066,02:00-04:00,0.43,0.83
500103066,04:00-06:00,1.0,1.01
500103066,06:00-08:00,3.58,2.12
500103066,08:00-10:00,7.31,6.92
500103066,10:00-12:00,7.1,5.83
500103066,12:00-14:00,8.58,7.56
500103066,14:00-16:00,7.68,9.02
500103066,16:00-18:00,12.23,12.56
500103066,18:00-20:00,11.44,12.25
500103066,20:00-22:00,4.96,8.63
500103066,22:00-24:00,5.02,5.09
500103068,00:00-02:00,1.0,1.03
500103068,02:00-04:00,0.33,0.65
500103068,04:00-06:00,0.83,0.19
500103068,06:00-08:00,3.33,2.4
500103068,08:00-10:00,7.14,2.84
500103068,10:00-12:00,5.74,3.67
500103068,12:00-14:00,6.15,5.07
500103068,14:00-16:00,4.83,5.43
500103068,16:00-18:00,5.74,6.0
500103068,18:00-20:00,3.5,4.08
500103068,20:00-22:00,1.75,5.17
500103068,22:00-24:00,0.42,2.66
500103069,00:00-02:00,1.23,1.01
500103069,02:00-04:00,1.61,0.86
500103069,04:00-06:00,1.54,1.65
500103069,06:00-08:00,4.28,3.92
500103069,08:00-10:00,7.61,6.08
500103069,10:00-12:00,9.06,7.42
500103069,12:00-14:00,9.77,7.98
500103069,14:00-16:00,8.86,6.77
500103069,16:00-18:00,10.13,10.67
500103069,18:00-20:00,10.73,9.43
500103069,20:00-22:00,6.09,9.17
500103069,22:00-24:00,5.73,3.18
500103070,00:00-02:00,0.75,1.3
500103070,02:00-04:00,0.25,0.58
500103070,04:00-06:00,1.17,0.51
500103070,06:00-08:00,3.25,1.5
500103070,08:00-10:00,4.75,4.17
500103070,10:00-12:00,4.37,3.08
500103070,12:00-14:00,4.88,4.4
500103070,14:00-16:00,5.79,4.26
500103070,16:00-18:00,5.48,5.0
500103070,18:00-20:00,3.61,5.17
500103070,20:00-22:00,3.42,4.5
500103070,22:00-24:00,1.09,3.2
500103071,00:00-02:00,1.13,1.0
500103071,02:00-04:00,0.64,0.25
500103071,04:00-06:00,0.25,0.33
500103071,06:00-08:00,2.32,1.5
500103071,08:00-10:00,3.32,4.33
500103071,10:00-12:00,4.68,2.92
500103071,12:00-14:00,4.68,6.48
500103071,14:00-16:00,6.97,5.6
500103071,16:00-18:00,8.19,5.75
500103071,18:00-20:00,4.84,4.83
500103071,20:00-22:00,4.94,4.0
500103071,22:00-24:00,1.98,2.51
500103072,00:00-02:00,1.93,1.42
500103072,02:00-04:00,0.42,0.5
500103072,04:00-06:00,0.17,1.67
500103072,06:00-08:00,3.72,2.08
500103072,08:00-10:00,5.73,5.33
500103072,10:00-12:00,9.47,7.71
500103072,12:00-14:00,8.77,8.31
500103072,14:00-16:00,9.21,7.44
500103072,16:00-18:00,10.0,10.58
500103072,18:00-20:00,10.81,10.44
500103072,20:00-22:00,6.63,4.83
500103072,22:00-24:00,3.3,3.26
500103073,00:00-02:00,0.83,1.2
500103073,02:00-04:00,0.17,0.25
500103073,04:00-06:00,1.33,0.74
500103073,06:00-08:00,2.75,1.83
500103073,08:00-10:00,4.75,3.38
500103073,10:00-12:00,6.69,3.42
500103073,12:00-14:00,7.7,5.82
500103073,14:00-16:00,7.11,6.94
500103073,16:00-18:00,5.47,6.42
500103073,18:00-20:00,5.46,4.92
500103073,20:00-22:00,3.08,4.25
500103073,22:00-24:00,1.34,4.65
500103074,00:00-02:00,0.17,1.17
500103074,02:00-04:00,0.25,0.08
500103074,04:00-06:00,0.42,0.33
500103074,06:00-08:00,1.5,1.83
500103074,08:00-10:00,3.42,1.42
500103074,10:00-12:00,4.59,2.83
500103074,12:00-14:00,3.02,1.75
500103074,14:00-16:00,2.1,2.09
500103074,16:00-18:00,2.44,2.42
500103074,18:00-20:00,1.67,3.75
500103074,20:00-22:00,1.25,1.5
500103074,22:00-24:00,0.42,0.92
500103075,00:00-02:00,0.08,0.25
500103075,02:00-04:00,0.08,0.08
500103075,04:00-06:00,0.25,0.17
500103075,06:00-08:00,1.08,1.17
500103075,08:00-10:00,1.83,1.33
500103075,10:00-12:00,1.92,2.08
500103075,12:00-14:00,2.16,1.75
500103075,14:00-16:00,5.01,3.01
500103075,16:00-18:00,4.47,4.0
500103075,18:00-20:00,2.5,4.08
500103075,20:00-22:00,1.8,2.0
500103075,22:00-24:00,0.92,0.75
500103076,00:00-02:00,0.83,0.25
500103076,02:00-04:00,0.58,0.17
500103076,04:00-06:00,0.42,0.58
500103076,06:00-08:00,0.92,0.92
500103076,08:00-10:00,1.5,2.0
500103076,10:00-12:00,2.0,3.58
500103076,12:00-14:00,2.74,2.52
500103076,14:00-16:00,4.09,2.84
500103076,16:00-18:00,4.92,3.83
500103076,18:00-20:00,2.92,4.75
500103076,20:00-22:00,2.33,2.33
500103076,22:00-24:00,0.75,0.84
500103077,00:00-02:00,0.33,0.58
500103077,02:00-04:00,0.0,0.0
500103077,04:00-06:00,0.0,1.67
500103077,06:00-08:00,1.88,0.92
500103077,08:00-10:00,4.06,3.5
500103077,10:00-12:00,4.97,6.58
500103077,12:00-14:00,4.44,3.32
500103077,14:00-16:00,3.47,2.51
500103077,16:00-18:00,4.87,3.0
500103077,18:00-20:00,2.43,2.0
500103077,20:00-22:00,2.02,3.42
500103077,22:00-24:00,1.69,1.92
500103078,00:00-02:00,0.17,0.42
500103078,02:00-04:00,0.42,0.08
500103078,04:00-06:00,0.25,0.08
500103078,06:00-08:00,1.42,2.33
500103078,08:00-10:00,3.09,1.58
500103078,10:00-12:00,3.57,1.75
500103078,12:00-14:00,3.43,1.75
500103078,14:00-16:00,3.46,3.18
500103078,16:00-18:00,2.67,3.33
500103078,18:00-20:00,2.29,3.83
500103078,20:00-22:00,1.5,1.92
500103078,22:00-24:00,0.75,0.33
500103079,00:00-02:00,1.21,0.92
500103079,02:00-04:00,0.36,0.92
500103079,04:00-06:00,0.08,0.17
500103079,06:00-08:00,2.82,2.67
500103079,08:00-10:00,3.86,5.83
500103079,10:00-12:00,6.48,7.14
500103079,12:00-14:00,6.65,6.68
500103079,14:00-16:00,7.6,6.11
500103079,16:00-18:00,7.92,5.58
500103079,18:00-20:00,6.1,5.58
500103079,20:00-22:00,4.76,3.75
500103079,22:00-24:00,2.65,2.01
500103080,00:00-02:00,0.58,0.21
500103080,02:00-04:00,0.58,0.17
500103080,04:00-06:00,0.5,0.0
500103080,06:00-08:00,1.92,1.72
500103080,08:00-10:00,3.75,3.63
500103080,10:00-12:00,6.59,5.04
500103080,12:00-14:00,3.75,4.4
500103080,14:00-16:00,3.64,5.15
500103080,16:00-18:00,6.67,4.63
500103080,18:00-20:00,3.75,4.8
500103080,20:00-22:00,1.0,2.18
500103080,22:00-24:00,0.84,1.23
500103081,00:00-02:00,0.6,1.66
500103081,02:00-04:00,0.58,0.54
500103081,04:00-06:00,0.58,0.6
500103081,06:00-08:00,1.5,1.33
500103081,08:00-10:00,5.42,3.8
500103081,10:00-12:00,6.4,5.1
500103081,12:00-14:00,5.41,5.65
500103081,14:00-16:00,6.82,3.73
500103081,16:00-18:00,5.18,8.12
500103081,18:00-20:00,6.75,6.41
500103081,20:00-22:00,3.41,3.82
500103081,22:00-24:00,1.73,2.66
500103082,00:00-02:00,3.2,3.42
500103082,02:00-04:00,0.67,0.5
500103082,04:00-06:00,1.17,2.33
500103082,06:00-08:00,5.58,6.33
500103082,08:00-10:00,11.17,12.75
500103082,10:00-12:00,17.0,17.87
500103082,12:00-14:00,19.58,18.03
500103082,14:00-16:00,18.69,17.3
500103082,16:00-18:00,17.35,16.33
500103082,18:00-20:00,17.98,16.5
500103082,20:00-22:00,14.22,13.92
500103082,22:00-24:00,8.83,7.78
500103083,00:00-02:00,0.5,1.17
500103083,02:00-04:00,0.25,0.5
500103083,04:00-06:00,0.33,0.25
500103083,06:00-08:00,1.75,0.75
500103083,08:00-10:00,5.7,2.67
500103083,10:00-12:00,5.84,4.33
500103083,12:00-14:00,6.11,2.49
500103083,14:00-16:00,6.2,4.35
500103083,16:00-18:00,4.91,7.92
500103083,18:00-20:00,4.96,5.67
500103083,20:00-22:00,3.25,4.92
500103083,22:00-24:00,1.84,2.18
500103084,00:00-02:00,3.01,2.25
500103084,02:00-04:00,1.54,0.42
500103084,04:00-06:00,0.69,1.67
500103084,06:00-08:00,4.6,5.92
500103084,08:00-10:00,5.42,9.33
500103084,10:00-12:00,8.67,11.39
500103084,12:00-14:00,9.64,12.94
500103084,14:00-16:00,14.37,8.8
500103084,16:00-18:00,12.79,7.0
500103084,18:00-20:00,10.7,7.17
500103084,20:00-22:00,14.56,4.25
500103084,22:00-24:00,6.99,5.36
500103085,00:00-02:00,1.0,1.15
500103085,02:00-04:00,0.0,0.67
500103085,04:00-06:00,0.42,0.08
500103085,06:00-08:00,2.33,1.8
500103085,08:00-10:00,4.42,4.03
500103085,10:00-12:00,3.92,4.25
500103085,12:00-14:00,4.49,4.68
500103085,14:00-16:00,5.1,5.04
500103085,16:00-18:00,5.81,3.59
500103085,18:00-20:00,4.03,5.42
500103085,20:00-22:00,3.25,4.04
500103085,22:00-24:00,1.67,1.12
500103086,00:00-02:00,0.81,0.92
500103086,02:00-04:00,0.1,0.17
500103086,04:00-06:00,0.17,0.83
500103086,06:00-08:00,1.89,1.08
500103086,08:00-10:00,4.98,4.09
500103086,10:00-12:00,5.98,4.17
500103086,12:00-14:00,6.98,6.57
500103086,14:00-16:00,10.22,7.86
500103086,16:00-18:00,8.84,6.33
500103086,18:00-20:00,7.22,7.17
500103086,20:00-22:00,6.01,4.7
500103086,22:00-24:00,3.93,3.26
500103087,00:00-02:00,0.51,0.92
500103087,02:00-04:00,0.17,0.25
500103087,04:00-06:00,0.42,0.75
500103087,06:00-08:00,1.58,1.67
500103087,08:00-10:00,4.22,2.42
500103087,10:00-12:00,4.95,4.17
500103087,12:00-14:00,5.03,3.24
500103087,14:00-16:00,3.61,4.18
500103087,16:00-18:00,4.85,2.33
500103087,18:00-20:00,3.22,3.0
500103087,20:00-22:00,1.14,1.08
500103087,22:00-24:00,1.31,1.76
500103088,00:00-02:00,1.69,1.08
500103088,02:00-04:00,0.86,0.5
500103088,04:00-06:00,0.09,0.67
500103088,06:00-08:00,1.17,0.92
500103088,08:00-10:00,1.67,2.25
500103088,10:00-12:00,3.25,4.0
500103088,12:00-14:00,3.76,4.99
500103088,14:00-16:00,5.01,3.43
500103088,16:00-18:00,4.08,3.83
500103088,18:00-20:00,4.56,3.17
500103088,20:00-22:00,2.75,2.08
500103088,22:00-24:00,1.59,1.67
500103089,00:00-02:00,0.67,0.74
500103089,02:00-04:00,0.5,0.44
500103089,04:00-06:00,0.08,0.52
500103089,06:00-08:00,2.06,0.75
500103089,08:00-10:00,2.26,1.75
500103089,10:00-12:00,2.92,3.85
500103089,12:00-14:00,3.52,3.13
500103089,14:00-16:00,4.74,6.04
500103089,16:00-18:00,8.26,8.07
500103089,18:00-20:00,6.25,4.63
500103089,20:00-22:00,3.22,3.51
500103089,22:00-24:00,1.6,1.58
500104001,00:00-02:00,1.67,1.68
500104001,02:00-04:00,0.17,0.17
500104001,04:00-06:00,1.42,1.48
500104001,06:00-08:00,3.33,3.95
500104001,08:00-10:00,7.5,6.96
500104001,10:00-12:00,9.33,6.55
500104001,12:00-14:00,7.82,8.48
500104001,14:00-16:00,6.75,6.28
500104001,16:00-18:00,10.35,8.57
500104001,18:00-20:00,11.13,10.91
500104001,20:00-22:00,6.12,8.2
500104001,22:00-24:00,2.76,4.37
500104002,00:00-02:00,0.5,1.67
500104002,02:00-04:00,0.08,0.33
500104002,04:00-06:00,1.08,0.42
500104002,06:00-08:00,2.25,1.58
500104002,08:00-10:00,4.08,4.08
500104002,10:00-12:00,3.17,3.72
500104002,12:00-14:00,3.09,3.4
500104002,14:00-16:00,5.51,3.97
500104002,16:00-18:00,6.75,6.91
500104002,18:00-20:00,5.23,4.69
500104002,20:00-22:00,3.96,4.78
500104002,22:00-24:00,2.01,3.12
500104003,00:00-02:00,0.75,2.25
500104003,02:00-04:00,0.5,0.33
500104003,04:00-06:00,2.0,3.08
500104003,06:00-08:00,5.83,2.67
500104003,08:00-10:00,11.75,10.25
500104003,10:00-12:00,12.49,9.08
500104003,12:00-14:00,13.82,7.16
500104003,14:00-16:00,10.46,10.36
500104003,16:00-18:00,10.61,10.08
500104003,18:00-20:00,9.24,11.5
500104003,20:00-22:00,10.17,12.0
500104003,22:00-24:00,2.68,7.7
500104004,00:00-02:00,2.92,5.52
500104004,02:00-04:00,1.75,0.75
500104004,04:00-06:00,2.5,1.5
500104004,06:00-08:00,14.5,3.42
500104004,08:00-10:00,18.08,17.58
500104004,10:00-12:00,17.25,10.25
500104004,12:00-14:00,17.34,11.55
500104004,14:00-16:00,10.85,12.45
500104004,16:00-18:00,13.9,15.92
500104004,18:00-20:00,16.83,18.42
500104004,20:00-22:00,11.83,19.0
500104004,22:00-24:00,4.69,13.89
500104005,00:00-02:00,0.38,0.42
500104005,02:00-04:00,0.0,0.33
500104005,04:00-06:00,0.83,0.25
500104005,06:00-08:00,1.0,1.5
500104005,08:00-10:00,2.69,2.58
500104005,10:00-12:00,3.5,3.17
500104005,12:00-14:00,3.72,3.07
500104005,14:00-16:00,2.66,1.67
500104005,16:00-18:00,2.9,3.0
500104005,18:00-20:00,2.38,1.67
500104005,20:00-22:00,1.55,3.42
500104005,22:00-24:00,1.0,2.26
500104006,00:00-02:00,2.08,1.62
500104006,02:00-04:00,0.33,0.36
500104006,04:00-06:00,0.92,1.16
500104006,06:00-08:00,3.17,0.83
500104006,08:00-10:00,6.21,7.33
500104006,10:00-12:00,9.36,6.58
500104006,12:00-14:00,5.14,5.57
500104006,14:00-16:00,6.76,5.93
500104006,16:00-18:00,5.87,5.58
500104006,18:00-20:00,6.59,8.67
500104006,20:00-22:00,6.65,7.62
500104006,22:00-24:00,2.43,5.1
500104007,00:00-02:00,1.0,5.58
500104007,02:00-04:00,0.58,0.75
500104007,04:00-06:00,0.92,1.08
500104007,06:00-08:00,7.33,3.75
500104007,08:00-10:00,12.46,16.0
500104007,10:00-12:00,16.08,16.05
500104007,12:00-14:00,19.4,17.02
500104007,14:00-16:00,19.17,16.55
500104007,16:00-18:00,18.48,17.33
500104007,18:00-20:00,15.92,20.0
500104007,20:00-22:00,15.0,9.99
500104007,22:00-24:00,5.03,6.11
500104008,00:00-02:00,1.1,1.75
500104008,02:00-04:00,0.25,0.25
500104008,04:00-06:00,0.33,1.58
500104008,06:00-08:00,2.5,4.58
500104008,08:00-10:00,4.92,8.33
500104008,10:00-12:00,9.58,12.5
500104008,12:00-14:00,8.14,18.77
500104008,14:00-16:00,11.62,21.14
500104008,16:00-18:00,16.17,18.84
500104008,18:00-20:00,17.58,12.69
500104008,20:00-22:00,23.18,7.08
500104008,22:00-24:00,4.19,2.85
500104009,00:00-02:00,1.08,1.75
500104009,02:00-04:00,0.5,0.5
500104009,04:00-06:00,1.58,0.92
500104009,06:00-08:00,6.17,10.24
500104009,08:00-10:00,14.5,14.82
500104009,10:00-12:00,18.42,10.42
500104009,12:00-14:00,13.42,12.47
500104009,14:00-16:00,9.56,16.16
500104009,16:00-18:00,15.25,14.08
500104009,18:00-20:00,16.32,11.0
500104009,20:00-22:00,6.49,9.0
500104009,22:00-24:00,4.18,4.1
500104010,00:00-02:00,1.27,1.75
500104010,02:00-04:00,0.33,0.17
500104010,04:00-06:00,0.0,0.33
500104010,06:00-08:00,2.5,3.17
500104010,08:00-10:00,4.0,12.69
500104010,10:00-12:00,19.17,22.03
500104010,12:00-14:00,12.3,14.93
500104010,14:00-16:00,14.79,16.24
500104010,16:00-18:00,14.58,16.82
500104010,18:00-20:00,12.58,12.7
500104010,20:00-22:00,20.18,7.28
500104010,22:00-24:00,6.85,4.94
500104012,00:00-02:00,1.09,2.67
500104012,02:00-04:00,0.17,0.25
500104012,04:00-06:00,0.5,1.67
500104012,06:00-08:00,1.75,3.33
500104012,08:00-10:00,5.5,4.92
500104012,10:00-12:00,9.75,14.17
500104012,12:00-14:00,9.56,16.26
500104012,14:00-16:00,10.86,19.04
500104012,16:00-18:00,13.75,18.33
500104012,18:00-20:00,20.9,14.29
500104012,20:00-22:00,11.88,7.05
500104012,22:00-24:00,2.34,2.68
500104013,00:00-02:00,0.58,0.33
500104013,02:00-04:00,0.42,0.42
500104013,04:00-06:00,0.25,0.25
500104013,06:00-08:00,3.36,2.08
500104013,08:00-10:00,4.21,4.52
500104013,10:00-12:00,5.04,5.04
500104013,12:00-14:00,5.82,6.25
500104013,14:00-16:00,5.29,4.01
500104013,16:00-18:00,6.9,3.9
500104013,18:00-20:00,4.64,5.17
500104013,20:00-22:00,3.14,4.42
500104013,22:00-24:00,0.92,2.43
500104014,00:00-02:00,0.5,1.92
500104014,02:00-04:00,0.5,0.33
500104014,04:00-06:00,1.67,0.67
500104014,06:00-08:00,5.92,3.83
500104014,08:00-10:00,11.25,9.92
500104014,10:00-12:00,11.58,8.42
500104014,12:00-14:00,11.05,9.89
500104014,14:00-16:00,11.59,11.11
500104014,16:00-18:00,12.71,9.0
500104014,18:00-20:00,10.63,8.92
500104014,20:00-22:00,7.1,9.83
500104014,22:00-24:00,2.34,8.12
500104015,00:00-02:00,0.83,1.17
500104015,02:00-04:00,0.25,0.0
500104015,04:00-06:00,0.08,0.17
500104015,06:00-08:00,2.17,2.42
500104015,08:00-10:00,3.5,3.53
500104015,10:00-12:00,4.12,3.68
500104015,12:00-14:00,3.37,2.49
500104015,14:00-16:00,2.71,2.84
500104015,16:00-18:00,3.75,2.75
500104015,18:00-20:00,2.7,2.92
500104015,20:00-22:00,2.77,4.08
500104015,22:00-24:00,1.92,2.09
500104016,00:00-02:00,0.18,1.0
500104016,02:00-04:00,0.92,0.92
500104016,04:00-06:00,1.42,2.42
500104016,06:00-08:00,2.33,5.42
500104016,08:00-10:00,6.58,7.16
500104016,10:00-12:00,6.5,6.04
500104016,12:00-14:00,6.15,6.25
500104016,14:00-16:00,6.85,5.81
500104016,16:00-18:00,10.92,8.51
500104016,18:00-20:00,5.21,4.33
500104016,20:00-22:00,2.45,2.42
500104016,22:00-24:00,4.68,2.09
500104018,00:00-02:00,1.33,2.21
500104018,02:00-04:00,0.17,0.17
500104018,04:00-06:00,0.67,0.67
500104018,06:00-08:00,5.13,4.15
500104018,08:00-10:00,8.26,7.01
500104018,10:00-12:00,8.57,9.44
500104018,12:00-14:00,10.0,7.98
500104018,14:00-16:00,8.02,8.09
500104018,16:00-18:00,10.71,11.13
500104018,18:00-20:00,11.08,12.05
500104018,20:00-22:00,9.52,9.48
500104018,22:00-24:00,6.58,6.09
500104019,00:00-02:00,1.17,1.31
500104019,02:00-04:00,0.0,0.25
500104019,04:00-06:00,0.08,0.33
500104019,06:00-08:00,3.5,2.75
500104019,08:00-10:00,5.55,3.0
500104019,10:00-12:00,6.88,4.15
500104019,12:00-14:00,7.15,3.66
500104019,14:00-16:00,4.67,4.43
500104019,16:00-18:00,5.23,3.83
500104019,18:00-20:00,5.9,5.06
500104019,20:00-22:00,3.52,4.47
500104019,22:00-24:00,2.61,4.51
500104020,00:00-02:00,3.22,2.92
500104020,02:00-04:00,0.25,0.5
500104020,04:00-06:00,0.67,0.33
500104020,06:00-08:00,3.33,2.75
500104020,08:00-10:00,6.58,8.42
500104020,10:00-12:00,8.36,7.83
500104020,12:00-14:00,9.15,7.4
500104020,14:00-16:00,9.43,8.77
500104020,16:00-18:00,10.97,10.25
500104020,18:00-20:00,8.46,8.2
500104020,20:00-22:00,6.25,6.17
500104020,22:00-24:00,6.16,5.19
500104021,00:00-02:00,1.33,1.67
500104021,02:00-04:00,0.33,0.17
500104021,04:00-06:00,0.67,0.75
500104021,06:00-08:00,7.58,2.92
500104021,08:00-10:00,10.96,7.83
500104021,10:00-12:00,9.09,4.75
500104021,12:00-14:00,9.23,7.15
500104021,14:00-16:00,7.37,9.11
500104021,16:00-18:00,8.71,7.58
500104021,18:00-20:00,6.5,7.75
500104021,20:00-22:00,2.92,8.25
500104021,22:00-24:00,1.26,5.86
500104022,00:00-02:00,0.5,0.33
500104022,02:00-04:00,0.08,1.17
500104022,04:00-06:00,0.83,2.58
500104022,06:00-08:00,8.01,1.58
500104022,08:00-10:00,3.41,3.67
500104022,10:00-12:00,3.38,4.58
500104022,12:00-14:00,2.41,2.66
500104022,14:00-16:00,5.09,3.18
500104022,16:00-18:00,4.23,6.58
500104022,18:00-20:00,7.3,4.25
500104022,20:00-22:00,1.83,4.02
500104022,22:00-24:00,0.84,3.01
500104023,00:00-02:00,1.25,2.67
500104023,02:00-04:00,0.17,0.33
500104023,04:00-06:00,1.08,1.08
500104023,06:00-08:00,7.25,3.33
500104023,08:00-10:00,11.92,10.92
500104023,10:00-12:00,13.58,12.92
500104023,12:00-14:00,11.35,7.06
500104023,14:00-16:00,7.73,8.52
500104023,16:00-18:00,9.17,11.6
500104023,18:00-20:00,12.16,13.42
500104023,20:00-22:00,8.17,9.25
500104023,22:00-24:00,5.44,7.62
500104024,00:00-02:00,0.58,1.42
500104024,02:00-04:00,0.75,0.58
500104024,04:00-06:00,0.92,2.0
500104024,06:00-08:00,6.17,1.67
500104024,08:00-10:00,4.25,2.25
500104024,10:00-12:00,5.42,3.17
500104024,12:00-14:00,6.42,5.4
500104024,14:00-16:00,6.33,5.26
500104024,16:00-18:00,4.93,5.42
500104024,18:00-20:00,6.25,6.67
500104024,20:00-22:00,3.08,6.5
500104024,22:00-24:00,2.59,4.27
500104025,00:00-02:00,0.17,1.42
500104025,02:00-04:00,0.25,0.53
500104025,04:00-06:00,0.83,1.17
500104025,06:00-08:00,5.3,2.58
500104025,08:00-10:00,6.05,7.36
500104025,10:00-12:00,6.42,4.58
500104025,12:00-14:00,8.17,6.8
500104025,14:00-16:00,7.31,4.27
500104025,16:00-18:00,6.77,6.0
500104025,18:00-20:00,6.43,7.33
500104025,20:00-22:00,5.08,6.33
500104025,22:00-24:00,3.43,4.09
500104026,00:00-02:00,1.0,2.08
500104026,02:00-04:00,0.33,0.33
500104026,04:00-06:00,0.67,2.17
500104026,06:00-08:00,2.83,2.67
500104026,08:00-10:00,5.42,4.08
500104026,10:00-12:00,5.83,5.17
500104026,12:00-14:00,7.69,5.86
500104026,14:00-16:00,5.05,4.93
500104026,16:00-18:00,7.28,4.08
500104026,18:00-20:00,4.94,6.17
500104026,20:00-22:00,4.15,4.0
500104026,22:00-24:00,3.04,4.35
500104027,00:00-02:00,1.92,1.25
500104027,02:00-04:00,1.0,0.17
500104027,04:00-06:00,0.5,0.67
500104027,06:00-08:00,2.42,5.25
500104027,08:00-10:00,7.08,8.42
500104027,10:00-12:00,7.67,5.17
500104027,12:00-14:00,4.99,4.32
500104027,14:00-16:00,3.59,3.93
500104027,16:00-18:00,4.5,7.67
500104027,18:00-20:00,6.83,7.58
500104027,20:00-22:00,5.58,4.75
500104027,22:00-24:00,4.69,3.01
500104028,00:00-02:00,2.79,3.42
500104028,02:00-04:00,0.25,0.17
500104028,04:00-06:00,0.17,0.08
500104028,06:00-08:00,2.84,1.92
500104028,08:00-10:00,3.37,6.33
500104028,10:00-12:00,5.9,5.58
500104028,12:00-14:00,7.6,6.81
500104028,14:00-16:00,8.82,4.93
500104028,16:00-18:00,10.34,8.67
500104028,18:00-20:00,7.6,9.08
500104028,20:00-22:00,7.93,6.5
500104028,22:00-24:00,7.32,5.36
500104029,00:00-02:00,0.0,0.08
500104029,02:00-04:00,0.0,0.0
500104029,04:00-06:00,0.25,0.58
500104029,06:00-08:00,1.46,0.75
500104029,08:00-10:00,1.46,1.58
500104029,10:00-12:00,1.83,1.75
500104029,12:00-14:00,2.06,2.41
500104029,14:00-16:00,3.53,3.01
500104029,16:00-18:00,4.7,3.33
500104029,18:00-20:00,1.73,2.58
500104029,20:00-22:00,2.94,1.92
500104029,22:00-24:00,1.0,0.33
500104030,00:00-02:00,2.06,0.58
500104030,02:00-04:00,0.83,0.0
500104030,04:00-06:00,1.17,0.08
500104030,06:00-08:00,0.17,0.33
500104030,08:00-10:00,0.5,2.83
500104030,10:00-12:00,1.58,4.33
500104030,12:00-14:00,1.41,7.99
500104030,14:00-16:00,2.09,4.04
500104030,16:00-18:00,1.83,2.77
500104030,18:00-20:00,1.58,1.78
500104030,20:00-22:00,3.75,0.33
500104030,22:00-24:00,5.18,0.59
500104031,00:00-02:00,4.19,2.42
500104031,02:00-04:00,1.17,0.42
500104031,04:00-06:00,0.33,2.42
500104031,06:00-08:00,6.33,19.83
500104031,08:00-10:00,27.08,23.58
500104031,10:00-12:00,23.0,32.58
500104031,12:00-14:00,16.12,23.64
500104031,14:00-16:00,23.23,18.61
500104031,16:00-18:00,24.25,27.23
500104031,18:00-20:00,27.92,21.22
500104031,20:00-22:00,29.17,13.25
500104031,22:00-24:00,17.47,9.37
500104032,00:00-02:00,1.42,1.73
500104032,02:00-04:00,0.83,0.42
500104032,04:00-06:00,1.42,0.25
500104032,06:00-08:00,3.75,0.83
500104032,08:00-10:00,5.7,3.67
500104032,10:00-12:00,6.5,6.58
500104032,12:00-14:00,5.42,5.98
500104032,14:00-16:00,5.65,4.76
500104032,16:00-18:00,5.43,5.42
500104032,18:00-20:00,4.2,5.42
500104032,20:00-22:00,3.17,5.0
500104032,22:00-24:00,1.67,3.85
500104033,00:00-02:00,0.42,1.08
500104033,02:00-04:00,0.17,0.17
500104033,04:00-06:00,0.42,0.25
500104033,06:00-08:00,2.92,2.17
500104033,08:00-10:00,7.33,4.67
500104033,10:00-12:00,7.0,4.33
500104033,12:00-14:00,6.68,6.32
500104033,14:00-16:00,5.57,4.85
500104033,16:00-18:00,4.42,7.42
500104033,18:00-20:00,7.33,5.75
500104033,20:00-22:00,3.17,5.67
500104033,22:00-24:00,2.01,3.34
500104034,00:00-02:00,1.87,2.5
500104034,02:00-04:00,0.25,0.42
500104034,04:00-06:00,0.67,1.25
500104034,06:00-08:00,3.77,4.83
500104034,08:00-10:00,6.83,8.25
500104034,10:00-12:00,8.75,10.26
500104034,12:00-14:00,8.39,10.25
500104034,14:00-16:00,8.69,7.01
500104034,16:00-18:00,8.75,9.94
500104034,18:00-20:00,9.8,8.42
500104034,20:00-22:00,5.84,4.85
500104034,22:00-24:00,6.05,2.43
500104035,00:00-02:00,2.44,4.25
500104035,02:00-04:00,0.83,0.58
500104035,04:00-06:00,2.0,0.58
500104035,06:00-08:00,6.67,8.21
500104035,08:00-10:00,15.08,14.33
500104035,10:00-12:00,15.17,16.08
500104035,12:00-14:00,16.87,15.12
500104035,14:00-16:00,15.79,14.29
500104035,16:00-18:00,17.92,21.99
500104035,18:00-20:00,16.08,22.08
500104035,20:00-22:00,12.83,12.95
500104035,22:00-24:00,9.37,7.37
500104036,00:00-02:00,0.42,0.75
500104036,02:00-04:00,0.08,0.42
500104036,04:00-06:00,0.33,0.42
500104036,06:00-08:00,3.83,5.25
500104036,08:00-10:00,2.75,2.42
500104036,10:00-12:00,2.58,2.75
500104036,12:00-14:00,3.76,2.49
500104036,14:00-16:00,3.62,3.26
500104036,16:00-18:00,4.55,3.83
500104036,18:00-20:00,3.3,3.67
500104036,20:00-22:00,2.84,3.67
500104036,22:00-24:00,1.69,1.67
500104037,00:00-02:00,0.29,0.5
500104037,02:00-04:00,0.0,0.08
500104037,04:00-06:00,0.0,0.08
500104037,06:00-08:00,1.67,2.33
500104037,08:00-10:00,1.42,6.25
500104037,10:00-12:00,8.33,9.35
500104037,12:00-14:00,8.31,6.63
500104037,14:00-16:00,5.52,5.47
500104037,16:00-18:00,13.16,10.88
500104037,18:00-20:00,6.27,3.0
500104037,20:00-22:00,1.9,1.83
500104037,22:00-24:00,0.88,0.08
500104038,00:00-02:00,0.25,0.25
500104038,02:00-04:00,0.79,0.08
500104038,04:00-06:00,0.95,1.0
500104038,06:00-08:00,2.25,3.75
500104038,08:00-10:00,3.42,13.5
500104038,10:00-12:00,7.83,8.67
500104038,12:00-14:00,10.64,11.55
500104038,14:00-16:00,11.78,9.28
500104038,16:00-18:00,19.38,8.83
500104038,18:00-20:00,7.0,5.17
500104038,20:00-22:00,4.45,4.58
500104038,22:00-24:00,0.75,0.5
500104039,00:00-02:00,3.33,3.86
500104039,02:00-04:00,2.25,1.83
500104039,04:00-06:00,1.42,1.17
500104039,06:00-08:00,5.25,8.25
500104039,08:00-10:00,10.58,10.07
500104039,10:00-12:00,13.75,16.02
500104039,12:00-14:00,15.21,13.39
500104039,14:00-16:00,15.46,12.22
500104039,16:00-18:00,17.66,14.92
500104039,18:00-20:00,12.17,12.92
500104039,20:00-22:00,8.58,9.33
500104039,22:00-24:00,2.93,4.69
500104040,00:00-02:00,1.03,1.33
500104040,02:00-04:00,0.08,0.33
500104040,04:00-06:00,0.83,1.58
500104040,06:00-08:00,1.58,2.08
500104040,08:00-10:00,2.75,5.14
500104040,10:00-12:00,4.08,5.76
500104040,12:00-14:00,6.57,7.13
500104040,14:00-16:00,7.02,5.9
500104040,16:00-18:00,6.25,8.36
500104040,18:00-20:00,6.83,4.85
500104040,20:00-22:00,5.58,3.25
500104040,22:00-24:00,3.36,1.09
500104041,00:00-02:00,3.16,2.42
500104041,02:00-04:00,0.42,1.83
500104041,04:00-06:00,0.58,1.92
500104041,06:00-08:00,8.75,10.17
500104041,08:00-10:00,14.24,18.21
500104041,10:00-12:00,14.33,20.72
500104041,12:00-14:00,17.95,24.97
500104041,14:00-16:00,20.22,22.01
500104041,16:00-18:00,16.5,26.69
500104041,18:00-20:00,21.5,19.25
500104041,20:00-22:00,18.88,12.57
500104041,22:00-24:00,12.72,5.77
500104042,00:00-02:00,2.27,1.75
500104042,02:00-04:00,0.33,0.92
500104042,04:00-06:00,0.42,0.42
500104042,06:00-08:00,2.5,4.25
500104042,08:00-10:00,4.17,3.67
500104042,10:00-12:00,4.94,3.08
500104042,12:00-14:00,3.79,3.41
500104042,14:00-16:00,3.34,3.68
500104042,16:00-18:00,4.3,6.0
500104042,18:00-20:00,4.08,5.5
500104042,20:00-22:00,3.58,4.42
500104042,22:00-24:00,4.02,1.51
500104043,00:00-02:00,0.08,0.67
500104043,02:00-04:00,0.5,0.17
500104043,04:00-06:00,1.08,0.08
500104043,06:00-08:00,3.33,4.84
500104043,08:00-10:00,5.17,6.25
500104043,10:00-12:00,6.65,7.17
500104043,12:00-14:00,7.64,6.71
500104043,14:00-16:00,6.1,5.6
500104043,16:00-18:00,6.95,2.67
500104043,18:00-20:00,4.54,4.5
500104043,20:00-22:00,1.61,1.58
500104043,22:00-24:00,0.25,0.75
500104044,00:00-02:00,1.58,2.5
500104044,02:00-04:00,0.33,0.5
500104044,04:00-06:00,0.5,0.25
500104044,06:00-08:00,4.0,4.33
500104044,08:00-10:00,8.17,13.5
500104044,10:00-12:00,11.5,16.09
500104044,12:00-14:00,14.29,14.42
500104044,14:00-16:00,13.7,14.68
500104044,16:00-18:00,15.25,14.08
500104044,18:00-20:00,14.92,12.05
500104044,20:00-22:00,14.47,7.83
500104044,22:00-24:00,6.34,5.61
500104045,00:00-02:00,0.75,0.58
500104045,02:00-04:00,0.0,0.08
500104045,04:00-06:00,0.0,0.17
500104045,06:00-08:00,1.17,1.75
500104045,08:00-10:00,2.83,2.83
500104045,10:00-12:00,3.44,2.58
500104045,12:00-14:00,2.77,0.83
500104045,14:00-16:00,2.81,3.26
500104045,16:00-18:00,2.73,2.67
500104045,18:00-20:00,1.84,1.92
500104045,20:00-22:00,1.64,2.25
500104045,22:00-24:00,0.59,1.67
500104046,00:00-02:00,3.61,3.58
500104046,02:00-04:00,0.63,0.5
500104046,04:00-06:00,0.61,2.0
500104046,06:00-08:00,17.0,18.08
500104046,08:00-10:00,21.83,20.67
500104046,10:00-12:00,21.83,21.5
500104046,12:00-14:00,21.86,24.12
500104046,14:00-16:00,23.73,20.14
500104046,16:00-18:00,29.81,23.7
500104046,18:00-20:00,22.44,22.17
500104046,20:00-22:00,23.36,19.17
500104046,22:00-24:00,15.34,14.98
500104047,00:00-02:00,0.08,1.0
500104047,02:00-04:00,0.08,0.08
500104047,04:00-06:00,1.08,0.33
500104047,06:00-08:00,2.0,0.92
500104047,08:00-10:00,3.08,2.25
500104047,10:00-12:00,3.16,2.17
500104047,12:00-14:00,2.41,2.33
500104047,14:00-16:00,3.32,2.51
500104047,16:00-18:00,4.12,3.75
500104047,18:00-20:00,2.52,3.25
500104047,20:00-22:00,1.75,3.44
500104047,22:00-24:00,1.0,2.37
500104048,00:00-02:00,0.08,0.17
500104048,02:00-04:00,0.92,0.08
500104048,04:00-06:00,0.58,1.0
500104048,06:00-08:00,0.75,1.5
500104048,08:00-10:00,1.75,4.64
500104048,10:00-12:00,3.17,3.23
500104048,12:00-14:00,3.36,5.07
500104048,14:00-16:00,6.43,5.21
500104048,16:00-18:00,5.84,2.02
500104048,18:00-20:00,0.92,1.83
500104048,20:00-22:00,0.5,0.58
500104048,22:00-24:00,0.17,0.67
500104050,00:00-02:00,0.08,0.08
500104050,02:00-04:00,0.0,0.0
500104050,04:00-06:00,0.0,0.0
500104050,06:00-08:00,1.42,0.5
500104050,08:00-10:00,1.45,1.25
500104050,10:00-12:00,2.3,1.75
500104050,12:00-14:00,2.01,1.08
500104050,14:00-16:00,2.26,2.34
500104050,16:00-18:00,2.35,1.83
500104050,18:00-20:00,1.54,3.17
500104050,20:00-22:00,1.1,1.75
500104050,22:00-24:00,0.25,0.67
500104051,00:00-02:00,1.33,2.58
500104051,02:00-04:00,0.75,0.67
500104051,04:00-06:00,0.83,1.08
500104051,06:00-08:00,3.08,2.45
500104051,08:00-10:00,5.5,5.18
500104051,10:00-12:00,5.25,4.5
500104051,12:00-14:00,5.4,4.99
500104051,14:00-16:00,6.6,3.59
500104051,16:00-18:00,4.8,4.92
500104051,18:00-20:00,7.26,6.58
500104051,20:00-22:00,4.5,4.58
500104051,22:00-24:00,1.97,3.35
500104052,00:00-02:00,0.17,0.58
500104052,02:00-04:00,0.0,0.5
500104052,04:00-06:00,0.42,0.08
500104052,06:00-08:00,1.0,0.33
500104052,08:00-10:00,2.42,0.58
500104052,10:00-12:00,0.58,0.5
500104052,12:00-14:00,0.93,0.83
500104052,14:00-16:00,1.38,1.17
500104052,16:00-18:00,0.99,1.17
500104052,18:00-20:00,0.96,2.08
500104052,20:00-22:00,0.75,2.08
500104052,22:00-24:00,0.5,0.75
500104053,00:00-02:00,0.83,1.03
500104053,02:00-04:00,0.17,0.08
500104053,04:00-06:00,0.67,0.42
500104053,06:00-08:00,1.08,1.17
500104053,08:00-10:00,1.83,1.8
500104053,10:00-12:00,2.5,1.88
500104053,12:00-14:00,3.27,2.37
500104053,14:00-16:00,2.93,2.76
500104053,16:00-18:00,3.63,1.92
500104053,18:00-20:00,2.75,3.92
500104053,20:00-22:00,1.67,2.83
500104053,22:00-24:00,0.67,1.01
500104054,00:00-02:00,0.42,1.58
500104054,02:00-04:00,0.83,0.33
500104054,04:00-06:00,1.17,1.0
500104054,06:00-08:00,3.0,1.83
500104054,08:00-10:00,3.0,2.08
500104054,10:00-12:00,4.17,3.67
500104054,12:00-14:00,4.16,2.49
500104054,14:00-16:00,6.37,4.09
500104054,16:00-18:00,6.53,7.83
500104054,18:00-20:00,5.79,6.17
500104054,20:00-22:00,4.08,5.75
500104054,22:00-24:00,1.76,3.18
500104055,00:00-02:00,1.28,1.83
500104055,02:00-04:00,0.08,0.08
500104055,04:00-06:00,0.42,0.17
500104055,06:00-08:00,2.0,3.33
500104055,08:00-10:00,2.75,7.83
500104055,10:00-12:00,9.0,14.5
500104055,12:00-14:00,13.13,13.82
500104055,14:00-16:00,20.0,15.0
500104055,16:00-18:00,18.02,15.08
500104055,18:00-20:00,14.05,15.25
500104055,20:00-22:00,14.28,10.45
500104055,22:00-24:00,5.94,1.76
500104056,00:00-02:00,2.17,1.59
500104056,02:00-04:00,0.67,0.87
500104056,04:00-06:00,1.83,0.77
500104056,06:00-08:00,2.75,3.25
500104056,08:00-10:00,5.83,5.85
500104056,10:00-12:00,4.92,5.61
500104056,12:00-14:00,4.99,4.32
500104056,14:00-16:00,4.68,3.75
500104056,16:00-18:00,6.45,8.73
500104056,18:00-20:00,8.03,6.78
500104056,20:00-22:00,4.27,5.33
500104056,22:00-24:00,2.64,4.21
500104057,00:00-02:00,0.83,0.75
500104057,02:00-04:00,0.08,0.25
500104057,04:00-06:00,0.58,0.58
500104057,06:00-08:00,1.0,0.25
500104057,08:00-10:00,3.76,3.5
500104057,10:00-12:00,3.96,2.92
500104057,12:00-14:00,3.05,3.66
500104057,14:00-16:00,4.08,3.1
500104057,16:00-18:00,3.83,4.78
500104057,18:00-20:00,6.02,5.32
500104057,20:00-22:00,4.15,4.91
500104057,22:00-24:00,0.75,2.0
500104058,00:00-02:00,1.17,0.58
500104058,02:00-04:00,0.33,0.17
500104058,04:00-06:00,0.75,0.0
500104058,06:00-08:00,1.58,0.75
500104058,08:00-10:00,2.33,2.42
500104058,10:00-12:00,2.67,2.33
500104058,12:00-14:00,2.91,2.91
500104058,14:00-16:00,3.26,2.26
500104058,16:00-18:00,3.33,4.17
500104058,18:00-20:00,4.25,4.25
500104058,20:00-22:00,2.0,3.17
500104058,22:00-24:00,0.84,2.34
500104059,00:00-02:00,0.75,1.83
500104059,02:00-04:00,0.58,0.17
500104059,04:00-06:00,0.83,0.58
500104059,06:00-08:00,1.67,1.25
500104059,08:00-10:00,6.22,4.17
500104059,10:00-12:00,5.81,5.33
500104059,12:00-14:00,5.24,5.32
500104059,14:00-16:00,5.22,5.43
500104059,16:00-18:00,6.21,6.42
500104059,18:00-20:00,8.18,6.17
500104059,20:00-22:00,5.4,7.53
500104059,22:00-24:00,2.51,2.01
500104060,00:00-02:00,0.42,1.58
500104060,02:00-04:00,2.42,1.34
500104060,04:00-06:00,0.58,0.5
500104060,06:00-08:00,3.25,2.17
500104060,08:00-10:00,5.67,3.5
500104060,10:00-12:00,4.83,4.83
500104060,12:00-14:00,6.44,4.24
500104060,14:00-16:00,6.28,5.1
500104060,16:00-18:00,6.82,7.33
500104060,18:00-20:00,4.92,6.58
500104060,20:00-22:00,3.83,6.29
500104060,22:00-24:00,2.68,4.81
500104061,00:00-02:00,0.08,0.42
500104061,02:00-04:00,0.25,0.0
500104061,04:00-06:00,0.25,0.67
500104061,06:00-08:00,1.5,1.33
500104061,08:00-10:00,1.83,2.67
500104061,10:00-12:00,3.25,4.4
500104061,12:00-14:00,3.07,4.99
500104061,14:00-16:00,6.6,3.57
500104061,16:00-18:00,3.14,1.17
500104061,18:00-20:00,1.49,2.33
500104061,20:00-22:00,1.08,1.67
500104061,22:00-24:00,0.59,1.26
500104062,00:00-02:00,0.33,0.83
500104062,02:00-04:00,0.25,0.25
500104062,04:00-06:00,0.17,0.42
500104062,06:00-08:00,1.5,1.42
500104062,08:00-10:00,2.08,1.92
500104062,10:00-12:00,2.0,2.08
500104062,12:00-14:00,4.07,3.41
500104062,14:00-16:00,2.17,2.84
500104062,16:00-18:00,3.08,2.67
500104062,18:00-20:00,2.5,2.17
500104062,20:00-22:00,2.17,2.83
500104062,22:00-24:00,3.1,2.09
500104063,00:00-02:00,0.17,0.25
500104063,02:00-04:00,0.08,0.0
500104063,04:00-06:00,0.08,0.5
500104063,06:00-08:00,0.92,1.07
500104063,08:00-10:00,2.68,1.83
500104063,10:00-12:00,2.41,1.58
500104063,12:00-14:00,2.3,2.24
500104063,14:00-16:00,2.38,2.51
500104063,16:00-18:00,2.8,2.67
500104063,18:00-20:00,2.12,1.83
500104063,20:00-22:00,2.08,1.42
500104063,22:00-24:00,1.0,1.92
500104064,00:00-02:00,1.0,1.35
500104064,02:00-04:00,0.75,0.25
500104064,04:00-06:00,0.5,0.67
500104064,06:00-08:00,1.5,0.76
500104064,08:00-10:00,3.0,1.08
500104064,10:00-12:00,2.17,1.83
500104064,12:00-14:00,2.08,1.75
500104064,14:00-16:00,3.09,2.42
500104064,16:00-18:00,3.33,2.33
500104064,18:00-20:00,2.58,2.33
500104064,20:00-22:00,1.17,1.5
500104064,22:00-24:00,0.5,2.93
500104065,00:00-02:00,1.42,1.92
500104065,02:00-04:00,0.5,0.42
500104065,04:00-06:00,1.17,1.75
500104065,06:00-08:00,5.01,4.0
500104065,08:00-10:00,6.8,5.33
500104065,10:00-12:00,10.12,8.17
500104065,12:00-14:00,8.6,8.81
500104065,14:00-16:00,13.19,13.62
500104065,16:00-18:00,17.66,17.16
500104065,18:00-20:00,14.22,12.1
500104065,20:00-22:00,6.85,6.25
500104065,22:00-24:00,2.12,2.76
500104066,00:00-02:00,0.0,0.08
500104066,02:00-04:00,0.0,0.0
500104066,04:00-06:00,0.42,0.0
500104066,06:00-08:00,0.67,0.42
500104066,08:00-10:00,0.67,0.67
500104066,10:00-12:00,0.92,0.25
500104066,12:00-14:00,1.45,0.58
500104066,14:00-16:00,1.5,2.26
500104066,16:00-18:00,1.84,2.25
500104066,18:00-20:00,1.17,1.5
500104066,20:00-22:00,1.0,0.75
500104066,22:00-24:00,0.17,1.34
500104067,00:00-02:00,0.5,0.17
500104067,02:00-04:00,0.08,0.83
500104067,04:00-06:00,0.08,0.08
500104067,06:00-08:00,1.33,0.42
500104067,08:00-10:00,0.5,0.5
500104067,10:00-12:00,0.42,0.58
500104067,12:00-14:00,1.0,0.66
500104067,14:00-16:00,2.77,1.92
500104067,16:00-18:00,1.42,1.75
500104067,18:00-20:00,1.0,1.75
500104067,20:00-22:00,1.75,1.58
500104067,22:00-24:00,0.59,0.92
500104068,00:00-02:00,0.17,0.75
500104068,02:00-04:00,0.0,0.08
500104068,04:00-06:00,0.33,0.17
500104068,06:00-08:00,0.83,0.75
500104068,08:00-10:00,2.19,1.5
500104068,10:00-12:00,2.12,2.33
500104068,12:00-14:00,1.58,1.75
500104068,14:00-16:00,3.45,2.51
500104068,16:00-18:00,5.34,4.42
500104068,18:00-20:00,2.9,3.5
500104068,20:00-22:00,1.08,1.83
500104068,22:00-24:00,1.03,0.5
500104069,00:00-02:00,0.08,0.08
500104069,02:00-04:00,0.0,0.0
500104069,04:00-06:00,0.08,0.25
500104069,06:00-08:00,0.33,1.5
500104069,08:00-10:00,0.5,0.17
500104069,10:00-12:00,0.42,0.42
500104069,12:00-14:00,0.66,0.58
500104069,14:00-16:00,1.34,1.59
500104069,16:00-18:00,1.75,2.17
500104069,18:00-20:00,1.92,0.83
500104069,20:00-22:00,0.25,0.25
500104069,22:00-24:00,0.33,0.33
500104070,00:00-02:00,0.5,1.0
500104070,02:00-04:00,0.17,0.33
500104070,04:00-06:00,0.67,0.33
500104070,06:00-08:00,2.17,2.92
500104070,08:00-10:00,6.99,6.8
500104070,10:00-12:00,8.25,7.92
500104070,12:00-14:00,7.15,8.24
500104070,14:00-16:00,11.03,10.78
500104070,16:00-18:00,10.98,8.97
500104070,18:00-20:00,6.34,5.58
500104070,20:00-22:00,4.87,4.0
500104070,22:00-24:00,2.16,2.01
500104071,00:00-02:00,0.33,1.86
500104071,02:00-04:00,0.0,0.0
500104071,04:00-06:00,1.42,0.35
500104071,06:00-08:00,6.72,3.93
500104071,08:00-10:00,11.13,10.09
500104071,10:00-12:00,13.5,11.33
500104071,12:00-14:00,12.61,10.14
500104071,14:00-16:00,10.98,11.36
500104071,16:00-18:00,12.2,11.32
500104071,18:00-20:00,12.13,14.05
500104071,20:00-22:00,10.84,11.83
500104071,22:00-24:00,2.51,8.21
500104072,00:00-02:00,1.25,2.75
500104072,02:00-04:00,1.33,0.58
500104072,04:00-06:00,1.25,0.25
500104072,06:00-08:00,6.75,3.67
500104072,08:00-10:00,15.69,14.23
500104072,10:00-12:00,15.33,13.92
500104072,12:00-14:00,11.53,9.97
500104072,14:00-16:00,11.32,7.6
500104072,16:00-18:00,10.91,12.42
500104072,18:00-20:00,11.0,14.08
500104072,20:00-22:00,10.83,12.95
500104072,22:00-24:00,3.51,7.04
500104073,00:00-02:00,0.92,3.17
500104073,02:00-04:00,0.5,0.92
500104073,04:00-06:00,0.92,0.08
500104073,06:00-08:00,5.75,3.0
500104073,08:00-10:00,10.0,8.5
500104073,10:00-12:00,8.42,7.51
500104073,12:00-14:00,9.68,8.73
500104073,14:00-16:00,7.19,6.52
500104073,16:00-18:00,8.3,9.0
500104073,18:00-20:00,11.98,11.14
500104073,20:00-22:00,12.34,13.92
500104073,22:00-24:00,4.18,7.45
500104074,00:00-02:00,1.92,1.75
500104074,02:00-04:00,0.08,1.0
500104074,04:00-06:00,0.5,0.75
500104074,06:00-08:00,4.58,1.67
500104074,08:00-10:00,7.67,6.67
500104074,10:00-12:00,9.17,5.92
500104074,12:00-14:00,7.15,5.4
500104074,14:00-16:00,7.19,7.94
500104074,16:00-18:00,7.25,11.58
500104074,18:00-20:00,7.67,8.58
500104074,20:00-22:00,4.83,5.5
500104074,22:00-24:00,3.18,5.02
500104075,00:00-02:00,0.92,0.92
500104075,02:00-04:00,0.33,0.25
500104075,04:00-06:00,0.92,0.25
500104075,06:00-08:00,4.5,2.92
500104075,08:00-10:00,6.33,6.33
500104075,10:00-12:00,6.67,6.25
500104075,12:00-14:00,7.15,6.07
500104075,14:00-16:00,6.27,6.94
500104075,16:00-18:00,8.12,8.83
500104075,18:00-20:00,7.53,6.17
500104075,20:00-22:00,4.83,6.75
500104075,22:00-24:00,1.92,3.18
500104076,00:00-02:00,0.25,0.0
500104076,02:00-04:00,0.08,0.08
500104076,04:00-06:00,0.08,0.58
500104076,06:00-08:00,0.42,1.25
500104076,08:00-10:00,3.58,6.67
500104076,10:00-12:00,5.53,6.25
500104076,12:00-14:00,6.96,6.65
500104076,14:00-16:00,6.21,5.26
500104076,16:00-18:00,9.39,4.42
500104076,18:00-20:00,3.23,3.08
500104076,20:00-22:00,1.98,1.5
500104076,22:00-24:00,1.3,2.01
500104077,00:00-02:00,0.33,0.92
500104077,02:00-04:00,0.0,0.08
500104077,04:00-06:00,0.25,0.58
500104077,06:00-08:00,2.17,2.25
500104077,08:00-10:00,3.22,4.33
500104077,10:00-12:00,4.08,3.25
500104077,12:00-14:00,4.96,5.15
500104077,14:00-16:00,5.43,6.18
500104077,16:00-18:00,7.23,2.08
500104077,18:00-20:00,6.45,4.5
500104077,20:00-22:00,3.03,3.58
500104077,22:00-24:00,3.26,2.68
500104078,00:00-02:00,3.5,3.29
500104078,02:00-04:00,0.17,0.33
500104078,04:00-06:00,1.67,0.67
500104078,06:00-08:00,2.67,0.33
500104078,08:00-10:00,3.33,5.17
500104078,10:00-12:00,4.08,3.71
500104078,12:00-14:00,3.91,3.76
500104078,14:00-16:00,4.18,3.49
500104078,16:00-18:00,6.11,5.67
500104078,18:00-20:00,5.7,6.0
500104078,20:00-22:00,4.67,5.33
500104078,22:00-24:00,2.63,4.6
500104079,00:00-02:00,0.42,0.35
500104079,02:00-04:00,0.75,0.33
500104079,04:00-06:00,0.92,0.83
500104079,06:00-08:00,2.42,1.08
500104079,08:00-10:00,4.75,4.58
500104079,10:00-12:00,4.0,3.42
500104079,12:00-14:00,3.24,2.33
500104079,14:00-16:00,2.35,2.88
500104079,16:00-18:00,3.31,4.33
500104079,18:00-20:00,3.92,4.62
500104079,20:00-22:00,3.63,4.5
500104079,22:00-24:00,1.67,2.52
500104080,00:00-02:00,0.08,0.5
500104080,02:00-04:00,0.25,0.08
500104080,04:00-06:00,0.5,0.25
500104080,06:00-08:00,0.42,0.42
500104080,08:00-10:00,0.67,0.42
500104080,10:00-12:00,0.83,0.42
500104080,12:00-14:00,1.66,1.0
500104080,14:00-16:00,1.84,1.17
500104080,16:00-18:00,1.26,1.25
500104080,18:00-20:00,1.68,1.58
500104080,20:00-22:00,0.75,1.92
500104080,22:00-24:00,0.42,0.84
500104081,00:00-02:00,0.08,0.58
500104081,02:00-04:00,0.08,0.25
500104081,04:00-06:00,0.67,0.17
500104081,06:00-08:00,5.33,4.25
500104081,08:00-10:00,6.17,4.5
500104081,10:00-12:00,5.75,5.0
500104081,12:00-14:00,6.54,5.89
500104081,14:00-16:00,5.73,5.18
500104081,16:00-18:00,8.71,9.17
500104081,18:00-20:00,7.18,7.72
500104081,20:00-22:00,2.83,5.75
500104081,22:00-24:00,2.26,2.89
500104082,00:00-02:00,2.0,2.26
500104082,02:00-04:00,0.58,1.67
500104082,04:00-06:00,2.0,1.06
500104082,06:00-08:00,4.25,2.25
500104082,08:00-10:00,4.5,5.83
500104082,10:00-12:00,7.2,5.33
500104082,12:00-14:00,7.3,6.07
500104082,14:00-16:00,7.62,6.52
500104082,16:00-18:00,9.8,10.38
500104082,18:00-20:00,11.3,10.36
500104082,20:00-22:00,6.17,7.85
500104082,22:00-24:00,5.58,6.95
500104083,00:00-02:00,0.5,0.25
500104083,02:00-04:00,0.0,0.42
500104083,04:00-06:00,0.25,0.08
500104083,06:00-08:00,1.75,3.0
500104083,08:00-10:00,3.5,1.92
500104083,10:00-12:00,4.44,2.42
500104083,12:00-14:00,3.07,3.24
500104083,14:00-16:00,2.34,3.18
500104083,16:00-18:00,4.12,4.42
500104083,18:00-20:00,2.52,1.92
500104083,20:00-22:00,1.11,2.25
500104083,22:00-24:00,0.84,0.67
500104084,00:00-02:00,0.5,1.19
500104084,02:00-04:00,0.25,0.0
500104084,04:00-06:00,0.67,0.83
500104084,06:00-08:00,4.0,3.97
500104084,08:00-10:00,6.2,4.23
500104084,10:00-12:00,5.16,6.17
500104084,12:00-14:00,8.24,6.07
500104084,14:00-16:00,7.44,6.94
500104084,16:00-18:00,7.52,9.16
500104084,18:00-20:00,7.23,5.81
500104084,20:00-22:00,3.93,4.78
500104084,22:00-24:00,2.06,2.67
500104085,00:00-02:00,1.08,1.5
500104085,02:00-04:00,0.42,2.26
500104085,04:00-06:00,1.25,1.67
500104085,06:00-08:00,7.58,3.83
500104085,08:00-10:00,11.67,11.42
500104085,10:00-12:00,8.58,9.08
500104085,12:00-14:00,10.8,8.96
500104085,14:00-16:00,7.86,8.44
500104085,16:00-18:00,13.42,11.78
500104085,18:00-20:00,10.83,10.5
500104085,20:00-22:00,4.77,7.33
500104085,22:00-24:00,2.34,4.22
500104086,00:00-02:00,0.0,0.25
500104086,02:00-04:00,0.08,0.25
500104086,04:00-06:00,0.17,0.08
500104086,06:00-08:00,1.5,0.42
500104086,08:00-10:00,1.75,3.17
500104086,10:00-12:00,2.66,1.21
500104086,12:00-14:00,1.91,1.66
500104086,14:00-16:00,1.92,1.67
500104086,16:00-18:00,2.03,1.17
500104086,18:00-20:00,1.75,1.75
500104086,20:00-22:00,0.93,1.42
500104086,22:00-24:00,0.45,1.26
500104087,00:00-02:00,2.92,2.17
500104087,02:00-04:00,2.67,0.33
500104087,04:00-06:00,1.6,0.42
500104087,06:00-08:00,2.75,4.33
500104087,08:00-10:00,4.42,7.08
500104087,10:00-12:00,4.75,6.5
500104087,12:00-14:00,5.65,8.37
500104087,14:00-16:00,6.52,7.43
500104087,16:00-18:00,8.58,14.36
500104087,18:00-20:00,10.33,11.41
500104087,20:00-22:00,13.0,7.18
500104087,22:00-24:00,8.54,4.85
500104088,00:00-02:00,2.33,1.25
500104088,02:00-04:00,1.08,1.0
500104088,04:00-06:00,1.5,0.58
500104088,06:00-08:00,3.08,1.83
500104088,08:00-10:00,6.88,3.58
500104088,10:00-12:00,5.45,6.0
500104088,12:00-14:00,8.56,7.31
500104088,14:00-16:00,8.29,6.6
500104088,16:00-18:00,9.11,12.92
500104088,18:00-20:00,8.97,8.92
500104088,20:00-22:00,5.25,7.75
500104088,22:00-24:00,3.93,3.93
500104089,00:00-02:00,0.09,1.08
500104089,02:00-04:00,0.42,0.75
500104089,04:00-06:00,0.25,1.25
500104089,06:00-08:00,1.67,1.25
500104089,08:00-10:00,3.33,3.67
500104089,10:00-12:00,2.83,3.75
500104089,12:00-14:00,3.24,2.74
500104089,14:00-16:00,3.68,2.92
500104089,16:00-18:00,4.33,3.25
500104089,18:00-20:00,3.59,1.83
500104089,20:00-22:00,2.42,3.25
500104089,22:00-24:00,2.26,1.34
500104090,00:00-02:00,0.67,1.33
500104090,02:00-04:00,1.92,0.17
500104090,04:00-06:00,0.5,0.17
500104090,06:00-08:00,2.08,0.75
500104090,08:00-10:00,3.92,2.58
500104090,10:00-12:00,7.42,3.58
500104090,12:00-14:00,4.49,7.06
500104090,14:00-16:00,7.69,5.1
500104090,16:00-18:00,7.75,9.42
500104090,18:00-20:00,4.67,8.75
500104090,20:00-22:00,4.58,4.33
500104090,22:00-24:00,1.42,2.68
500104091,00:00-02:00,1.87,4.75
500104091,02:00-04:00,0.67,0.5
500104091,04:00-06:00,0.67,3.08
500104091,06:00-08:00,7.17,9.75
500104091,08:00-10:00,11.93,13.83
500104091,10:00-12:00,12.42,13.33
500104091,12:00-14:00,11.39,14.88
500104091,14:00-16:00,15.79,13.96
500104091,16:00-18:00,18.03,15.5
500104091,18:00-20:00,13.11,13.58
500104091,20:00-22:00,17.43,10.08
500104091,22:00-24:00,9.71,4.27
500104092,00:00-02:00,0.08,0.92
500104092,02:00-04:00,0.92,0.25
500104092,04:00-06:00,0.58,0.83
500104092,06:00-08:00,1.75,1.0
500104092,08:00-10:00,3.2,2.17
500104092,10:00-12:00,2.68,2.15
500104092,12:00-14:00,2.28,1.91
500104092,14:00-16:00,2.23,2.01
500104092,16:00-18:00,2.63,2.69
500104092,18:00-20:00,3.23,2.83
500104092,20:00-22:00,1.92,1.83
500104092,22:00-24:00,0.42,1.42
500104094,00:00-02:00,0.75,0.59
500104094,02:00-04:00,0.25,0.33
500104094,04:00-06:00,0.33,0.17
500104094,06:00-08:00,0.83,1.09
500104094,08:00-10:00,2.56,1.8
500104094,10:00-12:00,2.58,3.17
500104094,12:00-14:00,2.24,2.01
500104094,14:00-16:00,3.27,1.83
500104094,16:00-18:00,1.79,2.75
500104094,18:00-20:00,2.67,2.89
500104094,20:00-22:00,1.17,1.58
500104094,22:00-24:00,0.67,1.41
500104095,00:00-02:00,0.33,0.58
500104095,02:00-04:00,0.17,0.25
500104095,04:00-06:00,1.0,0.25
500104095,06:00-08:00,2.17,1.08
500104095,08:00-10:00,3.0,2.25
500104095,10:00-12:00,3.58,1.92
500104095,12:00-14:00,3.24,2.58
500104095,14:00-16:00,3.95,2.34
500104095,16:00-18:00,4.66,5.08
500104095,18:00-20:00,3.25,5.17
500104095,20:00-22:00,2.58,3.75
500104095,22:00-24:00,0.59,2.01
500104096,00:00-02:00,2.25,2.79
500104096,02:00-04:00,0.0,0.08
500104096,04:00-06:00,1.17,0.17
500104096,06:00-08:00,1.58,1.0
500104096,08:00-10:00,2.43,2.33
500104096,10:00-12:00,2.67,3.33
500104096,12:00-14:00,4.64,3.07
500104096,14:00-16:00,3.51,3.74
500104096,16:00-18:00,4.1,5.72
500104096,18:00-20:00,6.18,4.12
500104096,20:00-22:00,3.72,3.75
500104096,22:00-24:00,2.08,2.59
500104097,00:00-02:00,0.75,1.3
500104097,02:00-04:00,0.17,0.17
500104097,04:00-06:00,0.75,0.17
500104097,06:00-08:00,1.58,1.3
500104097,08:00-10:00,2.71,2.33
500104097,10:00-12:00,3.73,2.87
500104097,12:00-14:00,2.47,3.57
500104097,14:00-16:00,3.51,2.87
500104097,16:00-18:00,3.88,4.04
500104097,18:00-20:00,4.38,4.55
500104097,20:00-22:00,3.77,3.2
500104097,22:00-24:00,0.92,1.7
500104098,00:00-02:00,1.73,2.67
500104098,02:00-04:00,0.42,0.75
500104098,04:00-06:00,0.5,1.67
500104098,06:00-08:00,4.5,4.0
500104098,08:00-10:00,6.32,6.92
500104098,10:00-12:00,8.67,10.94
500104098,12:00-14:00,10.39,12.11
500104098,14:00-16:00,9.28,8.22
500104098,16:00-18:00,10.61,10.96
500104098,18:00-20:00,10.76,10.17
500104098,20:00-22:00,7.95,5.5
500104098,22:00-24:00,4.57,3.26
500104099,00:00-02:00,2.42,2.58
500104099,02:00-04:00,2.24,1.5
500104099,04:00-06:00,0.69,1.75
500104099,06:00-08:00,4.11,2.42
500104099,08:00-10:00,3.02,2.92
500104099,10:00-12:00,3.4,3.5
500104099,12:00-14:00,2.83,4.49
500104099,14:00-16:00,2.34,3.18
500104099,16:00-18:00,3.0,5.48
500104099,18:00-20:00,3.75,6.2
500104099,20:00-22:00,5.08,3.04
500104099,22:00-24:00,4.69,1.89
500104100,00:00-02:00,2.75,2.09
500104100,02:00-04:00,0.5,0.33
500104100,04:00-06:00,0.5,0.58
500104100,06:00-08:00,1.5,1.58
500104100,08:00-10:00,1.92,2.66
500104100,10:00-12:00,1.83,1.87
500104100,12:00-14:00,3.41,3.21
500104100,14:00-16:00,4.21,3.0
500104100,16:00-18:00,3.96,4.94
500104100,18:00-20:00,6.0,5.09
500104100,20:00-22:00,4.49,3.78
500104100,22:00-24:00,0.69,2.6
500104101,00:00-02:00,0.75,0.92
500104101,02:00-04:00,0.17,0.0
500104101,04:00-06:00,1.0,0.08
500104101,06:00-08:00,1.33,1.25
500104101,08:00-10:00,1.58,2.5
500104101,10:00-12:00,1.67,1.5
500104101,12:00-14:00,2.24,1.66
500104101,14:00-16:00,2.76,1.34
500104101,16:00-18:00,3.31,3.58
500104101,18:00-20:00,3.75,3.25
500104101,20:00-22:00,1.55,2.17
500104101,22:00-24:00,0.92,2.26
500104102,00:00-02:00,1.08,1.67
500104102,02:00-04:00,0.17,0.0
500104102,04:00-06:00,0.42,0.67
500104102,06:00-08:00,2.67,1.33
500104102,08:00-10:00,3.42,3.75
500104102,10:00-12:00,5.33,6.67
500104102,12:00-14:00,5.15,6.55
500104102,14:00-16:00,6.1,7.06
500104102,16:00-18:00,6.0,7.64
500104102,18:00-20:00,5.33,4.98
500104102,20:00-22:00,4.5,3.14
500104102,22:00-24:00,2.26,1.84
500104103,00:00-02:00,0.25,0.25
500104103,02:00-04:00,0.33,0.08
500104103,04:00-06:00,0.92,0.5
500104103,06:00-08:00,1.17,1.5
500104103,08:00-10:00,2.83,1.5
500104103,10:00-12:00,3.79,2.83
500104103,12:00-14:00,3.49,3.74
500104103,14:00-16:00,3.9,3.18
500104103,16:00-18:00,4.51,2.75
500104103,18:00-20:00,2.49,4.04
500104103,20:00-22:00,2.54,2.33
500104103,22:00-24:00,1.63,2.97
500104104,00:00-02:00,1.74,3.08
500104104,02:00-04:00,0.54,0.08
500104104,04:00-06:00,1.47,1.42
500104104,06:00-08:00,2.3,2.33
500104104,08:00-10:00,7.33,8.38
500104104,10:00-12:00,11.17,11.97
500104104,12:00-14:00,8.46,9.3
500104104,14:00-16:00,10.64,8.64
500104104,16:00-18:00,13.26,12.91
500104104,18:00-20:00,11.55,12.05
500104104,20:00-22:00,9.95,6.54
500104104,22:00-24:00,4.32,2.26
500104105,00:00-02:00,0.73,1.75
500104105,02:00-04:00,0.77,0.83
500104105,04:00-06:00,0.0,1.08
500104105,06:00-08:00,1.5,1.42
500104105,08:00-10:00,3.33,3.58
500104105,10:00-12:00,3.83,4.25
500104105,12:00-14:00,3.82,6.9
500104105,14:00-16:00,5.77,4.25
500104105,16:00-18:00,5.42,6.5
500104105,18:00-20:00,5.67,6.37
500104105,20:00-22:00,5.08,1.97
500104105,22:00-24:00,2.18,4.18
500104106,00:00-02:00,0.42,1.42
500104106,02:00-04:00,0.33,0.67
500104106,04:00-06:00,1.25,0.92
500104106,06:00-08:00,3.0,1.75
500104106,08:00-10:00,5.02,5.08
500104106,10:00-12:00,4.75,5.69
500104106,12:00-14:00,4.99,5.26
500104106,14:00-16:00,5.94,4.25
500104106,16:00-18:00,6.02,5.05
500104106,18:00-20:00,3.98,4.83
500104106,20:00-22:00,4.15,4.17
500104106,22:00-24:00,2.36,2.01
500104107,00:00-02:00,2.83,1.17
500104107,02:00-04:00,0.33,0.17
500104107,04:00-06:00,0.42,2.17
500104107,06:00-08:00,4.67,6.33
500104107,08:00-10:00,8.42,12.92
500104107,10:00-12:00,9.33,16.92
500104107,12:00-14:00,10.39,15.39
500104107,14:00-16:00,15.13,11.69
500104107,16:00-18:00,14.58,17.5
500104107,18:00-20:00,15.5,11.83
500104107,20:00-22:00,14.25,5.42
500104107,22:00-24:00,7.53,2.18
500104108,00:00-02:00,6.18,5.83
500104108,02:00-04:00,0.33,0.5
500104108,04:00-06:00,0.67,5.5
500104108,06:00-08:00,17.5,19.17
500104108,08:00-10:00,28.42,29.75
500104108,10:00-12:00,30.67,31.42
500104108,12:00-14:00,30.25,30.66
500104108,14:00-16:00,32.59,26.93
500104108,16:00-18:00,32.63,31.87
500104108,18:00-20:00,30.5,33.58
500104108,20:00-22:00,34.84,29.25
500104108,22:00-24:00,23.89,19.67
500104109,00:00-02:00,0.67,0.67
500104109,02:00-04:00,0.0,0.33
500104109,04:00-06:00,0.33,0.25
500104109,06:00-08:00,1.25,1.0
500104109,08:00-10:00,1.92,2.0
500104109,10:00-12:00,3.67,2.17
500104109,12:00-14:00,2.26,2.74
500104109,14:00-16:00,1.87,1.17
500104109,16:00-18:00,2.47,1.75
500104109,18:00-20:00,1.2,1.75
500104109,20:00-22:00,1.01,2.17
500104109,22:00-24:00,1.42,1.17
500104110,00:00-02:00,1.17,1.11
500104110,02:00-04:00,0.17,0.17
500104110,04:00-06:00,0.42,0.25
500104110,06:00-08:00,2.33,1.0
500104110,08:00-10:00,1.75,1.92
500104110,10:00-12:00,1.42,1.33
500104110,12:00-14:00,1.99,1.16
500104110,14:00-16:00,2.53,3.28
500104110,16:00-18:00,3.53,3.99
500104110,18:00-20:00,5.81,4.67
500104110,20:00-22:00,2.73,3.67
500104110,22:00-24:00,0.33,1.34
500104111,00:00-02:00,0.42,0.67
500104111,02:00-04:00,0.33,0.88
500104111,04:00-06:00,0.83,0.83
500104111,06:00-08:00,2.83,1.0
500104111,08:00-10:00,5.5,5.67
500104111,10:00-12:00,4.79,4.33
500104111,12:00-14:00,4.95,3.91
500104111,14:00-16:00,3.71,3.34
500104111,16:00-18:00,5.0,5.5
500104111,18:00-20:00,5.97,6.83
500104111,20:00-22:00,5.04,6.82
500104111,22:00-24:00,2.51,3.02
500104112,00:00-02:00,1.2,0.83
500104112,02:00-04:00,0.08,0.0
500104112,04:00-06:00,0.17,1.75
500104112,06:00-08:00,2.5,5.08
500104112,08:00-10:00,7.0,8.17
500104112,10:00-12:00,7.83,11.38
500104112,12:00-14:00,8.89,9.34
500104112,14:00-16:00,10.03,8.7
500104112,16:00-18:00,10.33,12.19
500104112,18:00-20:00,11.87,6.0
500104112,20:00-22:00,9.97,6.83
500104112,22:00-24:00,4.97,2.68
500104113,00:00-02:00,0.75,1.17
500104113,02:00-04:00,0.25,0.08
500104113,04:00-06:00,0.25,1.0
500104113,06:00-08:00,4.52,4.0
500104113,08:00-10:00,8.92,7.22
500104113,10:00-12:00,13.4,15.04
500104113,12:00-14:00,11.75,12.79
500104113,14:00-16:00,10.17,11.1
500104113,16:00-18:00,13.03,12.9
500104113,18:00-20:00,10.79,9.44
500104113,20:00-22:00,7.54,7.63
500104113,22:00-24:00,3.43,4.92
500104114,00:00-02:00,2.17,1.0
500104114,02:00-04:00,0.25,0.25
500104114,04:00-06:00,0.75,0.25
500104114,06:00-08:00,4.17,6.67
500104114,08:00-10:00,7.57,6.58
500104114,10:00-12:00,7.22,6.5
500104114,12:00-14:00,5.83,5.9
500104114,14:00-16:00,5.35,6.59
500104114,16:00-18:00,9.67,6.28
500104114,18:00-20:00,5.91,4.67
500104114,20:00-22:00,4.66,3.83
500104114,22:00-24:00,2.04,3.77
500104115,00:00-02:00,1.17,0.75
500104115,02:00-04:00,0.67,0.58
500104115,04:00-06:00,0.83,0.42
500104115,06:00-08:00,2.33,3.17
500104115,08:00-10:00,7.72,6.08
500104115,10:00-12:00,4.93,3.75
500104115,12:00-14:00,5.94,6.48
500104115,14:00-16:00,4.59,6.55
500104115,16:00-18:00,8.11,6.76
500104115,18:00-20:00,6.08,5.0
500104115,20:00-22:00,3.42,7.03
500104115,22:00-24:00,3.85,2.89
500104116,00:00-02:00,0.5,1.58
500104116,02:00-04:00,0.0,0.83
500104116,04:00-06:00,1.0,0.58
500104116,06:00-08:00,3.42,3.17
500104116,08:00-10:00,6.42,7.33
500104116,10:00-12:00,8.92,8.92
500104116,12:00-14:00,6.9,7.89
500104116,14:00-16:00,8.52,7.62
500104116,16:00-18:00,10.24,6.96
500104116,18:00-20:00,8.3,10.5
500104116,20:00-22:00,5.55,3.5
500104116,22:00-24:00,2.68,3.43
500104117,00:00-02:00,0.67,0.42
500104117,02:00-04:00,0.42,0.25
500104117,04:00-06:00,1.0,0.58
500104117,06:00-08:00,4.08,1.0
500104117,08:00-10:00,1.92,0.75
500104117,10:00-12:00,1.26,1.58
500104117,12:00-14:00,1.5,3.16
500104117,14:00-16:00,3.76,5.37
500104117,16:00-18:00,5.48,4.46
500104117,18:00-20:00,3.86,4.17
500104117,20:00-22:00,2.83,2.92
500104117,22:00-24:00,1.0,1.92
500104118,00:00-02:00,0.17,0.92
500104118,02:00-04:00,0.08,0.58
500104118,04:00-06:00,1.17,0.83
500104118,06:00-08:00,1.08,0.92
500104118,08:00-10:00,2.17,1.42
500104118,10:00-12:00,0.92,1.25
500104118,12:00-14:00,1.25,1.25
500104118,14:00-16:00,2.42,1.67
500104118,16:00-18:00,3.0,2.75
500104118,18:00-20:00,1.75,1.5
500104118,20:00-22:00,0.92,1.42
500104118,22:00-24:00,0.67,0.75
500104119,00:00-02:00,0.25,2.08
500104119,02:00-04:00,0.0,0.17
500104119,04:00-06:00,0.17,0.17
500104119,06:00-08:00,1.75,0.75
500104119,08:00-10:00,4.33,4.0
500104119,10:00-12:00,5.14,3.58
500104119,12:00-14:00,5.54,4.07
500104119,14:00-16:00,4.53,3.76
500104119,16:00-18:00,3.52,4.0
500104119,18:00-20:00,4.55,5.24
500104119,20:00-22:00,3.69,2.99
500104119,22:00-24:00,2.77,3.02
500104120,00:00-02:00,1.08,1.0
500104120,02:00-04:00,0.33,0.25
500104120,04:00-06:00,0.25,1.33
500104120,06:00-08:00,4.06,2.31
500104120,08:00-10:00,4.96,5.09
500104120,10:00-12:00,7.78,4.33
500104120,12:00-14:00,7.11,6.07
500104120,14:00-16:00,4.79,4.16
500104120,16:00-18:00,7.04,5.08
500104120,18:00-20:00,6.05,7.07
500104120,20:00-22:00,5.44,5.71
500104120,22:00-24:00,3.58,3.94
500104121,00:00-02:00,1.69,2.83
500104121,02:00-04:00,0.67,1.08
500104121,04:00-06:00,0.17,1.33
500104121,06:00-08:00,3.25,1.5
500104121,08:00-10:00,4.25,5.08
500104121,10:00-12:00,5.86,5.11
500104121,12:00-14:00,5.89,6.73
500104121,14:00-16:00,4.26,4.65
500104121,16:00-18:00,5.92,7.0
500104121,18:00-20:00,6.75,5.84
500104121,20:00-22:00,6.42,4.67
500104121,22:00-24:00,3.69,3.09
500104122,00:00-02:00,1.03,1.25
500104122,02:00-04:00,0.17,0.08
500104122,04:00-06:00,0.0,0.17
500104122,06:00-08:00,1.0,1.42
500104122,08:00-10:00,0.75,0.83
500104122,10:00-12:00,2.0,3.02
500104122,12:00-14:00,1.16,1.79
500104122,14:00-16:00,2.34,2.29
500104122,16:00-18:00,5.14,3.3
500104122,18:00-20:00,1.82,1.75
500104122,20:00-22:00,1.17,1.08
500104122,22:00-24:00,0.68,0.33
500104123,00:00-02:00,0.33,0.5
500104123,02:00-04:00,0.17,0.08
500104123,04:00-06:00,0.17,0.58
500104123,06:00-08:00,1.58,1.83
500104123,08:00-10:00,3.42,2.75
500104123,10:00-12:00,4.56,1.58
500104123,12:00-14:00,3.02,4.24
500104123,14:00-16:00,2.92,3.43
500104123,16:00-18:00,4.69,1.5
500104123,18:00-20:00,2.5,3.33
500104123,20:00-22:00,2.04,4.17
500104123,22:00-24:00,1.67,2.76
500104124,00:00-02:00,2.42,2.83
500104124,02:00-04:00,1.08,0.42
500104124,04:00-06:00,1.0,1.17
500104124,06:00-08:00,2.67,1.0
500104124,08:00-10:00,5.38,4.67
500104124,10:00-12:00,6.99,7.08
500104124,12:00-14:00,6.1,6.4
500104124,14:00-16:00,7.59,6.25
500104124,16:00-18:00,8.53,7.73
500104124,18:00-20:00,4.3,7.16
500104124,20:00-22:00,5.83,3.69
500104124,22:00-24:00,2.43,4.05
500104125,00:00-02:00,0.92,1.67
500104125,02:00-04:00,1.08,0.42
500104125,04:00-06:00,0.42,0.17
500104125,06:00-08:00,1.75,1.58
500104125,08:00-10:00,6.67,7.08
500104125,10:00-12:00,8.14,8.3
500104125,12:00-14:00,7.48,8.19
500104125,14:00-16:00,7.67,8.84
500104125,16:00-18:00,10.0,9.54
500104125,18:00-20:00,9.53,8.67
500104125,20:00-22:00,5.18,5.85
500104125,22:00-24:00,4.42,2.91
500104126,00:00-02:00,1.5,0.58
500104126,02:00-04:00,0.42,0.83
500104126,04:00-06:00,2.08,0.25
500104126,06:00-08:00,4.33,2.17
500104126,08:00-10:00,5.17,6.42
500104126,10:00-12:00,6.5,3.67
500104126,12:00-14:00,6.12,3.66
500104126,14:00-16:00,3.96,4.68
500104126,16:00-18:00,5.59,8.42
500104126,18:00-20:00,8.26,6.95
500104126,20:00-22:00,3.0,4.83
500104126,22:00-24:00,2.26,3.19
500104128,00:00-02:00,1.08,1.48
500104128,02:00-04:00,0.08,0.08
500104128,04:00-06:00,1.25,1.08
500104128,06:00-08:00,6.83,6.94
500104128,08:00-10:00,11.08,14.21
500104128,10:00-12:00,15.99,15.04
500104128,12:00-14:00,9.31,12.54
500104128,14:00-16:00,10.19,10.06
500104128,16:00-18:00,11.67,10.99
500104128,18:00-20:00,12.03,12.46
500104128,20:00-22:00,7.67,10.81
500104128,22:00-24:00,5.52,5.03
500104129,00:00-02:00,0.0,0.08
500104129,02:00-04:00,0.0,0.0
500104129,04:00-06:00,0.0,0.0
500104129,06:00-08:00,0.83,0.33
500104129,08:00-10:00,1.87,1.0
500104129,10:00-12:00,1.51,1.25
500104129,12:00-14:00,1.75,2.33
500104129,14:00-16:00,1.14,1.59
500104129,16:00-18:00,0.83,0.58
500104129,18:00-20:00,0.71,1.67
500104129,20:00-22:00,0.5,0.58
500104129,22:00-24:00,0.0,0.0
500104130,00:00-02:00,0.08,0.5
500104130,02:00-04:00,0.0,0.08
500104130,04:00-06:00,0.42,0.17
500104130,06:00-08:00,1.42,1.6
500104130,08:00-10:00,1.92,1.59
500104130,10:00-12:00,2.92,1.92
500104130,12:00-14:00,2.49,1.33
500104130,14:00-16:00,1.42,1.79
500104130,16:00-18:00,3.26,3.59
500104130,18:00-20:00,1.67,3.04
500104130,20:00-22:00,1.92,1.59
500104130,22:00-24:00,1.09,0.84
500104131,00:00-02:00,1.08,1.45
500104131,02:00-04:00,0.33,0.25
500104131,04:00-06:00,0.42,0.5
500104131,06:00-08:00,0.42,0.58
500104131,08:00-10:00,2.42,1.17
500104131,10:00-12:00,1.17,1.0
500104131,12:00-14:00,1.75,1.25
500104131,14:00-16:00,1.88,1.42
500104131,16:00-18:00,1.92,1.25
500104131,18:00-20:00,0.92,1.67
500104131,20:00-22:00,0.25,1.83
500104131,22:00-24:00,0.75,1.46
500104132,00:00-02:00,1.17,2.45
500104132,02:00-04:00,1.25,0.5
500104132,04:00-06:00,1.0,0.58
500104132,06:00-08:00,3.08,1.25
500104132,08:00-10:00,5.0,4.83
500104132,10:00-12:00,6.6,5.25
500104132,12:00-14:00,4.89,6.15
500104132,14:00-16:00,5.81,5.04
500104132,16:00-18:00,8.56,7.83
500104132,18:00-20:00,6.67,7.55
500104132,20:00-22:00,6.08,7.69
500104132,22:00-24:00,4.02,5.44
500104133,00:00-02:00,0.08,0.58
500104133,02:00-04:00,0.0,0.0
500104133,04:00-06:00,0.08,0.0
500104133,06:00-08:00,0.58,0.42
500104133,08:00-10:00,2.25,0.75
500104133,10:00-12:00,2.0,0.58
500104133,12:00-14:00,1.83,1.58
500104133,14:00-16:00,1.47,0.92
500104133,16:00-18:00,1.82,1.17
500104133,18:00-20:00,1.7,3.42
500104133,20:00-22:00,0.58,1.58
500104133,22:00-24:00,0.42,2.75
500104134,00:00-02:00,0.75,0.42
500104134,02:00-04:00,0.17,1.0
500104134,04:00-06:00,0.25,0.75
500104134,06:00-08:00,1.67,1.25
500104134,08:00-10:00,2.25,2.08
500104134,10:00-12:00,2.08,2.08
500104134,12:00-14:00,1.58,3.07
500104134,14:00-16:00,2.92,2.51
500104134,16:00-18:00,4.04,2.08
500104134,18:00-20:00,2.44,2.5
500104134,20:00-22:00,0.67,1.33
500104134,22:00-24:00,1.17,0.42
500104135,00:00-02:00,0.75,1.75
500104135,02:00-04:00,0.33,0.08
500104135,04:00-06:00,0.58,0.17
500104135,06:00-08:00,3.25,3.17
500104135,08:00-10:00,8.15,5.42
500104135,10:00-12:00,5.92,6.25
500104135,12:00-14:00,5.32,6.78
500104135,14:00-16:00,7.02,4.18
500104135,16:00-18:00,6.16,6.56
500104135,18:00-20:00,6.07,4.76
500104135,20:00-22:00,3.5,4.17
500104135,22:00-24:00,1.0,3.1
500104136,00:00-02:00,0.83,1.0
500104136,02:00-04:00,0.08,0.5
500104136,04:00-06:00,0.33,0.42
500104136,06:00-08:00,0.75,0.75
500104136,08:00-10:00,0.83,1.42
500104136,10:00-12:00,2.5,1.5
500104136,12:00-14:00,2.08,2.24
500104136,14:00-16:00,2.67,4.28
500104136,16:00-18:00,3.58,2.73
500104136,18:00-20:00,2.25,1.59
500104136,20:00-22:00,0.75,0.83
500104136,22:00-24:00,0.75,0.59
500104137,00:00-02:00,0.2,0.83
500104137,02:00-04:00,0.5,0.25
500104137,04:00-06:00,0.5,0.42
500104137,06:00-08:00,2.08,3.0
500104137,08:00-10:00,2.83,1.92
500104137,10:00-12:00,2.33,2.08
500104137,12:00-14:00,1.73,2.74
500104137,14:00-16:00,3.93,4.01
500104137,16:00-18:00,6.19,5.61
500104137,18:00-20:00,3.13,3.92
500104137,20:00-22:00,1.58,1.0
500104137,22:00-24:00,0.75,1.0
500104138,00:00-02:00,0.5,0.42
500104138,02:00-04:00,0.0,0.08
500104138,04:00-06:00,0.0,0.0
500104138,06:00-08:00,0.33,0.58
500104138,08:00-10:00,0.92,0.42
500104138,10:00-12:00,0.42,0.75
500104138,12:00-14:00,0.17,0.33
500104138,14:00-16:00,0.75,0.58
500104138,16:00-18:00,1.67,1.08
500104138,18:00-20:00,0.69,0.33
500104138,20:00-22:00,0.33,0.75
500104138,22:00-24:00,0.92,0.75
500104139,00:00-02:00,1.25,1.32
500104139,02:00-04:00,0.0,0.2
500104139,04:00-06:00,1.08,0.09
500104139,06:00-08:00,3.0,1.51
500104139,08:00-10:00,6.22,5.58
500104139,10:00-12:00,6.36,7.52
500104139,12:00-14:00,6.07,6.93
500104139,14:00-16:00,6.33,5.65
500104139,16:00-18:00,6.04,5.39
500104139,18:00-20:00,7.09,7.42
500104139,20:00-22:00,5.4,6.49
500104139,22:00-24:00,2.01,2.86
500104140,00:00-02:00,4.25,2.58
500104140,02:00-04:00,1.33,2.42
500104140,04:00-06:00,1.25,0.58
500104140,06:00-08:00,3.85,2.42
500104140,08:00-10:00,5.81,4.58
500104140,10:00-12:00,4.17,5.75
500104140,12:00-14:00,5.61,8.8
500104140,14:00-16:00,7.19,7.52
500104140,16:00-18:00,10.08,13.0
500104140,18:00-20:00,8.92,9.08
500104140,20:00-22:00,7.32,5.83
500104140,22:00-24:00,5.47,3.93
500104141,00:00-02:00,0.51,2.42
500104141,02:00-04:00,0.67,0.33
500104141,04:00-06:00,0.5,0.17
500104141,06:00-08:00,2.33,3.17
500104141,08:00-10:00,5.83,5.58
500104141,10:00-12:00,5.83,8.67
500104141,12:00-14:00,7.4,11.28
500104141,14:00-16:00,9.19,11.45
500104141,16:00-18:00,8.25,10.64
500104141,18:00-20:00,12.15,6.47
500104141,20:00-22:00,7.65,5.67
500104141,22:00-24:00,2.68,3.6
500104142,00:00-02:00,3.75,3.2
500104142,02:00-04:00,1.67,0.42
500104142,04:00-06:00,0.83,0.17
500104142,06:00-08:00,1.75,1.67
500104142,08:00-10:00,3.43,4.01
500104142,10:00-12:00,6.14,3.2
500104142,12:00-14:00,5.34,5.24
500104142,14:00-16:00,7.33,6.85
500104142,16:00-18:00,5.82,2.58
500104142,18:00-20:00,4.12,6.75
500104142,20:00-22:00,5.67,6.44
500104142,22:00-24:00,3.01,7.55
500104143,00:00-02:00,0.58,0.45
500104143,02:00-04:00,0.0,0.17
500104143,04:00-06:00,0.5,0.0
500104143,06:00-08:00,1.17,0.75
500104143,08:00-10:00,1.75,1.25
500104143,10:00-12:00,3.75,0.75
500104143,12:00-14:00,2.61,2.83
500104143,14:00-16:00,2.59,1.92
500104143,16:00-18:00,3.39,2.08
500104143,18:00-20:00,0.69,2.67
500104143,20:00-22:00,0.58,3.17
500104143,22:00-24:00,0.33,2.01
500104144,00:00-02:00,1.83,1.18
500104144,02:00-04:00,0.17,0.17
500104144,04:00-06:00,1.25,1.58
500104144,06:00-08:00,3.83,3.0
500104144,08:00-10:00,6.8,6.32
500104144,10:00-12:00,8.67,6.5
500104144,12:00-14:00,6.58,6.98
500104144,14:00-16:00,6.58,6.62
500104144,16:00-18:00,8.95,8.16
500104144,18:00-20:00,9.39,10.36
500104144,20:00-22:00,7.1,8.38
500104144,22:00-24:00,3.01,3.32
500104145,00:00-02:00,0.17,1.58
500104145,02:00-04:00,0.0,0.25
500104145,04:00-06:00,0.42,0.33
500104145,06:00-08:00,0.83,0.42
500104145,08:00-10:00,2.58,1.08
500104145,10:00-12:00,2.58,3.25
500104145,12:00-14:00,2.13,0.91
500104145,14:00-16:00,2.12,0.75
500104145,16:00-18:00,1.72,0.83
500104145,18:00-20:00,1.29,2.08
500104145,20:00-22:00,0.83,1.08
500104145,22:00-24:00,0.33,1.0
500104146,00:00-02:00,0.17,0.08
500104146,02:00-04:00,0.0,0.0
500104146,04:00-06:00,0.33,0.92
500104146,06:00-08:00,0.42,0.92
500104146,08:00-10:00,0.67,0.67
500104146,10:00-12:00,0.67,0.42
500104146,12:00-14:00,1.78,1.41
500104146,14:00-16:00,1.81,1.17
500104146,16:00-18:00,1.66,1.5
500104146,18:00-20:00,1.38,1.08
500104146,20:00-22:00,0.25,0.83
500104146,22:00-24:00,0.25,0.17
500104147,00:00-02:00,0.25,0.67
500104147,02:00-04:00,0.0,0.25
500104147,04:00-06:00,0.5,0.42
500104147,06:00-08:00,1.92,0.58
500104147,08:00-10:00,2.25,1.42
500104147,10:00-12:00,3.4,1.92
500104147,12:00-14:00,3.95,3.66
500104147,14:00-16:00,2.26,2.36
500104147,16:00-18:00,3.63,1.92
500104147,18:00-20:00,1.44,3.67
500104147,20:00-22:00,1.33,1.92
500104147,22:00-24:00,1.51,2.34
500104148,00:00-02:00,0.83,0.58
500104148,02:00-04:00,0.25,0.67
500104148,04:00-06:00,3.18,0.92
500104148,06:00-08:00,1.37,1.58
500104148,08:00-10:00,2.93,3.75
500104148,10:00-12:00,5.16,4.67
500104148,12:00-14:00,3.41,4.61
500104148,14:00-16:00,5.63,3.74
500104148,16:00-18:00,5.24,4.0
500104148,18:00-20:00,4.06,5.5
500104148,20:00-22:00,2.75,5.0
500104148,22:00-24:00,2.43,2.7
500104149,00:00-02:00,0.25,1.08
500104149,02:00-04:00,0.17,0.5
500104149,04:00-06:00,0.17,0.08
500104149,06:00-08:00,0.75,2.08
500104149,08:00-10:00,3.58,3.67
500104149,10:00-12:00,3.5,3.08
500104149,12:00-14:00,3.86,1.75
500104149,14:00-16:00,2.68,3.01
500104149,16:00-18:00,3.38,2.99
500104149,18:00-20:00,3.31,2.42
500104149,20:00-22:00,1.83,1.17
500104149,22:00-24:00,1.09,0.67
500104150,00:00-02:00,1.08,0.36
500104150,02:00-04:00,0.08,0.0
500104150,04:00-06:00,0.92,0.33
500104150,06:00-08:00,0.92,1.25
500104150,08:00-10:00,2.5,0.92
500104150,10:00-12:00,2.25,1.42
500104150,12:00-14:00,1.41,1.33
500104150,14:00-16:00,1.17,1.09
500104150,16:00-18:00,1.92,2.42
500104150,18:00-20:00,0.92,2.0
500104150,20:00-22:00,1.08,1.52
500104150,22:00-24:00,0.0,1.72
500104151,00:00-02:00,0.33,0.42
500104151,02:00-04:00,0.17,0.83
500104151,04:00-06:00,0.25,0.33
500104151,06:00-08:00,2.25,2.14
500104151,08:00-10:00,3.42,2.73
500104151,10:00-12:00,3.83,2.33
500104151,12:00-14:00,4.07,3.32
500104151,14:00-16:00,3.34,3.59
500104151,16:00-18:00,5.02,3.75
500104151,18:00-20:00,3.32,3.92
500104151,20:00-22:00,3.0,5.58
500104151,22:00-24:00,1.51,2.09
500104152,00:00-02:00,0.0,0.17
500104152,02:00-04:00,0.0,0.0
500104152,04:00-06:00,0.25,0.17
500104152,06:00-08:00,1.08,0.25
500104152,08:00-10:00,1.75,1.83
500104152,10:00-12:00,2.75,1.83
500104152,12:00-14:00,2.63,1.99
500104152,14:00-16:00,3.04,2.17
500104152,16:00-18:00,2.56,0.58
500104152,18:00-20:00,1.37,2.33
500104152,20:00-22:00,1.25,1.67
500104152,22:00-24:00,0.48,0.75
500104153,00:00-02:00,0.83,1.42
500104153,02:00-04:00,0.17,0.08
500104153,04:00-06:00,0.67,0.08
500104153,06:00-08:00,2.5,1.17
500104153,08:00-10:00,4.0,3.63
500104153,10:00-12:00,5.0,3.33
500104153,12:00-14:00,4.43,3.16
500104153,14:00-16:00,4.19,3.76
500104153,16:00-18:00,3.64,4.08
500104153,18:00-20:00,4.67,6.08
500104153,20:00-22:00,3.17,4.88
500104153,22:00-24:00,2.43,3.18
500104154,00:00-02:00,0.0,0.0
500104154,02:00-04:00,0.0,0.0
500104154,04:00-06:00,0.0,0.0
500104154,06:00-08:00,0.0,0.0
500104154,08:00-10:00,0.0,0.25
500104154,10:00-12:00,0.67,0.33
500104154,12:00-14:00,0.25,0.08
500104154,14:00-16:00,0.58,0.25
500104154,16:00-18:00,0.75,0.25
500104154,18:00-20:00,0.5,0.33
500104154,20:00-22:00,0.25,0.25
500104154,22:00-24:00,0.0,0.33
500105001,00:00-02:00,1.92,4.75
500105001,02:00-04:00,0.75,1.4
500105001,04:00-06:00,2.0,1.5
500105001,06:00-08:00,8.67,6.17
500105001,08:00-10:00,17.94,17.93
500105001,10:00-12:00,19.92,18.12
500105001,12:00-14:00,19.65,17.37
500105001,14:00-16:00,15.88,19.89
500105001,16:00-18:00,24.85,22.23
500105001,18:00-20:00,22.13,22.0
500105001,20:00-22:00,16.83,20.58
500105001,22:00-24:00,13.47,9.5
500105002,00:00-02:00,3.29,2.75
500105002,02:00-04:00,0.2,0.42
500105002,04:00-06:00,0.35,2.17
500105002,06:00-08:00,5.5,6.22
500105002,08:00-10:00,9.1,12.43
500105002,10:00-12:00,9.67,11.05
500105002,12:00-14:00,14.38,14.65
500105002,14:00-16:00,15.46,12.17
500105002,16:00-18:00,13.3,12.83
500105002,18:00-20:00,15.39,14.6
500105002,20:00-22:00,11.64,8.42
500105002,22:00-24:00,7.78,7.45
500105003,00:00-02:00,1.66,3.17
500105003,02:00-04:00,0.33,2.08
500105003,04:00-06:00,0.33,1.17
500105003,06:00-08:00,3.83,4.0
500105003,08:00-10:00,7.02,8.17
500105003,10:00-12:00,8.75,14.36
500105003,12:00-14:00,11.14,12.46
500105003,14:00-16:00,12.12,8.62
500105003,16:00-18:00,12.42,8.93
500105003,18:00-20:00,11.95,12.57
500105003,20:00-22:00,10.84,6.17
500105003,22:00-24:00,5.74,5.1
500105004,00:00-02:00,1.67,2.53
500105004,02:00-04:00,0.83,0.48
500105004,04:00-06:00,1.17,0.58
500105004,06:00-08:00,4.75,3.67
500105004,08:00-10:00,9.67,5.17
500105004,10:00-12:00,9.25,7.42
500105004,12:00-14:00,8.39,8.81
500105004,14:00-16:00,7.16,10.19
500105004,16:00-18:00,8.79,10.42
500105004,18:00-20:00,12.92,11.61
500105004,20:00-22:00,5.25,10.83
500105004,22:00-24:00,4.44,3.26
500105005,00:00-02:00,3.21,1.75
500105005,02:00-04:00,0.19,1.42
500105005,04:00-06:00,0.25,1.42
500105005,06:00-08:00,7.34,10.28
500105005,08:00-10:00,14.67,18.95
500105005,10:00-12:00,16.5,21.63
500105005,12:00-14:00,18.45,22.04
500105005,14:00-16:00,16.8,18.21
500105005,16:00-18:00,23.78,22.57
500105005,18:00-20:00,22.12,19.83
500105005,20:00-22:00,20.28,14.17
500105005,22:00-24:00,11.33,7.36
500105006,00:00-02:00,1.58,0.73
500105006,02:00-04:00,0.08,0.17
500105006,04:00-06:00,0.42,0.17
500105006,06:00-08:00,3.56,2.33
500105006,08:00-10:00,6.96,6.88
500105006,10:00-12:00,6.76,6.58
500105006,12:00-14:00,7.93,8.23
500105006,14:00-16:00,6.8,6.89
500105006,16:00-18:00,9.42,7.75
500105006,18:00-20:00,7.47,9.93
500105006,20:00-22:00,5.83,5.74
500105006,22:00-24:00,2.51,3.51
500105007,00:00-02:00,2.45,2.17
500105007,02:00-04:00,1.07,1.0
500105007,04:00-06:00,0.18,1.0
500105007,06:00-08:00,3.92,7.08
500105007,08:00-10:00,12.75,27.33
500105007,10:00-12:00,15.08,18.5
500105007,12:00-14:00,13.21,15.45
500105007,14:00-16:00,14.29,12.89
500105007,16:00-18:00,21.5,12.83
500105007,18:00-20:00,17.42,16.42
500105007,20:00-22:00,17.05,7.67
500105007,22:00-24:00,10.16,6.03
500105008,00:00-02:00,1.84,2.08
500105008,02:00-04:00,0.25,1.5
500105008,04:00-06:00,0.75,2.08
500105008,06:00-08:00,4.79,2.75
500105008,08:00-10:00,7.78,6.92
500105008,10:00-12:00,9.18,10.25
500105008,12:00-14:00,10.89,11.72
500105008,14:00-16:00,7.35,8.11
500105008,16:00-18:00,11.49,9.25
500105008,18:00-20:00,8.75,8.83
500105008,20:00-22:00,5.0,8.08
500105008,22:00-24:00,4.34,4.02
500105009,00:00-02:00,2.25,1.55
500105009,02:00-04:00,0.33,0.0
500105009,04:00-06:00,0.67,1.17
500105009,06:00-08:00,5.25,3.42
500105009,08:00-10:00,9.83,8.0
500105009,10:00-12:00,7.36,9.6
500105009,12:00-14:00,9.34,8.45
500105009,14:00-16:00,9.94,9.36
500105009,16:00-18:00,13.5,14.92
500105009,18:00-20:00,12.42,14.83
500105009,20:00-22:00,7.75,9.42
500105009,22:00-24:00,3.1,2.9
500105010,00:00-02:00,0.83,0.82
500105010,02:00-04:00,0.0,0.0
500105010,04:00-06:00,1.17,0.25
500105010,06:00-08:00,4.75,3.0
500105010,08:00-10:00,8.08,6.33
500105010,10:00-12:00,9.26,3.08
500105010,12:00-14:00,5.93,5.82
500105010,14:00-16:00,4.33,4.76
500105010,16:00-18:00,5.45,7.67
500105010,18:00-20:00,6.83,7.5
500105010,20:00-22:00,2.25,5.92
500105010,22:00-24:00,2.59,3.18
500105011,00:00-02:00,1.08,1.09
500105011,02:00-04:00,0.17,0.24
500105011,04:00-06:00,1.17,0.51
500105011,06:00-08:00,4.17,3.18
500105011,08:00-10:00,8.67,7.51
500105011,10:00-12:00,7.72,6.0
500105011,12:00-14:00,8.47,7.32
500105011,14:00-16:00,6.46,6.02
500105011,16:00-18:00,9.47,9.58
500105011,18:00-20:00,6.36,8.08
500105011,20:00-22:00,6.75,7.67
500105011,22:00-24:00,4.35,4.93
500105012,00:00-02:00,0.83,1.44
500105012,02:00-04:00,0.0,0.0
500105012,04:00-06:00,0.92,0.25
500105012,06:00-08:00,4.08,2.75
500105012,08:00-10:00,5.71,3.58
500105012,10:00-12:00,7.14,4.67
500105012,12:00-14:00,6.09,4.9
500105012,14:00-16:00,5.92,4.01
500105012,16:00-18:00,5.71,6.67
500105012,18:00-20:00,4.96,8.17
500105012,20:00-22:00,3.08,4.5
500105012,22:00-24:00,1.09,2.34
500105013,00:00-02:00,0.67,1.25
500105013,02:00-04:00,0.42,0.67
500105013,04:00-06:00,0.25,0.83
500105013,06:00-08:00,4.08,3.58
500105013,08:00-10:00,7.92,4.16
500105013,10:00-12:00,7.88,7.17
500105013,12:00-14:00,7.57,5.9
500105013,14:00-16:00,7.57,6.6
500105013,16:00-18:00,7.98,8.67
500105013,18:00-20:00,8.9,9.08
500105013,20:00-22:00,5.0,7.98
500105013,22:00-24:00,3.51,4.82
500105014,00:00-02:00,1.5,2.08
500105014,02:00-04:00,1.25,1.18
500105014,04:00-06:00,1.33,1.18
500105014,06:00-08:00,3.0,2.33
500105014,08:00-10:00,5.25,5.5
500105014,10:00-12:00,8.0,9.69
500105014,12:00-14:00,8.98,7.65
500105014,14:00-16:00,8.27,8.61
500105014,16:00-18:00,8.88,10.49
500105014,18:00-20:00,9.33,9.61
500105014,20:00-22:00,7.25,7.71
500105014,22:00-24:00,4.18,4.47
500105015,00:00-02:00,1.76,2.33
500105015,02:00-04:00,0.33,1.53
500105015,04:00-06:00,0.58,0.54
500105015,06:00-08:00,2.42,2.91
500105015,08:00-10:00,4.5,5.52
500105015,10:00-12:00,8.52,5.46
500105015,12:00-14:00,8.02,10.1
500105015,14:00-16:00,7.93,5.99
500105015,16:00-18:00,9.89,6.83
500105015,18:00-20:00,7.52,7.95
500105015,20:00-22:00,5.54,5.34
500105015,22:00-24:00,4.05,4.24
500105016,00:00-02:00,1.08,2.03
500105016,02:00-04:00,0.17,0.16
500105016,04:00-06:00,1.17,0.84
500105016,06:00-08:00,8.0,1.65
500105016,08:00-10:00,11.25,8.25
500105016,10:00-12:00,13.61,12.25
500105016,12:00-14:00,13.49,9.81
500105016,14:00-16:00,10.97,10.11
500105016,16:00-18:00,13.76,13.25
500105016,18:00-20:00,10.41,12.67
500105016,20:00-22:00,5.58,11.0
500105016,22:00-24:00,3.51,8.69
500105017,00:00-02:00,0.79,1.67
500105017,02:00-04:00,0.17,0.25
500105017,04:00-06:00,0.5,1.75
500105017,06:00-08:00,4.33,5.45
500105017,08:00-10:00,9.08,12.03
500105017,10:00-12:00,9.08,8.55
500105017,12:00-14:00,7.73,7.98
500105017,14:00-16:00,9.44,8.39
500105017,16:00-18:00,11.1,9.76
500105017,18:00-20:00,9.73,6.52
500105017,20:00-22:00,5.74,4.5
500105017,22:00-24:00,2.75,2.51
500105018,00:00-02:00,2.08,3.67
500105018,02:00-04:00,0.67,0.75
500105018,04:00-06:00,0.17,1.25
500105018,06:00-08:00,2.5,4.67
500105018,08:00-10:00,5.17,10.08
500105018,10:00-12:00,7.42,11.26
500105018,12:00-14:00,10.97,10.09
500105018,14:00-16:00,17.38,11.09
500105018,16:00-18:00,13.58,9.33
500105018,18:00-20:00,10.5,9.25
500105018,20:00-22:00,5.5,5.83
500105018,22:00-24:00,3.93,5.36
500105019,00:00-02:00,5.61,0.33
500105019,02:00-04:00,0.2,1.0
500105019,04:00-06:00,1.24,0.92
500105019,06:00-08:00,2.83,3.17
500105019,08:00-10:00,11.17,7.58
500105019,10:00-12:00,8.55,10.5
500105019,12:00-14:00,11.46,10.64
500105019,14:00-16:00,12.47,13.12
500105019,16:00-18:00,15.27,12.0
500105019,18:00-20:00,7.52,6.17
500105019,20:00-22:00,6.97,5.17
500105019,22:00-24:00,3.48,9.87
500105020,00:00-02:00,3.57,1.08
500105020,02:00-04:00,0.1,0.33
500105020,04:00-06:00,0.17,1.17
500105020,06:00-08:00,2.5,2.25
500105020,08:00-10:00,8.01,6.08
500105020,10:00-12:00,6.38,5.92
500105020,12:00-14:00,8.32,8.48
500105020,14:00-16:00,10.29,7.44
500105020,16:00-18:00,11.82,11.58
500105020,18:00-20:00,8.23,7.25
500105020,20:00-22:00,5.54,6.0
500105020,22:00-24:00,3.76,2.59
500105021,00:00-02:00,1.32,0.75
500105021,02:00-04:00,0.17,0.42
500105021,04:00-06:00,0.08,0.17
500105021,06:00-08:00,0.92,1.17
500105021,08:00-10:00,4.08,2.67
500105021,10:00-12:00,2.05,3.0
500105021,12:00-14:00,2.88,2.58
500105021,14:00-16:00,3.36,2.42
500105021,16:00-18:00,5.37,4.17
500105021,18:00-20:00,3.39,4.08
500105021,20:00-22:00,2.8,2.25
500105021,22:00-24:00,2.75,1.09
500105022,00:00-02:00,1.68,1.42
500105022,02:00-04:00,0.33,0.33
500105022,04:00-06:00,1.33,2.25
500105022,06:00-08:00,3.0,6.33
500105022,08:00-10:00,9.42,8.96
500105022,10:00-12:00,10.42,7.25
500105022,12:00-14:00,6.73,8.48
500105022,14:00-16:00,7.52,7.6
500105022,16:00-18:00,11.73,10.0
500105022,18:00-20:00,9.32,7.25
500105022,20:00-22:00,8.08,6.42
500105022,22:00-24:00,2.54,3.6
500105023,00:00-02:00,0.97,1.08
500105023,02:00-04:00,0.0,0.42
500105023,04:00-06:00,0.1,0.33
500105023,06:00-08:00,2.43,5.17
500105023,08:00-10:00,7.92,6.08
500105023,10:00-12:00,6.87,9.0
500105023,12:00-14:00,8.48,11.39
500105023,14:00-16:00,9.03,8.19
500105023,16:00-18:00,14.08,7.08
500105023,18:00-20:00,9.05,5.25
500105023,20:00-22:00,5.58,2.08
500105023,22:00-24:00,5.0,3.26
500105024,00:00-02:00,0.25,0.67
500105024,02:00-04:00,0.25,0.58
500105024,04:00-06:00,2.17,0.5
500105024,06:00-08:00,3.83,3.25
500105024,08:00-10:00,6.42,6.75
500105024,10:00-12:00,8.92,6.5
500105024,12:00-14:00,9.06,8.64
500105024,14:00-16:00,6.52,6.6
500105024,16:00-18:00,11.03,7.83
500105024,18:00-20:00,6.06,8.0
500105024,20:00-22:00,3.01,5.83
500105024,22:00-24:00,1.34,2.68
500105025,00:00-02:00,0.83,0.67
500105025,02:00-04:00,0.33,0.17
500105025,04:00-06:00,0.67,1.33
500105025,06:00-08:00,3.58,2.5
500105025,08:00-10:00,4.92,5.17
500105025,10:00-12:00,6.33,5.67
500105025,12:00-14:00,5.48,5.24
500105025,14:00-16:00,5.1,4.18
500105025,16:00-18:00,6.79,7.27
500105025,18:00-20:00,6.84,5.14
500105025,20:00-22:00,2.67,4.25
500105025,22:00-24:00,1.76,2.34
500105026,00:00-02:00,1.0,1.75
500105026,02:00-04:00,0.25,0.25
500105026,04:00-06:00,1.0,0.75
500105026,06:00-08:00,2.5,1.5
500105026,08:00-10:00,3.0,4.75
500105026,10:00-12:00,6.05,2.75
500105026,12:00-14:00,3.28,4.23
500105026,14:00-16:00,4.89,3.01
500105026,16:00-18:00,5.35,7.25
500105026,18:00-20:00,4.25,6.75
500105026,20:00-22:00,4.5,3.75
500105026,22:00-24:00,3.77,3.51
500105027,00:00-02:00,0.17,1.2
500105027,02:00-04:00,0.25,0.2
500105027,04:00-06:00,0.58,0.42
500105027,06:00-08:00,4.42,1.33
500105027,08:00-10:00,4.75,4.25
500105027,10:00-12:00,4.69,2.58
500105027,12:00-14:00,4.01,2.16
500105027,14:00-16:00,5.67,3.68
500105027,16:00-18:00,5.97,6.5
500105027,18:00-20:00,4.3,6.67
500105027,20:00-22:00,2.75,5.33
500105027,22:00-24:00,2.59,4.69
500105028,00:00-02:00,1.67,1.83
500105028,02:00-04:00,0.08,0.42
500105028,04:00-06:00,0.33,0.17
500105028,06:00-08:00,2.5,2.42
500105028,08:00-10:00,6.16,6.5
500105028,10:00-12:00,4.17,4.17
500105028,12:00-14:00,5.07,3.07
500105028,14:00-16:00,7.27,5.93
500105028,16:00-18:00,8.3,3.42
500105028,18:00-20:00,4.64,7.17
500105028,20:00-22:00,4.21,4.67
500105028,22:00-24:00,2.59,3.68
500105029,00:00-02:00,0.83,1.5
500105029,02:00-04:00,0.58,0.33
500105029,04:00-06:00,0.67,0.17
500105029,06:00-08:00,2.58,1.67
500105029,08:00-10:00,5.25,3.17
500105029,10:00-12:00,4.92,4.17
500105029,12:00-14:00,5.32,6.73
500105029,14:00-16:00,7.44,6.35
500105029,16:00-18:00,6.63,8.58
500105029,18:00-20:00,8.0,7.21
500105029,20:00-22:00,4.83,5.75
500105029,22:00-24:00,3.18,2.68
500105030,00:00-02:00,0.99,1.17
500105030,02:00-04:00,0.3,0.42
500105030,04:00-06:00,0.33,0.33
500105030,06:00-08:00,3.02,3.75
500105030,08:00-10:00,4.33,6.25
500105030,10:00-12:00,5.92,5.02
500105030,12:00-14:00,5.73,5.4
500105030,14:00-16:00,5.1,4.18
500105030,16:00-18:00,5.45,4.5
500105030,18:00-20:00,4.83,5.75
500105030,20:00-22:00,5.08,3.08
500105030,22:00-24:00,1.31,2.01
500105031,00:00-02:00,1.5,2.17
500105031,02:00-04:00,0.25,0.58
500105031,04:00-06:00,1.5,1.08
500105031,06:00-08:00,3.75,2.08
500105031,08:00-10:00,6.5,5.67
500105031,10:00-12:00,5.61,5.58
500105031,12:00-14:00,6.1,4.82
500105031,14:00-16:00,5.66,5.35
500105031,16:00-18:00,6.68,6.08
500105031,18:00-20:00,7.17,6.92
500105031,20:00-22:00,5.58,6.0
500105031,22:00-24:00,2.01,4.6
500105032,00:00-02:00,0.92,1.17
500105032,02:00-04:00,0.25,0.25
500105032,04:00-06:00,0.67,0.5
500105032,06:00-08:00,2.93,3.42
500105032,08:00-10:00,5.42,3.42
500105032,10:00-12:00,7.52,6.42
500105032,12:00-14:00,6.23,8.23
500105032,14:00-16:00,6.52,6.35
500105032,16:00-18:00,8.33,7.83
500105032,18:00-20:00,6.24,5.8
500105032,20:00-22:00,4.58,4.0
500105032,22:00-24:00,1.59,3.51
500105033,00:00-02:00,0.86,1.08
500105033,02:00-04:00,0.1,0.33
500105033,04:00-06:00,1.17,0.5
500105033,06:00-08:00,2.17,3.67
500105033,08:00-10:00,3.08,3.0
500105033,10:00-12:00,4.17,4.83
500105033,12:00-14:00,5.35,3.74
500105033,14:00-16:00,4.49,4.09
500105033,16:00-18:00,7.45,5.25
500105033,18:00-20:00,4.23,3.83
500105033,20:00-22:00,3.84,4.75
500105033,22:00-24:00,2.39,2.01
500105034,00:00-02:00,0.0,0.25
500105034,02:00-04:00,0.0,0.0
500105034,04:00-06:00,0.08,0.08
500105034,06:00-08:00,0.58,0.83
500105034,08:00-10:00,0.75,0.75
500105034,10:00-12:00,0.92,0.75
500105034,12:00-14:00,1.08,0.58
500105034,14:00-16:00,1.34,1.75
500105034,16:00-18:00,1.67,0.83
500105034,18:00-20:00,0.5,0.33
500105034,20:00-22:00,0.17,0.33
500105034,22:00-24:00,0.25,0.08
500105035,00:00-02:00,0.58,0.75
500105035,02:00-04:00,0.0,0.42
500105035,04:00-06:00,0.25,0.08
500105035,06:00-08:00,3.62,3.0
500105035,08:00-10:00,5.66,8.58
500105035,10:00-12:00,6.33,7.33
500105035,12:00-14:00,9.15,4.99
500105035,14:00-16:00,5.76,4.26
500105035,16:00-18:00,8.02,6.67
500105035,18:00-20:00,3.55,4.75
500105035,20:00-22:00,3.92,4.33
500105035,22:00-24:00,2.34,1.84
500105036,00:00-02:00,0.6,1.33
500105036,02:00-04:00,0.1,0.5
500105036,04:00-06:00,0.84,2.42
500105036,06:00-08:00,3.0,1.08
500105036,08:00-10:00,3.08,1.83
500105036,10:00-12:00,3.06,2.25
500105036,12:00-14:00,3.83,1.91
500105036,14:00-16:00,2.59,3.34
500105036,16:00-18:00,3.21,2.42
500105036,18:00-20:00,1.96,2.17
500105036,20:00-22:00,1.94,2.25
500105036,22:00-24:00,2.09,2.34
500105037,00:00-02:00,0.08,0.67
500105037,02:00-04:00,0.0,0.08
500105037,04:00-06:00,0.42,0.33
500105037,06:00-08:00,1.83,1.25
500105037,08:00-10:00,2.42,2.75
500105037,10:00-12:00,3.92,3.0
500105037,12:00-14:00,3.07,3.32
500105037,14:00-16:00,3.55,2.42
500105037,16:00-18:00,3.82,4.25
500105037,18:00-20:00,2.99,2.83
500105037,20:00-22:00,2.34,2.58
500105037,22:00-24:00,1.73,1.26
500105038,00:00-02:00,0.83,0.58
500105038,02:00-04:00,0.25,0.08
500105038,04:00-06:00,0.67,0.67
500105038,06:00-08:00,2.83,1.33
500105038,08:00-10:00,3.67,2.5
500105038,10:00-12:00,4.3,6.25
500105038,12:00-14:00,5.9,6.37
500105038,14:00-16:00,7.69,7.23
500105038,16:00-18:00,8.42,9.67
500105038,18:00-20:00,6.67,8.67
500105038,20:00-22:00,5.92,6.42
500105038,22:00-24:00,3.35,3.1
500105039,00:00-02:00,0.17,0.67
500105039,02:00-04:00,0.0,0.67
500105039,04:00-06:00,0.33,0.17
500105039,06:00-08:00,1.83,1.42
500105039,08:00-10:00,3.76,1.83
500105039,10:00-12:00,3.14,3.67
500105039,12:00-14:00,5.11,3.39
500105039,14:00-16:00,4.45,4.67
500105039,16:00-18:00,9.0,8.72
500105039,18:00-20:00,5.02,5.5
500105039,20:00-22:00,3.64,5.32
500105039,22:00-24:00,2.93,2.22
500105040,00:00-02:00,0.52,1.0
500105040,02:00-04:00,0.0,0.08
500105040,04:00-06:00,0.67,0.33
500105040,06:00-08:00,2.81,0.42
500105040,08:00-10:00,2.51,4.37
500105040,10:00-12:00,4.18,2.27
500105040,12:00-14:00,2.79,3.07
500105040,14:00-16:00,1.91,2.49
500105040,16:00-18:00,3.19,3.35
500105040,18:00-20:00,1.5,2.33
500105040,20:00-22:00,3.25,3.28
500105040,22:00-24:00,1.0,1.0
500105041,00:00-02:00,0.67,1.22
500105041,02:00-04:00,0.33,0.0
500105041,04:00-06:00,0.25,0.19
500105041,06:00-08:00,2.17,1.34
500105041,08:00-10:00,3.42,3.38
500105041,10:00-12:00,5.21,4.87
500105041,12:00-14:00,3.93,3.74
500105041,14:00-16:00,3.27,4.58
500105041,16:00-18:00,5.33,3.85
500105041,18:00-20:00,3.77,4.04
500105041,20:00-22:00,2.0,4.13
500105041,22:00-24:00,1.67,3.01
500105042,00:00-02:00,0.08,0.33
500105042,02:00-04:00,0.0,0.0
500105042,04:00-06:00,0.25,0.0
500105042,06:00-08:00,0.75,0.67
500105042,08:00-10:00,1.25,0.67
500105042,10:00-12:00,1.08,1.17
500105042,12:00-14:00,0.33,1.33
500105042,14:00-16:00,1.25,0.5
500105042,16:00-18:00,1.17,0.92
500105042,18:00-20:00,0.75,1.0
500105042,20:00-22:00,0.67,0.67
500105042,22:00-24:00,0.67,0.42
500105043,00:00-02:00,1.5,0.92
500105043,02:00-04:00,0.42,0.42
500105043,04:00-06:00,0.67,0.42
500105043,06:00-08:00,2.37,1.5
500105043,08:00-10:00,2.33,4.76
500105043,10:00-12:00,5.2,3.84
500105043,12:00-14:00,4.2,4.45
500105043,14:00-16:00,3.17,2.09
500105043,16:00-18:00,4.08,4.69
500105043,18:00-20:00,4.4,4.25
500105043,20:00-22:00,3.17,5.45
500105043,22:00-24:00,3.35,3.02
500105044,00:00-02:00,0.0,0.0
500105044,02:00-04:00,0.0,0.0
500105044,04:00-06:00,0.08,0.0
500105044,06:00-08:00,1.17,0.17
500105044,08:00-10:00,1.09,1.17
500105044,10:00-12:00,1.25,0.67
500105044,12:00-14:00,0.7,1.08
500105044,14:00-16:00,1.17,1.0
500105044,16:00-18:00,2.54,1.17
500105044,18:00-20:00,0.92,1.67
500105044,20:00-22:00,0.26,0.83
500105044,22:00-24:00,0.17,0.5
500105045,00:00-02:00,0.17,0.33
500105045,02:00-04:00,0.0,0.17
500105045,04:00-06:00,0.0,0.0
500105045,06:00-08:00,0.58,0.42
500105045,08:00-10:00,1.08,0.67
500105045,10:00-12:00,2.05,0.42
500105045,12:00-14:00,1.56,1.5
500105045,14:00-16:00,1.15,1.25
500105045,16:00-18:00,2.23,1.5
500105045,18:00-20:00,0.62,1.42
500105045,20:00-22:00,0.63,1.25
500105045,22:00-24:00,0.17,0.59
500105046,00:00-02:00,1.42,1.83
500105046,02:00-04:00,0.5,1.34
500105046,04:00-06:00,1.0,1.04
500105046,06:00-08:00,3.08,1.67
500105046,08:00-10:00,2.37,1.7
500105046,10:00-12:00,5.22,2.42
500105046,12:00-14:00,5.11,2.41
500105046,14:00-16:00,3.63,5.01
500105046,16:00-18:00,6.77,3.83
500105046,18:00-20:00,4.52,4.83
500105046,20:00-22:00,2.6,3.83
500105046,22:00-24:00,3.1,2.59
500105047,00:00-02:00,2.25,1.94
500105047,02:00-04:00,0.58,0.92
500105047,04:00-06:00,1.33,0.33
500105047,06:00-08:00,5.49,5.42
500105047,08:00-10:00,8.27,6.6
500105047,10:00-12:00,8.81,11.04
500105047,12:00-14:00,9.76,8.69
500105047,14:00-16:00,7.83,6.86
500105047,16:00-18:00,10.19,10.5
500105047,18:00-20:00,10.08,11.22
500105047,20:00-22:00,8.75,9.48
500105047,22:00-24:00,5.02,5.94
500105048,00:00-02:00,0.95,0.58
500105048,02:00-04:00,0.0,0.58
500105048,04:00-06:00,0.17,0.92
500105048,06:00-08:00,2.42,4.94
500105048,08:00-10:00,10.25,7.35
500105048,10:00-12:00,5.83,9.4
500105048,12:00-14:00,6.07,6.8
500105048,14:00-16:00,5.52,4.14
500105048,16:00-18:00,8.0,6.5
500105048,18:00-20:00,5.58,8.35
500105048,20:00-22:00,5.75,3.5
500105048,22:00-24:00,3.77,1.84
500105049,00:00-02:00,0.42,0.33
500105049,02:00-04:00,0.0,0.25
500105049,04:00-06:00,0.25,0.25
500105049,06:00-08:00,1.17,0.83
500105049,08:00-10:00,2.83,0.92
500105049,10:00-12:00,3.42,3.0
500105049,12:00-14:00,3.16,1.91
500105049,14:00-16:00,1.75,1.67
500105049,16:00-18:00,2.33,3.08
500105049,18:00-20:00,2.83,2.75
500105049,20:00-22:00,1.08,3.0
500105049,22:00-24:00,0.84,1.67
500105050,00:00-02:00,0.94,0.33
500105050,02:00-04:00,0.0,0.17
500105050,04:00-06:00,0.33,0.17
500105050,06:00-08:00,1.04,1.08
500105050,08:00-10:00,3.18,3.67
500105050,10:00-12:00,4.46,4.1
500105050,12:00-14:00,2.08,5.21
500105050,14:00-16:00,3.76,3.6
500105050,16:00-18:00,7.28,5.84
500105050,18:00-20:00,4.7,3.58
500105050,20:00-22:00,3.55,2.92
500105050,22:00-24:00,3.04,2.01
500105051,00:00-02:00,0.26,0.58
500105051,02:00-04:00,0.0,0.0
500105051,04:00-06:00,0.0,0.17
500105051,06:00-08:00,0.58,0.42
500105051,08:00-10:00,0.94,2.17
500105051,10:00-12:00,2.54,1.5
500105051,12:00-14:00,0.67,1.91
500105051,14:00-16:00,2.67,1.48
500105051,16:00-18:00,1.52,1.17
500105051,18:00-20:00,1.17,1.08
500105051,20:00-22:00,1.5,0.5
500105051,22:00-24:00,0.21,0.25
500105053,00:00-02:00,0.0,0.33
500105053,02:00-04:00,0.0,0.17
500105053,04:00-06:00,0.25,0.0
500105053,06:00-08:00,2.83,0.5
500105053,08:00-10:00,4.5,2.17
500105053,10:00-12:00,4.0,2.67
500105053,12:00-14:00,3.43,3.24
500105053,14:00-16:00,4.81,3.01
500105053,16:00-18:00,3.98,5.5
500105053,18:00-20:00,2.67,3.5
500105053,20:00-22:00,1.17,5.09
500105053,22:00-24:00,1.92,1.37
500105054,00:00-02:00,0.17,0.5
500105054,02:00-04:00,0.0,0.0
500105054,04:00-06:00,0.17,0.0
500105054,06:00-08:00,1.08,0.33
500105054,08:00-10:00,3.41,0.92
500105054,10:00-12:00,1.08,1.5
500105054,12:00-14:00,1.43,0.91
500105054,14:00-16:00,0.99,1.59
500105054,16:00-18:00,1.49,2.67
500105054,18:00-20:00,1.08,0.58
500105054,20:00-22:00,0.83,1.31
500105054,22:00-24:00,0.67,0.92
500105055,00:00-02:00,0.58,1.67
500105055,02:00-04:00,1.25,0.75
500105055,04:00-06:00,3.83,0.33
500105055,06:00-08:00,3.5,2.75
500105055,08:00-10:00,8.45,7.33
500105055,10:00-12:00,10.25,10.33
500105055,12:00-14:00,10.48,10.97
500105055,14:00-16:00,10.03,10.97
500105055,16:00-18:00,15.0,10.33
500105055,18:00-20:00,9.51,9.17
500105055,20:00-22:00,7.11,6.42
500105055,22:00-24:00,1.67,5.69
500105056,00:00-02:00,0.92,0.5
500105056,02:00-04:00,0.25,0.42
500105056,04:00-06:00,0.75,0.0
500105056,06:00-08:00,1.75,1.83
500105056,08:00-10:00,3.42,3.38
500105056,10:00-12:00,2.83,3.17
500105056,12:00-14:00,3.82,3.24
500105056,14:00-16:00,2.46,3.18
500105056,16:00-18:00,2.95,3.78
500105056,18:00-20:00,5.13,3.62
500105056,20:00-22:00,1.04,2.67
500105056,22:00-24:00,1.67,1.81
500105057,00:00-02:00,0.58,0.26
500105057,02:00-04:00,0.17,0.08
500105057,04:00-06:00,0.5,0.33
500105057,06:00-08:00,0.75,0.75
500105057,08:00-10:00,1.67,1.69
500105057,10:00-12:00,1.9,1.58
500105057,12:00-14:00,1.51,1.66
500105057,14:00-16:00,1.38,1.75
500105057,16:00-18:00,1.77,1.17
500105057,18:00-20:00,1.45,1.78
500105057,20:00-22:00,2.04,1.67
500105057,22:00-24:00,1.12,1.34
500105058,00:00-02:00,0.0,0.17
500105058,02:00-04:00,0.17,0.0
500105058,04:00-06:00,0.08,0.0
500105058,06:00-08:00,0.33,0.25
500105058,08:00-10:00,0.67,0.08
500105058,10:00-12:00,0.9,0.42
500105058,12:00-14:00,0.5,1.41
500105058,14:00-16:00,0.52,0.58
500105058,16:00-18:00,0.8,0.83
500105058,18:00-20:00,0.58,1.08
500105058,20:00-22:00,0.33,0.25
500105058,22:00-24:00,0.0,0.08
500105059,00:00-02:00,1.33,1.33
500105059,02:00-04:00,0.75,0.83
500105059,04:00-06:00,0.5,0.75
500105059,06:00-08:00,1.67,1.33
500105059,08:00-10:00,4.31,3.25
500105059,10:00-12:00,4.05,4.25
500105059,12:00-14:00,4.43,3.16
500105059,14:00-16:00,4.52,4.26
500105059,16:00-18:00,7.31,5.25
500105059,18:00-20:00,4.2,5.33
500105059,20:00-22:00,3.29,4.17
500105059,22:00-24:00,2.85,3.31
500105060,00:00-02:00,0.33,0.08
500105060,02:00-04:00,0.08,0.17
500105060,04:00-06:00,0.17,0.08
500105060,06:00-08:00,1.58,0.92
500105060,08:00-10:00,3.17,3.42
500105060,10:00-12:00,3.63,2.68
500105060,12:00-14:00,3.23,2.66
500105060,14:00-16:00,2.7,3.59
500105060,16:00-18:00,3.18,4.0
500105060,18:00-20:00,2.75,2.5
500105060,20:00-22:00,1.67,1.92
500105060,22:00-24:00,0.92,1.42
500105061,00:00-02:00,1.75,3.69
500105061,02:00-04:00,1.75,1.53
500105061,04:00-06:00,3.08,1.76
500105061,06:00-08:00,3.25,3.75
500105061,08:00-10:00,8.83,8.37
500105061,10:00-12:00,12.53,8.63
500105061,12:00-14:00,13.53,14.29
500105061,14:00-16:00,10.9,9.78
500105061,16:00-18:00,13.71,9.25
500105061,18:00-20:00,11.65,11.67
500105061,20:00-22:00,5.93,9.17
500105061,22:00-24:00,3.18,5.61
500105063,00:00-02:00,0.58,1.02
500105063,02:00-04:00,0.08,0.08
500105063,04:00-06:00,0.25,0.0
500105063,06:00-08:00,3.16,2.28
500105063,08:00-10:00,4.03,3.08
500105063,10:00-12:00,1.78,1.67
500105063,12:00-14:00,4.15,1.99
500105063,14:00-16:00,2.68,3.68
500105063,16:00-18:00,6.66,5.18
500105063,18:00-20:00,3.84,3.33
500105063,20:00-22:00,2.06,2.42
500105063,22:00-24:00,0.85,1.44
500105064,00:00-02:00,0.0,0.5
500105064,02:00-04:00,0.25,0.25
500105064,04:00-06:00,0.33,0.0
500105064,06:00-08:00,1.08,0.17
500105064,08:00-10:00,2.1,1.0
500105064,10:00-12:00,2.31,1.17
500105064,12:00-14:00,1.86,1.66
500105064,14:00-16:00,1.82,1.42
500105064,16:00-18:00,0.7,1.33
500105064,18:00-20:00,0.75,2.08
500105064,20:00-22:00,0.17,1.32
500105064,22:00-24:00,0.0,0.3
500105066,00:00-02:00,3.36,4.33
500105066,02:00-04:00,2.56,1.54
500105066,04:00-06:00,1.66,0.83
500105066,06:00-08:00,2.53,2.17
500105066,08:00-10:00,3.61,4.47
500105066,10:00-12:00,10.31,6.65
500105066,12:00-14:00,10.58,8.81
500105066,14:00-16:00,7.15,8.67
500105066,16:00-18:00,13.35,13.29
500105066,18:00-20:00,12.77,15.04
500105066,20:00-22:00,9.52,6.07
500105066,22:00-24:00,4.89,3.85
500105067,00:00-02:00,0.42,2.5
500105067,02:00-04:00,0.25,0.67
500105067,04:00-06:00,1.33,1.25
500105067,06:00-08:00,3.92,2.5
500105067,08:00-10:00,8.92,8.39
500105067,10:00-12:00,14.58,11.25
500105067,12:00-14:00,10.38,12.22
500105067,14:00-16:00,10.36,12.12
500105067,16:00-18:00,14.92,13.25
500105067,18:00-20:00,11.21,11.5
500105067,20:00-22:00,8.34,7.83
500105067,22:00-24:00,3.27,4.94
500105068,00:00-02:00,0.95,1.91
500105068,02:00-04:00,0.83,0.32
500105068,04:00-06:00,0.42,0.25
500105068,06:00-08:00,2.03,2.78
500105068,08:00-10:00,5.65,5.47
500105068,10:00-12:00,6.77,6.66
500105068,12:00-14:00,8.61,8.48
500105068,14:00-16:00,7.64,7.45
500105068,16:00-18:00,8.95,8.36
500105068,18:00-20:00,8.57,6.78
500105068,20:00-22:00,4.04,5.33
500105068,22:00-24:00,2.34,1.96
500105069,00:00-02:00,1.58,1.38
500105069,02:00-04:00,0.33,0.33
500105069,04:00-06:00,0.67,0.08
500105069,06:00-08:00,5.83,1.92
500105069,08:00-10:00,8.75,6.33
500105069,10:00-12:00,7.87,6.58
500105069,12:00-14:00,7.52,9.31
500105069,14:00-16:00,7.19,7.6
500105069,16:00-18:00,10.6,8.0
500105069,18:00-20:00,7.05,10.42
500105069,20:00-22:00,5.5,6.33
500105069,22:00-24:00,2.26,3.71
500105070,00:00-02:00,3.92,8.43
500105070,02:00-04:00,4.58,2.71
500105070,04:00-06:00,6.83,1.73
500105070,06:00-08:00,12.67,1.25
500105070,08:00-10:00,18.61,7.83
500105070,10:00-12:00,15.49,6.42
500105070,12:00-14:00,14.64,11.97
500105070,14:00-16:00,15.26,13.29
500105070,16:00-18:00,16.56,12.0
500105070,18:00-20:00,16.56,22.92
500105070,20:00-22:00,7.92,24.67
500105070,22:00-24:00,7.03,19.17
500105071,00:00-02:00,2.67,4.42
500105071,02:00-04:00,0.68,0.83
500105071,04:00-06:00,0.33,0.83
500105071,06:00-08:00,4.17,9.78
500105071,08:00-10:00,11.83,15.18
500105071,10:00-12:00,16.57,15.59
500105071,12:00-14:00,12.54,15.2
500105071,14:00-16:00,13.92,14.78
500105071,16:00-18:00,20.76,16.92
500105071,18:00-20:00,19.52,14.67
500105071,20:00-22:00,16.7,9.75
500105071,22:00-24:00,9.67,5.02
500105072,00:00-02:00,0.33,0.92
500105072,02:00-04:00,0.0,0.08
500105072,04:00-06:00,0.17,0.08
500105072,06:00-08:00,1.0,1.42
500105072,08:00-10:00,1.92,1.75
500105072,10:00-12:00,2.5,1.92
500105072,12:00-14:00,3.04,3.63
500105072,14:00-16:00,3.76,3.34
500105072,16:00-18:00,3.92,3.5
500105072,18:00-20:00,2.0,1.75
500105072,20:00-22:00,2.67,2.42
500105072,22:00-24:00,0.59,1.34
500105073,00:00-02:00,1.92,0.79
500105073,02:00-04:00,0.25,0.36
500105073,04:00-06:00,0.58,0.08
500105073,06:00-08:00,3.42,0.58
500105073,08:00-10:00,5.43,4.0
500105073,10:00-12:00,5.79,4.58
500105073,12:00-14:00,6.35,4.49
500105073,14:00-16:00,5.26,3.01
500105073,16:00-18:00,5.28,4.83
500105073,18:00-20:00,2.83,5.25
500105073,20:00-22:00,1.5,4.17
500105073,22:00-24:00,0.42,2.62
500105074,00:00-02:00,1.42,2.01
500105074,02:00-04:00,1.08,0.4
500105074,04:00-06:00,0.75,0.08
500105074,06:00-08:00,2.17,1.5
500105074,08:00-10:00,4.83,4.83
500105074,10:00-12:00,4.16,5.14
500105074,12:00-14:00,6.48,5.65
500105074,14:00-16:00,4.76,4.01
500105074,16:00-18:00,5.67,6.25
500105074,18:00-20:00,6.25,7.83
500105074,20:00-22:00,5.67,5.25
500105074,22:00-24:00,3.26,3.14
500105075,00:00-02:00,0.08,0.92
500105075,02:00-04:00,0.17,0.33
500105075,04:00-06:00,0.67,0.25
500105075,06:00-08:00,2.58,1.5
500105075,08:00-10:00,2.0,2.67
500105075,10:00-12:00,3.12,4.58
500105075,12:00-14:00,4.57,3.74
500105075,14:00-16:00,4.59,4.18
500105075,16:00-18:00,4.84,3.32
500105075,18:00-20:00,3.39,3.5
500105075,20:00-22:00,2.8,2.33
500105075,22:00-24:00,1.44,2.93
500105076,00:00-02:00,0.92,0.75
500105076,02:00-04:00,0.17,0.08
500105076,04:00-06:00,0.17,0.17
500105076,06:00-08:00,1.67,1.08
500105076,08:00-10:00,1.42,1.67
500105076,10:00-12:00,2.82,2.42
500105076,12:00-14:00,3.41,2.58
500105076,14:00-16:00,2.16,1.84
500105076,16:00-18:00,2.57,2.76
500105076,18:00-20:00,3.29,3.58
500105076,20:00-22:00,1.75,2.0
500105076,22:00-24:00,1.0,1.67
500105077,00:00-02:00,0.33,1.33
500105077,02:00-04:00,0.0,0.27
500105077,04:00-06:00,0.83,0.09
500105077,06:00-08:00,2.25,1.08
500105077,08:00-10:00,3.7,2.17
500105077,10:00-12:00,3.64,2.75
500105077,12:00-14:00,2.83,3.32
500105077,14:00-16:00,2.8,2.76
500105077,16:00-18:00,5.59,3.83
500105077,18:00-20:00,2.9,4.0
500105077,20:00-22:00,1.67,5.0
500105077,22:00-24:00,4.35,3.42
500105079,00:00-02:00,1.5,1.34
500105079,02:00-04:00,0.33,0.08
500105079,04:00-06:00,0.83,0.58
500105079,06:00-08:00,3.42,2.84
500105079,08:00-10:00,4.67,6.41
500105079,10:00-12:00,4.94,7.28
500105079,12:00-14:00,6.79,4.64
500105079,14:00-16:00,4.91,4.09
500105079,16:00-18:00,5.3,5.58
500105079,18:00-20:00,4.92,5.27
500105079,20:00-22:00,2.92,4.33
500105079,22:00-24:00,1.51,3.83
500105080,00:00-02:00,0.42,1.17
500105080,02:00-04:00,0.17,1.25
500105080,04:00-06:00,0.92,1.17
500105080,06:00-08:00,2.08,0.25
500105080,08:00-10:00,3.61,1.25
500105080,10:00-12:00,3.64,1.33
500105080,12:00-14:00,2.61,1.25
500105080,14:00-16:00,3.72,3.01
500105080,16:00-18:00,4.42,4.33
500105080,18:00-20:00,1.44,1.83
500105080,20:00-22:00,1.83,1.42
500105080,22:00-24:00,1.13,2.01
500105081,00:00-02:00,0.17,0.61
500105081,02:00-04:00,0.25,0.0
500105081,04:00-06:00,0.58,0.17
500105081,06:00-08:00,3.58,1.58
500105081,08:00-10:00,5.33,5.0
500105081,10:00-12:00,7.25,5.58
500105081,12:00-14:00,6.56,4.24
500105081,14:00-16:00,4.84,4.58
500105081,16:00-18:00,4.31,4.33
500105081,18:00-20:00,5.73,6.0
500105081,20:00-22:00,2.87,5.0
500105081,22:00-24:00,1.76,2.76
500105082,00:00-02:00,0.92,1.73
500105082,02:00-04:00,0.33,0.17
500105082,04:00-06:00,0.33,0.17
500105082,06:00-08:00,2.67,2.17
500105082,08:00-10:00,5.3,5.27
500105082,10:00-12:00,5.63,6.87
500105082,12:00-14:00,5.15,4.32
500105082,14:00-16:00,4.08,2.92
500105082,16:00-18:00,6.87,7.43
500105082,18:00-20:00,5.75,7.56
500105082,20:00-22:00,5.0,5.84
500105082,22:00-24:00,2.51,2.71
500105083,00:00-02:00,0.42,0.58
500105083,02:00-04:00,0.08,0.08
500105083,04:00-06:00,0.5,0.17
500105083,06:00-08:00,2.42,1.75
500105083,08:00-10:00,3.75,3.68
500105083,10:00-12:00,3.73,3.13
500105083,12:00-14:00,4.18,2.91
500105083,14:00-16:00,2.94,3.18
500105083,16:00-18:00,2.87,3.25
500105083,18:00-20:00,4.67,4.69
500105083,20:00-22:00,2.34,3.67
500105083,22:00-24:00,1.09,1.67
500105084,00:00-02:00,0.83,0.75
500105084,02:00-04:00,0.0,0.17
500105084,04:00-06:00,0.25,0.5
500105084,06:00-08:00,2.75,1.92
500105084,08:00-10:00,3.33,2.17
500105084,10:00-12:00,3.5,2.33
500105084,12:00-14:00,2.68,2.41
500105084,14:00-16:00,2.26,3.26
500105084,16:00-18:00,2.58,3.42
500105084,18:00-20:00,2.42,2.75
500105084,20:00-22:00,1.83,3.0
500105084,22:00-24:00,1.34,1.67
500105085,00:00-02:00,0.25,0.92
500105085,02:00-04:00,0.25,0.0
500105085,04:00-06:00,0.17,0.08
500105085,06:00-08:00,1.67,2.27
500105085,08:00-10:00,5.42,6.09
500105085,10:00-12:00,6.92,7.0
500105085,12:00-14:00,4.82,4.34
500105085,14:00-16:00,4.57,2.76
500105085,16:00-18:00,5.21,4.63
500105085,18:00-20:00,4.32,4.79
500105085,20:00-22:00,2.33,2.69
500105085,22:00-24:00,1.36,1.12
500105086,00:00-02:00,0.5,0.83
500105086,02:00-04:00,0.17,0.17
500105086,04:00-06:00,0.83,0.67
500105086,06:00-08:00,2.67,1.33
500105086,08:00-10:00,3.67,3.58
500105086,10:00-12:00,5.66,4.0
500105086,12:00-14:00,5.45,5.4
500105086,14:00-16:00,4.76,3.84
500105086,16:00-18:00,6.74,7.58
500105086,18:00-20:00,5.78,5.75
500105086,20:00-22:00,3.34,3.42
500105086,22:00-24:00,2.18,2.26
500105087,00:00-02:00,1.08,0.58
500105087,02:00-04:00,0.58,0.58
500105087,04:00-06:00,0.75,0.67
500105087,06:00-08:00,2.58,2.67
500105087,08:00-10:00,5.33,8.61
500105087,10:00-12:00,6.75,8.43
500105087,12:00-14:00,10.42,8.74
500105087,14:00-16:00,8.32,8.36
500105087,16:00-18:00,7.87,7.97
500105087,18:00-20:00,8.25,8.71
500105087,20:00-22:00,7.48,6.33
500105087,22:00-24:00,1.6,1.92
500105088,00:00-02:00,0.0,0.0
500105088,02:00-04:00,0.0,0.0
500105088,04:00-06:00,0.0,0.13
500105088,06:00-08:00,1.0,1.62
500105088,08:00-10:00,1.38,1.75
500105088,10:00-12:00,2.88,1.88
500105088,12:00-14:00,2.12,2.37
500105088,14:00-16:00,2.38,1.25
500105088,16:00-18:00,2.88,2.5
500105088,18:00-20:00,1.37,1.87
500105088,20:00-22:00,0.67,2.13
500105088,22:00-24:00,0.13,1.0
500105089,00:00-02:00,1.33,0.84
500105089,02:00-04:00,0.08,0.25
500105089,04:00-06:00,0.42,0.33
500105089,06:00-08:00,4.0,1.83
500105089,08:00-10:00,4.92,3.42
500105089,10:00-12:00,6.07,5.25
500105089,12:00-14:00,7.42,3.91
500105089,14:00-16:00,5.16,4.01
500105089,16:00-18:00,5.87,5.75
500105089,18:00-20:00,4.67,6.67
500105089,20:00-22:00,3.5,6.58
500105089,22:00-24:00,1.67,3.87
500105090,00:00-02:00,0.64,0.25
500105090,02:00-04:00,0.0,0.0
500105090,04:00-06:00,0.1,0.58
500105090,06:00-08:00,1.92,2.25
500105090,08:00-10:00,2.92,3.92
500105090,10:00-12:00,4.75,3.92
500105090,12:00-14:00,4.09,4.99
500105090,14:00-16:00,7.36,3.59
500105090,16:00-18:00,6.97,6.0
500105090,18:00-20:00,3.52,3.92
500105090,20:00-22:00,2.63,3.17
500105090,22:00-24:00,1.42,0.84
500105091,00:00-02:00,1.0,0.74
500105091,02:00-04:00,0.58,0.92
500105091,04:00-06:00,0.92,0.33
500105091,06:00-08:00,2.5,2.25
500105091,08:00-10:00,3.55,3.25
500105091,10:00-12:00,6.25,6.1
500105091,12:00-14:00,6.22,5.27
500105091,14:00-16:00,5.62,4.18
500105091,16:00-18:00,8.01,6.67
500105091,18:00-20:00,4.55,6.84
500105091,20:00-22:00,5.08,4.84
500105091,22:00-24:00,1.59,2.26
500105092,00:00-02:00,0.83,0.62
500105092,02:00-04:00,0.25,0.77
500105092,04:00-06:00,0.58,0.17
500105092,06:00-08:00,2.58,0.92
500105092,08:00-10:00,3.17,2.83
500105092,10:00-12:00,2.83,2.58
500105092,12:00-14:00,3.66,4.32
500105092,14:00-16:00,2.92,3.18
500105092,16:00-18:00,3.08,3.33
500105092,18:00-20:00,2.75,4.25
500105092,20:00-22:00,2.25,2.66
500105092,22:00-24:00,3.1,2.83
500105093,00:00-02:00,0.09,0.17
500105093,02:00-04:00,0.08,0.0
500105093,04:00-06:00,0.08,0.08
500105093,06:00-08:00,0.48,0.75
500105093,08:00-10:00,0.92,0.5
500105093,10:00-12:00,1.25,1.42
500105093,12:00-14:00,0.25,0.91
500105093,14:00-16:00,1.51,0.58
500105093,16:00-18:00,0.83,1.08
500105093,18:00-20:00,0.67,0.25
500105093,20:00-22:00,1.07,0.67
500105093,22:00-24:00,0.73,0.33
500105094,00:00-02:00,0.25,0.5
500105094,02:00-04:00,0.83,0.08
500105094,04:00-06:00,0.08,0.08
500105094,06:00-08:00,0.92,1.5
500105094,08:00-10:00,2.78,2.92
500105094,10:00-12:00,3.06,4.11
500105094,12:00-14:00,3.4,2.55
500105094,14:00-16:00,3.28,2.17
500105094,16:00-18:00,5.42,4.17
500105094,18:00-20:00,3.61,3.75
500105094,20:00-22:00,2.89,2.42
500105094,22:00-24:00,1.0,1.34
500105095,00:00-02:00,0.75,0.58
500105095,02:00-04:00,0.25,0.33
500105095,04:00-06:00,0.67,0.42
500105095,06:00-08:00,2.29,1.33
500105095,08:00-10:00,6.13,6.65
500105095,10:00-12:00,6.72,4.48
500105095,12:00-14:00,4.83,5.34
500105095,14:00-16:00,5.3,5.04
500105095,16:00-18:00,5.67,5.75
500105095,18:00-20:00,5.48,5.0
500105095,20:00-22:00,3.78,5.27
500105095,22:00-24:00,3.51,3.17
500105096,00:00-02:00,0.74,0.75
500105096,02:00-04:00,0.18,0.75
500105096,04:00-06:00,0.17,0.25
500105096,06:00-08:00,2.13,2.33
500105096,08:00-10:00,3.08,4.75
500105096,10:00-12:00,5.08,6.29
500105096,12:00-14:00,5.32,5.47
500105096,14:00-16:00,5.59,3.37
500105096,16:00-18:00,5.05,5.93
500105096,18:00-20:00,5.03,5.17
500105096,20:00-22:00,2.97,2.37
500105096,22:00-24:00,2.19,2.26
500105097,00:00-02:00,0.17,0.25
500105097,02:00-04:00,0.08,0.17
500105097,04:00-06:00,0.08,0.08
500105097,06:00-08:00,2.24,1.92
500105097,08:00-10:00,1.89,2.42
500105097,10:00-12:00,3.36,3.33
500105097,12:00-14:00,4.07,3.49
500105097,14:00-16:00,4.34,3.09
500105097,16:00-18:00,5.19,3.5
500105097,18:00-20:00,4.1,4.42
500105097,20:00-22:00,2.51,2.67
500105097,22:00-24:00,1.43,1.09
500105098,00:00-02:00,1.17,1.51
500105098,02:00-04:00,0.25,0.42
500105098,04:00-06:00,0.42,0.17
500105098,06:00-08:00,2.67,0.83
500105098,08:00-10:00,4.78,4.25
500105098,10:00-12:00,5.62,5.27
500105098,12:00-14:00,8.43,6.9
500105098,14:00-16:00,6.01,5.93
500105098,16:00-18:00,6.05,6.83
500105098,18:00-20:00,7.42,6.95
500105098,20:00-22:00,3.75,6.23
500105098,22:00-24:00,2.59,2.44
500105100,00:00-02:00,0.17,0.25
500105100,02:00-04:00,0.0,0.17
500105100,04:00-06:00,0.0,0.0
500105100,06:00-08:00,0.25,0.58
500105100,08:00-10:00,0.33,1.08
500105100,10:00-12:00,0.58,1.83
500105100,12:00-14:00,2.16,3.37
500105100,14:00-16:00,2.01,1.09
500105100,16:00-18:00,3.92,1.67
500105100,18:00-20:00,2.17,1.17
500105100,20:00-22:00,1.54,0.17
500105100,22:00-24:00,0.29,1.34
500105101,00:00-02:00,1.47,1.08
500105101,02:00-04:00,0.0,0.0
500105101,04:00-06:00,0.18,0.17
500105101,06:00-08:00,0.5,1.08
500105101,08:00-10:00,2.51,1.92
500105101,10:00-12:00,2.42,3.5
500105101,12:00-14:00,1.83,1.99
500105101,14:00-16:00,3.07,1.17
500105101,16:00-18:00,3.21,1.75
500105101,18:00-20:00,3.02,6.83
500105101,20:00-22:00,2.99,0.67
500105101,22:00-24:00,2.64,0.17
500105102,00:00-02:00,0.08,1.23
500105102,02:00-04:00,0.0,0.1
500105102,04:00-06:00,0.67,0.17
500105102,06:00-08:00,1.5,1.17
500105102,08:00-10:00,3.08,1.5
500105102,10:00-12:00,2.67,1.5
500105102,12:00-14:00,3.04,1.66
500105102,14:00-16:00,1.88,1.5
500105102,16:00-18:00,1.87,3.5
500105102,18:00-20:00,2.26,2.67
500105102,20:00-22:00,1.0,3.08
500105102,22:00-24:00,3.01,2.61
500105103,00:00-02:00,0.08,0.42
500105103,02:00-04:00,0.08,0.42
500105103,04:00-06:00,0.33,0.17
500105103,06:00-08:00,1.08,1.0
500105103,08:00-10:00,2.42,0.67
500105103,10:00-12:00,2.26,1.08
500105103,12:00-14:00,1.05,0.83
500105103,14:00-16:00,1.45,0.92
500105103,16:00-18:00,2.38,1.42
500105103,18:00-20:00,1.13,2.58
500105103,20:00-22:00,0.86,1.92
500105103,22:00-24:00,0.5,1.34
500105104,00:00-02:00,0.08,0.75
500105104,02:00-04:00,0.0,0.25
500105104,04:00-06:00,0.25,0.0
500105104,06:00-08:00,1.93,1.42
500105104,08:00-10:00,2.98,1.67
500105104,10:00-12:00,3.36,1.75
500105104,12:00-14:00,1.05,0.83
500105104,14:00-16:00,2.29,2.01
500105104,16:00-18:00,2.58,2.67
500105104,18:00-20:00,1.37,2.33
500105104,20:00-22:00,0.67,1.0
500105104,22:00-24:00,0.75,0.25
500105106,00:00-02:00,0.58,1.67
500105106,02:00-04:00,0.83,0.25
500105106,04:00-06:00,0.5,0.25
500105106,06:00-08:00,1.92,1.33
500105106,08:00-10:00,4.92,2.42
500105106,10:00-12:00,4.17,3.93
500105106,12:00-14:00,3.82,4.44
500105106,14:00-16:00,4.19,3.82
500105106,16:00-18:00,3.98,3.75
500105106,18:00-20:00,3.97,3.75
500105106,20:00-22:00,2.34,4.0
500105106,22:00-24:00,1.51,2.43
500105107,00:00-02:00,0.1,1.75
500105107,02:00-04:00,0.1,0.33
500105107,04:00-06:00,0.09,0.83
500105107,06:00-08:00,1.67,0.0
500105107,08:00-10:00,1.92,0.33
500105107,10:00-12:00,1.58,0.42
500105107,12:00-14:00,2.49,0.08
500105107,14:00-16:00,1.36,1.5
500105107,16:00-18:00,2.26,1.25
500105107,18:00-20:00,0.92,0.33
500105107,20:00-22:00,0.85,1.58
500105107,22:00-24:00,0.5,0.17
500105108,00:00-02:00,0.58,0.67
500105108,02:00-04:00,0.0,0.0
500105108,04:00-06:00,0.17,0.08
500105108,06:00-08:00,1.0,0.75
500105108,08:00-10:00,1.5,1.33
500105108,10:00-12:00,2.27,1.67
500105108,12:00-14:00,1.78,2.08
500105108,14:00-16:00,3.58,2.84
500105108,16:00-18:00,3.0,4.92
500105108,18:00-20:00,3.75,5.41
500105108,20:00-22:00,3.25,1.6
500105108,22:00-24:00,1.26,0.84
500105109,00:00-02:00,2.27,2.75
500105109,02:00-04:00,0.25,0.75
500105109,04:00-06:00,1.25,1.42
500105109,06:00-08:00,6.08,6.25
500105109,08:00-10:00,12.25,10.42
500105109,10:00-12:00,13.64,13.17
500105109,12:00-14:00,13.33,11.8
500105109,14:00-16:00,12.64,13.79
500105109,16:00-18:00,21.36,23.75
500105109,18:00-20:00,19.58,18.17
500105109,20:00-22:00,15.42,14.58
500105109,22:00-24:00,6.98,6.28
500105110,00:00-02:00,0.92,0.67
500105110,02:00-04:00,0.17,0.17
500105110,04:00-06:00,0.25,0.33
500105110,06:00-08:00,2.0,1.33
500105110,08:00-10:00,1.92,2.25
500105110,10:00-12:00,3.0,4.0
500105110,12:00-14:00,5.42,3.41
500105110,14:00-16:00,4.11,2.17
500105110,16:00-18:00,3.02,3.17
500105110,18:00-20:00,3.01,3.08
500105110,20:00-22:00,1.3,1.75
500105110,22:00-24:00,0.75,2.43
500105111,00:00-02:00,0.33,0.4
500105111,02:00-04:00,0.25,0.0
500105111,04:00-06:00,1.5,0.17
500105111,06:00-08:00,1.75,1.67
500105111,08:00-10:00,3.67,2.17
500105111,10:00-12:00,5.0,3.08
500105111,12:00-14:00,4.07,3.07
500105111,14:00-16:00,4.43,2.92
500105111,16:00-18:00,4.83,6.0
500105111,18:00-20:00,2.83,4.67
500105111,20:00-22:00,1.5,4.08
500105111,22:00-24:00,1.0,2.76
500105112,00:00-02:00,0.17,0.5
500105112,02:00-04:00,0.17,0.33
500105112,04:00-06:00,0.83,0.25
500105112,06:00-08:00,0.94,0.58
500105112,08:00-10:00,1.83,1.5
500105112,10:00-12:00,1.83,1.25
500105112,12:00-14:00,2.38,1.75
500105112,14:00-16:00,1.31,1.17
500105112,16:00-18:00,2.36,1.67
500105112,18:00-20:00,1.9,2.58
500105112,20:00-22:00,1.67,2.33
500105112,22:00-24:00,0.33,0.67
500105113,00:00-02:00,0.0,0.79
500105113,02:00-04:00,0.08,0.2
500105113,04:00-06:00,0.42,0.17
500105113,06:00-08:00,1.25,2.25
500105113,08:00-10:00,4.5,4.26
500105113,10:00-12:00,3.17,3.4
500105113,12:00-14:00,4.24,3.19
500105113,14:00-16:00,3.84,1.92
500105113,16:00-18:00,4.37,3.25
500105113,18:00-20:00,4.26,3.67
500105113,20:00-22:00,2.33,3.83
500105113,22:00-24:00,1.17,3.18
500105114,00:00-02:00,0.0,0.17
500105114,02:00-04:00,0.0,0.17
500105114,04:00-06:00,0.33,0.0
500105114,06:00-08:00,0.33,0.17
500105114,08:00-10:00,0.83,0.75
500105114,10:00-12:00,1.91,1.33
500105114,12:00-14:00,1.21,0.75
500105114,14:00-16:00,0.84,1.0
500105114,16:00-18:00,1.91,2.42
500105114,18:00-20:00,0.75,0.42
500105114,20:00-22:00,0.42,0.33
500105114,22:00-24:00,0.33,0.42
500105115,00:00-02:00,0.42,0.67
500105115,02:00-04:00,0.17,0.42
500105115,04:00-06:00,0.17,0.92
500105115,06:00-08:00,2.08,1.5
500105115,08:00-10:00,3.0,2.67
500105115,10:00-12:00,3.59,3.0
500105115,12:00-14:00,4.45,3.82
500105115,14:00-16:00,2.96,5.26
500105115,16:00-18:00,4.79,3.67
500105115,18:00-20:00,2.63,2.92
500105115,20:00-22:00,2.92,2.5
500105115,22:00-24:00,1.51,1.76
500105116,00:00-02:00,0.35,1.0
500105116,02:00-04:00,0.08,0.25
500105116,04:00-06:00,0.17,0.33
500105116,06:00-08:00,3.33,2.92
500105116,08:00-10:00,5.2,6.17
500105116,10:00-12:00,5.2,5.89
500105116,12:00-14:00,7.36,5.15
500105116,14:00-16:00,6.42,5.72
500105116,16:00-18:00,7.35,6.75
500105116,18:00-20:00,7.04,5.42
500105116,20:00-22:00,5.07,4.5
500105116,22:00-24:00,2.44,2.69
500105117,00:00-02:00,2.5,3.17
500105117,02:00-04:00,0.84,1.17
500105117,04:00-06:00,0.5,0.75
500105117,06:00-08:00,3.1,4.08
500105117,08:00-10:00,8.53,7.76
500105117,10:00-12:00,8.76,9.0
500105117,12:00-14:00,7.26,8.89
500105117,14:00-16:00,6.54,6.82
500105117,16:00-18:00,9.85,7.2
500105117,18:00-20:00,10.16,8.07
500105117,20:00-22:00,6.49,4.83
500105117,22:00-24:00,7.27,5.44
500105118,00:00-02:00,0.0,0.75
500105118,02:00-04:00,0.5,0.25
500105118,04:00-06:00,0.08,0.17
500105118,06:00-08:00,0.75,0.08
500105118,08:00-10:00,2.17,1.0
500105118,10:00-12:00,2.92,1.92
500105118,12:00-14:00,1.83,2.41
500105118,14:00-16:00,3.01,1.09
500105118,16:00-18:00,3.17,4.0
500105118,18:00-20:00,2.75,3.42
500105118,20:00-22:00,2.17,2.08
500105118,22:00-24:00,0.75,1.76
500105119,00:00-02:00,0.17,0.42
500105119,02:00-04:00,0.17,0.08
500105119,04:00-06:00,0.67,0.0
500105119,06:00-08:00,1.42,1.5
500105119,08:00-10:00,1.92,1.83
500105119,10:00-12:00,3.17,2.17
500105119,12:00-14:00,2.16,3.07
500105119,14:00-16:00,2.84,2.01
500105119,16:00-18:00,3.25,3.08
500105119,18:00-20:00,1.92,2.33
500105119,20:00-22:00,2.58,2.0
500105119,22:00-24:00,0.92,2.01
500105120,00:00-02:00,0.0,0.08
500105120,02:00-04:00,0.0,0.5
500105120,04:00-06:00,0.17,0.92
500105120,06:00-08:00,0.67,0.25
500105120,08:00-10:00,2.16,0.5
500105120,10:00-12:00,1.38,1.67
500105120,12:00-14:00,1.08,1.25
500105120,14:00-16:00,0.7,0.58
500105120,16:00-18:00,1.0,1.08
500105120,18:00-20:00,0.7,0.92
500105120,20:00-22:00,0.58,0.5
500105120,22:00-24:00,0.0,0.67
500105121,00:00-02:00,0.25,0.25
500105121,02:00-04:00,0.08,0.17
500105121,04:00-06:00,0.92,0.08
500105121,06:00-08:00,2.2,2.08
500105121,08:00-10:00,5.71,4.17
500105121,10:00-12:00,5.31,4.25
500105121,12:00-14:00,5.7,5.48
500105121,14:00-16:00,4.9,5.43
500105121,16:00-18:00,6.1,6.33
500105121,18:00-20:00,5.0,5.81
500105121,20:00-22:00,4.75,5.67
500105121,22:00-24:00,1.92,3.06
500105122,00:00-02:00,0.08,0.17
500105122,02:00-04:00,0.08,0.08
500105122,04:00-06:00,0.5,0.08
500105122,06:00-08:00,0.83,0.75
500105122,08:00-10:00,1.83,2.08
500105122,10:00-12:00,3.0,2.83
500105122,12:00-14:00,2.26,2.99
500105122,14:00-16:00,3.28,3.59
500105122,16:00-18:00,5.31,2.83
500105122,18:00-20:00,1.89,3.42
500105122,20:00-22:00,1.14,1.33
500105122,22:00-24:00,0.34,1.09
500105123,00:00-02:00,0.31,0.83
500105123,02:00-04:00,0.0,0.08
500105123,04:00-06:00,0.0,0.42
500105123,06:00-08:00,0.33,0.33
500105123,08:00-10:00,2.24,1.25
500105123,10:00-12:00,2.19,2.5
500105123,12:00-14:00,2.66,2.74
500105123,14:00-16:00,3.75,3.68
500105123,16:00-18:00,5.79,3.25
500105123,18:00-20:00,1.09,1.33
500105123,20:00-22:00,1.83,2.0
500105123,22:00-24:00,1.0,0.33
500105124,00:00-02:00,0.08,0.95
500105124,02:00-04:00,0.25,0.0
500105124,04:00-06:00,0.42,0.0
500105124,06:00-08:00,1.67,1.08
500105124,08:00-10:00,1.31,0.75
500105124,10:00-12:00,1.78,2.58
500105124,12:00-14:00,1.41,2.04
500105124,14:00-16:00,2.59,2.15
500105124,16:00-18:00,2.11,2.17
500105124,18:00-20:00,2.33,2.96
500105124,20:00-22:00,1.42,1.42
500105124,22:00-24:00,1.17,0.75
500105125,00:00-02:00,0.92,1.42
500105125,02:00-04:00,0.42,0.25
500105125,04:00-06:00,0.25,0.08
500105125,06:00-08:00,1.42,0.83
500105125,08:00-10:00,2.75,2.92
500105125,10:00-12:00,4.0,5.07
500105125,12:00-14:00,5.6,4.66
500105125,14:00-16:00,3.99,4.16
500105125,16:00-18:00,6.03,7.05
500105125,18:00-20:00,7.83,7.35
500105125,20:00-22:00,5.82,4.08
500105125,22:00-24:00,1.42,2.51
500105126,00:00-02:00,0.83,2.48
500105126,02:00-04:00,2.0,0.77
500105126,04:00-06:00,1.08,0.42
500105126,06:00-08:00,1.67,0.67
500105126,08:00-10:00,4.42,1.33
500105126,10:00-12:00,7.19,2.58
500105126,12:00-14:00,9.01,4.82
500105126,14:00-16:00,4.33,2.92
500105126,16:00-18:00,6.17,4.33
500105126,18:00-20:00,5.54,7.75
500105126,20:00-22:00,2.0,7.25
500105126,22:00-24:00,1.84,5.36
500106001,00:00-02:00,1.87,1.08
500106001,02:00-04:00,0.32,0.42
500106001,04:00-06:00,0.65,1.83
500106001,06:00-08:00,1.53,1.58
500106001,08:00-10:00,4.09,5.17
500106001,10:00-12:00,5.56,7.44
500106001,12:00-14:00,11.68,9.69
500106001,14:00-16:00,13.57,12.28
500106001,16:00-18:00,15.44,18.34
500106001,18:00-20:00,16.75,21.63
500106001,20:00-22:00,10.97,5.05
500106001,22:00-24:00,3.28,4.69
500106003,00:00-02:00,3.38,2.75
500106003,02:00-04:00,1.01,0.25
500106003,04:00-06:00,1.16,1.0
500106003,06:00-08:00,6.66,6.67
500106003,08:00-10:00,13.71,15.57
500106003,10:00-12:00,11.77,18.12
500106003,12:00-14:00,14.33,22.56
500106003,14:00-16:00,18.58,18.87
500106003,16:00-18:00,16.11,26.11
500106003,18:00-20:00,19.67,25.6
500106003,20:00-22:00,19.53,13.45
500106003,22:00-24:00,13.05,8.87
500106004,00:00-02:00,4.53,4.33
500106004,02:00-04:00,1.03,1.17
500106004,04:00-06:00,1.15,0.75
500106004,06:00-08:00,4.42,5.25
500106004,08:00-10:00,9.71,11.28
500106004,10:00-12:00,9.58,16.2
500106004,12:00-14:00,17.13,23.63
500106004,14:00-16:00,14.46,18.34
500106004,16:00-18:00,13.08,23.72
500106004,18:00-20:00,16.0,27.56
500106004,20:00-22:00,19.17,17.33
500106004,22:00-24:00,10.71,10.62
500106005,00:00-02:00,2.39,4.5
500106005,02:00-04:00,0.58,0.42
500106005,04:00-06:00,1.08,0.92
500106005,06:00-08:00,4.5,5.75
500106005,08:00-10:00,7.31,12.29
500106005,10:00-12:00,8.08,13.4
500106005,12:00-14:00,13.63,16.23
500106005,14:00-16:00,14.02,13.13
500106005,16:00-18:00,14.52,16.92
500106005,18:00-20:00,15.1,12.12
500106005,20:00-22:00,13.52,8.92
500106005,22:00-24:00,9.34,5.19
500106006,00:00-02:00,3.26,7.33
500106006,02:00-04:00,0.67,1.33
500106006,04:00-06:00,1.17,1.58
500106006,06:00-08:00,7.58,9.25
500106006,08:00-10:00,14.17,18.92
500106006,10:00-12:00,16.75,22.71
500106006,12:00-14:00,19.45,24.24
500106006,14:00-16:00,26.07,16.64
500106006,16:00-18:00,27.42,21.08
500106006,18:00-20:00,22.24,19.33
500106006,20:00-22:00,14.38,11.25
500106006,22:00-24:00,8.82,6.28
500106007,00:00-02:00,3.0,3.17
500106007,02:00-04:00,0.67,2.0
500106007,04:00-06:00,0.83,1.0
500106007,06:00-08:00,4.58,6.08
500106007,08:00-10:00,9.0,9.5
500106007,10:00-12:00,10.92,13.25
500106007,12:00-14:00,13.05,9.42
500106007,14:00-16:00,12.62,10.98
500106007,16:00-18:00,14.09,13.67
500106007,18:00-20:00,13.02,15.08
500106007,20:00-22:00,11.83,8.25
500106007,22:00-24:00,8.47,6.95
500106008,00:00-02:00,0.25,0.25
500106008,02:00-04:00,0.83,0.0
500106008,04:00-06:00,0.42,0.08
500106008,06:00-08:00,2.33,3.58
500106008,08:00-10:00,4.67,3.19
500106008,10:00-12:00,5.5,6.17
500106008,12:00-14:00,6.48,4.65
500106008,14:00-16:00,6.69,6.43
500106008,16:00-18:00,8.17,9.52
500106008,18:00-20:00,4.42,5.17
500106008,20:00-22:00,2.42,3.42
500106008,22:00-24:00,1.09,2.51
500106009,00:00-02:00,0.83,2.0
500106009,02:00-04:00,0.0,1.0
500106009,04:00-06:00,1.08,0.95
500106009,06:00-08:00,5.42,2.17
500106009,08:00-10:00,10.83,7.31
500106009,10:00-12:00,10.42,13.17
500106009,12:00-14:00,9.47,8.64
500106009,14:00-16:00,8.69,8.36
500106009,16:00-18:00,14.67,10.67
500106009,18:00-20:00,10.0,7.92
500106009,20:00-22:00,5.17,9.58
500106009,22:00-24:00,2.01,7.03
500106010,00:00-02:00,1.67,3.17
500106010,02:00-04:00,0.58,1.24
500106010,04:00-06:00,1.33,1.08
500106010,06:00-08:00,10.17,5.25
500106010,08:00-10:00,15.17,15.67
500106010,10:00-12:00,17.18,12.83
500106010,12:00-14:00,14.26,13.63
500106010,14:00-16:00,15.36,17.55
500106010,16:00-18:00,22.34,18.17
500106010,18:00-20:00,15.5,18.75
500106010,20:00-22:00,8.83,12.25
500106010,22:00-24:00,4.27,6.28
500106011,00:00-02:00,3.01,1.89
500106011,02:00-04:00,0.39,0.92
500106011,04:00-06:00,1.0,0.75
500106011,06:00-08:00,2.1,1.67
500106011,08:00-10:00,6.33,5.17
500106011,10:00-12:00,6.75,7.5
500106011,12:00-14:00,9.58,8.56
500106011,14:00-16:00,6.57,5.77
500106011,16:00-18:00,7.62,6.5
500106011,18:00-20:00,8.41,8.0
500106011,20:00-22:00,7.09,8.02
500106011,22:00-24:00,4.5,5.5
500106012,00:00-02:00,2.75,2.46
500106012,02:00-04:00,0.42,1.28
500106012,04:00-06:00,1.42,1.12
500106012,06:00-08:00,2.08,1.43
500106012,08:00-10:00,6.33,5.72
500106012,10:00-12:00,8.25,8.69
500106012,12:00-14:00,8.02,9.54
500106012,14:00-16:00,9.76,10.41
500106012,16:00-18:00,9.6,10.55
500106012,18:00-20:00,11.24,11.25
500106012,20:00-22:00,10.12,9.79
500106012,22:00-24:00,4.63,5.44
500106013,00:00-02:00,2.33,3.64
500106013,02:00-04:00,0.5,1.41
500106013,04:00-06:00,1.75,1.17
500106013,06:00-08:00,4.25,2.96
500106013,08:00-10:00,7.0,10.68
500106013,10:00-12:00,11.9,13.63
500106013,12:00-14:00,14.78,16.27
500106013,14:00-16:00,13.51,11.09
500106013,16:00-18:00,10.79,13.58
500106013,18:00-20:00,12.99,13.23
500106013,20:00-22:00,11.27,9.58
500106013,22:00-24:00,4.55,6.11
500106014,00:00-02:00,4.75,5.08
500106014,02:00-04:00,0.25,1.42
500106014,04:00-06:00,3.08,1.5
500106014,06:00-08:00,12.33,4.5
500106014,08:00-10:00,21.5,24.83
500106014,10:00-12:00,21.75,18.67
500106014,12:00-14:00,20.44,15.04
500106014,14:00-16:00,18.27,15.38
500106014,16:00-18:00,17.08,22.5
500106014,18:00-20:00,23.75,24.92
500106014,20:00-22:00,23.08,21.75
500106014,22:00-24:00,4.94,15.65
500106015,00:00-02:00,1.7,2.67
500106015,02:00-04:00,0.69,0.67
500106015,04:00-06:00,0.26,0.33
500106015,06:00-08:00,3.36,4.0
500106015,08:00-10:00,6.5,8.7
500106015,10:00-12:00,7.58,10.99
500106015,12:00-14:00,9.39,9.06
500106015,14:00-16:00,9.72,9.79
500106015,16:00-18:00,10.4,9.36
500106015,18:00-20:00,11.26,8.96
500106015,20:00-22:00,7.31,5.5
500106015,22:00-24:00,5.27,2.76
500106016,00:00-02:00,2.58,1.61
500106016,02:00-04:00,0.52,0.58
500106016,04:00-06:00,0.42,0.17
500106016,06:00-08:00,1.17,1.58
500106016,08:00-10:00,5.0,6.04
500106016,10:00-12:00,8.33,9.65
500106016,12:00-14:00,9.94,7.96
500106016,14:00-16:00,7.11,8.67
500106016,16:00-18:00,8.75,9.47
500106016,18:00-20:00,8.25,8.82
500106016,20:00-22:00,6.51,5.68
500106016,22:00-24:00,4.17,3.35
500106017,00:00-02:00,5.08,1.67
500106017,02:00-04:00,1.42,1.33
500106017,04:00-06:00,1.42,1.17
500106017,06:00-08:00,3.5,5.5
500106017,08:00-10:00,7.08,14.11
500106017,10:00-12:00,13.08,17.44
500106017,12:00-14:00,16.62,20.65
500106017,14:00-16:00,15.88,13.87
500106017,16:00-18:00,16.5,19.25
500106017,18:00-20:00,13.08,14.46
500106017,20:00-22:00,15.58,9.08
500106017,22:00-24:00,11.9,5.44
500106018,00:00-02:00,0.42,4.25
500106018,02:00-04:00,0.75,1.08
500106018,04:00-06:00,0.92,0.92
500106018,06:00-08:00,6.0,1.83
500106018,08:00-10:00,11.33,6.08
500106018,10:00-12:00,13.58,14.08
500106018,12:00-14:00,11.05,9.97
500106018,14:00-16:00,10.28,13.37
500106018,16:00-18:00,12.08,10.5
500106018,18:00-20:00,9.8,9.92
500106018,20:00-22:00,6.0,10.5
500106018,22:00-24:00,2.76,7.78
500106019,00:00-02:00,2.0,2.33
500106019,02:00-04:00,0.58,0.58
500106019,04:00-06:00,0.67,0.92
500106019,06:00-08:00,5.79,3.75
500106019,08:00-10:00,9.06,10.75
500106019,10:00-12:00,13.83,14.5
500106019,12:00-14:00,10.7,13.92
500106019,14:00-16:00,14.18,11.56
500106019,16:00-18:00,14.08,15.38
500106019,18:00-20:00,13.53,13.74
500106019,20:00-22:00,7.92,8.03
500106019,22:00-24:00,5.02,5.15
500106020,00:00-02:00,0.35,1.08
500106020,02:00-04:00,0.25,0.25
500106020,04:00-06:00,0.25,0.08
500106020,06:00-08:00,2.1,2.0
500106020,08:00-10:00,4.82,5.58
500106020,10:00-12:00,8.92,9.77
500106020,12:00-14:00,9.81,11.31
500106020,14:00-16:00,10.45,6.36
500106020,16:00-18:00,9.07,10.17
500106020,18:00-20:00,6.25,6.84
500106020,20:00-22:00,6.17,4.42
500106020,22:00-24:00,1.51,1.34
500106021,00:00-02:00,0.33,1.92
500106021,02:00-04:00,0.58,0.25
500106021,04:00-06:00,1.5,0.67
500106021,06:00-08:00,5.25,6.92
500106021,08:00-10:00,11.75,10.17
500106021,10:00-12:00,12.75,9.42
500106021,12:00-14:00,10.39,11.47
500106021,14:00-16:00,9.19,9.61
500106021,16:00-18:00,12.08,10.83
500106021,18:00-20:00,7.75,8.33
500106021,20:00-22:00,4.42,7.08
500106021,22:00-24:00,1.84,2.76
500106022,00:00-02:00,3.66,1.5
500106022,02:00-04:00,0.43,0.58
500106022,04:00-06:00,0.8,1.33
500106022,06:00-08:00,4.67,7.83
500106022,08:00-10:00,13.0,15.69
500106022,10:00-12:00,14.92,17.33
500106022,12:00-14:00,16.62,20.19
500106022,14:00-16:00,19.05,15.85
500106022,16:00-18:00,21.42,16.75
500106022,18:00-20:00,16.17,15.58
500106022,20:00-22:00,13.59,11.92
500106022,22:00-24:00,7.05,6.19
500106023,00:00-02:00,2.73,1.92
500106023,02:00-04:00,1.26,0.75
500106023,04:00-06:00,1.23,1.17
500106023,06:00-08:00,2.25,3.0
500106023,08:00-10:00,7.06,7.17
500106023,10:00-12:00,7.79,8.5
500106023,12:00-14:00,9.22,12.36
500106023,14:00-16:00,9.81,7.72
500106023,16:00-18:00,10.57,12.09
500106023,18:00-20:00,9.81,7.52
500106023,20:00-22:00,6.7,4.08
500106023,22:00-24:00,4.83,4.6
500106025,00:00-02:00,3.58,2.73
500106025,02:00-04:00,0.08,0.58
500106025,04:00-06:00,1.0,0.25
500106025,06:00-08:00,6.33,2.92
500106025,08:00-10:00,11.25,5.58
500106025,10:00-12:00,11.01,8.08
500106025,12:00-14:00,8.85,7.65
500106025,14:00-16:00,9.18,7.6
500106025,16:00-18:00,10.79,12.0
500106025,18:00-20:00,9.08,11.08
500106025,20:00-22:00,6.33,13.25
500106025,22:00-24:00,5.02,6.86
500106026,00:00-02:00,1.42,1.46
500106026,02:00-04:00,0.17,0.4
500106026,04:00-06:00,1.25,0.26
500106026,06:00-08:00,2.42,1.33
500106026,08:00-10:00,3.03,1.5
500106026,10:00-12:00,4.54,4.5
500106026,12:00-14:00,3.82,3.88
500106026,14:00-16:00,4.6,3.39
500106026,16:00-18:00,5.75,6.67
500106026,18:00-20:00,3.75,4.5
500106026,20:00-22:00,3.5,4.17
500106026,22:00-24:00,1.59,3.6
500106027,00:00-02:00,1.0,1.0
500106027,02:00-04:00,0.42,0.17
500106027,04:00-06:00,1.17,0.25
500106027,06:00-08:00,4.0,1.0
500106027,08:00-10:00,6.33,5.5
500106027,10:00-12:00,5.86,5.42
500106027,12:00-14:00,6.8,4.4
500106027,14:00-16:00,4.89,4.93
500106027,16:00-18:00,6.21,6.83
500106027,18:00-20:00,4.0,6.66
500106027,20:00-22:00,2.83,4.5
500106027,22:00-24:00,3.18,3.97
500106028,00:00-02:00,1.92,1.4
500106028,02:00-04:00,0.17,0.08
500106028,04:00-06:00,0.67,0.5
500106028,06:00-08:00,3.17,1.25
500106028,08:00-10:00,3.82,5.24
500106028,10:00-12:00,4.75,5.08
500106028,12:00-14:00,3.91,2.29
500106028,14:00-16:00,4.09,2.92
500106028,16:00-18:00,2.92,4.0
500106028,18:00-20:00,3.54,4.6
500106028,20:00-22:00,3.92,4.0
500106028,22:00-24:00,1.92,3.92
500106029,00:00-02:00,1.58,2.67
500106029,02:00-04:00,0.33,1.01
500106029,04:00-06:00,1.83,1.66
500106029,06:00-08:00,5.81,2.17
500106029,08:00-10:00,4.77,5.25
500106029,10:00-12:00,5.5,7.08
500106029,12:00-14:00,7.56,7.23
500106029,14:00-16:00,6.94,7.1
500106029,16:00-18:00,11.25,15.14
500106029,18:00-20:00,14.08,14.93
500106029,20:00-22:00,7.67,8.67
500106029,22:00-24:00,6.28,5.42
500106030,00:00-02:00,0.45,1.08
500106030,02:00-04:00,0.09,1.08
500106030,04:00-06:00,0.33,0.33
500106030,06:00-08:00,2.92,3.79
500106030,08:00-10:00,5.02,7.61
500106030,10:00-12:00,6.97,4.24
500106030,12:00-14:00,6.0,7.06
500106030,14:00-16:00,6.33,7.69
500106030,16:00-18:00,9.19,4.92
500106030,18:00-20:00,5.29,4.25
500106030,20:00-22:00,2.28,1.92
500106030,22:00-24:00,1.51,1.67
500106031,00:00-02:00,0.25,0.92
500106031,02:00-04:00,0.17,0.58
500106031,04:00-06:00,0.42,0.83
500106031,06:00-08:00,3.43,2.42
500106031,08:00-10:00,3.67,6.5
500106031,10:00-12:00,4.83,2.75
500106031,12:00-14:00,5.4,6.23
500106031,14:00-16:00,5.6,4.3
500106031,16:00-18:00,7.47,5.99
500106031,18:00-20:00,3.5,5.56
500106031,20:00-22:00,3.08,2.33
500106031,22:00-24:00,0.92,1.84
500106037,00:00-02:00,1.5,2.07
500106037,02:00-04:00,0.33,0.83
500106037,04:00-06:00,1.25,0.25
500106037,06:00-08:00,3.67,1.17
500106037,08:00-10:00,4.5,2.75
500106037,10:00-12:00,3.83,3.33
500106037,12:00-14:00,4.4,2.74
500106037,14:00-16:00,4.26,3.76
500106037,16:00-18:00,5.36,5.0
500106037,18:00-20:00,3.58,5.25
500106037,20:00-22:00,1.58,5.42
500106037,22:00-24:00,2.01,3.06
500106038,00:00-02:00,1.7,1.0
500106038,02:00-04:00,1.42,1.25
500106038,04:00-06:00,0.42,1.08
500106038,06:00-08:00,3.67,3.58
500106038,08:00-10:00,5.33,7.58
500106038,10:00-12:00,7.42,7.29
500106038,12:00-14:00,15.35,12.11
500106038,14:00-16:00,8.02,12.53
500106038,16:00-18:00,15.36,12.49
500106038,18:00-20:00,8.75,9.83
500106038,20:00-22:00,7.21,6.83
500106038,22:00-24:00,3.18,3.18
500106039,00:00-02:00,1.08,0.5
500106039,02:00-04:00,0.08,0.08
500106039,04:00-06:00,0.25,0.17
500106039,06:00-08:00,1.25,2.87
500106039,08:00-10:00,3.17,5.19
500106039,10:00-12:00,3.17,4.95
500106039,12:00-14:00,5.65,6.6
500106039,14:00-16:00,6.43,5.02
500106039,16:00-18:00,7.92,6.42
500106039,18:00-20:00,5.67,4.25
500106039,20:00-22:00,5.4,2.92
500106039,22:00-24:00,3.51,4.18
500106040,00:00-02:00,0.89,1.67
500106040,02:00-04:00,1.1,0.25
500106040,04:00-06:00,0.81,1.17
500106040,06:00-08:00,0.92,1.67
500106040,08:00-10:00,1.33,2.17
500106040,10:00-12:00,3.25,2.83
500106040,12:00-14:00,2.49,3.16
500106040,14:00-16:00,2.59,2.51
500106040,16:00-18:00,4.53,2.42
500106040,18:00-20:00,2.2,2.5
500106040,20:00-22:00,2.42,1.83
500106040,22:00-24:00,2.43,1.34
500106041,00:00-02:00,2.17,3.33
500106041,02:00-04:00,1.42,0.29
500106041,04:00-06:00,0.92,1.5
500106041,06:00-08:00,1.17,0.75
500106041,08:00-10:00,2.33,2.58
500106041,10:00-12:00,2.58,2.5
500106041,12:00-14:00,3.16,4.99
500106041,14:00-16:00,4.76,2.7
500106041,16:00-18:00,6.77,4.25
500106041,18:00-20:00,3.68,4.75
500106041,20:00-22:00,3.0,4.25
500106041,22:00-24:00,1.84,1.42
500106042,00:00-02:00,1.36,2.33
500106042,02:00-04:00,0.33,0.75
500106042,04:00-06:00,0.67,2.0
500106042,06:00-08:00,1.75,1.58
500106042,08:00-10:00,3.58,5.75
500106042,10:00-12:00,7.0,19.62
500106042,12:00-14:00,16.04,21.98
500106042,14:00-16:00,25.07,23.2
500106042,16:00-18:00,25.5,24.44
500106042,18:00-20:00,19.08,13.42
500106042,20:00-22:00,10.22,6.0
500106042,22:00-24:00,2.99,2.59
500106043,00:00-02:00,0.97,0.75
500106043,02:00-04:00,0.18,0.67
500106043,04:00-06:00,0.0,1.75
500106043,06:00-08:00,1.83,4.5
500106043,08:00-10:00,4.42,5.0
500106043,10:00-12:00,5.42,4.17
500106043,12:00-14:00,6.4,10.64
500106043,14:00-16:00,8.77,6.85
500106043,16:00-18:00,8.0,6.0
500106043,18:00-20:00,7.22,7.0
500106043,20:00-22:00,6.2,5.33
500106043,22:00-24:00,5.07,1.84
500106044,00:00-02:00,1.33,1.42
500106044,02:00-04:00,1.5,1.0
500106044,04:00-06:00,1.08,0.0
500106044,06:00-08:00,2.17,1.83
500106044,08:00-10:00,4.5,6.25
500106044,10:00-12:00,6.76,7.08
500106044,12:00-14:00,7.04,5.24
500106044,14:00-16:00,5.24,5.77
500106044,16:00-18:00,7.56,6.92
500106044,18:00-20:00,5.83,6.17
500106044,20:00-22:00,2.5,4.5
500106044,22:00-24:00,2.18,3.35
500106046,00:00-02:00,0.31,0.67
500106046,02:00-04:00,0.5,0.58
500106046,04:00-06:00,0.18,0.67
500106046,06:00-08:00,1.6,4.67
500106046,08:00-10:00,7.3,6.69
500106046,10:00-12:00,5.5,5.75
500106046,12:00-14:00,7.39,7.84
500106046,14:00-16:00,5.43,5.92
500106046,16:00-18:00,9.39,6.91
500106046,18:00-20:00,5.88,5.42
500106046,20:00-22:00,5.25,3.33
500106046,22:00-24:00,1.56,1.92
500106047,00:00-02:00,0.25,0.25
500106047,02:00-04:00,0.17,0.25
500106047,04:00-06:00,0.25,4.92
500106047,06:00-08:00,6.58,18.31
500106047,08:00-10:00,22.42,21.47
500106047,10:00-12:00,28.17,23.7
500106047,12:00-14:00,20.69,20.19
500106047,14:00-16:00,21.48,26.57
500106047,16:00-18:00,31.65,22.5
500106047,18:00-20:00,20.6,21.17
500106047,20:00-22:00,17.52,10.25
500106047,22:00-24:00,1.14,1.67
500106048,00:00-02:00,1.75,2.5
500106048,02:00-04:00,0.08,1.42
500106048,04:00-06:00,0.92,1.75
500106048,06:00-08:00,7.5,8.42
500106048,08:00-10:00,13.08,13.75
500106048,10:00-12:00,14.33,11.5
500106048,12:00-14:00,14.07,13.3
500106048,14:00-16:00,10.38,18.55
500106048,16:00-18:00,19.72,12.93
500106048,18:00-20:00,11.22,12.5
500106048,20:00-22:00,8.35,7.5
500106048,22:00-24:00,5.77,5.69
500106049,00:00-02:00,1.38,1.42
500106049,02:00-04:00,0.74,0.25
500106049,04:00-06:00,0.0,0.75
500106049,06:00-08:00,2.08,3.58
500106049,08:00-10:00,5.41,8.01
500106049,10:00-12:00,6.5,8.9
500106049,12:00-14:00,9.45,7.24
500106049,14:00-16:00,8.39,8.07
500106049,16:00-18:00,9.13,10.7
500106049,18:00-20:00,7.42,7.88
500106049,20:00-22:00,6.95,4.52
500106049,22:00-24:00,4.94,2.68
500106050,00:00-02:00,1.0,0.75
500106050,02:00-04:00,0.33,0.58
500106050,04:00-06:00,0.37,0.25
500106050,06:00-08:00,7.15,3.58
500106050,08:00-10:00,4.61,5.33
500106050,10:00-12:00,5.06,9.17
500106050,12:00-14:00,8.39,7.4
500106050,14:00-16:00,7.44,8.94
500106050,16:00-18:00,10.58,8.92
500106050,18:00-20:00,9.33,7.75
500106050,20:00-22:00,6.17,3.08
500106050,22:00-24:00,3.78,6.11
500106051,00:00-02:00,0.84,1.0
500106051,02:00-04:00,0.33,0.25
500106051,04:00-06:00,0.42,0.0
500106051,06:00-08:00,1.33,0.83
500106051,08:00-10:00,3.0,5.5
500106051,10:00-12:00,5.0,5.08
500106051,12:00-14:00,7.15,6.65
500106051,14:00-16:00,5.35,5.68
500106051,16:00-18:00,7.58,5.0
500106051,18:00-20:00,5.84,7.17
500106051,20:00-22:00,5.17,4.25
500106051,22:00-24:00,2.26,2.43
500106052,00:00-02:00,4.1,1.25
500106052,02:00-04:00,1.62,3.67
500106052,04:00-06:00,0.96,1.08
500106052,06:00-08:00,2.58,1.92
500106052,08:00-10:00,4.92,6.92
500106052,10:00-12:00,4.58,8.86
500106052,12:00-14:00,5.82,8.51
500106052,14:00-16:00,8.77,9.61
500106052,16:00-18:00,8.33,9.16
500106052,18:00-20:00,7.0,8.53
500106052,20:00-22:00,8.17,5.18
500106052,22:00-24:00,8.79,4.35
500106053,00:00-02:00,2.0,2.83
500106053,02:00-04:00,2.0,1.0
500106053,04:00-06:00,1.5,0.58
500106053,06:00-08:00,1.33,2.75
500106053,08:00-10:00,3.75,7.67
500106053,10:00-12:00,6.08,9.88
500106053,12:00-14:00,8.73,12.06
500106053,14:00-16:00,8.61,6.64
500106053,16:00-18:00,13.58,10.33
500106053,18:00-20:00,9.08,8.24
500106053,20:00-22:00,6.06,4.36
500106053,22:00-24:00,4.02,2.43
500106054,00:00-02:00,0.08,0.5
500106054,02:00-04:00,0.08,0.0
500106054,04:00-06:00,0.08,0.17
500106054,06:00-08:00,0.33,0.67
500106054,08:00-10:00,0.25,1.17
500106054,10:00-12:00,2.25,2.17
500106054,12:00-14:00,2.16,1.99
500106054,14:00-16:00,1.59,1.92
500106054,16:00-18:00,3.25,1.42
500106054,18:00-20:00,1.42,1.58
500106054,20:00-22:00,1.5,0.92
500106054,22:00-24:00,0.84,0.84
500106055,00:00-02:00,1.38,1.83
500106055,02:00-04:00,0.42,1.17
500106055,04:00-06:00,0.25,0.08
500106055,06:00-08:00,1.92,1.83
500106055,08:00-10:00,5.42,5.83
500106055,10:00-12:00,9.11,5.5
500106055,12:00-14:00,8.1,10.8
500106055,14:00-16:00,6.95,5.77
500106055,16:00-18:00,10.04,9.08
500106055,18:00-20:00,9.32,6.92
500106055,20:00-22:00,5.75,8.33
500106055,22:00-24:00,5.27,5.36
500106056,00:00-02:00,1.42,0.92
500106056,02:00-04:00,0.67,0.0
500106056,04:00-06:00,0.17,0.25
500106056,06:00-08:00,0.5,2.58
500106056,08:00-10:00,3.08,11.75
500106056,10:00-12:00,9.25,13.0
500106056,12:00-14:00,11.8,16.8
500106056,14:00-16:00,11.45,11.66
500106056,16:00-18:00,26.16,8.08
500106056,18:00-20:00,9.42,9.08
500106056,20:00-22:00,6.05,3.17
500106056,22:00-24:00,1.4,0.67
500106057,00:00-02:00,1.5,1.33
500106057,02:00-04:00,1.08,1.0
500106057,04:00-06:00,1.17,0.5
500106057,06:00-08:00,1.75,1.25
500106057,08:00-10:00,2.67,4.0
500106057,10:00-12:00,5.67,14.0
500106057,12:00-14:00,12.8,19.61
500106057,14:00-16:00,17.55,27.99
500106057,16:00-18:00,24.25,20.67
500106057,18:00-20:00,22.92,12.83
500106057,20:00-22:00,15.58,7.5
500106057,22:00-24:00,5.27,2.43
500106058,00:00-02:00,1.7,2.08
500106058,02:00-04:00,0.67,1.25
500106058,04:00-06:00,1.42,1.08
500106058,06:00-08:00,4.92,4.67
500106058,08:00-10:00,6.67,8.08
500106058,10:00-12:00,8.93,7.42
500106058,12:00-14:00,11.4,11.3
500106058,14:00-16:00,10.27,8.11
500106058,16:00-18:00,11.4,12.27
500106058,18:00-20:00,8.75,10.81
500106058,20:00-22:00,7.08,6.17
500106058,22:00-24:00,6.17,4.52
500106059,00:00-02:00,2.5,2.17
500106059,02:00-04:00,1.61,0.83
500106059,04:00-06:00,1.43,1.25
500106059,06:00-08:00,2.01,4.42
500106059,08:00-10:00,6.17,9.25
500106059,10:00-12:00,7.33,11.42
500106059,12:00-14:00,11.05,11.37
500106059,14:00-16:00,11.78,10.86
500106059,16:00-18:00,12.42,10.92
500106059,18:00-20:00,12.17,8.42
500106059,20:00-22:00,7.58,5.67
500106059,22:00-24:00,5.36,3.26
500106060,00:00-02:00,4.22,5.25
500106060,02:00-04:00,2.65,1.83
500106060,04:00-06:00,2.75,2.5
500106060,06:00-08:00,2.27,4.0
500106060,08:00-10:00,4.66,4.42
500106060,10:00-12:00,8.87,8.56
500106060,12:00-14:00,9.24,13.49
500106060,14:00-16:00,13.2,11.77
500106060,16:00-18:00,14.19,13.28
500106060,18:00-20:00,12.43,10.81
500106060,20:00-22:00,9.93,8.67
500106060,22:00-24:00,7.51,6.61
500106061,00:00-02:00,2.52,2.75
500106061,02:00-04:00,1.07,0.75
500106061,04:00-06:00,1.04,1.33
500106061,06:00-08:00,1.25,2.0
500106061,08:00-10:00,3.58,3.83
500106061,10:00-12:00,4.58,4.5
500106061,12:00-14:00,6.9,6.9
500106061,14:00-16:00,6.09,6.35
500106061,16:00-18:00,5.75,6.68
500106061,18:00-20:00,7.17,5.59
500106061,20:00-22:00,5.31,5.25
500106061,22:00-24:00,4.69,3.35
500106062,00:00-02:00,6.09,4.75
500106062,02:00-04:00,4.9,3.25
500106062,04:00-06:00,2.56,4.25
500106062,06:00-08:00,4.3,6.42
500106062,08:00-10:00,10.27,13.75
500106062,10:00-12:00,13.75,21.8
500106062,12:00-14:00,25.01,30.08
500106062,14:00-16:00,22.4,23.94
500106062,16:00-18:00,30.75,20.87
500106062,18:00-20:00,23.95,21.5
500106062,20:00-22:00,18.32,11.92
500106062,22:00-24:00,11.22,7.03
500106063,00:00-02:00,1.5,0.75
500106063,02:00-04:00,0.56,0.25
500106063,04:00-06:00,0.85,2.25
500106063,06:00-08:00,4.17,9.27
500106063,08:00-10:00,8.25,5.61
500106063,10:00-12:00,5.53,8.68
500106063,12:00-14:00,8.72,8.94
500106063,14:00-16:00,12.03,11.66
500106063,16:00-18:00,18.19,16.7
500106063,18:00-20:00,12.15,10.27
500106063,20:00-22:00,9.27,8.28
500106063,22:00-24:00,1.56,1.34
500106064,00:00-02:00,0.08,0.25
500106064,02:00-04:00,0.08,0.08
500106064,04:00-06:00,0.25,0.08
500106064,06:00-08:00,3.17,1.5
500106064,08:00-10:00,4.83,5.84
500106064,10:00-12:00,4.33,1.83
500106064,12:00-14:00,3.49,4.57
500106064,14:00-16:00,4.26,5.43
500106064,16:00-18:00,8.92,6.93
500106064,18:00-20:00,5.67,5.67
500106064,20:00-22:00,2.33,3.33
500106064,22:00-24:00,1.51,1.84
500106065,00:00-02:00,3.02,2.0
500106065,02:00-04:00,0.85,1.25
500106065,04:00-06:00,1.08,0.83
500106065,06:00-08:00,3.67,15.75
500106065,08:00-10:00,13.5,12.21
500106065,10:00-12:00,10.67,12.58
500106065,12:00-14:00,12.3,13.99
500106065,14:00-16:00,13.37,9.59
500106065,16:00-18:00,18.21,9.92
500106065,18:00-20:00,10.78,10.33
500106065,20:00-22:00,8.56,8.92
500106065,22:00-24:00,6.03,3.1
500106066,00:00-02:00,3.2,4.17
500106066,02:00-04:00,0.43,1.5
500106066,04:00-06:00,1.92,5.17
500106066,06:00-08:00,7.67,9.68
500106066,08:00-10:00,17.67,19.93
500106066,10:00-12:00,21.58,27.78
500106066,12:00-14:00,22.02,26.1
500106066,14:00-16:00,18.38,18.85
500106066,16:00-18:00,16.92,24.36
500106066,18:00-20:00,20.08,21.84
500106066,20:00-22:00,20.67,12.02
500106066,22:00-24:00,10.0,9.04
500106067,00:00-02:00,10.25,3.83
500106067,02:00-04:00,7.83,5.08
500106067,04:00-06:00,3.67,7.25
500106067,06:00-08:00,4.75,9.65
500106067,08:00-10:00,12.0,11.39
500106067,10:00-12:00,8.17,12.25
500106067,12:00-14:00,13.38,16.2
500106067,14:00-16:00,16.55,15.54
500106067,16:00-18:00,19.67,17.58
500106067,18:00-20:00,20.58,21.0
500106067,20:00-22:00,24.33,11.92
500106067,22:00-24:00,15.53,14.64
500106068,00:00-02:00,0.5,1.25
500106068,02:00-04:00,0.58,1.0
500106068,04:00-06:00,1.0,1.17
500106068,06:00-08:00,3.42,1.5
500106068,08:00-10:00,5.92,3.92
500106068,10:00-12:00,4.67,4.08
500106068,12:00-14:00,4.83,6.15
500106068,14:00-16:00,6.87,5.43
500106068,16:00-18:00,7.91,5.75
500106068,18:00-20:00,4.5,6.42
500106068,20:00-22:00,3.17,5.5
500106068,22:00-24:00,2.09,3.43
500106069,00:00-02:00,3.38,2.25
500106069,02:00-04:00,1.33,3.17
500106069,04:00-06:00,1.08,5.0
500106069,06:00-08:00,4.23,4.42
500106069,08:00-10:00,9.83,7.28
500106069,10:00-12:00,12.07,13.42
500106069,12:00-14:00,16.2,16.89
500106069,14:00-16:00,17.38,12.7
500106069,16:00-18:00,15.19,16.83
500106069,18:00-20:00,18.85,15.17
500106069,20:00-22:00,12.04,9.42
500106069,22:00-24:00,5.85,5.44
500106070,00:00-02:00,1.89,2.67
500106070,02:00-04:00,1.1,1.25
500106070,04:00-06:00,1.99,0.67
500106070,06:00-08:00,3.29,3.92
500106070,08:00-10:00,5.87,9.67
500106070,10:00-12:00,19.08,24.49
500106070,12:00-14:00,22.52,29.78
500106070,14:00-16:00,34.93,33.06
500106070,16:00-18:00,39.58,33.71
500106070,18:00-20:00,31.9,28.5
500106070,20:00-22:00,20.6,14.83
500106070,22:00-24:00,8.68,5.94
500106071,00:00-02:00,3.28,2.67
500106071,02:00-04:00,0.2,1.0
500106071,04:00-06:00,1.65,3.17
500106071,06:00-08:00,2.42,2.92
500106071,08:00-10:00,3.22,6.67
500106071,10:00-12:00,5.83,7.0
500106071,12:00-14:00,10.22,10.55
500106071,14:00-16:00,10.28,10.94
500106071,16:00-18:00,13.33,11.08
500106071,18:00-20:00,10.83,8.5
500106071,20:00-22:00,6.2,3.5
500106071,22:00-24:00,4.81,1.59
500106072,00:00-02:00,1.98,1.5
500106072,02:00-04:00,0.58,0.42
500106072,04:00-06:00,0.2,1.92
500106072,06:00-08:00,5.43,4.17
500106072,08:00-10:00,10.58,8.92
500106072,10:00-12:00,10.61,9.5
500106072,12:00-14:00,11.24,14.63
500106072,14:00-16:00,15.95,14.92
500106072,16:00-18:00,15.34,13.32
500106072,18:00-20:00,14.43,12.22
500106072,20:00-22:00,13.42,6.58
500106072,22:00-24:00,8.2,4.18
500106073,00:00-02:00,0.82,1.0
500106073,02:00-04:00,0.47,0.0
500106073,04:00-06:00,0.09,0.25
500106073,06:00-08:00,1.67,2.25
500106073,08:00-10:00,3.25,4.67
500106073,10:00-12:00,6.92,10.15
500106073,12:00-14:00,8.23,10.91
500106073,14:00-16:00,12.95,11.29
500106073,16:00-18:00,11.85,10.58
500106073,18:00-20:00,5.91,3.42
500106073,20:00-22:00,2.42,2.67
500106073,22:00-24:00,2.09,1.51
500106074,00:00-02:00,2.25,2.56
500106074,02:00-04:00,0.25,0.72
500106074,04:00-06:00,1.33,0.46
500106074,06:00-08:00,4.67,2.93
500106074,08:00-10:00,9.59,10.18
500106074,10:00-12:00,12.49,13.18
500106074,12:00-14:00,9.62,14.41
500106074,14:00-16:00,12.53,12.02
500106074,16:00-18:00,14.91,11.66
500106074,18:00-20:00,10.32,11.9
500106074,20:00-22:00,8.83,12.06
500106074,22:00-24:00,3.77,5.74
500106075,00:00-02:00,3.08,2.96
500106075,02:00-04:00,0.58,3.19
500106075,04:00-06:00,2.75,1.07
500106075,06:00-08:00,8.92,9.49
500106075,08:00-10:00,24.5,21.66
500106075,10:00-12:00,24.5,27.65
500106075,12:00-14:00,19.78,18.01
500106075,14:00-16:00,15.17,14.54
500106075,16:00-18:00,15.6,17.0
500106075,18:00-20:00,14.75,17.12
500106075,20:00-22:00,11.83,13.3
500106075,22:00-24:00,6.11,6.93
500106077,00:00-02:00,4.06,3.71
500106077,02:00-04:00,0.92,2.47
500106077,04:00-06:00,0.92,0.94
500106077,06:00-08:00,4.17,3.8
500106077,08:00-10:00,10.31,8.75
500106077,10:00-12:00,12.58,7.67
500106077,12:00-14:00,12.84,11.88
500106077,14:00-16:00,10.36,9.61
500106077,16:00-18:00,12.83,11.17
500106077,18:00-20:00,11.13,12.33
500106077,20:00-22:00,8.93,12.78
500106077,22:00-24:00,7.11,11.04
500106078,00:00-02:00,0.44,1.33
500106078,02:00-04:00,1.08,0.5
500106078,04:00-06:00,0.17,0.67
500106078,06:00-08:00,4.0,2.0
500106078,08:00-10:00,6.67,7.75
500106078,10:00-12:00,8.04,4.67
500106078,12:00-14:00,6.74,7.48
500106078,14:00-16:00,7.63,6.77
500106078,16:00-18:00,10.12,7.83
500106078,18:00-20:00,5.33,8.0
500106078,20:00-22:00,4.69,7.33
500106078,22:00-24:00,1.1,2.09
500106079,00:00-02:00,0.5,0.25
500106079,02:00-04:00,0.08,0.25
500106079,04:00-06:00,0.0,0.17
500106079,06:00-08:00,0.42,0.5
500106079,08:00-10:00,1.17,2.08
500106079,10:00-12:00,2.75,3.27
500106079,12:00-14:00,3.66,4.53
500106079,14:00-16:00,2.84,3.83
500106079,16:00-18:00,7.61,2.67
500106079,18:00-20:00,1.7,1.42
500106079,20:00-22:00,1.7,1.58
500106079,22:00-24:00,0.9,0.75
500106080,00:00-02:00,2.15,1.08
500106080,02:00-04:00,1.15,1.58
500106080,04:00-06:00,2.41,9.28
500106080,06:00-08:00,7.5,9.22
500106080,08:00-10:00,13.75,10.98
500106080,10:00-12:00,16.22,12.36
500106080,12:00-14:00,18.36,16.04
500106080,14:00-16:00,19.59,21.51
500106080,16:00-18:00,23.3,21.08
500106080,18:00-20:00,20.38,18.17
500106080,20:00-22:00,16.63,11.83
500106080,22:00-24:00,11.38,6.95
500106083,00:00-02:00,2.06,1.25
500106083,02:00-04:00,0.92,1.5
500106083,04:00-06:00,0.83,3.92
500106083,06:00-08:00,2.58,7.82
500106083,08:00-10:00,7.08,6.05
500106083,10:00-12:00,6.0,5.0
500106083,12:00-14:00,7.4,4.74
500106083,14:00-16:00,7.36,8.02
500106083,16:00-18:00,8.54,8.42
500106083,18:00-20:00,8.75,6.73
500106083,20:00-22:00,8.45,4.05
500106083,22:00-24:00,2.23,1.0
500106084,00:00-02:00,4.48,2.42
500106084,02:00-04:00,1.66,1.5
500106084,04:00-06:00,1.18,2.25
500106084,06:00-08:00,3.64,3.08
500106084,08:00-10:00,5.88,11.37
500106084,10:00-12:00,8.99,10.18
500106084,12:00-14:00,11.72,14.71
500106084,14:00-16:00,16.55,15.17
500106084,16:00-18:00,15.06,15.59
500106084,18:00-20:00,14.13,15.04
500106084,20:00-22:00,15.32,10.76
500106084,22:00-24:00,9.1,5.1
500106085,00:00-02:00,0.43,1.42
500106085,02:00-04:00,0.75,0.42
500106085,04:00-06:00,0.17,0.0
500106085,06:00-08:00,1.43,2.5
500106085,08:00-10:00,2.95,2.75
500106085,10:00-12:00,3.94,3.5
500106085,12:00-14:00,5.38,4.4
500106085,14:00-16:00,3.77,4.35
500106085,16:00-18:00,9.71,4.75
500106085,18:00-20:00,2.98,4.0
500106085,20:00-22:00,2.93,2.42
500106085,22:00-24:00,1.46,1.09
500106086,00:00-02:00,0.17,0.42
500106086,02:00-04:00,0.75,0.0
500106086,04:00-06:00,0.5,0.08
500106086,06:00-08:00,0.43,3.17
500106086,08:00-10:00,1.92,2.83
500106086,10:00-12:00,3.17,2.33
500106086,12:00-14:00,4.93,2.66
500106086,14:00-16:00,2.59,2.01
500106086,16:00-18:00,3.04,2.75
500106086,18:00-20:00,1.84,1.5
500106086,20:00-22:00,0.33,0.42
500106086,22:00-24:00,0.42,0.84
500106087,00:00-02:00,1.33,1.02
500106087,02:00-04:00,0.25,0.17
500106087,04:00-06:00,0.25,0.09
500106087,06:00-08:00,2.75,3.03
500106087,08:00-10:00,5.25,4.27
500106087,10:00-12:00,5.29,4.83
500106087,12:00-14:00,5.83,5.96
500106087,14:00-16:00,5.6,5.52
500106087,16:00-18:00,5.67,6.9
500106087,18:00-20:00,4.92,6.56
500106087,20:00-22:00,3.75,3.6
500106087,22:00-24:00,2.26,3.11
500106088,00:00-02:00,0.17,0.58
500106088,02:00-04:00,0.25,0.52
500106088,04:00-06:00,0.75,0.42
500106088,06:00-08:00,3.3,2.17
500106088,08:00-10:00,4.67,3.5
500106088,10:00-12:00,5.33,4.08
500106088,12:00-14:00,5.6,5.48
500106088,14:00-16:00,5.74,5.6
500106088,16:00-18:00,6.25,7.75
500106088,18:00-20:00,6.33,6.18
500106088,20:00-22:00,3.75,5.68
500106088,22:00-24:00,0.75,3.3
500106089,00:00-02:00,2.72,1.83
500106089,02:00-04:00,0.67,0.42
500106089,04:00-06:00,0.33,0.67
500106089,06:00-08:00,2.5,2.83
500106089,08:00-10:00,7.75,9.23
500106089,10:00-12:00,9.3,10.93
500106089,12:00-14:00,13.14,14.51
500106089,14:00-16:00,11.18,9.93
500106089,16:00-18:00,13.95,9.5
500106089,18:00-20:00,11.66,11.92
500106089,20:00-22:00,8.9,6.17
500106089,22:00-24:00,4.2,7.11
500106090,00:00-02:00,1.51,1.58
500106090,02:00-04:00,0.73,0.42
500106090,04:00-06:00,1.2,0.33
500106090,06:00-08:00,3.02,2.67
500106090,08:00-10:00,7.05,4.33
500106090,10:00-12:00,7.54,10.58
500106090,12:00-14:00,10.67,10.89
500106090,14:00-16:00,14.31,10.95
500106090,16:00-18:00,18.35,25.45
500106090,18:00-20:00,12.67,19.19
500106090,20:00-22:00,13.42,8.8
500106090,22:00-24:00,6.03,4.05
500106091,00:00-02:00,0.58,0.5
500106091,02:00-04:00,0.17,0.25
500106091,04:00-06:00,0.08,0.08
500106091,06:00-08:00,2.67,4.17
500106091,08:00-10:00,6.33,12.42
500106091,10:00-12:00,7.75,9.25
500106091,12:00-14:00,11.72,13.38
500106091,14:00-16:00,13.79,10.61
500106091,16:00-18:00,18.49,12.5
500106091,18:00-20:00,10.62,8.92
500106091,20:00-22:00,5.13,2.92
500106091,22:00-24:00,1.11,2.68
500106092,00:00-02:00,6.88,4.0
500106092,02:00-04:00,2.81,5.25
500106092,04:00-06:00,0.99,1.25
500106092,06:00-08:00,4.75,5.5
500106092,08:00-10:00,7.28,10.17
500106092,10:00-12:00,8.92,15.51
500106092,12:00-14:00,13.38,12.33
500106092,14:00-16:00,12.95,13.87
500106092,16:00-18:00,16.17,19.12
500106092,18:00-20:00,16.17,15.96
500106092,20:00-22:00,16.56,8.17
500106092,22:00-24:00,7.89,7.87
500106093,00:00-02:00,1.25,1.37
500106093,02:00-04:00,0.42,1.06
500106093,04:00-06:00,0.75,0.28
500106093,06:00-08:00,2.85,1.13
500106093,08:00-10:00,3.91,3.39
500106093,10:00-12:00,5.6,4.42
500106093,12:00-14:00,4.98,4.16
500106093,14:00-16:00,5.44,4.43
500106093,16:00-18:00,6.93,6.0
500106093,18:00-20:00,3.93,6.47
500106093,20:00-22:00,2.75,4.52
500106093,22:00-24:00,1.51,2.27
500106094,00:00-02:00,0.67,1.05
500106094,02:00-04:00,0.08,0.47
500106094,04:00-06:00,1.25,0.42
500106094,06:00-08:00,2.08,2.49
500106094,08:00-10:00,4.92,4.56
500106094,10:00-12:00,6.95,3.42
500106094,12:00-14:00,5.53,6.23
500106094,14:00-16:00,5.74,3.84
500106094,16:00-18:00,6.42,7.19
500106094,18:00-20:00,6.25,5.48
500106094,20:00-22:00,3.91,4.87
500106094,22:00-24:00,1.09,2.76
500106095,00:00-02:00,0.58,1.67
500106095,02:00-04:00,0.08,0.25
500106095,04:00-06:00,1.0,0.17
500106095,06:00-08:00,6.03,3.47
500106095,08:00-10:00,10.58,7.92
500106095,10:00-12:00,9.61,7.08
500106095,12:00-14:00,9.91,7.81
500106095,14:00-16:00,9.04,8.27
500106095,16:00-18:00,8.19,8.43
500106095,18:00-20:00,6.5,7.75
500106095,20:00-22:00,3.51,6.11
500106095,22:00-24:00,4.18,3.87
500106096,00:00-02:00,2.17,2.57
500106096,02:00-04:00,0.25,0.92
500106096,04:00-06:00,2.08,0.67
500106096,06:00-08:00,5.46,1.75
500106096,08:00-10:00,9.49,8.75
500106096,10:00-12:00,10.55,7.5
500106096,12:00-14:00,9.92,10.3
500106096,14:00-16:00,8.25,10.11
500106096,16:00-18:00,10.0,10.5
500106096,18:00-20:00,10.78,10.11
500106096,20:00-22:00,7.34,12.09
500106096,22:00-24:00,7.36,6.94
500106097,00:00-02:00,0.25,1.08
500106097,02:00-04:00,0.25,0.17
500106097,04:00-06:00,0.33,0.0
500106097,06:00-08:00,1.58,1.58
500106097,08:00-10:00,3.58,3.19
500106097,10:00-12:00,4.92,4.66
500106097,12:00-14:00,4.7,3.82
500106097,14:00-16:00,3.18,3.26
500106097,16:00-18:00,4.08,3.25
500106097,18:00-20:00,3.29,3.83
500106097,20:00-22:00,1.75,3.58
500106097,22:00-24:00,2.51,3.43
500106098,00:00-02:00,1.0,1.75
500106098,02:00-04:00,0.58,0.33
500106098,04:00-06:00,1.5,0.08
500106098,06:00-08:00,2.85,3.67
500106098,08:00-10:00,5.97,10.19
500106098,10:00-12:00,9.3,11.88
500106098,12:00-14:00,12.58,12.44
500106098,14:00-16:00,12.8,9.76
500106098,16:00-18:00,12.55,10.67
500106098,18:00-20:00,8.2,8.67
500106098,20:00-22:00,5.86,4.25
500106098,22:00-24:00,2.53,2.93
500106099,00:00-02:00,0.5,0.58
500106099,02:00-04:00,0.49,0.17
500106099,04:00-06:00,0.08,0.17
500106099,06:00-08:00,1.26,2.0
500106099,08:00-10:00,2.13,4.25
500106099,10:00-12:00,1.75,1.5
500106099,12:00-14:00,2.91,2.24
500106099,14:00-16:00,2.76,2.29
500106099,16:00-18:00,3.79,3.58
500106099,18:00-20:00,3.11,1.58
500106099,20:00-22:00,1.38,1.5
500106099,22:00-24:00,1.57,0.67
500106100,00:00-02:00,0.7,0.67
500106100,02:00-04:00,0.9,0.08
500106100,04:00-06:00,0.27,0.67
500106100,06:00-08:00,2.17,2.17
500106100,08:00-10:00,3.5,6.25
500106100,10:00-12:00,8.67,10.58
500106100,12:00-14:00,9.56,14.06
500106100,14:00-16:00,10.95,10.42
500106100,16:00-18:00,12.83,12.1
500106100,18:00-20:00,10.7,3.5
500106100,20:00-22:00,3.82,3.25
500106100,22:00-24:00,2.68,1.76
500106101,00:00-02:00,0.98,1.17
500106101,02:00-04:00,0.17,0.25
500106101,04:00-06:00,0.68,0.83
500106101,06:00-08:00,1.58,1.5
500106101,08:00-10:00,3.58,4.08
500106101,10:00-12:00,1.67,2.68
500106101,12:00-14:00,4.16,3.55
500106101,14:00-16:00,3.43,3.18
500106101,16:00-18:00,2.75,2.5
500106101,18:00-20:00,1.75,1.83
500106101,20:00-22:00,1.5,2.08
500106101,22:00-24:00,1.47,1.09
500106102,00:00-02:00,1.3,3.08
500106102,02:00-04:00,1.5,0.25
500106102,04:00-06:00,0.29,1.33
500106102,06:00-08:00,2.17,2.42
500106102,08:00-10:00,7.08,6.92
500106102,10:00-12:00,10.65,10.5
500106102,12:00-14:00,13.22,14.12
500106102,14:00-16:00,17.32,15.34
500106102,16:00-18:00,18.62,16.83
500106102,18:00-20:00,15.81,14.0
500106102,20:00-22:00,9.47,7.92
500106102,22:00-24:00,6.01,4.1
500106103,00:00-02:00,1.96,1.67
500106103,02:00-04:00,0.8,0.58
500106103,04:00-06:00,0.25,0.25
500106103,06:00-08:00,2.33,1.42
500106103,08:00-10:00,5.02,5.58
500106103,10:00-12:00,5.71,7.98
500106103,12:00-14:00,10.59,8.66
500106103,14:00-16:00,8.1,6.52
500106103,16:00-18:00,10.57,9.36
500106103,18:00-20:00,9.76,8.37
500106103,20:00-22:00,8.22,5.47
500106103,22:00-24:00,4.16,3.51
500106104,00:00-02:00,2.44,2.0
500106104,02:00-04:00,1.75,1.67
500106104,04:00-06:00,0.93,1.83
500106104,06:00-08:00,4.21,5.0
500106104,08:00-10:00,6.83,6.08
500106104,10:00-12:00,7.04,7.33
500106104,12:00-14:00,9.89,12.87
500106104,14:00-16:00,9.44,11.04
500106104,16:00-18:00,13.01,10.41
500106104,18:00-20:00,9.47,6.83
500106104,20:00-22:00,6.52,4.92
500106104,22:00-24:00,5.61,4.44
500106105,00:00-02:00,3.7,3.0
500106105,02:00-04:00,1.34,1.75
500106105,04:00-06:00,1.5,2.67
500106105,06:00-08:00,6.89,7.83
500106105,08:00-10:00,11.1,12.22
500106105,10:00-12:00,9.58,12.59
500106105,12:00-14:00,16.2,18.19
500106105,14:00-16:00,13.74,14.9
500106105,16:00-18:00,17.58,17.69
500106105,18:00-20:00,16.41,14.25
500106105,20:00-22:00,12.69,10.58
500106105,22:00-24:00,5.74,5.02
500106106,00:00-02:00,1.17,1.92
500106106,02:00-04:00,0.42,0.17
500106106,04:00-06:00,0.42,0.58
500106106,06:00-08:00,2.42,4.58
500106106,08:00-10:00,7.42,5.49
500106106,10:00-12:00,8.83,8.87
500106106,12:00-14:00,11.38,10.8
500106106,14:00-16:00,8.36,5.93
500106106,16:00-18:00,8.57,8.25
500106106,18:00-20:00,7.19,6.92
500106106,20:00-22:00,6.29,5.75
500106106,22:00-24:00,2.26,3.17
500106107,00:00-02:00,0.1,0.33
500106107,02:00-04:00,0.0,0.17
500106107,04:00-06:00,0.08,0.08
500106107,06:00-08:00,1.94,2.75
500106107,08:00-10:00,3.49,3.58
500106107,10:00-12:00,5.48,5.1
500106107,12:00-14:00,4.41,5.03
500106107,14:00-16:00,5.26,4.68
500106107,16:00-18:00,5.75,4.83
500106107,18:00-20:00,4.05,4.5
500106107,20:00-22:00,2.58,2.42
500106107,22:00-24:00,1.39,1.42
500106108,00:00-02:00,2.14,1.7
500106108,02:00-04:00,0.25,0.17
500106108,04:00-06:00,0.67,0.33
500106108,06:00-08:00,2.42,1.92
500106108,08:00-10:00,5.45,7.04
500106108,10:00-12:00,6.58,5.29
500106108,12:00-14:00,5.32,4.59
500106108,14:00-16:00,5.02,5.82
500106108,16:00-18:00,8.08,11.02
500106108,18:00-20:00,12.9,15.19
500106108,20:00-22:00,6.42,8.63
500106108,22:00-24:00,3.93,4.77
500106109,00:00-02:00,0.0,0.33
500106109,02:00-04:00,0.5,0.25
500106109,04:00-06:00,0.17,0.75
500106109,06:00-08:00,2.42,3.27
500106109,08:00-10:00,5.12,5.67
500106109,10:00-12:00,6.25,5.75
500106109,12:00-14:00,6.09,6.47
500106109,14:00-16:00,7.99,7.21
500106109,16:00-18:00,9.04,6.75
500106109,18:00-20:00,4.2,2.83
500106109,20:00-22:00,2.41,2.92
500106109,22:00-24:00,0.75,1.26
500106110,00:00-02:00,3.22,3.25
500106110,02:00-04:00,1.45,1.0
500106110,04:00-06:00,1.33,3.42
500106110,06:00-08:00,9.83,12.0
500106110,08:00-10:00,15.67,15.0
500106110,10:00-12:00,17.08,20.63
500106110,12:00-14:00,22.28,19.0
500106110,14:00-16:00,21.42,22.02
500106110,16:00-18:00,20.77,19.58
500106110,18:00-20:00,19.83,18.97
500106110,20:00-22:00,17.0,13.98
500106110,22:00-24:00,11.2,6.53
500106111,00:00-02:00,0.79,0.58
500106111,02:00-04:00,0.41,0.33
500106111,04:00-06:00,0.19,0.92
500106111,06:00-08:00,2.17,3.08
500106111,08:00-10:00,3.42,6.58
500106111,10:00-12:00,6.42,7.39
500106111,12:00-14:00,8.48,7.65
500106111,14:00-16:00,7.69,10.91
500106111,16:00-18:00,11.29,8.86
500106111,18:00-20:00,11.57,9.51
500106111,20:00-22:00,7.8,4.17
500106111,22:00-24:00,3.16,1.76
500106112,00:00-02:00,5.69,4.33
500106112,02:00-04:00,2.7,2.25
500106112,04:00-06:00,1.84,5.08
500106112,06:00-08:00,5.17,6.67
500106112,08:00-10:00,13.58,14.87
500106112,10:00-12:00,15.33,17.18
500106112,12:00-14:00,23.8,23.34
500106112,14:00-16:00,22.65,19.83
500106112,16:00-18:00,25.08,27.25
500106112,18:00-20:00,23.68,21.16
500106112,20:00-22:00,22.07,14.67
500106112,22:00-24:00,9.87,12.38
500106113,00:00-02:00,1.25,1.8
500106113,02:00-04:00,0.75,0.84
500106113,04:00-06:00,0.5,0.25
500106113,06:00-08:00,4.93,2.43
500106113,08:00-10:00,6.39,7.96
500106113,10:00-12:00,9.19,5.79
500106113,12:00-14:00,9.41,11.24
500106113,14:00-16:00,9.19,8.72
500106113,16:00-18:00,11.82,9.6
500106113,18:00-20:00,8.07,9.79
500106113,20:00-22:00,5.69,5.91
500106113,22:00-24:00,2.01,5.31
500106114,00:00-02:00,2.67,1.88
500106114,02:00-04:00,0.83,2.69
500106114,04:00-06:00,2.0,0.65
500106114,06:00-08:00,4.25,3.13
500106114,08:00-10:00,7.03,6.63
500106114,10:00-12:00,7.83,6.01
500106114,12:00-14:00,7.56,6.17
500106114,14:00-16:00,9.45,7.53
500106114,16:00-18:00,8.9,7.8
500106114,18:00-20:00,7.12,8.46
500106114,20:00-22:00,3.89,7.2
500106114,22:00-24:00,1.67,2.59
500106115,00:00-02:00,0.33,0.58
500106115,02:00-04:00,0.17,0.25
500106115,04:00-06:00,0.17,0.17
500106115,06:00-08:00,1.25,0.5
500106115,08:00-10:00,3.42,3.5
500106115,10:00-12:00,3.83,4.25
500106115,12:00-14:00,5.65,4.49
500106115,14:00-16:00,5.03,3.93
500106115,16:00-18:00,4.81,4.58
500106115,18:00-20:00,3.78,2.83
500106115,20:00-22:00,1.83,2.67
500106115,22:00-24:00,1.09,1.92
500106116,00:00-02:00,3.25,2.52
500106116,02:00-04:00,0.67,1.5
500106116,04:00-06:00,2.42,1.21
500106116,06:00-08:00,8.0,6.92
500106116,08:00-10:00,11.09,9.48
500106116,10:00-12:00,11.08,11.95
500106116,12:00-14:00,9.39,7.31
500106116,14:00-16:00,10.1,10.36
500106116,16:00-18:00,12.0,13.4
500106116,18:00-20:00,13.15,12.74
500106116,20:00-22:00,9.67,12.6
500106116,22:00-24:00,5.36,8.19
500106117,00:00-02:00,1.17,2.52
500106117,02:00-04:00,0.08,0.5
500106117,04:00-06:00,2.25,1.12
500106117,06:00-08:00,4.83,2.25
500106117,08:00-10:00,7.0,2.67
500106117,10:00-12:00,7.42,6.08
500106117,12:00-14:00,4.4,6.73
500106117,14:00-16:00,6.44,5.85
500106117,16:00-18:00,7.08,7.42
500106117,18:00-20:00,5.83,5.67
500106117,20:00-22:00,3.67,6.0
500106117,22:00-24:00,1.09,3.01
500106118,00:00-02:00,1.7,2.33
500106118,02:00-04:00,0.5,1.25
500106118,04:00-06:00,0.33,0.67
500106118,06:00-08:00,3.08,4.87
500106118,08:00-10:00,8.72,8.78
500106118,10:00-12:00,14.58,14.83
500106118,12:00-14:00,14.8,16.16
500106118,14:00-16:00,13.99,12.17
500106118,16:00-18:00,16.53,15.36
500106118,18:00-20:00,13.78,12.47
500106118,20:00-22:00,9.89,8.44
500106118,22:00-24:00,5.57,4.77
500106119,00:00-02:00,2.17,1.69
500106119,02:00-04:00,0.25,0.92
500106119,04:00-06:00,0.92,0.86
500106119,06:00-08:00,5.67,3.0
500106119,08:00-10:00,7.17,6.25
500106119,10:00-12:00,9.58,7.67
500106119,12:00-14:00,11.28,7.56
500106119,14:00-16:00,7.19,8.11
500106119,16:00-18:00,7.86,10.65
500106119,18:00-20:00,11.21,9.67
500106119,20:00-22:00,6.0,7.58
500106119,22:00-24:00,3.18,5.66
500106120,00:00-02:00,3.58,1.88
500106120,02:00-04:00,0.58,0.71
500106120,04:00-06:00,0.42,0.59
500106120,06:00-08:00,5.92,1.25
500106120,08:00-10:00,7.02,5.17
500106120,10:00-12:00,8.41,7.17
500106120,12:00-14:00,10.28,6.9
500106120,14:00-16:00,7.09,6.43
500106120,16:00-18:00,7.8,7.67
500106120,18:00-20:00,7.09,9.75
500106120,20:00-22:00,3.92,11.21
500106120,22:00-24:00,5.36,5.3
500106121,00:00-02:00,0.58,2.33
500106121,02:00-04:00,0.08,0.33
500106121,04:00-06:00,1.5,1.08
500106121,06:00-08:00,6.67,9.5
500106121,08:00-10:00,10.92,12.59
500106121,10:00-12:00,13.08,14.67
500106121,12:00-14:00,17.04,14.66
500106121,14:00-16:00,12.28,13.2
500106121,16:00-18:00,18.26,12.57
500106121,18:00-20:00,14.45,11.83
500106121,20:00-22:00,7.31,8.42
500106121,22:00-24:00,2.18,6.03
500106122,00:00-02:00,0.17,0.67
500106122,02:00-04:00,0.25,0.25
500106122,04:00-06:00,0.17,0.08
500106122,06:00-08:00,2.39,0.58
500106122,08:00-10:00,2.5,1.58
500106122,10:00-12:00,1.87,3.25
500106122,12:00-14:00,4.19,2.08
500106122,14:00-16:00,1.94,2.59
500106122,16:00-18:00,2.1,4.18
500106122,18:00-20:00,3.02,1.79
500106122,20:00-22:00,1.01,1.9
500106122,22:00-24:00,0.84,1.65
500106123,00:00-02:00,2.81,3.92
500106123,02:00-04:00,0.92,1.08
500106123,04:00-06:00,1.5,0.75
500106123,06:00-08:00,4.67,2.33
500106123,08:00-10:00,7.68,8.92
500106123,10:00-12:00,12.6,10.26
500106123,12:00-14:00,11.1,11.22
500106123,14:00-16:00,12.07,11.73
500106123,16:00-18:00,14.3,12.41
500106123,18:00-20:00,9.58,10.83
500106123,20:00-22:00,7.46,9.76
500106123,22:00-24:00,5.27,5.19
500106124,00:00-02:00,1.33,1.52
500106124,02:00-04:00,0.33,0.69
500106124,04:00-06:00,1.0,0.43
500106124,06:00-08:00,2.42,1.67
500106124,08:00-10:00,6.33,6.34
500106124,10:00-12:00,7.5,9.3
500106124,12:00-14:00,10.06,10.98
500106124,14:00-16:00,10.88,10.13
500106124,16:00-18:00,11.22,12.4
500106124,18:00-20:00,11.31,11.52
500106124,20:00-22:00,7.75,7.14
500106124,22:00-24:00,4.02,5.04
500106125,00:00-02:00,2.25,2.41
500106125,02:00-04:00,0.25,0.5
500106125,04:00-06:00,0.58,0.58
500106125,06:00-08:00,2.58,1.57
500106125,08:00-10:00,5.83,5.77
500106125,10:00-12:00,4.08,4.42
500106125,12:00-14:00,5.65,4.52
500106125,14:00-16:00,4.62,4.85
500106125,16:00-18:00,6.99,5.0
500106125,18:00-20:00,5.5,7.0
500106125,20:00-22:00,3.89,5.65
500106125,22:00-24:00,5.8,4.42
500106126,00:00-02:00,0.79,1.75
500106126,02:00-04:00,1.33,1.75
500106126,04:00-06:00,1.5,4.5
500106126,06:00-08:00,6.67,7.0
500106126,08:00-10:00,8.69,12.63
500106126,10:00-12:00,11.08,11.7
500106126,12:00-14:00,16.14,12.68
500106126,14:00-16:00,14.31,10.86
500106126,16:00-18:00,14.22,13.5
500106126,18:00-20:00,12.79,11.83
500106126,20:00-22:00,9.26,9.58
500106126,22:00-24:00,4.33,4.1
500106127,00:00-02:00,0.67,0.67
500106127,02:00-04:00,0.42,0.33
500106127,04:00-06:00,0.58,0.83
500106127,06:00-08:00,2.92,3.33
500106127,08:00-10:00,5.42,9.44
500106127,10:00-12:00,7.0,5.94
500106127,12:00-14:00,7.73,7.05
500106127,14:00-16:00,6.46,4.76
500106127,16:00-18:00,6.89,7.64
500106127,18:00-20:00,4.2,4.58
500106127,20:00-22:00,3.63,2.75
500106127,22:00-24:00,0.59,2.06
500106128,00:00-02:00,1.5,1.07
500106128,02:00-04:00,0.75,0.67
500106128,04:00-06:00,0.5,0.42
500106128,06:00-08:00,3.92,2.17
500106128,08:00-10:00,7.67,4.83
500106128,10:00-12:00,7.08,5.17
500106128,12:00-14:00,6.28,4.9
500106128,14:00-16:00,6.18,4.26
500106128,16:00-18:00,4.31,7.25
500106128,18:00-20:00,5.75,8.08
500106128,20:00-22:00,4.25,6.67
500106128,22:00-24:00,3.01,4.57
500106129,00:00-02:00,0.58,1.33
500106129,02:00-04:00,0.17,0.92
500106129,04:00-06:00,0.83,0.42
500106129,06:00-08:00,2.42,1.75
500106129,08:00-10:00,2.33,3.33
500106129,10:00-12:00,4.42,3.25
500106129,12:00-14:00,4.49,3.49
500106129,14:00-16:00,5.43,4.76
500106129,16:00-18:00,5.17,8.52
500106129,18:00-20:00,9.25,9.17
500106129,20:00-22:00,5.0,6.08
500106129,22:00-24:00,3.85,3.6
500106130,00:00-02:00,0.33,1.42
500106130,02:00-04:00,0.58,0.47
500106130,04:00-06:00,0.75,0.09
500106130,06:00-08:00,1.83,0.5
500106130,08:00-10:00,4.49,4.33
500106130,10:00-12:00,4.63,3.26
500106130,12:00-14:00,4.4,4.03
500106130,14:00-16:00,4.36,4.8
500106130,16:00-18:00,5.24,5.4
500106130,18:00-20:00,4.86,5.24
500106130,20:00-22:00,3.58,3.92
500106130,22:00-24:00,1.26,1.42
500106131,00:00-02:00,0.0,0.0
500106131,02:00-04:00,0.0,0.17
500106131,04:00-06:00,0.25,0.0
500106131,06:00-08:00,1.58,1.08
500106131,08:00-10:00,3.16,4.08
500106131,10:00-12:00,4.92,3.33
500106131,12:00-14:00,2.4,3.32
500106131,14:00-16:00,2.92,2.92
500106131,16:00-18:00,5.21,4.42
500106131,18:00-20:00,2.92,4.17
500106131,20:00-22:00,2.08,2.5
500106131,22:00-24:00,0.67,1.51
500106132,00:00-02:00,0.92,1.42
500106132,02:00-04:00,2.42,0.17
500106132,04:00-06:00,0.25,0.25
500106132,06:00-08:00,1.17,3.0
500106132,08:00-10:00,4.25,4.83
500106132,10:00-12:00,4.25,5.17
500106132,12:00-14:00,7.23,5.9
500106132,14:00-16:00,5.93,3.51
500106132,16:00-18:00,6.65,5.58
500106132,18:00-20:00,2.99,2.92
500106132,20:00-22:00,2.0,5.5
500106132,22:00-24:00,1.26,1.59
500106133,00:00-02:00,0.2,0.58
500106133,02:00-04:00,0.2,0.5
500106133,04:00-06:00,0.33,0.17
500106133,06:00-08:00,1.23,1.58
500106133,08:00-10:00,2.45,3.17
500106133,10:00-12:00,2.67,3.93
500106133,12:00-14:00,4.36,5.4
500106133,14:00-16:00,6.02,4.46
500106133,16:00-18:00,5.17,4.92
500106133,18:00-20:00,3.35,2.75
500106133,20:00-22:00,3.0,2.63
500106133,22:00-24:00,1.87,1.26
500106134,00:00-02:00,0.08,0.83
500106134,02:00-04:00,0.25,0.5
500106134,04:00-06:00,0.08,0.33
500106134,06:00-08:00,2.0,1.33
500106134,08:00-10:00,3.0,3.01
500106134,10:00-12:00,3.75,2.69
500106134,12:00-14:00,2.91,1.91
500106134,14:00-16:00,2.02,1.59
500106134,16:00-18:00,2.92,3.08
500106134,18:00-20:00,2.0,2.67
500106134,20:00-22:00,1.75,2.33
500106134,22:00-24:00,1.0,2.01
500106135,00:00-02:00,6.71,5.42
500106135,02:00-04:00,2.95,1.25
500106135,04:00-06:00,0.97,1.5
500106135,06:00-08:00,4.64,4.92
500106135,08:00-10:00,8.79,11.16
500106135,10:00-12:00,11.1,17.35
500106135,12:00-14:00,23.85,26.35
500106135,14:00-16:00,22.76,22.15
500106135,16:00-18:00,23.46,30.74
500106135,18:00-20:00,36.77,32.37
500106135,20:00-22:00,25.97,20.92
500106135,22:00-24:00,15.28,8.54
500106136,00:00-02:00,6.87,5.17
500106136,02:00-04:00,3.66,1.83
500106136,04:00-06:00,4.14,3.25
500106136,06:00-08:00,8.17,10.83
500106136,08:00-10:00,13.14,9.92
500106136,10:00-12:00,8.96,9.42
500106136,12:00-14:00,9.67,11.79
500106136,14:00-16:00,16.99,14.76
500106136,16:00-18:00,18.4,28.86
500106136,18:00-20:00,14.83,20.16
500106136,20:00-22:00,13.42,13.86
500106136,22:00-24:00,8.81,6.5
500106137,00:00-02:00,0.69,0.58
500106137,02:00-04:00,0.08,0.08
500106137,04:00-06:00,0.33,0.33
500106137,06:00-08:00,2.34,1.92
500106137,08:00-10:00,3.84,4.42
500106137,10:00-12:00,4.37,3.75
500106137,12:00-14:00,5.7,5.82
500106137,14:00-16:00,7.4,4.35
500106137,16:00-18:00,6.65,7.33
500106137,18:00-20:00,6.4,4.25
500106137,20:00-22:00,4.43,1.67
500106137,22:00-24:00,2.61,1.84
500106138,00:00-02:00,0.5,0.5
500106138,02:00-04:00,0.42,0.0
500106138,04:00-06:00,0.5,0.08
500106138,06:00-08:00,1.08,1.75
500106138,08:00-10:00,1.08,1.42
500106138,10:00-12:00,2.83,6.73
500106138,12:00-14:00,4.65,5.57
500106138,14:00-16:00,4.01,4.62
500106138,16:00-18:00,4.58,3.75
500106138,18:00-20:00,4.83,3.0
500106138,20:00-22:00,4.0,1.75
500106138,22:00-24:00,1.37,1.42
500106142,00:00-02:00,2.16,0.75
500106142,02:00-04:00,1.9,0.58
500106142,04:00-06:00,0.36,1.58
500106142,06:00-08:00,1.0,2.25
500106142,08:00-10:00,2.83,1.83
500106142,10:00-12:00,2.91,5.08
500106142,12:00-14:00,3.24,6.15
500106142,14:00-16:00,4.43,6.44
500106142,16:00-18:00,9.48,6.72
500106142,18:00-20:00,9.18,6.53
500106142,20:00-22:00,5.59,3.58
500106142,22:00-24:00,4.73,3.85
500106143,00:00-02:00,0.92,0.17
500106143,02:00-04:00,0.25,0.33
500106143,04:00-06:00,0.33,0.25
500106143,06:00-08:00,1.83,0.42
500106143,08:00-10:00,3.92,3.0
500106143,10:00-12:00,4.08,3.92
500106143,12:00-14:00,4.53,5.76
500106143,14:00-16:00,5.18,5.61
500106143,16:00-18:00,5.54,6.24
500106143,18:00-20:00,4.92,4.11
500106143,20:00-22:00,2.0,4.0
500106143,22:00-24:00,2.26,2.73
500106144,00:00-02:00,0.1,0.17
500106144,02:00-04:00,0.0,0.0
500106144,04:00-06:00,0.08,0.42
500106144,06:00-08:00,0.42,0.92
500106144,08:00-10:00,1.5,3.43
500106144,10:00-12:00,4.25,2.95
500106144,12:00-14:00,3.32,3.41
500106144,14:00-16:00,2.74,1.62
500106144,16:00-18:00,2.75,3.69
500106144,18:00-20:00,3.47,2.65
500106144,20:00-22:00,1.84,1.13
500106144,22:00-24:00,0.67,0.59
500106145,00:00-02:00,0.92,1.18
500106145,02:00-04:00,0.67,0.25
500106145,04:00-06:00,0.75,0.33
500106145,06:00-08:00,1.17,1.5
500106145,08:00-10:00,2.0,4.25
500106145,10:00-12:00,3.33,3.04
500106145,12:00-14:00,4.41,3.19
500106145,14:00-16:00,2.93,2.18
500106145,16:00-18:00,2.17,2.67
500106145,18:00-20:00,3.05,3.42
500106145,20:00-22:00,4.0,2.42
500106145,22:00-24:00,2.01,2.34
500106146,00:00-02:00,0.5,0.17
500106146,02:00-04:00,0.25,0.0
500106146,04:00-06:00,0.0,0.25
500106146,06:00-08:00,0.75,0.67
500106146,08:00-10:00,1.95,2.67
500106146,10:00-12:00,3.42,3.5
500106146,12:00-14:00,3.52,4.24
500106146,14:00-16:00,4.17,3.34
500106146,16:00-18:00,4.0,3.33
500106146,18:00-20:00,4.0,2.75
500106146,20:00-22:00,3.4,1.25
500106146,22:00-24:00,1.83,3.01
500106147,00:00-02:00,1.42,0.75
500106147,02:00-04:00,0.33,0.0
500106147,04:00-06:00,0.08,0.08
500106147,06:00-08:00,1.26,1.27
500106147,08:00-10:00,2.31,3.86
500106147,10:00-12:00,3.25,4.68
500106147,12:00-14:00,5.07,5.28
500106147,14:00-16:00,4.51,3.9
500106147,16:00-18:00,3.92,2.66
500106147,18:00-20:00,2.96,4.03
500106147,20:00-22:00,2.83,2.06
500106147,22:00-24:00,1.84,1.92
500106149,00:00-02:00,0.67,1.82
500106149,02:00-04:00,0.08,0.58
500106149,04:00-06:00,1.75,0.67
500106149,06:00-08:00,2.0,2.25
500106149,08:00-10:00,3.75,5.81
500106149,10:00-12:00,3.58,3.95
500106149,12:00-14:00,6.01,4.53
500106149,14:00-16:00,3.51,2.46
500106149,16:00-18:00,5.5,9.51
500106149,18:00-20:00,10.33,11.13
500106149,20:00-22:00,7.67,8.42
500106149,22:00-24:00,5.1,3.78
500106150,00:00-02:00,3.02,4.39
500106150,02:00-04:00,0.83,0.78
500106150,04:00-06:00,2.5,1.3
500106150,06:00-08:00,4.62,4.25
500106150,08:00-10:00,7.48,10.5
500106150,10:00-12:00,8.17,9.97
500106150,12:00-14:00,12.55,12.23
500106150,14:00-16:00,10.45,10.7
500106150,16:00-18:00,14.92,18.84
500106150,18:00-20:00,27.17,27.08
500106150,20:00-22:00,18.5,16.92
500106150,22:00-24:00,10.63,9.04
500107001,00:00-02:00,2.33,0.99
500107001,02:00-04:00,0.0,0.33
500107001,04:00-06:00,0.42,0.17
500107001,06:00-08:00,3.75,1.58
500107001,08:00-10:00,6.25,4.53
500107001,10:00-12:00,8.45,6.83
500107001,12:00-14:00,6.97,7.65
500107001,14:00-16:00,4.85,5.1
500107001,16:00-18:00,9.18,7.17
500107001,18:00-20:00,6.35,8.83
500107001,20:00-22:00,5.58,8.0
500107001,22:00-24:00,1.09,3.01
500107002,00:00-02:00,1.06,0.67
500107002,02:00-04:00,0.08,0.0
500107002,04:00-06:00,0.42,1.83
500107002,06:00-08:00,1.42,3.77
500107002,08:00-10:00,4.92,5.05
500107002,10:00-12:00,6.92,5.34
500107002,12:00-14:00,2.75,3.1
500107002,14:00-16:00,3.18,3.66
500107002,16:00-18:00,5.08,3.67
500107002,18:00-20:00,3.17,3.0
500107002,20:00-22:00,2.31,1.92
500107002,22:00-24:00,0.97,1.0
500107003,00:00-02:00,1.33,0.17
500107003,02:00-04:00,0.08,0.08
500107003,04:00-06:00,0.25,0.0
500107003,06:00-08:00,0.67,1.0
500107003,08:00-10:00,1.67,2.0
500107003,10:00-12:00,2.75,3.17
500107003,12:00-14:00,2.74,1.41
500107003,14:00-16:00,0.75,1.5
500107003,16:00-18:00,2.42,1.67
500107003,18:00-20:00,2.0,2.33
500107003,20:00-22:00,1.42,0.92
500107003,22:00-24:00,0.25,0.5
500107004,00:00-02:00,0.0,0.17
500107004,02:00-04:00,0.0,0.0
500107004,04:00-06:00,0.0,0.0
500107004,06:00-08:00,0.83,0.25
500107004,08:00-10:00,1.83,0.58
500107004,10:00-12:00,2.34,1.25
500107004,12:00-14:00,2.4,1.91
500107004,14:00-16:00,1.25,0.25
500107004,16:00-18:00,1.56,0.83
500107004,18:00-20:00,0.68,3.58
500107004,20:00-22:00,0.33,0.92
500107004,22:00-24:00,0.08,0.75
500107005,00:00-02:00,2.25,2.58
500107005,02:00-04:00,0.58,0.17
500107005,04:00-06:00,0.75,0.75
500107005,06:00-08:00,2.05,1.83
500107005,08:00-10:00,4.04,5.5
500107005,10:00-12:00,5.75,5.42
500107005,12:00-14:00,6.73,6.23
500107005,14:00-16:00,6.22,5.52
500107005,16:00-18:00,7.49,7.25
500107005,18:00-20:00,6.25,5.75
500107005,20:00-22:00,3.76,5.25
500107005,22:00-24:00,5.77,5.1
500107006,00:00-02:00,0.33,0.08
500107006,02:00-04:00,0.17,0.08
500107006,04:00-06:00,0.17,0.25
500107006,06:00-08:00,0.83,2.46
500107006,08:00-10:00,3.08,3.9
500107006,10:00-12:00,6.25,4.36
500107006,12:00-14:00,5.04,3.41
500107006,14:00-16:00,4.63,3.26
500107006,16:00-18:00,6.03,5.42
500107006,18:00-20:00,5.31,3.67
500107006,20:00-22:00,3.73,3.08
500107006,22:00-24:00,2.1,5.36
500107007,00:00-02:00,1.31,1.67
500107007,02:00-04:00,0.75,0.17
500107007,04:00-06:00,0.92,0.17
500107007,06:00-08:00,1.67,1.42
500107007,08:00-10:00,3.5,4.92
500107007,10:00-12:00,7.33,4.83
500107007,12:00-14:00,7.23,5.32
500107007,14:00-16:00,5.8,7.27
500107007,16:00-18:00,7.43,5.08
500107007,18:00-20:00,6.67,8.33
500107007,20:00-22:00,4.25,5.58
500107007,22:00-24:00,1.59,4.44
500107008,00:00-02:00,3.23,5.42
500107008,02:00-04:00,0.08,0.0
500107008,04:00-06:00,0.33,0.75
500107008,06:00-08:00,8.12,9.08
500107008,08:00-10:00,15.0,15.67
500107008,10:00-12:00,13.5,19.58
500107008,12:00-14:00,11.88,18.06
500107008,14:00-16:00,19.14,13.84
500107008,16:00-18:00,17.01,20.19
500107008,18:00-20:00,17.98,16.21
500107008,20:00-22:00,19.94,8.33
500107008,22:00-24:00,8.82,5.27
500107009,00:00-02:00,1.58,2.17
500107009,02:00-04:00,0.5,0.33
500107009,04:00-06:00,1.08,0.17
500107009,06:00-08:00,4.92,3.33
500107009,08:00-10:00,9.61,8.5
500107009,10:00-12:00,8.18,9.5
500107009,12:00-14:00,9.82,7.56
500107009,14:00-16:00,11.12,10.78
500107009,16:00-18:00,13.32,11.25
500107009,18:00-20:00,8.2,10.5
500107009,20:00-22:00,6.5,6.58
500107009,22:00-24:00,3.26,4.69
500107010,00:00-02:00,3.67,4.11
500107010,02:00-04:00,0.33,0.5
500107010,04:00-06:00,1.92,1.33
500107010,06:00-08:00,10.99,4.83
500107010,08:00-10:00,21.51,22.18
500107010,10:00-12:00,17.94,18.29
500107010,12:00-14:00,19.83,15.79
500107010,14:00-16:00,17.12,17.63
500107010,16:00-18:00,20.11,19.33
500107010,18:00-20:00,18.36,19.58
500107010,20:00-22:00,14.0,16.08
500107010,22:00-24:00,6.61,9.9
500107011,00:00-02:00,2.0,0.67
500107011,02:00-04:00,0.25,0.42
500107011,04:00-06:00,0.42,0.58
500107011,06:00-08:00,4.58,4.33
500107011,08:00-10:00,7.25,7.75
500107011,10:00-12:00,6.5,8.92
500107011,12:00-14:00,9.24,10.06
500107011,14:00-16:00,9.94,7.27
500107011,16:00-18:00,10.6,9.0
500107011,18:00-20:00,8.22,7.92
500107011,20:00-22:00,8.53,6.83
500107011,22:00-24:00,6.68,5.94
500107012,00:00-02:00,3.0,3.08
500107012,02:00-04:00,2.43,4.0
500107012,04:00-06:00,1.08,1.42
500107012,06:00-08:00,5.39,4.0
500107012,08:00-10:00,7.25,12.0
500107012,10:00-12:00,13.33,16.75
500107012,12:00-14:00,14.96,20.52
500107012,14:00-16:00,19.64,18.31
500107012,16:00-18:00,22.94,23.09
500107012,18:00-20:00,21.17,19.13
500107012,20:00-22:00,18.42,13.35
500107012,22:00-24:00,9.49,5.44
500107013,00:00-02:00,4.84,3.83
500107013,02:00-04:00,0.92,3.75
500107013,04:00-06:00,1.42,4.25
500107013,06:00-08:00,6.92,9.25
500107013,08:00-10:00,16.07,12.5
500107013,10:00-12:00,20.0,18.5
500107013,12:00-14:00,19.91,19.77
500107013,14:00-16:00,17.16,16.2
500107013,16:00-18:00,22.88,18.23
500107013,18:00-20:00,15.31,16.0
500107013,20:00-22:00,16.47,14.92
500107013,22:00-24:00,9.22,11.97
500107014,00:00-02:00,2.5,1.78
500107014,02:00-04:00,0.67,0.64
500107014,04:00-06:00,1.33,0.93
500107014,06:00-08:00,3.08,3.83
500107014,08:00-10:00,5.17,7.0
500107014,10:00-12:00,8.67,10.78
500107014,12:00-14:00,8.31,9.98
500107014,14:00-16:00,10.88,7.58
500107014,16:00-18:00,9.94,10.5
500107014,18:00-20:00,8.08,10.56
500107014,20:00-22:00,7.42,6.84
500107014,22:00-24:00,6.28,3.35
500107015,00:00-02:00,0.42,1.08
500107015,02:00-04:00,0.58,0.75
500107015,04:00-06:00,0.67,0.33
500107015,06:00-08:00,0.5,0.17
500107015,08:00-10:00,2.25,1.92
500107015,10:00-12:00,3.5,2.42
500107015,12:00-14:00,3.49,3.24
500107015,14:00-16:00,2.84,2.01
500107015,16:00-18:00,3.67,4.33
500107015,18:00-20:00,4.17,3.92
500107015,20:00-22:00,2.83,2.92
500107015,22:00-24:00,1.76,2.68
500107016,00:00-02:00,2.17,2.67
500107016,02:00-04:00,2.33,2.25
500107016,04:00-06:00,2.33,1.42
500107016,06:00-08:00,3.5,2.08
500107016,08:00-10:00,7.75,5.25
500107016,10:00-12:00,9.58,6.58
500107016,12:00-14:00,11.14,8.81
500107016,14:00-16:00,9.03,9.78
500107016,16:00-18:00,10.5,13.25
500107016,18:00-20:00,10.75,13.08
500107016,20:00-22:00,5.17,9.08
500107016,22:00-24:00,4.69,6.53
500107017,00:00-02:00,6.25,4.17
500107017,02:00-04:00,6.67,1.67
500107017,04:00-06:00,3.34,2.17
500107017,06:00-08:00,4.18,3.08
500107017,08:00-10:00,8.01,6.17
500107017,10:00-12:00,10.13,7.75
500107017,12:00-14:00,10.59,13.55
500107017,14:00-16:00,11.03,13.12
500107017,16:00-18:00,10.75,14.29
500107017,18:00-20:00,12.83,17.29
500107017,20:00-22:00,13.08,14.69
500107017,22:00-24:00,10.46,9.62
500107018,00:00-02:00,0.88,0.58
500107018,02:00-04:00,0.1,0.42
500107018,04:00-06:00,0.34,0.75
500107018,06:00-08:00,1.5,1.0
500107018,08:00-10:00,3.79,5.33
500107018,10:00-12:00,4.93,4.58
500107018,12:00-14:00,3.57,4.16
500107018,14:00-16:00,4.78,5.6
500107018,16:00-18:00,6.5,4.75
500107018,18:00-20:00,4.27,4.92
500107018,20:00-22:00,3.42,2.83
500107018,22:00-24:00,1.76,2.18
500107019,00:00-02:00,1.14,1.0
500107019,02:00-04:00,0.09,0.25
500107019,04:00-06:00,0.25,1.75
500107019,06:00-08:00,3.94,2.67
500107019,08:00-10:00,5.12,3.08
500107019,10:00-12:00,5.82,5.33
500107019,12:00-14:00,5.08,7.56
500107019,14:00-16:00,6.39,5.43
500107019,16:00-18:00,7.0,6.83
500107019,18:00-20:00,5.75,5.67
500107019,20:00-22:00,5.93,3.75
500107019,22:00-24:00,2.85,3.51
500107020,00:00-02:00,2.83,2.08
500107020,02:00-04:00,0.92,1.25
500107020,04:00-06:00,0.67,1.17
500107020,06:00-08:00,4.5,1.58
500107020,08:00-10:00,5.76,3.33
500107020,10:00-12:00,7.2,5.58
500107020,12:00-14:00,6.46,4.99
500107020,14:00-16:00,6.74,5.85
500107020,16:00-18:00,6.5,5.83
500107020,18:00-20:00,4.65,8.5
500107020,20:00-22:00,4.58,6.08
500107020,22:00-24:00,2.93,4.52
500107021,00:00-02:00,1.33,4.08
500107021,02:00-04:00,3.67,2.17
500107021,04:00-06:00,3.58,3.25
500107021,06:00-08:00,14.0,13.25
500107021,08:00-10:00,20.5,23.41
500107021,10:00-12:00,29.08,26.98
500107021,12:00-14:00,18.85,13.28
500107021,14:00-16:00,14.38,8.52
500107021,16:00-18:00,11.49,15.42
500107021,18:00-20:00,11.58,14.3
500107021,20:00-22:00,11.72,8.92
500107021,22:00-24:00,7.75,7.87
500107022,00:00-02:00,2.58,1.33
500107022,02:00-04:00,0.75,1.42
500107022,04:00-06:00,0.08,0.25
500107022,06:00-08:00,3.92,2.67
500107022,08:00-10:00,4.86,7.17
500107022,10:00-12:00,7.19,5.92
500107022,12:00-14:00,6.73,4.57
500107022,14:00-16:00,8.0,6.35
500107022,16:00-18:00,7.53,6.5
500107022,18:00-20:00,6.06,6.25
500107022,20:00-22:00,4.27,5.25
500107022,22:00-24:00,4.6,7.53
500107023,00:00-02:00,6.58,6.82
500107023,02:00-04:00,1.92,1.87
500107023,04:00-06:00,4.67,0.83
500107023,06:00-08:00,18.67,8.0
500107023,08:00-10:00,20.03,14.75
500107023,10:00-12:00,22.07,20.33
500107023,12:00-14:00,16.94,19.11
500107023,14:00-16:00,18.46,16.13
500107023,16:00-18:00,21.83,20.92
500107023,18:00-20:00,16.67,25.67
500107023,20:00-22:00,11.67,24.08
500107023,22:00-24:00,10.63,15.64
500107024,00:00-02:00,4.0,4.67
500107024,02:00-04:00,0.58,1.17
500107024,04:00-06:00,2.0,3.42
500107024,06:00-08:00,11.92,20.83
500107024,08:00-10:00,26.58,32.11
500107024,10:00-12:00,29.42,33.55
500107024,12:00-14:00,33.66,31.53
500107024,14:00-16:00,33.01,34.77
500107024,16:00-18:00,40.25,30.33
500107024,18:00-20:00,34.83,37.75
500107024,20:00-22:00,34.05,22.75
500107024,22:00-24:00,20.42,17.07
500107025,00:00-02:00,1.67,3.97
500107025,02:00-04:00,1.42,1.9
500107025,04:00-06:00,1.5,0.99
500107025,06:00-08:00,7.06,4.02
500107025,08:00-10:00,10.23,10.44
500107025,10:00-12:00,11.88,14.88
500107025,12:00-14:00,12.34,11.15
500107025,14:00-16:00,11.79,12.34
500107025,16:00-18:00,12.87,13.33
500107025,18:00-20:00,13.67,15.23
500107025,20:00-22:00,10.95,13.55
500107025,22:00-24:00,6.39,7.94
500107026,00:00-02:00,0.68,0.9
500107026,02:00-04:00,0.5,0.17
500107026,04:00-06:00,0.33,0.17
500107026,06:00-08:00,0.86,1.0
500107026,08:00-10:00,2.42,1.92
500107026,10:00-12:00,3.22,1.92
500107026,12:00-14:00,3.34,3.32
500107026,14:00-16:00,2.12,2.34
500107026,16:00-18:00,4.03,2.83
500107026,18:00-20:00,1.7,3.33
500107026,20:00-22:00,1.08,2.04
500107026,22:00-24:00,0.92,0.92
500107027,00:00-02:00,1.62,2.58
500107027,02:00-04:00,1.21,0.5
500107027,04:00-06:00,0.92,1.08
500107027,06:00-08:00,2.25,5.08
500107027,08:00-10:00,3.92,9.0
500107027,10:00-12:00,8.17,10.0
500107027,12:00-14:00,11.55,14.54
500107027,14:00-16:00,11.87,8.77
500107027,16:00-18:00,12.42,10.0
500107027,18:00-20:00,9.75,9.17
500107027,20:00-22:00,7.83,5.75
500107027,22:00-24:00,5.69,4.6
500107028,00:00-02:00,3.06,11.67
500107028,02:00-04:00,0.67,10.17
500107028,04:00-06:00,1.42,5.67
500107028,06:00-08:00,7.25,6.62
500107028,08:00-10:00,15.33,11.55
500107028,10:00-12:00,21.17,18.09
500107028,12:00-14:00,23.19,22.44
500107028,14:00-16:00,20.96,17.97
500107028,16:00-18:00,23.16,17.33
500107028,18:00-20:00,20.89,15.67
500107028,20:00-22:00,17.32,15.67
500107028,22:00-24:00,10.18,14.64
500107029,00:00-02:00,4.33,6.85
500107029,02:00-04:00,2.83,1.99
500107029,04:00-06:00,2.67,0.75
500107029,06:00-08:00,7.0,3.42
500107029,08:00-10:00,10.25,12.25
500107029,10:00-12:00,14.32,14.79
500107029,12:00-14:00,19.01,13.3
500107029,14:00-16:00,11.79,12.03
500107029,16:00-18:00,12.64,14.08
500107029,18:00-20:00,14.83,15.65
500107029,20:00-22:00,12.42,12.25
500107029,22:00-24:00,7.11,10.79
500107030,00:00-02:00,0.83,1.08
500107030,02:00-04:00,0.42,0.0
500107030,04:00-06:00,0.5,0.42
500107030,06:00-08:00,3.58,1.83
500107030,08:00-10:00,4.83,4.33
500107030,10:00-12:00,5.84,4.08
500107030,12:00-14:00,5.34,5.48
500107030,14:00-16:00,3.97,3.84
500107030,16:00-18:00,6.83,6.17
500107030,18:00-20:00,3.67,5.08
500107030,20:00-22:00,4.08,4.33
500107030,22:00-24:00,1.42,2.93
500107031,00:00-02:00,2.83,1.61
500107031,02:00-04:00,0.25,0.5
500107031,04:00-06:00,1.58,0.42
500107031,06:00-08:00,1.67,0.92
500107031,08:00-10:00,4.67,4.51
500107031,10:00-12:00,5.58,3.33
500107031,12:00-14:00,7.1,5.07
500107031,14:00-16:00,5.43,4.51
500107031,16:00-18:00,5.49,5.67
500107031,18:00-20:00,6.08,5.08
500107031,20:00-22:00,3.0,5.42
500107031,22:00-24:00,1.92,4.78
500107032,00:00-02:00,0.5,1.08
500107032,02:00-04:00,0.08,0.33
500107032,04:00-06:00,0.17,0.25
500107032,06:00-08:00,1.17,1.5
500107032,08:00-10:00,4.0,2.5
500107032,10:00-12:00,4.33,2.83
500107032,12:00-14:00,3.25,3.91
500107032,14:00-16:00,3.17,2.34
500107032,16:00-18:00,5.41,3.83
500107032,18:00-20:00,2.75,4.25
500107032,20:00-22:00,1.33,2.83
500107032,22:00-24:00,1.09,2.51
500107033,00:00-02:00,1.92,2.81
500107033,02:00-04:00,1.58,0.7
500107033,04:00-06:00,1.83,0.33
500107033,06:00-08:00,4.31,2.83
500107033,08:00-10:00,10.02,9.67
500107033,10:00-12:00,11.09,11.9
500107033,12:00-14:00,12.19,10.4
500107033,14:00-16:00,10.11,11.07
500107033,16:00-18:00,11.73,12.91
500107033,18:00-20:00,12.8,13.31
500107033,20:00-22:00,7.34,12.4
500107033,22:00-24:00,4.02,4.72
500107034,00:00-02:00,2.0,3.0
500107034,02:00-04:00,1.33,0.58
500107034,04:00-06:00,1.0,1.17
500107034,06:00-08:00,3.83,6.67
500107034,08:00-10:00,10.33,8.09
500107034,10:00-12:00,10.75,11.83
500107034,12:00-14:00,12.77,10.64
500107034,14:00-16:00,10.97,9.03
500107034,16:00-18:00,10.25,9.67
500107034,18:00-20:00,9.0,9.58
500107034,20:00-22:00,7.22,10.0
500107034,22:00-24:00,5.02,6.28
500107035,00:00-02:00,2.6,3.0
500107035,02:00-04:00,1.6,4.33
500107035,04:00-06:00,1.46,3.92
500107035,06:00-08:00,3.42,3.83
500107035,08:00-10:00,8.83,5.5
500107035,10:00-12:00,9.03,7.0
500107035,12:00-14:00,8.36,8.73
500107035,14:00-16:00,9.19,7.52
500107035,16:00-18:00,11.55,8.75
500107035,18:00-20:00,8.53,7.42
500107035,20:00-22:00,8.14,7.58
500107035,22:00-24:00,6.82,6.11
500107036,00:00-02:00,4.68,4.33
500107036,02:00-04:00,1.5,12.67
500107036,04:00-06:00,2.25,4.25
500107036,06:00-08:00,15.83,15.66
500107036,08:00-10:00,22.67,15.8
500107036,10:00-12:00,24.33,23.17
500107036,12:00-14:00,23.68,24.68
500107036,14:00-16:00,24.07,22.56
500107036,16:00-18:00,30.44,25.0
500107036,18:00-20:00,23.13,23.33
500107036,20:00-22:00,20.31,17.5
500107036,22:00-24:00,15.75,12.89
500107037,00:00-02:00,1.63,2.92
500107037,02:00-04:00,0.33,0.83
500107037,04:00-06:00,0.6,0.58
500107037,06:00-08:00,5.18,2.5
500107037,08:00-10:00,9.55,5.75
500107037,10:00-12:00,7.03,6.58
500107037,12:00-14:00,9.02,7.89
500107037,14:00-16:00,10.13,8.19
500107037,16:00-18:00,8.47,10.5
500107037,18:00-20:00,7.5,8.25
500107037,20:00-22:00,5.97,7.88
500107037,22:00-24:00,6.19,4.72
500107038,00:00-02:00,4.37,2.75
500107038,02:00-04:00,0.83,0.5
500107038,04:00-06:00,1.03,1.58
500107038,06:00-08:00,7.57,7.67
500107038,08:00-10:00,14.92,17.09
500107038,10:00-12:00,14.58,17.0
500107038,12:00-14:00,18.81,18.9
500107038,14:00-16:00,19.09,12.8
500107038,16:00-18:00,18.67,15.42
500107038,18:00-20:00,18.81,16.08
500107038,20:00-22:00,18.39,11.08
500107038,22:00-24:00,14.8,10.46
500107039,00:00-02:00,2.1,2.67
500107039,02:00-04:00,0.75,0.83
500107039,04:00-06:00,2.27,1.25
500107039,06:00-08:00,2.36,1.83
500107039,08:00-10:00,4.43,4.0
500107039,10:00-12:00,5.71,7.42
500107039,12:00-14:00,9.81,8.39
500107039,14:00-16:00,8.68,9.78
500107039,16:00-18:00,9.6,12.67
500107039,18:00-20:00,11.37,13.03
500107039,20:00-22:00,11.03,9.32
500107039,22:00-24:00,6.16,5.28
500107040,00:00-02:00,1.08,2.17
500107040,02:00-04:00,0.67,1.08
500107040,04:00-06:00,0.75,0.67
500107040,06:00-08:00,6.67,2.5
500107040,08:00-10:00,10.44,5.33
500107040,10:00-12:00,10.41,6.67
500107040,12:00-14:00,7.79,6.65
500107040,14:00-16:00,7.88,7.19
500107040,16:00-18:00,9.45,8.5
500107040,18:00-20:00,6.21,6.42
500107040,20:00-22:00,4.37,5.5
500107040,22:00-24:00,3.18,6.61
500107041,00:00-02:00,1.42,2.17
500107041,02:00-04:00,1.56,0.42
500107041,04:00-06:00,2.37,0.42
500107041,06:00-08:00,2.56,1.83
500107041,08:00-10:00,4.95,3.0
500107041,10:00-12:00,4.88,5.92
500107041,12:00-14:00,5.37,6.98
500107041,14:00-16:00,7.57,5.93
500107041,16:00-18:00,7.79,8.17
500107041,18:00-20:00,6.75,6.33
500107041,20:00-22:00,3.67,5.42
500107041,22:00-24:00,1.0,4.6
500107042,00:00-02:00,5.21,4.51
500107042,02:00-04:00,4.87,0.67
500107042,04:00-06:00,2.32,2.75
500107042,06:00-08:00,1.64,0.58
500107042,08:00-10:00,3.01,3.92
500107042,10:00-12:00,2.63,3.75
500107042,12:00-14:00,6.24,4.99
500107042,14:00-16:00,5.67,6.35
500107042,16:00-18:00,10.45,7.33
500107042,18:00-20:00,7.72,4.17
500107042,20:00-22:00,6.29,3.67
500107042,22:00-24:00,3.46,3.68
500107043,00:00-02:00,6.58,4.93
500107043,02:00-04:00,7.89,1.67
500107043,04:00-06:00,1.63,1.33
500107043,06:00-08:00,2.48,2.25
500107043,08:00-10:00,3.44,6.65
500107043,10:00-12:00,6.56,6.9
500107043,12:00-14:00,7.6,8.34
500107043,14:00-16:00,8.74,7.56
500107043,16:00-18:00,8.95,8.46
500107043,18:00-20:00,8.44,6.18
500107043,20:00-22:00,4.51,4.58
500107043,22:00-24:00,5.35,5.17
500107044,00:00-02:00,3.08,2.56
500107044,02:00-04:00,0.67,0.94
500107044,04:00-06:00,0.5,0.33
500107044,06:00-08:00,4.9,2.42
500107044,08:00-10:00,7.62,6.55
500107044,10:00-12:00,8.23,6.82
500107044,12:00-14:00,6.27,6.02
500107044,14:00-16:00,5.87,7.39
500107044,16:00-18:00,10.07,8.8
500107044,18:00-20:00,9.23,8.36
500107044,20:00-22:00,5.73,10.25
500107044,22:00-24:00,4.02,5.38
500107045,00:00-02:00,12.08,7.67
500107045,02:00-04:00,4.01,3.33
500107045,04:00-06:00,2.4,3.25
500107045,06:00-08:00,6.92,7.08
500107045,08:00-10:00,10.86,10.92
500107045,10:00-12:00,13.59,14.0
500107045,12:00-14:00,18.78,21.17
500107045,14:00-16:00,17.8,20.97
500107045,16:00-18:00,17.67,20.09
500107045,18:00-20:00,18.58,21.83
500107045,20:00-22:00,17.11,15.97
500107045,22:00-24:00,13.81,13.89
500107046,00:00-02:00,0.33,0.33
500107046,02:00-04:00,0.25,0.17
500107046,04:00-06:00,0.25,0.25
500107046,06:00-08:00,1.75,0.71
500107046,08:00-10:00,4.82,4.0
500107046,10:00-12:00,4.31,2.5
500107046,12:00-14:00,3.67,4.16
500107046,14:00-16:00,2.12,4.3
500107046,16:00-18:00,4.0,3.35
500107046,18:00-20:00,3.75,3.44
500107046,20:00-22:00,2.08,3.5
500107046,22:00-24:00,0.92,1.76
500107047,00:00-02:00,1.83,1.21
500107047,02:00-04:00,0.58,0.58
500107047,04:00-06:00,1.67,1.33
500107047,06:00-08:00,4.64,3.25
500107047,08:00-10:00,7.34,9.79
500107047,10:00-12:00,9.0,7.17
500107047,12:00-14:00,9.04,8.73
500107047,14:00-16:00,6.99,6.35
500107047,16:00-18:00,10.78,9.43
500107047,18:00-20:00,8.92,9.17
500107047,20:00-22:00,5.25,8.67
500107047,22:00-24:00,4.77,4.15
500107048,00:00-02:00,2.17,3.48
500107048,02:00-04:00,0.92,0.63
500107048,04:00-06:00,1.25,0.35
500107048,06:00-08:00,4.75,2.34
500107048,08:00-10:00,11.08,7.93
500107048,10:00-12:00,11.01,6.92
500107048,12:00-14:00,7.89,8.48
500107048,14:00-16:00,7.31,5.35
500107048,16:00-18:00,8.82,8.83
500107048,18:00-20:00,8.56,11.42
500107048,20:00-22:00,3.83,10.68
500107048,22:00-24:00,8.03,12.02
500107049,00:00-02:00,0.5,0.92
500107049,02:00-04:00,1.08,0.08
500107049,04:00-06:00,0.83,0.25
500107049,06:00-08:00,2.92,1.17
500107049,08:00-10:00,6.17,1.92
500107049,10:00-12:00,6.0,3.5
500107049,12:00-14:00,5.07,4.9
500107049,14:00-16:00,4.09,3.43
500107049,16:00-18:00,3.5,6.75
500107049,18:00-20:00,4.75,5.75
500107049,20:00-22:00,2.58,5.83
500107049,22:00-24:00,1.76,4.04
500107050,00:00-02:00,2.08,4.98
500107050,02:00-04:00,0.92,1.14
500107050,04:00-06:00,2.67,1.67
500107050,06:00-08:00,11.83,8.33
500107050,08:00-10:00,20.17,20.37
500107050,10:00-12:00,22.17,15.83
500107050,12:00-14:00,15.17,10.64
500107050,14:00-16:00,12.88,12.12
500107050,16:00-18:00,12.62,16.92
500107050,18:00-20:00,15.25,17.08
500107050,20:00-22:00,8.58,18.16
500107050,22:00-24:00,8.03,10.23
500107051,00:00-02:00,0.92,1.58
500107051,02:00-04:00,0.25,1.17
500107051,04:00-06:00,1.25,2.17
500107051,06:00-08:00,4.75,7.08
500107051,08:00-10:00,9.29,13.0
500107051,10:00-12:00,13.65,9.0
500107051,12:00-14:00,9.06,8.06
500107051,14:00-16:00,10.49,8.61
500107051,16:00-18:00,9.63,8.92
500107051,18:00-20:00,11.58,11.33
500107051,20:00-22:00,8.25,5.75
500107051,22:00-24:00,3.26,4.52
500107052,00:00-02:00,2.08,2.12
500107052,02:00-04:00,0.17,0.33
500107052,04:00-06:00,0.42,0.33
500107052,06:00-08:00,4.5,2.25
500107052,08:00-10:00,5.65,3.75
500107052,10:00-12:00,6.22,4.83
500107052,12:00-14:00,3.9,4.07
500107052,14:00-16:00,5.17,5.1
500107052,16:00-18:00,5.74,4.42
500107052,18:00-20:00,4.31,5.08
500107052,20:00-22:00,2.61,6.29
500107052,22:00-24:00,4.27,4.39
500107053,00:00-02:00,1.08,1.7
500107053,02:00-04:00,0.17,0.76
500107053,04:00-06:00,1.5,0.99
500107053,06:00-08:00,4.23,2.56
500107053,08:00-10:00,8.52,6.22
500107053,10:00-12:00,8.14,7.33
500107053,12:00-14:00,5.99,6.07
500107053,14:00-16:00,5.3,4.93
500107053,16:00-18:00,7.14,7.08
500107053,18:00-20:00,6.48,7.0
500107053,20:00-22:00,4.72,6.1
500107053,22:00-24:00,2.59,5.39
500107054,00:00-02:00,1.58,2.12
500107054,02:00-04:00,0.5,1.11
500107054,04:00-06:00,1.33,0.34
500107054,06:00-08:00,4.84,2.5
500107054,08:00-10:00,8.83,10.51
500107054,10:00-12:00,10.17,7.83
500107054,12:00-14:00,9.65,8.73
500107054,14:00-16:00,7.3,7.77
500107054,16:00-18:00,11.13,10.66
500107054,18:00-20:00,9.64,10.14
500107054,20:00-22:00,8.75,10.27
500107054,22:00-24:00,3.6,6.17
500107055,00:00-02:00,0.42,0.75
500107055,02:00-04:00,0.67,0.67
500107055,04:00-06:00,0.67,1.08
500107055,06:00-08:00,2.33,2.33
500107055,08:00-10:00,3.87,2.25
500107055,10:00-12:00,3.36,2.92
500107055,12:00-14:00,2.71,3.41
500107055,14:00-16:00,4.88,5.01
500107055,16:00-18:00,7.91,3.67
500107055,18:00-20:00,4.23,4.92
500107055,20:00-22:00,2.13,3.25
500107055,22:00-24:00,2.52,2.23
500107056,00:00-02:00,0.92,0.42
500107056,02:00-04:00,0.91,0.75
500107056,04:00-06:00,1.21,2.42
500107056,06:00-08:00,5.08,6.5
500107056,08:00-10:00,6.83,7.48
500107056,10:00-12:00,9.89,8.17
500107056,12:00-14:00,8.57,12.05
500107056,14:00-16:00,19.3,16.31
500107056,16:00-18:00,17.2,15.58
500107056,18:00-20:00,10.01,9.08
500107056,20:00-22:00,7.01,5.25
500107056,22:00-24:00,2.72,2.09
500107058,00:00-02:00,0.58,0.67
500107058,02:00-04:00,0.25,0.58
500107058,04:00-06:00,0.25,0.0
500107058,06:00-08:00,1.67,0.77
500107058,08:00-10:00,4.12,1.76
500107058,10:00-12:00,4.65,4.08
500107058,12:00-14:00,4.07,4.24
500107058,14:00-16:00,3.79,4.6
500107058,16:00-18:00,4.48,5.0
500107058,18:00-20:00,4.0,4.83
500107058,20:00-22:00,2.33,3.35
500107058,22:00-24:00,1.59,2.96
500107059,00:00-02:00,5.69,3.25
500107059,02:00-04:00,1.61,2.08
500107059,04:00-06:00,1.4,1.67
500107059,06:00-08:00,4.16,5.33
500107059,08:00-10:00,8.63,10.58
500107059,10:00-12:00,19.16,26.37
500107059,12:00-14:00,18.7,25.27
500107059,14:00-16:00,23.4,22.8
500107059,16:00-18:00,24.75,26.16
500107059,18:00-20:00,28.33,25.58
500107059,20:00-22:00,26.43,17.5
500107059,22:00-24:00,11.43,8.03
500107060,00:00-02:00,1.37,2.5
500107060,02:00-04:00,2.45,1.0
500107060,04:00-06:00,0.76,0.08
500107060,06:00-08:00,3.91,3.08
500107060,08:00-10:00,5.22,9.08
500107060,10:00-12:00,10.55,10.25
500107060,12:00-14:00,11.22,10.55
500107060,14:00-16:00,11.91,11.03
500107060,16:00-18:00,11.86,9.17
500107060,18:00-20:00,9.56,9.25
500107060,20:00-22:00,6.51,4.67
500107060,22:00-24:00,3.17,3.26
500107061,00:00-02:00,1.42,1.95
500107061,02:00-04:00,2.0,0.97
500107061,04:00-06:00,1.58,1.25
500107061,06:00-08:00,3.07,2.26
500107061,08:00-10:00,4.45,4.42
500107061,10:00-12:00,6.59,5.08
500107061,12:00-14:00,6.77,6.9
500107061,14:00-16:00,10.62,11.28
500107061,16:00-18:00,12.19,9.83
500107061,18:00-20:00,9.7,9.92
500107061,20:00-22:00,7.37,7.92
500107061,22:00-24:00,2.12,4.77
500107062,00:00-02:00,2.19,4.75
500107062,02:00-04:00,0.42,3.58
500107062,04:00-06:00,0.75,1.42
500107062,06:00-08:00,4.25,3.5
500107062,08:00-10:00,8.42,5.08
500107062,10:00-12:00,7.33,7.75
500107062,12:00-14:00,7.81,7.56
500107062,14:00-16:00,8.53,7.1
500107062,16:00-18:00,9.97,7.0
500107062,18:00-20:00,7.14,8.5
500107062,20:00-22:00,5.84,4.75
500107062,22:00-24:00,4.6,6.69
500107063,00:00-02:00,7.17,6.67
500107063,02:00-04:00,4.09,2.58
500107063,04:00-06:00,2.35,3.33
500107063,06:00-08:00,8.58,8.92
500107063,08:00-10:00,17.35,20.53
500107063,10:00-12:00,23.67,31.22
500107063,12:00-14:00,26.18,27.5
500107063,14:00-16:00,27.91,23.54
500107063,16:00-18:00,23.08,25.83
500107063,18:00-20:00,26.32,29.29
500107063,20:00-22:00,26.2,24.36
500107063,22:00-24:00,18.51,14.72
500107064,00:00-02:00,1.0,2.08
500107064,02:00-04:00,0.42,0.75
500107064,04:00-06:00,0.83,1.58
500107064,06:00-08:00,3.0,1.42
500107064,08:00-10:00,4.75,5.25
500107064,10:00-12:00,8.62,4.0
500107064,12:00-14:00,6.98,6.32
500107064,14:00-16:00,6.81,3.68
500107064,16:00-18:00,4.95,6.5
500107064,18:00-20:00,5.79,6.0
500107064,20:00-22:00,3.32,7.25
500107064,22:00-24:00,3.43,4.1
500107065,00:00-02:00,1.57,0.84
500107065,02:00-04:00,0.89,0.5
500107065,04:00-06:00,0.11,0.17
500107065,06:00-08:00,0.79,1.75
500107065,08:00-10:00,3.01,1.92
500107065,10:00-12:00,2.77,5.63
500107065,12:00-14:00,5.47,4.36
500107065,14:00-16:00,5.81,4.2
500107065,16:00-18:00,7.86,4.58
500107065,18:00-20:00,3.62,4.58
500107065,20:00-22:00,4.41,2.92
500107065,22:00-24:00,1.63,1.95
500107066,00:00-02:00,1.06,1.55
500107066,02:00-04:00,0.96,0.76
500107066,04:00-06:00,2.08,0.17
500107066,06:00-08:00,1.37,2.42
500107066,08:00-10:00,3.94,3.58
500107066,10:00-12:00,3.5,3.5
500107066,12:00-14:00,6.8,6.81
500107066,14:00-16:00,3.43,4.43
500107066,16:00-18:00,5.73,3.5
500107066,18:00-20:00,2.88,5.17
500107066,20:00-22:00,2.58,3.33
500107066,22:00-24:00,2.34,2.41
500107067,00:00-02:00,0.46,0.25
500107067,02:00-04:00,0.0,0.33
500107067,04:00-06:00,0.08,0.5
500107067,06:00-08:00,0.94,0.83
500107067,08:00-10:00,1.13,3.92
500107067,10:00-12:00,3.33,1.79
500107067,12:00-14:00,1.55,2.19
500107067,14:00-16:00,2.91,3.38
500107067,16:00-18:00,3.67,1.61
500107067,18:00-20:00,1.27,1.75
500107067,20:00-22:00,2.05,2.14
500107067,22:00-24:00,3.32,1.42
500107068,00:00-02:00,1.58,1.58
500107068,02:00-04:00,1.33,1.08
500107068,04:00-06:00,1.75,1.17
500107068,06:00-08:00,3.67,2.33
500107068,08:00-10:00,4.93,6.42
500107068,10:00-12:00,7.26,6.33
500107068,12:00-14:00,8.06,7.73
500107068,14:00-16:00,8.92,7.77
500107068,16:00-18:00,8.07,6.25
500107068,18:00-20:00,7.36,7.08
500107068,20:00-22:00,5.91,6.75
500107068,22:00-24:00,2.51,4.27
500107069,00:00-02:00,2.19,2.92
500107069,02:00-04:00,2.22,0.67
500107069,04:00-06:00,0.78,0.75
500107069,06:00-08:00,2.73,2.92
500107069,08:00-10:00,4.93,5.92
500107069,10:00-12:00,9.05,7.58
500107069,12:00-14:00,11.36,15.56
500107069,14:00-16:00,13.74,12.05
500107069,16:00-18:00,14.04,12.25
500107069,18:00-20:00,11.57,11.33
500107069,20:00-22:00,8.32,6.67
500107069,22:00-24:00,3.42,3.35
500107070,00:00-02:00,0.99,1.08
500107070,02:00-04:00,0.87,0.17
500107070,04:00-06:00,0.37,1.83
500107070,06:00-08:00,3.25,4.75
500107070,08:00-10:00,8.42,10.44
500107070,10:00-12:00,8.25,8.1
500107070,12:00-14:00,6.97,7.69
500107070,14:00-16:00,6.85,8.68
500107070,16:00-18:00,10.75,11.27
500107070,18:00-20:00,7.0,6.95
500107070,20:00-22:00,7.73,3.53
500107070,22:00-24:00,2.46,2.01
500107071,00:00-02:00,0.58,0.75
500107071,02:00-04:00,0.17,0.25
500107071,04:00-06:00,0.58,0.17
500107071,06:00-08:00,1.25,1.17
500107071,08:00-10:00,3.23,3.08
500107071,10:00-12:00,3.88,1.5
500107071,12:00-14:00,4.71,3.57
500107071,14:00-16:00,3.18,3.26
500107071,16:00-18:00,3.57,1.83
500107071,18:00-20:00,2.08,3.0
500107071,20:00-22:00,1.75,3.42
500107071,22:00-24:00,1.09,1.34
500107072,00:00-02:00,1.33,2.83
500107072,02:00-04:00,0.67,0.5
500107072,04:00-06:00,0.92,0.92
500107072,06:00-08:00,3.5,3.83
500107072,08:00-10:00,8.58,5.33
500107072,10:00-12:00,6.83,7.67
500107072,12:00-14:00,8.23,8.81
500107072,14:00-16:00,7.27,6.21
500107072,16:00-18:00,9.0,11.36
500107072,18:00-20:00,9.42,8.41
500107072,20:00-22:00,7.0,5.08
500107072,22:00-24:00,3.93,4.69
500107075,00:00-02:00,0.17,0.5
500107075,02:00-04:00,0.17,0.5
500107075,04:00-06:00,0.25,0.0
500107075,06:00-08:00,1.28,1.67
500107075,08:00-10:00,2.77,3.67
500107075,10:00-12:00,5.7,3.83
500107075,12:00-14:00,5.59,4.57
500107075,14:00-16:00,4.77,4.26
500107075,16:00-18:00,5.06,5.42
500107075,18:00-20:00,3.83,4.0
500107075,20:00-22:00,1.83,3.58
500107075,22:00-24:00,2.34,2.01
500107076,00:00-02:00,3.92,2.82
500107076,02:00-04:00,1.08,1.5
500107076,04:00-06:00,1.92,2.99
500107076,06:00-08:00,4.94,3.25
500107076,08:00-10:00,9.06,7.67
500107076,10:00-12:00,10.61,8.08
500107076,12:00-14:00,9.13,8.31
500107076,14:00-16:00,8.5,12.37
500107076,16:00-18:00,13.0,12.25
500107076,18:00-20:00,15.5,14.92
500107076,20:00-22:00,11.67,12.17
500107076,22:00-24:00,6.86,7.72
500107078,00:00-02:00,6.75,5.17
500107078,02:00-04:00,4.18,3.08
500107078,04:00-06:00,3.93,2.17
500107078,06:00-08:00,5.13,5.0
500107078,08:00-10:00,8.86,5.58
500107078,10:00-12:00,9.78,7.92
500107078,12:00-14:00,11.29,12.8
500107078,14:00-16:00,14.42,12.03
500107078,16:00-18:00,15.71,14.17
500107078,18:00-20:00,12.25,16.75
500107078,20:00-22:00,11.65,11.67
500107078,22:00-24:00,9.43,10.06
500107079,00:00-02:00,1.5,2.08
500107079,02:00-04:00,0.25,0.17
500107079,04:00-06:00,1.09,0.92
500107079,06:00-08:00,3.55,1.08
500107079,08:00-10:00,4.31,5.17
500107079,10:00-12:00,4.35,2.58
500107079,12:00-14:00,4.25,2.91
500107079,14:00-16:00,4.5,4.01
500107079,16:00-18:00,4.29,4.33
500107079,18:00-20:00,3.63,3.58
500107079,20:00-22:00,2.75,3.83
500107079,22:00-24:00,1.0,2.59
500107080,00:00-02:00,1.5,1.4
500107080,02:00-04:00,1.83,0.43
500107080,04:00-06:00,1.33,2.33
500107080,06:00-08:00,5.92,8.88
500107080,08:00-10:00,10.83,9.82
500107080,10:00-12:00,14.11,8.63
500107080,12:00-14:00,8.74,10.32
500107080,14:00-16:00,16.82,13.47
500107080,16:00-18:00,15.94,19.39
500107080,18:00-20:00,16.03,13.35
500107080,20:00-22:00,7.73,8.08
500107080,22:00-24:00,5.01,4.02
500107081,00:00-02:00,0.08,0.17
500107081,02:00-04:00,0.25,0.08
500107081,04:00-06:00,0.0,0.08
500107081,06:00-08:00,0.17,1.75
500107081,08:00-10:00,2.17,2.0
500107081,10:00-12:00,2.75,2.42
500107081,12:00-14:00,2.41,0.75
500107081,14:00-16:00,2.59,2.01
500107081,16:00-18:00,1.42,3.9
500107081,18:00-20:00,2.84,2.33
500107081,20:00-22:00,2.27,1.92
500107081,22:00-24:00,0.95,0.75
500107082,00:00-02:00,2.0,2.17
500107082,02:00-04:00,0.5,0.75
500107082,04:00-06:00,1.17,0.83
500107082,06:00-08:00,7.64,6.0
500107082,08:00-10:00,8.62,9.58
500107082,10:00-12:00,9.42,11.4
500107082,12:00-14:00,8.23,6.07
500107082,14:00-16:00,8.45,7.19
500107082,16:00-18:00,6.83,11.49
500107082,18:00-20:00,8.67,6.66
500107082,20:00-22:00,2.75,5.9
500107082,22:00-24:00,5.69,3.02
500107083,00:00-02:00,3.08,3.31
500107083,02:00-04:00,0.58,0.46
500107083,04:00-06:00,4.58,0.26
500107083,06:00-08:00,15.34,6.0
500107083,08:00-10:00,17.05,10.92
500107083,10:00-12:00,20.29,11.92
500107083,12:00-14:00,13.71,11.8
500107083,14:00-16:00,10.38,9.61
500107083,16:00-18:00,10.06,10.5
500107083,18:00-20:00,8.1,12.33
500107083,20:00-22:00,8.33,15.45
500107083,22:00-24:00,11.8,18.1
500107084,00:00-02:00,1.17,1.87
500107084,02:00-04:00,1.5,1.0
500107084,04:00-06:00,0.67,0.42
500107084,06:00-08:00,3.58,2.42
500107084,08:00-10:00,5.91,6.13
500107084,10:00-12:00,8.61,6.59
500107084,12:00-14:00,7.92,7.06
500107084,14:00-16:00,6.89,6.18
500107084,16:00-18:00,9.64,11.41
500107084,18:00-20:00,10.08,10.43
500107084,20:00-22:00,6.69,9.13
500107084,22:00-24:00,3.85,5.46
500107085,00:00-02:00,3.4,2.42
500107085,02:00-04:00,1.58,1.0
500107085,04:00-06:00,2.74,1.25
500107085,06:00-08:00,2.47,4.42
500107085,08:00-10:00,6.08,4.83
500107085,10:00-12:00,9.66,9.83
500107085,12:00-14:00,8.98,6.73
500107085,14:00-16:00,7.59,7.02
500107085,16:00-18:00,7.84,7.58
500107085,18:00-20:00,8.08,6.5
500107085,20:00-22:00,5.57,7.08
500107085,22:00-24:00,5.2,5.02
500107086,00:00-02:00,0.48,0.58
500107086,02:00-04:00,0.08,0.08
500107086,04:00-06:00,0.42,0.08
500107086,06:00-08:00,1.18,2.58
500107086,08:00-10:00,6.53,6.3
500107086,10:00-12:00,3.8,4.28
500107086,12:00-14:00,3.32,3.56
500107086,14:00-16:00,4.44,3.64
500107086,16:00-18:00,4.24,4.45
500107086,18:00-20:00,3.06,4.06
500107086,20:00-22:00,5.38,2.82
500107086,22:00-24:00,1.26,1.84
500107087,00:00-02:00,2.0,4.17
500107087,02:00-04:00,1.42,1.5
500107087,04:00-06:00,1.42,1.25
500107087,06:00-08:00,4.42,1.92
500107087,08:00-10:00,7.9,4.92
500107087,10:00-12:00,9.43,7.08
500107087,12:00-14:00,7.36,6.65
500107087,14:00-16:00,7.18,7.6
500107087,16:00-18:00,10.02,6.67
500107087,18:00-20:00,6.94,7.42
500107087,20:00-22:00,6.99,6.33
500107087,22:00-24:00,3.53,5.86
500107088,00:00-02:00,2.65,2.42
500107088,02:00-04:00,1.42,2.33
500107088,04:00-06:00,1.93,1.83
500107088,06:00-08:00,1.85,2.0
500107088,08:00-10:00,5.69,6.33
500107088,10:00-12:00,7.5,9.44
500107088,12:00-14:00,8.73,9.61
500107088,14:00-16:00,11.95,9.51
500107088,16:00-18:00,10.77,12.22
500107088,18:00-20:00,10.75,9.83
500107088,20:00-22:00,8.38,7.37
500107088,22:00-24:00,3.93,3.02
500107089,00:00-02:00,2.53,1.42
500107089,02:00-04:00,0.67,0.67
500107089,04:00-06:00,0.26,2.25
500107089,06:00-08:00,1.92,3.83
500107089,08:00-10:00,6.08,6.12
500107089,10:00-12:00,7.92,8.29
500107089,12:00-14:00,10.4,8.56
500107089,14:00-16:00,9.44,9.94
500107089,16:00-18:00,11.16,8.93
500107089,18:00-20:00,9.27,7.17
500107089,20:00-22:00,7.06,6.08
500107089,22:00-24:00,3.76,7.53
500107090,00:00-02:00,0.42,2.6
500107090,02:00-04:00,1.0,0.56
500107090,04:00-06:00,0.83,0.85
500107090,06:00-08:00,2.0,2.67
500107090,08:00-10:00,5.29,3.88
500107090,10:00-12:00,5.92,4.67
500107090,12:00-14:00,7.5,6.23
500107090,14:00-16:00,8.17,5.01
500107090,16:00-18:00,7.37,7.33
500107090,18:00-20:00,6.46,7.08
500107090,20:00-22:00,5.4,5.17
500107090,22:00-24:00,3.35,4.27
500107091,00:00-02:00,1.33,2.0
500107091,02:00-04:00,0.67,1.5
500107091,04:00-06:00,1.33,0.25
500107091,06:00-08:00,3.25,3.08
500107091,08:00-10:00,5.17,7.9
500107091,10:00-12:00,9.58,9.2
500107091,12:00-14:00,9.72,9.04
500107091,14:00-16:00,8.14,6.69
500107091,16:00-18:00,9.25,8.91
500107091,18:00-20:00,8.08,7.58
500107091,20:00-22:00,7.02,6.75
500107091,22:00-24:00,5.89,5.77
500107092,00:00-02:00,1.26,3.25
500107092,02:00-04:00,0.08,0.33
500107092,04:00-06:00,0.75,0.92
500107092,06:00-08:00,3.75,4.5
500107092,08:00-10:00,7.25,9.25
500107092,10:00-12:00,9.08,11.66
500107092,12:00-14:00,10.55,9.78
500107092,14:00-16:00,10.52,9.67
500107092,16:00-18:00,12.83,13.65
500107092,18:00-20:00,13.24,9.71
500107092,20:00-22:00,12.37,8.92
500107092,22:00-24:00,6.97,4.35
500107093,00:00-02:00,0.67,1.33
500107093,02:00-04:00,0.0,4.17
500107093,04:00-06:00,1.0,4.0
500107093,06:00-08:00,6.84,2.42
500107093,08:00-10:00,5.62,5.17
500107093,10:00-12:00,9.25,8.5
500107093,12:00-14:00,9.47,10.47
500107093,14:00-16:00,9.26,7.6
500107093,16:00-18:00,11.85,12.5
500107093,18:00-20:00,11.33,10.25
500107093,20:00-22:00,8.01,5.58
500107093,22:00-24:00,4.89,4.85
500107095,00:00-02:00,0.67,1.33
500107095,02:00-04:00,0.67,0.42
500107095,04:00-06:00,0.58,0.08
500107095,06:00-08:00,2.0,2.11
500107095,08:00-10:00,3.46,2.17
500107095,10:00-12:00,4.5,3.92
500107095,12:00-14:00,3.18,2.66
500107095,14:00-16:00,4.82,4.43
500107095,16:00-18:00,6.21,5.5
500107095,18:00-20:00,4.35,6.58
500107095,20:00-22:00,2.5,3.67
500107095,22:00-24:00,2.93,2.46
500107096,00:00-02:00,1.17,0.75
500107096,02:00-04:00,0.48,0.25
500107096,04:00-06:00,0.63,0.42
500107096,06:00-08:00,1.76,1.0
500107096,08:00-10:00,1.55,3.67
500107096,10:00-12:00,4.42,4.0
500107096,12:00-14:00,5.07,4.9
500107096,14:00-16:00,4.35,4.76
500107096,16:00-18:00,6.17,5.75
500107096,18:00-20:00,4.92,5.83
500107096,20:00-22:00,3.75,3.75
500107096,22:00-24:00,2.93,3.52
500107097,00:00-02:00,0.93,2.25
500107097,02:00-04:00,0.61,0.0
500107097,04:00-06:00,0.28,1.25
500107097,06:00-08:00,2.96,4.33
500107097,08:00-10:00,5.17,4.37
500107097,10:00-12:00,5.17,6.97
500107097,12:00-14:00,7.56,7.21
500107097,14:00-16:00,8.68,7.35
500107097,16:00-18:00,9.35,8.17
500107097,18:00-20:00,8.91,6.33
500107097,20:00-22:00,5.14,4.0
500107097,22:00-24:00,4.66,3.1
500107098,00:00-02:00,0.33,0.58
500107098,02:00-04:00,0.08,0.08
500107098,04:00-06:00,0.1,0.0
500107098,06:00-08:00,0.66,1.0
500107098,08:00-10:00,1.55,2.42
500107098,10:00-12:00,2.94,3.12
500107098,12:00-14:00,3.25,2.41
500107098,14:00-16:00,3.16,2.42
500107098,16:00-18:00,2.62,3.58
500107098,18:00-20:00,2.57,3.09
500107098,20:00-22:00,2.67,1.58
500107098,22:00-24:00,1.05,0.84
500107099,00:00-02:00,0.92,1.52
500107099,02:00-04:00,0.58,0.29
500107099,04:00-06:00,1.33,0.58
500107099,06:00-08:00,2.14,0.5
500107099,08:00-10:00,3.61,4.6
500107099,10:00-12:00,5.44,5.29
500107099,12:00-14:00,7.02,7.0
500107099,14:00-16:00,5.42,4.35
500107099,16:00-18:00,5.25,8.44
500107099,18:00-20:00,8.34,6.87
500107099,20:00-22:00,5.58,4.26
500107099,22:00-24:00,2.49,3.62
500107100,00:00-02:00,0.5,0.83
500107100,02:00-04:00,0.42,0.25
500107100,04:00-06:00,0.25,0.33
500107100,06:00-08:00,1.41,1.67
500107100,08:00-10:00,3.92,3.94
500107100,10:00-12:00,4.69,4.22
500107100,12:00-14:00,4.1,4.54
500107100,14:00-16:00,3.59,2.99
500107100,16:00-18:00,4.82,4.86
500107100,18:00-20:00,4.33,4.82
500107100,20:00-22:00,5.53,4.76
500107100,22:00-24:00,3.1,3.77
500107101,00:00-02:00,2.57,2.33
500107101,02:00-04:00,1.02,1.33
500107101,04:00-06:00,0.52,2.0
500107101,06:00-08:00,4.0,5.75
500107101,08:00-10:00,9.08,8.83
500107101,10:00-12:00,10.73,12.37
500107101,12:00-14:00,15.21,13.88
500107101,14:00-16:00,15.39,11.53
500107101,16:00-18:00,13.96,14.83
500107101,18:00-20:00,14.19,12.08
500107101,20:00-22:00,10.18,7.58
500107101,22:00-24:00,7.72,6.69
500107102,00:00-02:00,1.22,2.25
500107102,02:00-04:00,0.34,0.83
500107102,04:00-06:00,0.1,0.17
500107102,06:00-08:00,0.42,1.83
500107102,08:00-10:00,1.08,1.33
500107102,10:00-12:00,2.75,3.25
500107102,12:00-14:00,4.49,4.51
500107102,14:00-16:00,3.02,1.96
500107102,16:00-18:00,3.74,2.3
500107102,18:00-20:00,4.7,3.51
500107102,20:00-22:00,2.58,2.92
500107102,22:00-24:00,1.47,0.67
500107103,00:00-02:00,1.71,2.17
500107103,02:00-04:00,0.8,0.75
500107103,04:00-06:00,0.7,0.67
500107103,06:00-08:00,2.6,3.0
500107103,08:00-10:00,4.33,4.3
500107103,10:00-12:00,4.29,4.99
500107103,12:00-14:00,7.45,5.62
500107103,14:00-16:00,6.56,7.77
500107103,16:00-18:00,7.58,5.0
500107103,18:00-20:00,5.9,5.33
500107103,20:00-22:00,3.95,3.5
500107103,22:00-24:00,2.71,2.18
500107104,00:00-02:00,0.25,0.42
500107104,02:00-04:00,0.0,0.17
500107104,04:00-06:00,0.0,0.42
500107104,06:00-08:00,1.42,0.5
500107104,08:00-10:00,1.67,2.8
500107104,10:00-12:00,1.5,1.83
500107104,12:00-14:00,1.75,3.27
500107104,14:00-16:00,2.42,2.51
500107104,16:00-18:00,3.72,1.17
500107104,18:00-20:00,2.33,1.33
500107104,20:00-22:00,0.68,2.75
500107104,22:00-24:00,0.5,1.92
500107105,00:00-02:00,1.47,1.25
500107105,02:00-04:00,3.46,0.58
500107105,04:00-06:00,1.06,2.75
500107105,06:00-08:00,1.93,2.0
500107105,08:00-10:00,2.83,3.85
500107105,10:00-12:00,3.83,5.75
500107105,12:00-14:00,6.2,4.46
500107105,14:00-16:00,6.61,7.88
500107105,16:00-18:00,10.81,6.6
500107105,18:00-20:00,5.81,5.42
500107105,20:00-22:00,4.25,1.58
500107105,22:00-24:00,3.62,2.01
500107106,00:00-02:00,1.17,1.98
500107106,02:00-04:00,0.5,1.59
500107106,04:00-06:00,1.42,0.36
500107106,06:00-08:00,4.43,2.6
500107106,08:00-10:00,8.3,6.17
500107106,10:00-12:00,7.73,5.75
500107106,12:00-14:00,8.6,6.98
500107106,14:00-16:00,5.19,4.18
500107106,16:00-18:00,5.76,5.08
500107106,18:00-20:00,6.22,6.25
500107106,20:00-22:00,4.59,5.86
500107106,22:00-24:00,3.1,2.76
500107107,00:00-02:00,1.25,2.2
500107107,02:00-04:00,0.75,0.35
500107107,04:00-06:00,1.17,0.5
500107107,06:00-08:00,2.58,1.17
500107107,08:00-10:00,5.68,5.67
500107107,10:00-12:00,5.85,4.5
500107107,12:00-14:00,4.57,5.32
500107107,14:00-16:00,6.4,6.13
500107107,16:00-18:00,4.83,5.74
500107107,18:00-20:00,6.67,7.0
500107107,20:00-22:00,5.17,5.92
500107107,22:00-24:00,3.18,3.31
500107108,00:00-02:00,1.02,0.92
500107108,02:00-04:00,0.0,0.58
500107108,04:00-06:00,0.17,0.75
500107108,06:00-08:00,3.9,2.54
500107108,08:00-10:00,5.34,4.92
500107108,10:00-12:00,6.43,6.35
500107108,12:00-14:00,6.22,5.49
500107108,14:00-16:00,5.58,5.18
500107108,16:00-18:00,5.6,5.68
500107108,18:00-20:00,5.83,4.58
500107108,20:00-22:00,6.35,5.75
500107108,22:00-24:00,2.78,1.84
500107109,00:00-02:00,0.17,0.42
500107109,02:00-04:00,0.08,0.08
500107109,04:00-06:00,0.08,0.17
500107109,06:00-08:00,0.92,0.83
500107109,08:00-10:00,3.5,3.0
500107109,10:00-12:00,5.0,3.58
500107109,12:00-14:00,2.83,4.82
500107109,14:00-16:00,5.26,3.26
500107109,16:00-18:00,5.76,5.17
500107109,18:00-20:00,4.63,5.0
500107109,20:00-22:00,4.03,3.92
500107109,22:00-24:00,1.36,3.68
500107110,00:00-02:00,2.08,2.33
500107110,02:00-04:00,1.17,1.67
500107110,04:00-06:00,1.42,2.0
500107110,06:00-08:00,3.08,2.25
500107110,08:00-10:00,5.77,4.58
500107110,10:00-12:00,6.23,7.08
500107110,12:00-14:00,8.73,8.48
500107110,14:00-16:00,9.35,8.61
500107110,16:00-18:00,11.89,10.33
500107110,18:00-20:00,10.62,13.33
500107110,20:00-22:00,7.83,6.58
500107110,22:00-24:00,5.61,6.44
500107111,00:00-02:00,2.39,2.67
500107111,02:00-04:00,1.04,3.33
500107111,04:00-06:00,1.33,4.25
500107111,06:00-08:00,2.92,3.33
500107111,08:00-10:00,12.08,7.69
500107111,10:00-12:00,15.5,10.67
500107111,12:00-14:00,11.18,7.4
500107111,14:00-16:00,7.05,5.52
500107111,16:00-18:00,7.77,9.42
500107111,18:00-20:00,7.56,6.83
500107111,20:00-22:00,5.06,6.25
500107111,22:00-24:00,3.18,9.96
500107112,00:00-02:00,1.88,3.5
500107112,02:00-04:00,0.69,4.25
500107112,04:00-06:00,1.17,1.83
500107112,06:00-08:00,2.25,0.5
500107112,08:00-10:00,2.5,2.17
500107112,10:00-12:00,4.25,2.59
500107112,12:00-14:00,3.59,2.33
500107112,14:00-16:00,4.54,2.01
500107112,16:00-18:00,2.53,1.5
500107112,18:00-20:00,2.77,2.58
500107112,20:00-22:00,4.88,6.08
500107112,22:00-24:00,2.79,1.34
500107113,00:00-02:00,0.75,1.0
500107113,02:00-04:00,0.25,0.0
500107113,04:00-06:00,0.5,0.33
500107113,06:00-08:00,1.95,0.92
500107113,08:00-10:00,4.83,6.33
500107113,10:00-12:00,5.87,4.75
500107113,12:00-14:00,5.8,5.82
500107113,14:00-16:00,5.56,4.26
500107113,16:00-18:00,4.76,4.42
500107113,18:00-20:00,4.28,3.42
500107113,20:00-22:00,2.59,2.42
500107113,22:00-24:00,2.74,2.01
500107114,00:00-02:00,3.5,3.25
500107114,02:00-04:00,1.42,1.5
500107114,04:00-06:00,3.5,2.25
500107114,06:00-08:00,8.5,8.92
500107114,08:00-10:00,16.54,13.75
500107114,10:00-12:00,18.25,16.92
500107114,12:00-14:00,16.7,17.45
500107114,14:00-16:00,17.85,18.05
500107114,16:00-18:00,17.06,14.74
500107114,18:00-20:00,15.58,13.67
500107114,20:00-22:00,9.96,11.75
500107114,22:00-24:00,5.94,7.48
500107115,00:00-02:00,3.14,3.42
500107115,02:00-04:00,5.54,0.67
500107115,04:00-06:00,0.82,2.92
500107115,06:00-08:00,3.21,2.75
500107115,08:00-10:00,4.16,4.58
500107115,10:00-12:00,8.0,11.42
500107115,12:00-14:00,10.64,12.96
500107115,14:00-16:00,15.21,19.63
500107115,16:00-18:00,24.35,15.11
500107115,18:00-20:00,13.12,8.17
500107115,20:00-22:00,7.29,4.92
500107115,22:00-24:00,3.39,4.35
500107116,00:00-02:00,0.08,0.75
500107116,02:00-04:00,0.25,0.0
500107116,04:00-06:00,0.67,0.17
500107116,06:00-08:00,4.08,1.58
500107116,08:00-10:00,7.5,4.92
500107116,10:00-12:00,6.08,3.42
500107116,12:00-14:00,4.77,5.15
500107116,14:00-16:00,4.41,4.68
500107116,16:00-18:00,4.92,5.67
500107116,18:00-20:00,1.9,4.25
500107116,20:00-22:00,1.59,3.67
500107116,22:00-24:00,0.25,2.18
500107117,00:00-02:00,0.42,0.33
500107117,02:00-04:00,0.0,0.0
500107117,04:00-06:00,0.08,0.08
500107117,06:00-08:00,1.67,2.04
500107117,08:00-10:00,3.67,3.42
500107117,10:00-12:00,6.08,4.75
500107117,12:00-14:00,3.33,2.89
500107117,14:00-16:00,5.33,3.18
500107117,16:00-18:00,3.66,4.67
500107117,18:00-20:00,2.77,2.42
500107117,20:00-22:00,1.13,2.92
500107117,22:00-24:00,2.26,2.11
500107118,00:00-02:00,11.41,4.75
500107118,02:00-04:00,5.84,2.58
500107118,04:00-06:00,2.64,2.33
500107118,06:00-08:00,3.63,2.58
500107118,08:00-10:00,6.72,5.42
500107118,10:00-12:00,7.51,11.08
500107118,12:00-14:00,9.14,14.21
500107118,14:00-16:00,14.29,13.91
500107118,16:00-18:00,14.83,17.74
500107118,18:00-20:00,12.58,18.41
500107118,20:00-22:00,15.58,11.3
500107118,22:00-24:00,17.26,8.63
500107119,00:00-02:00,0.0,0.75
500107119,02:00-04:00,0.17,0.08
500107119,04:00-06:00,0.08,0.58
500107119,06:00-08:00,0.92,0.75
500107119,08:00-10:00,2.42,1.08
500107119,10:00-12:00,2.25,2.0
500107119,12:00-14:00,2.5,1.83
500107119,14:00-16:00,2.84,2.34
500107119,16:00-18:00,3.08,3.75
500107119,18:00-20:00,3.0,3.75
500107119,20:00-22:00,2.84,1.83
500107119,22:00-24:00,0.67,0.84
500107120,00:00-02:00,1.21,1.33
500107120,02:00-04:00,0.25,0.17
500107120,04:00-06:00,0.33,1.25
500107120,06:00-08:00,1.75,2.33
500107120,08:00-10:00,2.67,3.08
500107120,10:00-12:00,4.8,3.42
500107120,12:00-14:00,5.1,4.07
500107120,14:00-16:00,2.98,3.01
500107120,16:00-18:00,3.58,2.58
500107120,18:00-20:00,3.88,4.17
500107120,20:00-22:00,3.09,3.25
500107120,22:00-24:00,1.94,3.18
500107121,00:00-02:00,0.83,1.12
500107121,02:00-04:00,0.75,0.17
500107121,04:00-06:00,1.25,0.5
500107121,06:00-08:00,2.67,2.33
500107121,08:00-10:00,4.33,3.42
500107121,10:00-12:00,5.17,4.08
500107121,12:00-14:00,3.71,2.91
500107121,14:00-16:00,3.49,4.01
500107121,16:00-18:00,5.61,4.14
500107121,18:00-20:00,3.74,3.25
500107121,20:00-22:00,1.57,4.17
500107121,22:00-24:00,2.43,2.94
500107122,00:00-02:00,1.56,1.25
500107122,02:00-04:00,0.34,0.67
500107122,04:00-06:00,0.17,1.92
500107122,06:00-08:00,7.5,10.59
500107122,08:00-10:00,11.25,13.83
500107122,10:00-12:00,16.29,15.96
500107122,12:00-14:00,11.11,14.68
500107122,14:00-16:00,14.34,12.42
500107122,16:00-18:00,16.65,13.62
500107122,18:00-20:00,14.09,10.92
500107122,20:00-22:00,17.42,10.58
500107122,22:00-24:00,11.68,9.46
500107123,00:00-02:00,0.42,1.17
500107123,02:00-04:00,0.58,0.42
500107123,04:00-06:00,0.17,0.25
500107123,06:00-08:00,2.42,3.0
500107123,08:00-10:00,4.51,4.42
500107123,10:00-12:00,7.31,4.17
500107123,12:00-14:00,6.56,5.07
500107123,14:00-16:00,6.27,5.6
500107123,16:00-18:00,4.39,5.17
500107123,18:00-20:00,5.27,5.75
500107123,20:00-22:00,3.88,5.17
500107123,22:00-24:00,2.75,2.85
500107124,00:00-02:00,1.52,1.58
500107124,02:00-04:00,1.08,0.44
500107124,04:00-06:00,1.17,0.58
500107124,06:00-08:00,2.01,1.33
500107124,08:00-10:00,4.29,4.58
500107124,10:00-12:00,6.21,6.67
500107124,12:00-14:00,5.85,6.04
500107124,14:00-16:00,5.91,5.2
500107124,16:00-18:00,6.42,7.98
500107124,18:00-20:00,6.17,6.67
500107124,20:00-22:00,4.33,5.55
500107124,22:00-24:00,3.26,3.25
500107125,00:00-02:00,0.58,0.95
500107125,02:00-04:00,0.0,0.24
500107125,04:00-06:00,0.42,0.58
500107125,06:00-08:00,2.5,1.07
500107125,08:00-10:00,5.72,3.17
500107125,10:00-12:00,2.98,2.83
500107125,12:00-14:00,4.4,3.78
500107125,14:00-16:00,3.29,3.34
500107125,16:00-18:00,3.88,5.83
500107125,18:00-20:00,5.33,4.27
500107125,20:00-22:00,2.81,4.5
500107125,22:00-24:00,0.5,5.56
500107126,00:00-02:00,4.09,4.17
500107126,02:00-04:00,1.29,0.25
500107126,04:00-06:00,1.07,2.5
500107126,06:00-08:00,5.5,7.75
500107126,08:00-10:00,11.08,10.5
500107126,10:00-12:00,11.42,15.41
500107126,12:00-14:00,14.75,11.1
500107126,14:00-16:00,11.42,8.19
500107126,16:00-18:00,13.29,12.75
500107126,18:00-20:00,13.76,8.5
500107126,20:00-22:00,11.78,7.92
500107126,22:00-24:00,10.42,9.87
500107127,00:00-02:00,0.83,1.58
500107127,02:00-04:00,0.17,0.67
500107127,04:00-06:00,0.58,0.92
500107127,06:00-08:00,1.08,3.25
500107127,08:00-10:00,6.32,7.99
500107127,10:00-12:00,6.03,6.45
500107127,12:00-14:00,6.35,7.62
500107127,14:00-16:00,6.9,4.32
500107127,16:00-18:00,6.55,6.13
500107127,18:00-20:00,5.96,4.33
500107127,20:00-22:00,6.47,5.58
500107127,22:00-24:00,3.43,3.35
500107128,00:00-02:00,6.0,4.44
500107128,02:00-04:00,1.33,2.31
500107128,04:00-06:00,2.92,1.54
500107128,06:00-08:00,4.38,2.92
500107128,08:00-10:00,7.94,6.89
500107128,10:00-12:00,10.58,8.5
500107128,12:00-14:00,8.93,8.98
500107128,14:00-16:00,9.32,9.2
500107128,16:00-18:00,11.39,9.97
500107128,18:00-20:00,9.97,13.57
500107128,20:00-22:00,7.75,8.46
500107128,22:00-24:00,4.18,7.03
500107129,00:00-02:00,0.58,0.33
500107129,02:00-04:00,0.17,0.08
500107129,04:00-06:00,0.33,0.08
500107129,06:00-08:00,1.11,3.0
500107129,08:00-10:00,2.0,1.92
500107129,10:00-12:00,3.25,3.42
500107129,12:00-14:00,2.83,3.57
500107129,14:00-16:00,3.59,5.01
500107129,16:00-18:00,6.92,4.33
500107129,18:00-20:00,2.99,1.83
500107129,20:00-22:00,1.08,1.08
500107129,22:00-24:00,0.67,0.5
500107130,00:00-02:00,0.08,0.5
500107130,02:00-04:00,0.33,0.42
500107130,04:00-06:00,0.5,0.42
500107130,06:00-08:00,1.5,0.17
500107130,08:00-10:00,2.5,1.58
500107130,10:00-12:00,2.33,2.42
500107130,12:00-14:00,3.38,2.49
500107130,14:00-16:00,3.8,2.84
500107130,16:00-18:00,2.59,2.33
500107130,18:00-20:00,1.92,3.5
500107130,20:00-22:00,2.5,2.67
500107130,22:00-24:00,0.92,3.51
500107131,00:00-02:00,4.79,1.83
500107131,02:00-04:00,0.5,0.33
500107131,04:00-06:00,0.34,0.5
500107131,06:00-08:00,2.68,1.42
500107131,08:00-10:00,3.12,3.92
500107131,10:00-12:00,5.25,4.92
500107131,12:00-14:00,5.23,4.74
500107131,14:00-16:00,4.16,5.52
500107131,16:00-18:00,8.15,8.0
500107131,18:00-20:00,7.4,7.77
500107131,20:00-22:00,5.67,5.33
500107131,22:00-24:00,7.6,6.55
500107132,00:00-02:00,2.32,1.92
500107132,02:00-04:00,0.08,0.83
500107132,04:00-06:00,0.17,1.33
500107132,06:00-08:00,2.5,6.83
500107132,08:00-10:00,14.17,13.18
500107132,10:00-12:00,12.0,13.93
500107132,12:00-14:00,9.06,12.2
500107132,14:00-16:00,8.77,8.2
500107132,16:00-18:00,7.42,9.86
500107132,18:00-20:00,8.17,7.28
500107132,20:00-22:00,5.92,8.25
500107132,22:00-24:00,8.55,1.39
500107133,00:00-02:00,0.58,1.5
500107133,02:00-04:00,0.0,0.0
500107133,04:00-06:00,0.08,0.0
500107133,06:00-08:00,0.5,1.17
500107133,08:00-10:00,1.17,3.92
500107133,10:00-12:00,1.75,8.92
500107133,12:00-14:00,5.24,5.15
500107133,14:00-16:00,9.53,6.69
500107133,16:00-18:00,9.25,8.92
500107133,18:00-20:00,6.0,6.42
500107133,20:00-22:00,7.75,3.42
500107133,22:00-24:00,4.27,1.34
500107134,00:00-02:00,1.75,1.59
500107134,02:00-04:00,0.0,0.25
500107134,04:00-06:00,1.21,0.42
500107134,06:00-08:00,2.55,2.25
500107134,08:00-10:00,5.32,3.92
500107134,10:00-12:00,9.69,5.0
500107134,12:00-14:00,6.65,4.65
500107134,14:00-16:00,5.1,6.18
500107134,16:00-18:00,6.67,5.33
500107134,18:00-20:00,6.16,7.25
500107134,20:00-22:00,5.5,6.73
500107134,22:00-24:00,2.26,3.25
500107135,00:00-02:00,1.82,1.75
500107135,02:00-04:00,0.42,0.5
500107135,04:00-06:00,0.17,0.17
500107135,06:00-08:00,1.59,1.17
500107135,08:00-10:00,5.78,6.25
500107135,10:00-12:00,5.73,6.33
500107135,12:00-14:00,4.99,8.64
500107135,14:00-16:00,7.73,8.86
500107135,16:00-18:00,9.72,6.0
500107135,18:00-20:00,7.97,7.92
500107135,20:00-22:00,5.42,5.92
500107135,22:00-24:00,4.52,3.26
500107136,00:00-02:00,1.75,1.28
500107136,02:00-04:00,0.5,0.75
500107136,04:00-06:00,0.83,1.5
500107136,06:00-08:00,8.92,7.75
500107136,08:00-10:00,12.08,11.19
500107136,10:00-12:00,12.21,9.67
500107136,12:00-14:00,12.04,10.55
500107136,14:00-16:00,9.41,7.94
500107136,16:00-18:00,7.99,9.08
500107136,18:00-20:00,7.5,9.17
500107136,20:00-22:00,6.92,8.66
500107136,22:00-24:00,3.01,4.39
500107137,00:00-02:00,0.65,1.17
500107137,02:00-04:00,1.54,0.42
500107137,04:00-06:00,0.21,0.17
500107137,06:00-08:00,1.85,1.33
500107137,08:00-10:00,3.94,4.49
500107137,10:00-12:00,5.82,6.34
500107137,12:00-14:00,6.83,6.22
500107137,14:00-16:00,8.87,6.07
500107137,16:00-18:00,7.46,6.58
500107137,18:00-20:00,6.88,6.32
500107137,20:00-22:00,6.89,2.75
500107137,22:00-24:00,2.11,2.59
500107138,00:00-02:00,2.92,0.75
500107138,02:00-04:00,0.95,2.08
500107138,04:00-06:00,1.0,0.33
500107138,06:00-08:00,2.43,0.5
500107138,08:00-10:00,4.92,5.17
500107138,10:00-12:00,6.47,6.75
500107138,12:00-14:00,6.81,5.73
500107138,14:00-16:00,5.28,6.6
500107138,16:00-18:00,7.36,6.58
500107138,18:00-20:00,6.0,8.5
500107138,20:00-22:00,6.08,4.92
500107138,22:00-24:00,3.29,3.18
500107139,00:00-02:00,2.75,2.42
500107139,02:00-04:00,1.25,1.59
500107139,04:00-06:00,1.67,1.21
500107139,06:00-08:00,3.42,3.08
500107139,08:00-10:00,4.5,3.42
500107139,10:00-12:00,6.92,8.0
500107139,12:00-14:00,8.64,9.06
500107139,14:00-16:00,8.61,9.03
500107139,16:00-18:00,10.0,11.08
500107139,18:00-20:00,8.08,8.4
500107139,20:00-22:00,7.0,5.5
500107139,22:00-24:00,10.96,4.69
500107140,00:00-02:00,3.66,2.5
500107140,02:00-04:00,2.06,1.08
500107140,04:00-06:00,2.4,2.08
500107140,06:00-08:00,2.93,4.5
500107140,08:00-10:00,9.39,8.0
500107140,10:00-12:00,11.07,18.98
500107140,12:00-14:00,15.79,25.54
500107140,14:00-16:00,21.06,25.78
500107140,16:00-18:00,23.92,31.67
500107140,18:00-20:00,24.75,24.97
500107140,20:00-22:00,20.43,16.24
500107140,22:00-24:00,11.16,7.62
500107141,00:00-02:00,2.17,1.29
500107141,02:00-04:00,0.42,1.08
500107141,04:00-06:00,0.83,0.92
500107141,06:00-08:00,3.5,1.25
500107141,08:00-10:00,4.44,1.75
500107141,10:00-12:00,3.73,4.83
500107141,12:00-14:00,6.51,5.17
500107141,14:00-16:00,5.73,4.85
500107141,16:00-18:00,4.69,4.92
500107141,18:00-20:00,3.45,4.08
500107141,20:00-22:00,3.5,6.04
500107141,22:00-24:00,2.85,4.86
500107142,00:00-02:00,2.71,1.99
500107142,02:00-04:00,0.83,1.0
500107142,04:00-06:00,1.04,0.25
500107142,06:00-08:00,4.12,4.67
500107142,08:00-10:00,6.77,5.42
500107142,10:00-12:00,8.02,8.33
500107142,12:00-14:00,10.83,8.89
500107142,14:00-16:00,7.46,9.53
500107142,16:00-18:00,8.33,11.05
500107142,18:00-20:00,10.33,10.0
500107142,20:00-22:00,8.5,9.49
500107142,22:00-24:00,6.69,5.12
500107143,00:00-02:00,2.47,2.33
500107143,02:00-04:00,1.2,0.5
500107143,04:00-06:00,0.59,1.5
500107143,06:00-08:00,2.19,2.25
500107143,08:00-10:00,7.66,10.09
500107143,10:00-12:00,10.9,10.45
500107143,12:00-14:00,15.14,15.2
500107143,14:00-16:00,11.47,8.43
500107143,16:00-18:00,12.22,13.54
500107143,18:00-20:00,10.84,12.37
500107143,20:00-22:00,9.5,7.9
500107143,22:00-24:00,4.71,4.52
500107144,00:00-02:00,3.71,4.83
500107144,02:00-04:00,1.11,2.33
500107144,04:00-06:00,1.08,6.0
500107144,06:00-08:00,9.17,9.99
500107144,08:00-10:00,15.33,16.06
500107144,10:00-12:00,18.25,20.23
500107144,12:00-14:00,20.44,18.03
500107144,14:00-16:00,20.75,17.3
500107144,16:00-18:00,24.33,17.67
500107144,18:00-20:00,19.91,18.25
500107144,20:00-22:00,17.87,15.5
500107144,22:00-24:00,14.56,15.65
500107145,00:00-02:00,1.17,1.01
500107145,02:00-04:00,0.42,0.0
500107145,04:00-06:00,0.92,0.92
500107145,06:00-08:00,1.83,0.75
500107145,08:00-10:00,3.0,0.75
500107145,10:00-12:00,3.68,2.67
500107145,12:00-14:00,2.95,2.83
500107145,14:00-16:00,3.91,3.59
500107145,16:00-18:00,4.62,3.5
500107145,18:00-20:00,2.54,3.33
500107145,20:00-22:00,1.17,2.58
500107145,22:00-24:00,0.33,2.18
500107146,00:00-02:00,2.42,2.66
500107146,02:00-04:00,0.5,1.09
500107146,04:00-06:00,2.5,0.87
500107146,06:00-08:00,2.83,3.35
500107146,08:00-10:00,6.5,5.08
500107146,10:00-12:00,7.92,9.75
500107146,12:00-14:00,7.98,6.17
500107146,14:00-16:00,6.77,7.83
500107146,16:00-18:00,9.5,9.23
500107146,18:00-20:00,9.92,10.48
500107146,20:00-22:00,8.0,8.95
500107146,22:00-24:00,3.35,6.81
500107147,00:00-02:00,1.35,0.5
500107147,02:00-04:00,0.43,1.17
500107147,04:00-06:00,0.5,0.42
500107147,06:00-08:00,1.75,1.08
500107147,08:00-10:00,1.5,1.17
500107147,10:00-12:00,2.73,2.75
500107147,12:00-14:00,4.03,4.74
500107147,14:00-16:00,5.38,3.84
500107147,16:00-18:00,3.94,3.75
500107147,18:00-20:00,5.87,3.58
500107147,20:00-22:00,3.42,3.42
500107147,22:00-24:00,1.89,2.34
500107149,00:00-02:00,0.5,0.42
500107149,02:00-04:00,0.0,0.17
500107149,04:00-06:00,0.08,0.42
500107149,06:00-08:00,2.21,2.17
500107149,08:00-10:00,5.68,6.42
500107149,10:00-12:00,5.55,3.83
500107149,12:00-14:00,4.46,4.16
500107149,14:00-16:00,5.62,3.76
500107149,16:00-18:00,5.95,3.83
500107149,18:00-20:00,5.64,5.75
500107149,20:00-22:00,5.67,7.67
500107149,22:00-24:00,3.35,5.86
500107150,00:00-02:00,0.56,1.25
500107150,02:00-04:00,0.25,0.25
500107150,04:00-06:00,0.26,0.42
500107150,06:00-08:00,1.5,2.08
500107150,08:00-10:00,2.42,2.67
500107150,10:00-12:00,3.13,5.33
500107150,12:00-14:00,4.69,4.13
500107150,14:00-16:00,5.42,3.59
500107150,16:00-18:00,5.46,4.17
500107150,18:00-20:00,6.18,4.58
500107150,20:00-22:00,4.29,2.92
500107150,22:00-24:00,3.39,3.51
500107151,00:00-02:00,2.92,1.5
500107151,02:00-04:00,0.09,0.42
500107151,04:00-06:00,0.33,1.0
500107151,06:00-08:00,4.5,7.33
500107151,08:00-10:00,6.5,7.5
500107151,10:00-12:00,10.92,10.58
500107151,12:00-14:00,14.46,12.55
500107151,14:00-16:00,10.03,13.7
500107151,16:00-18:00,15.0,13.08
500107151,18:00-20:00,12.08,11.83
500107151,20:00-22:00,9.58,8.83
500107151,22:00-24:00,5.02,3.77
500107152,00:00-02:00,1.25,0.75
500107152,02:00-04:00,0.25,0.67
500107152,04:00-06:00,0.67,0.0
500107152,06:00-08:00,1.33,0.83
500107152,08:00-10:00,2.75,3.08
500107152,10:00-12:00,3.83,2.67
500107152,12:00-14:00,3.95,2.99
500107152,14:00-16:00,3.51,2.84
500107152,16:00-18:00,3.86,3.75
500107152,18:00-20:00,3.33,5.33
500107152,20:00-22:00,2.08,3.92
500107152,22:00-24:00,2.85,2.09
500107153,00:00-02:00,0.67,0.75
500107153,02:00-04:00,0.0,0.08
500107153,04:00-06:00,0.17,0.0
500107153,06:00-08:00,0.58,0.33
500107153,08:00-10:00,2.25,0.75
500107153,10:00-12:00,1.27,1.17
500107153,12:00-14:00,1.0,1.16
500107153,14:00-16:00,0.58,1.75
500107153,16:00-18:00,2.14,1.2
500107153,18:00-20:00,0.64,1.5
500107153,20:00-22:00,0.75,0.58
500107153,22:00-24:00,0.26,0.84
500107154,00:00-02:00,0.34,0.58
500107154,02:00-04:00,0.25,0.25
500107154,04:00-06:00,0.51,0.5
500107154,06:00-08:00,1.83,1.0
500107154,08:00-10:00,3.43,1.9
500107154,10:00-12:00,3.73,2.75
500107154,12:00-14:00,3.79,4.57
500107154,14:00-16:00,2.48,5.01
500107154,16:00-18:00,5.25,4.72
500107154,18:00-20:00,4.43,4.18
500107154,20:00-22:00,2.75,4.56
500107154,22:00-24:00,2.18,1.99
500107155,00:00-02:00,0.08,0.5
500107155,02:00-04:00,0.08,0.0
500107155,04:00-06:00,0.0,0.17
500107155,06:00-08:00,1.0,1.67
500107155,08:00-10:00,1.67,3.42
500107155,10:00-12:00,2.0,2.33
500107155,12:00-14:00,1.75,1.83
500107155,14:00-16:00,3.26,1.67
500107155,16:00-18:00,3.83,3.83
500107155,18:00-20:00,2.08,2.33
500107155,20:00-22:00,0.67,1.25
500107155,22:00-24:00,1.59,0.59
500107156,00:00-02:00,1.5,1.85
500107156,02:00-04:00,0.83,0.7
500107156,04:00-06:00,0.92,1.51
500107156,06:00-08:00,2.08,1.75
500107156,08:00-10:00,5.25,4.29
500107156,10:00-12:00,6.87,5.9
500107156,12:00-14:00,7.95,6.15
500107156,14:00-16:00,6.8,4.68
500107156,16:00-18:00,7.56,7.75
500107156,18:00-20:00,9.35,7.75
500107156,20:00-22:00,4.6,5.33
500107156,22:00-24:00,2.34,5.01
500107157,00:00-02:00,0.17,0.33
500107157,02:00-04:00,0.08,0.0
500107157,04:00-06:00,0.08,0.17
500107157,06:00-08:00,1.08,2.08
500107157,08:00-10:00,3.17,5.76
500107157,10:00-12:00,4.42,2.64
500107157,12:00-14:00,4.19,1.5
500107157,14:00-16:00,1.96,1.92
500107157,16:00-18:00,3.77,3.83
500107157,18:00-20:00,2.17,1.92
500107157,20:00-22:00,1.42,1.58
500107157,22:00-24:00,0.5,1.26
500107158,00:00-02:00,0.17,1.25
500107158,02:00-04:00,0.5,0.92
500107158,04:00-06:00,0.58,0.33
500107158,06:00-08:00,4.17,0.83
500107158,08:00-10:00,2.92,3.08
500107158,10:00-12:00,4.57,2.92
500107158,12:00-14:00,3.76,5.48
500107158,14:00-16:00,5.32,3.84
500107158,16:00-18:00,6.43,6.33
500107158,18:00-20:00,2.5,4.67
500107158,20:00-22:00,2.83,3.33
500107158,22:00-24:00,0.92,2.18
500107159,00:00-02:00,1.31,4.0
500107159,02:00-04:00,2.08,1.5
500107159,04:00-06:00,1.81,1.25
500107159,06:00-08:00,2.92,2.25
500107159,08:00-10:00,6.86,7.0
500107159,10:00-12:00,8.92,10.08
500107159,12:00-14:00,11.63,11.55
500107159,14:00-16:00,11.76,8.52
500107159,16:00-18:00,11.48,12.5
500107159,18:00-20:00,13.97,12.83
500107159,20:00-22:00,8.07,6.17
500107159,22:00-24:00,4.5,2.93
500107160,00:00-02:00,1.0,0.83
500107160,02:00-04:00,0.0,0.83
500107160,04:00-06:00,0.92,0.17
500107160,06:00-08:00,2.25,0.75
500107160,08:00-10:00,6.82,3.0
500107160,10:00-12:00,4.32,3.08
500107160,12:00-14:00,5.03,5.24
500107160,14:00-16:00,5.46,4.26
500107160,16:00-18:00,5.09,3.67
500107160,18:00-20:00,3.0,5.75
500107160,20:00-22:00,2.92,5.08
500107160,22:00-24:00,2.18,3.51
500107161,00:00-02:00,1.67,2.0
500107161,02:00-04:00,0.58,0.92
500107161,04:00-06:00,1.0,0.51
500107161,06:00-08:00,2.79,3.0
500107161,08:00-10:00,6.27,6.75
500107161,10:00-12:00,9.48,8.42
500107161,12:00-14:00,10.32,10.22
500107161,14:00-16:00,10.37,10.53
500107161,16:00-18:00,12.74,13.0
500107161,18:00-20:00,12.17,9.67
500107161,20:00-22:00,10.9,8.75
500107161,22:00-24:00,3.84,5.86
500107162,00:00-02:00,1.0,0.83
500107162,02:00-04:00,0.08,0.58
500107162,04:00-06:00,0.33,0.08
500107162,06:00-08:00,2.08,1.17
500107162,08:00-10:00,3.67,3.25
500107162,10:00-12:00,4.75,4.42
500107162,12:00-14:00,5.99,5.07
500107162,14:00-16:00,3.43,3.26
500107162,16:00-18:00,5.85,5.97
500107162,18:00-20:00,5.38,4.54
500107162,20:00-22:00,3.92,5.92
500107162,22:00-24:00,1.51,2.26
500107163,00:00-02:00,1.69,1.42
500107163,02:00-04:00,1.14,0.75
500107163,04:00-06:00,1.82,1.08
500107163,06:00-08:00,3.4,3.75
500107163,08:00-10:00,4.83,8.48
500107163,10:00-12:00,6.5,10.89
500107163,12:00-14:00,9.72,10.81
500107163,14:00-16:00,10.36,11.11
500107163,16:00-18:00,9.92,10.65
500107163,18:00-20:00,9.33,10.6
500107163,20:00-22:00,8.08,5.69
500107163,22:00-24:00,5.47,4.6
500107164,00:00-02:00,2.79,2.25
500107164,02:00-04:00,0.97,0.92
500107164,04:00-06:00,1.52,0.92
500107164,06:00-08:00,2.72,3.08
500107164,08:00-10:00,7.34,9.09
500107164,10:00-12:00,10.91,9.27
500107164,12:00-14:00,10.0,8.81
500107164,14:00-16:00,11.12,10.39
500107164,16:00-18:00,13.83,14.05
500107164,18:00-20:00,11.98,12.46
500107164,20:00-22:00,11.03,8.58
500107164,22:00-24:00,5.91,4.94
500107165,00:00-02:00,1.5,1.08
500107165,02:00-04:00,0.42,0.25
500107165,04:00-06:00,0.25,0.25
500107165,06:00-08:00,1.93,1.5
500107165,08:00-10:00,4.56,3.42
500107165,10:00-12:00,6.17,7.08
500107165,12:00-14:00,7.65,7.31
500107165,14:00-16:00,7.02,7.86
500107165,16:00-18:00,9.37,10.33
500107165,18:00-20:00,7.5,7.08
500107165,20:00-22:00,5.34,4.08
500107165,22:00-24:00,3.68,4.02
500107166,00:00-02:00,0.5,0.5
500107166,02:00-04:00,0.0,0.08
500107166,04:00-06:00,0.33,0.17
500107166,06:00-08:00,2.08,1.5
500107166,08:00-10:00,4.42,2.98
500107166,10:00-12:00,6.25,3.08
500107166,12:00-14:00,5.06,3.07
500107166,14:00-16:00,4.68,2.76
500107166,16:00-18:00,3.49,3.67
500107166,18:00-20:00,3.25,4.58
500107166,20:00-22:00,1.17,5.5
500107166,22:00-24:00,2.26,4.77
500107167,00:00-02:00,2.1,3.83
500107167,02:00-04:00,0.08,0.17
500107167,04:00-06:00,0.08,0.08
500107167,06:00-08:00,3.25,3.17
500107167,08:00-10:00,4.87,5.0
500107167,10:00-12:00,6.75,13.33
500107167,12:00-14:00,11.14,18.87
500107167,14:00-16:00,18.3,17.14
500107167,16:00-18:00,19.25,20.0
500107167,18:00-20:00,16.17,17.48
500107167,20:00-22:00,17.95,8.22
500107167,22:00-24:00,16.36,3.01
500107168,00:00-02:00,2.21,1.83
500107168,02:00-04:00,0.58,0.92
500107168,04:00-06:00,0.58,1.0
500107168,06:00-08:00,3.25,2.33
500107168,08:00-10:00,6.17,6.71
500107168,10:00-12:00,6.75,7.1
500107168,12:00-14:00,7.06,7.65
500107168,14:00-16:00,8.52,6.6
500107168,16:00-18:00,7.41,6.83
500107168,18:00-20:00,6.83,6.83
500107168,20:00-22:00,4.76,5.0
500107168,22:00-24:00,3.77,6.44
500107169,00:00-02:00,0.25,0.33
500107169,02:00-04:00,0.5,0.17
500107169,04:00-06:00,0.25,0.25
500107169,06:00-08:00,0.75,1.25
500107169,08:00-10:00,2.92,2.75
500107169,10:00-12:00,2.76,1.58
500107169,12:00-14:00,2.16,2.33
500107169,14:00-16:00,1.25,1.84
500107169,16:00-18:00,4.0,1.75
500107169,18:00-20:00,1.83,2.25
500107169,20:00-22:00,0.83,1.83
500107169,22:00-24:00,0.59,1.84
500107170,00:00-02:00,0.25,1.77
500107170,02:00-04:00,0.75,0.68
500107170,04:00-06:00,0.58,0.35
500107170,06:00-08:00,2.58,2.64
500107170,08:00-10:00,7.5,5.14
500107170,10:00-12:00,9.51,5.58
500107170,12:00-14:00,8.48,7.23
500107170,14:00-16:00,6.21,5.43
500107170,16:00-18:00,6.24,7.25
500107170,18:00-20:00,7.42,7.5
500107170,20:00-22:00,3.0,9.99
500107170,22:00-24:00,3.1,4.65
500107171,00:00-02:00,1.08,0.83
500107171,02:00-04:00,0.83,0.67
500107171,04:00-06:00,0.67,0.42
500107171,06:00-08:00,1.17,2.33
500107171,08:00-10:00,3.75,2.0
500107171,10:00-12:00,4.03,3.75
500107171,12:00-14:00,4.45,2.83
500107171,14:00-16:00,3.49,4.09
500107171,16:00-18:00,3.5,3.25
500107171,18:00-20:00,1.75,3.25
500107171,20:00-22:00,2.17,1.75
500107171,22:00-24:00,1.34,3.26
500107172,00:00-02:00,2.33,6.28
500107172,02:00-04:00,1.33,1.0
500107172,04:00-06:00,1.0,0.28
500107172,06:00-08:00,8.0,3.64
500107172,08:00-10:00,8.63,3.85
500107172,10:00-12:00,14.48,9.25
500107172,12:00-14:00,12.45,6.4
500107172,14:00-16:00,8.82,8.27
500107172,16:00-18:00,6.45,5.33
500107172,18:00-20:00,7.12,8.67
500107172,20:00-22:00,4.29,10.16
500107172,22:00-24:00,8.12,13.1
500107173,00:00-02:00,1.58,1.92
500107173,02:00-04:00,0.5,0.25
500107173,04:00-06:00,0.5,0.58
500107173,06:00-08:00,2.83,2.5
500107173,08:00-10:00,5.5,5.07
500107173,10:00-12:00,4.25,8.06
500107173,12:00-14:00,7.98,6.53
500107173,14:00-16:00,6.35,7.18
500107173,16:00-18:00,9.51,10.19
500107173,18:00-20:00,9.77,9.61
500107173,20:00-22:00,5.67,6.81
500107173,22:00-24:00,6.44,4.86
500107174,00:00-02:00,4.0,3.0
500107174,02:00-04:00,2.0,0.42
500107174,04:00-06:00,1.58,1.75
500107174,06:00-08:00,3.25,3.58
500107174,08:00-10:00,6.75,7.92
500107174,10:00-12:00,7.67,10.92
500107174,12:00-14:00,8.89,10.84
500107174,14:00-16:00,8.27,9.49
500107174,16:00-18:00,9.25,9.96
500107174,18:00-20:00,10.5,9.42
500107174,20:00-22:00,9.61,7.5
500107174,22:00-24:00,5.96,5.94
500107175,00:00-02:00,4.67,5.97
500107175,02:00-04:00,5.95,2.02
500107175,04:00-06:00,1.83,0.92
500107175,06:00-08:00,2.69,3.25
500107175,08:00-10:00,11.09,10.04
500107175,10:00-12:00,11.26,9.79
500107175,12:00-14:00,10.82,10.41
500107175,14:00-16:00,11.21,9.59
500107175,16:00-18:00,13.89,11.83
500107175,18:00-20:00,13.84,14.67
500107175,20:00-22:00,7.4,8.63
500107175,22:00-24:00,7.03,8.33
500107176,00:00-02:00,2.25,2.04
500107176,02:00-04:00,0.58,0.58
500107176,04:00-06:00,1.58,1.25
500107176,06:00-08:00,3.63,2.33
500107176,08:00-10:00,5.96,5.17
500107176,10:00-12:00,7.42,6.5
500107176,12:00-14:00,9.81,11.05
500107176,14:00-16:00,11.64,9.44
500107176,16:00-18:00,12.25,14.31
500107176,18:00-20:00,15.04,14.63
500107176,20:00-22:00,10.29,8.92
500107176,22:00-24:00,4.55,5.77
500107177,00:00-02:00,2.92,1.67
500107177,02:00-04:00,1.14,0.17
500107177,04:00-06:00,1.29,0.33
500107177,06:00-08:00,3.39,1.5
500107177,08:00-10:00,5.95,7.67
500107177,10:00-12:00,9.06,8.67
500107177,12:00-14:00,8.14,9.39
500107177,14:00-16:00,8.19,7.86
500107177,16:00-18:00,11.43,10.83
500107177,18:00-20:00,10.08,8.67
500107177,20:00-22:00,8.67,9.08
500107177,22:00-24:00,5.39,8.03
500107178,00:00-02:00,2.17,2.32
500107178,02:00-04:00,0.33,0.82
500107178,04:00-06:00,1.92,0.35
500107178,06:00-08:00,7.96,2.0
500107178,08:00-10:00,5.53,6.92
500107178,10:00-12:00,7.21,4.25
500107178,12:00-14:00,5.29,5.65
500107178,14:00-16:00,7.99,6.94
500107178,16:00-18:00,5.89,6.42
500107178,18:00-20:00,6.52,7.67
500107178,20:00-22:00,4.17,9.4
500107178,22:00-24:00,4.94,8.24
500107179,00:00-02:00,0.25,0.58
500107179,02:00-04:00,0.08,0.42
500107179,04:00-06:00,0.92,0.17
500107179,06:00-08:00,2.67,3.5
500107179,08:00-10:00,1.83,2.25
500107179,10:00-12:00,2.58,2.17
500107179,12:00-14:00,3.57,2.49
500107179,14:00-16:00,4.43,3.68
500107179,16:00-18:00,4.0,4.42
500107179,18:00-20:00,4.17,1.58
500107179,20:00-22:00,1.08,2.17
500107179,22:00-24:00,0.33,0.67
500107180,00:00-02:00,0.6,2.17
500107180,02:00-04:00,0.08,0.08
500107180,04:00-06:00,0.25,0.08
500107180,06:00-08:00,1.67,1.92
500107180,08:00-10:00,2.83,4.75
500107180,10:00-12:00,5.0,3.92
500107180,12:00-14:00,5.07,4.24
500107180,14:00-16:00,4.09,5.35
500107180,16:00-18:00,7.63,4.83
500107180,18:00-20:00,4.52,6.08
500107180,20:00-22:00,6.45,4.17
500107180,22:00-24:00,2.6,1.84
500107181,00:00-02:00,0.5,0.42
500107181,02:00-04:00,0.25,0.17
500107181,04:00-06:00,0.17,0.0
500107181,06:00-08:00,1.08,1.75
500107181,08:00-10:00,0.92,4.17
500107181,10:00-12:00,3.75,4.58
500107181,12:00-14:00,4.82,3.74
500107181,14:00-16:00,4.62,4.09
500107181,16:00-18:00,5.0,4.83
500107181,18:00-20:00,3.83,2.86
500107181,20:00-22:00,4.08,2.5
500107181,22:00-24:00,0.67,0.67
500107182,00:00-02:00,0.42,1.83
500107182,02:00-04:00,0.08,1.67
500107182,04:00-06:00,1.25,1.0
500107182,06:00-08:00,5.83,3.25
500107182,08:00-10:00,7.84,6.75
500107182,10:00-12:00,8.12,6.25
500107182,12:00-14:00,7.1,5.57
500107182,14:00-16:00,6.07,5.18
500107182,16:00-18:00,7.17,6.42
500107182,18:00-20:00,6.78,6.67
500107182,20:00-22:00,4.41,5.33
500107182,22:00-24:00,2.43,6.28
500107183,00:00-02:00,0.77,1.25
500107183,02:00-04:00,0.59,0.67
500107183,04:00-06:00,0.25,0.58
500107183,06:00-08:00,0.58,0.33
500107183,08:00-10:00,1.17,2.17
500107183,10:00-12:00,2.05,2.0
500107183,12:00-14:00,2.98,3.82
500107183,14:00-16:00,2.76,1.5
500107183,16:00-18:00,3.67,3.0
500107183,18:00-20:00,1.75,1.5
500107183,20:00-22:00,3.08,1.33
500107183,22:00-24:00,0.68,1.51
500107184,00:00-02:00,2.08,2.76
500107184,02:00-04:00,0.33,0.8
500107184,04:00-06:00,0.58,0.62
500107184,06:00-08:00,2.08,1.51
500107184,08:00-10:00,4.58,6.0
500107184,10:00-12:00,6.67,6.82
500107184,12:00-14:00,5.73,5.98
500107184,14:00-16:00,7.35,6.6
500107184,16:00-18:00,6.17,5.83
500107184,18:00-20:00,7.23,7.88
500107184,20:00-22:00,5.04,6.48
500107184,22:00-24:00,5.02,5.28
500107185,00:00-02:00,0.92,1.83
500107185,02:00-04:00,0.08,0.08
500107185,04:00-06:00,0.17,0.17
500107185,06:00-08:00,2.08,0.58
500107185,08:00-10:00,4.92,2.58
500107185,10:00-12:00,3.62,2.67
500107185,12:00-14:00,4.85,2.91
500107185,14:00-16:00,3.28,2.26
500107185,16:00-18:00,3.59,2.67
500107185,18:00-20:00,1.47,2.25
500107185,20:00-22:00,0.83,2.5
500107185,22:00-24:00,1.42,3.77
500107186,00:00-02:00,1.18,2.33
500107186,02:00-04:00,1.13,0.58
500107186,04:00-06:00,1.11,0.5
500107186,06:00-08:00,2.61,4.5
500107186,08:00-10:00,5.11,4.58
500107186,10:00-12:00,7.45,7.5
500107186,12:00-14:00,8.29,5.98
500107186,14:00-16:00,7.3,6.82
500107186,16:00-18:00,6.64,6.73
500107186,18:00-20:00,6.47,4.83
500107186,20:00-22:00,3.98,2.83
500107186,22:00-24:00,3.0,2.09
500107187,00:00-02:00,1.83,1.83
500107187,02:00-04:00,1.67,1.75
500107187,04:00-06:00,0.58,1.5
500107187,06:00-08:00,1.83,0.93
500107187,08:00-10:00,4.16,4.1
500107187,10:00-12:00,5.74,3.92
500107187,12:00-14:00,5.57,4.49
500107187,14:00-16:00,6.28,6.35
500107187,16:00-18:00,6.5,7.58
500107187,18:00-20:00,6.58,8.26
500107187,20:00-22:00,5.5,6.75
500107187,22:00-24:00,3.51,4.35
500107188,00:00-02:00,0.0,0.5
500107188,02:00-04:00,0.17,0.17
500107188,04:00-06:00,0.17,0.17
500107188,06:00-08:00,1.83,0.5
500107188,08:00-10:00,2.83,2.17
500107188,10:00-12:00,3.42,2.0
500107188,12:00-14:00,2.99,1.91
500107188,14:00-16:00,2.92,2.76
500107188,16:00-18:00,5.03,4.5
500107188,18:00-20:00,1.99,4.83
500107188,20:00-22:00,1.67,3.0
500107188,22:00-24:00,0.75,1.84
500107189,00:00-02:00,5.77,4.85
500107189,02:00-04:00,2.96,2.0
500107189,04:00-06:00,3.41,1.75
500107189,06:00-08:00,4.95,4.25
500107189,08:00-10:00,8.13,10.52
500107189,10:00-12:00,12.87,11.19
500107189,12:00-14:00,12.91,12.38
500107189,14:00-16:00,11.75,10.53
500107189,16:00-18:00,14.9,13.58
500107189,18:00-20:00,15.8,16.0
500107189,20:00-22:00,11.29,11.33
500107189,22:00-24:00,9.58,9.15
500107190,00:00-02:00,0.92,1.17
500107190,02:00-04:00,0.42,1.08
500107190,04:00-06:00,0.92,1.08
500107190,06:00-08:00,2.17,1.92
500107190,08:00-10:00,3.29,3.92
500107190,10:00-12:00,5.92,9.75
500107190,12:00-14:00,7.48,15.54
500107190,14:00-16:00,12.03,13.35
500107190,16:00-18:00,12.42,12.28
500107190,18:00-20:00,14.0,11.77
500107190,20:00-22:00,14.55,5.28
500107190,22:00-24:00,5.76,2.93
500107191,00:00-02:00,2.25,1.76
500107191,02:00-04:00,2.58,0.88
500107191,04:00-06:00,1.08,0.25
500107191,06:00-08:00,2.5,0.67
500107191,08:00-10:00,3.76,2.5
500107191,10:00-12:00,4.51,2.92
500107191,12:00-14:00,4.55,3.99
500107191,14:00-16:00,3.38,4.18
500107191,16:00-18:00,5.73,5.58
500107191,18:00-20:00,4.27,5.25
500107191,20:00-22:00,3.75,4.71
500107191,22:00-24:00,2.01,4.21
500107192,00:00-02:00,3.5,3.74
500107192,02:00-04:00,1.83,1.03
500107192,04:00-06:00,1.25,0.67
500107192,06:00-08:00,5.25,2.83
500107192,08:00-10:00,7.87,8.56
500107192,10:00-12:00,8.37,8.8
500107192,12:00-14:00,9.46,9.48
500107192,14:00-16:00,7.2,8.93
500107192,16:00-18:00,10.94,9.5
500107192,18:00-20:00,14.03,13.94
500107192,20:00-22:00,7.2,10.07
500107192,22:00-24:00,7.03,7.24
500107193,00:00-02:00,0.08,0.75
500107193,02:00-04:00,0.25,0.17
500107193,04:00-06:00,0.42,0.33
500107193,06:00-08:00,1.5,1.67
500107193,08:00-10:00,2.41,1.58
500107193,10:00-12:00,2.42,1.92
500107193,12:00-14:00,2.83,2.08
500107193,14:00-16:00,4.18,2.26
500107193,16:00-18:00,2.0,2.67
500107193,18:00-20:00,1.83,2.25
500107193,20:00-22:00,1.5,2.33
500107193,22:00-24:00,0.67,2.18
500107194,00:00-02:00,3.67,2.52
500107194,02:00-04:00,1.33,1.16
500107194,04:00-06:00,1.33,0.7
500107194,06:00-08:00,2.92,1.67
500107194,08:00-10:00,7.55,4.92
500107194,10:00-12:00,8.28,5.67
500107194,12:00-14:00,7.49,6.98
500107194,14:00-16:00,8.97,4.6
500107194,16:00-18:00,7.25,7.92
500107194,18:00-20:00,5.54,6.33
500107194,20:00-22:00,5.38,5.92
500107194,22:00-24:00,3.18,6.77
500107195,00:00-02:00,0.17,0.67
500107195,02:00-04:00,0.0,0.17
500107195,04:00-06:00,0.17,0.08
500107195,06:00-08:00,0.75,1.08
500107195,08:00-10:00,3.83,4.17
500107195,10:00-12:00,4.33,2.42
500107195,12:00-14:00,4.16,4.07
500107195,14:00-16:00,3.76,4.98
500107195,16:00-18:00,4.85,4.0
500107195,18:00-20:00,4.09,3.1
500107195,20:00-22:00,2.5,3.97
500107195,22:00-24:00,0.75,1.09
500107196,00:00-02:00,0.68,0.33
500107196,02:00-04:00,0.4,0.25
500107196,04:00-06:00,0.27,0.83
500107196,06:00-08:00,0.52,1.75
500107196,08:00-10:00,1.92,0.33
500107196,10:00-12:00,2.83,1.42
500107196,12:00-14:00,3.16,1.58
500107196,14:00-16:00,2.48,1.59
500107196,16:00-18:00,3.28,3.25
500107196,18:00-20:00,2.09,2.0
500107196,20:00-22:00,1.73,4.08
500107196,22:00-24:00,2.16,2.01
500107197,00:00-02:00,1.17,1.08
500107197,02:00-04:00,0.33,0.86
500107197,04:00-06:00,1.77,0.44
500107197,06:00-08:00,2.99,2.92
500107197,08:00-10:00,4.8,6.76
500107197,10:00-12:00,4.75,3.4
500107197,12:00-14:00,3.91,3.45
500107197,14:00-16:00,4.85,5.1
500107197,16:00-18:00,5.64,5.36
500107197,18:00-20:00,5.94,5.19
500107197,20:00-22:00,2.83,3.97
500107197,22:00-24:00,3.26,3.36
500107198,00:00-02:00,0.92,1.67
500107198,02:00-04:00,0.0,0.25
500107198,04:00-06:00,0.42,0.5
500107198,06:00-08:00,1.75,1.67
500107198,08:00-10:00,2.92,3.75
500107198,10:00-12:00,7.25,4.19
500107198,12:00-14:00,5.98,3.82
500107198,14:00-16:00,5.27,4.26
500107198,16:00-18:00,5.5,6.25
500107198,18:00-20:00,3.25,7.17
500107198,20:00-22:00,1.33,4.17
500107198,22:00-24:00,2.59,2.68
500107199,00:00-02:00,5.25,3.67
500107199,02:00-04:00,3.56,1.83
500107199,04:00-06:00,2.42,1.67
500107199,06:00-08:00,4.38,3.83
500107199,08:00-10:00,5.73,5.5
500107199,10:00-12:00,8.77,5.5
500107199,12:00-14:00,8.31,7.15
500107199,14:00-16:00,7.83,9.57
500107199,16:00-18:00,9.92,9.06
500107199,18:00-20:00,9.19,11.59
500107199,20:00-22:00,8.25,10.42
500107199,22:00-24:00,4.69,6.45
500107200,00:00-02:00,0.85,1.58
500107200,02:00-04:00,1.63,0.08
500107200,04:00-06:00,0.27,1.25
500107200,06:00-08:00,2.58,3.08
500107200,08:00-10:00,3.74,6.5
500107200,10:00-12:00,11.09,11.15
500107200,12:00-14:00,11.04,11.77
500107200,14:00-16:00,18.22,17.96
500107200,16:00-18:00,19.94,15.02
500107200,18:00-20:00,11.16,8.34
500107200,20:00-22:00,6.61,4.08
500107200,22:00-24:00,2.36,2.01
500107201,00:00-02:00,0.26,0.83
500107201,02:00-04:00,0.25,0.17
500107201,04:00-06:00,0.08,0.25
500107201,06:00-08:00,1.08,1.42
500107201,08:00-10:00,3.08,3.75
500107201,10:00-12:00,5.67,5.9
500107201,12:00-14:00,4.57,4.39
500107201,14:00-16:00,6.69,8.67
500107201,16:00-18:00,11.83,8.24
500107201,18:00-20:00,5.42,5.17
500107201,20:00-22:00,2.42,1.83
500107201,22:00-24:00,1.14,1.51
500107202,00:00-02:00,2.08,0.58
500107202,02:00-04:00,1.71,0.83
500107202,04:00-06:00,0.5,0.08
500107202,06:00-08:00,1.07,0.67
500107202,08:00-10:00,1.81,1.67
500107202,10:00-12:00,4.04,4.33
500107202,12:00-14:00,3.24,2.66
500107202,14:00-16:00,4.25,4.37
500107202,16:00-18:00,4.24,4.5
500107202,18:00-20:00,3.67,5.17
500107202,20:00-22:00,3.5,5.54
500107202,22:00-24:00,2.09,1.67
500107203,00:00-02:00,0.25,0.83
500107203,02:00-04:00,0.08,0.17
500107203,04:00-06:00,0.25,0.33
500107203,06:00-08:00,1.5,1.33
500107203,08:00-10:00,3.92,2.25
500107203,10:00-12:00,3.61,4.25
500107203,12:00-14:00,3.48,3.91
500107203,14:00-16:00,4.43,3.83
500107203,16:00-18:00,6.05,3.08
500107203,18:00-20:00,3.28,4.42
500107203,20:00-22:00,2.92,4.75
500107203,22:00-24:00,1.42,2.01
500107204,00:00-02:00,0.92,0.5
500107204,02:00-04:00,0.42,0.08
500107204,04:00-06:00,1.08,0.08
500107204,06:00-08:00,2.08,1.17
500107204,08:00-10:00,1.82,3.0
500107204,10:00-12:00,1.59,2.0
500107204,12:00-14:00,1.83,2.99
500107204,14:00-16:00,3.76,2.42
500107204,16:00-18:00,3.7,3.17
500107204,18:00-20:00,2.45,2.83
500107204,20:00-22:00,1.75,2.0
500107204,22:00-24:00,1.34,2.18
500107205,00:00-02:00,3.37,1.83
500107205,02:00-04:00,1.22,1.08
500107205,04:00-06:00,1.23,1.08
500107205,06:00-08:00,2.48,1.92
500107205,08:00-10:00,3.94,3.92
500107205,10:00-12:00,6.08,7.33
500107205,12:00-14:00,10.14,11.5
500107205,14:00-16:00,10.6,9.17
500107205,16:00-18:00,9.29,9.5
500107205,18:00-20:00,9.96,10.74
500107205,20:00-22:00,9.48,6.76
500107205,22:00-24:00,4.62,4.94
500107206,00:00-02:00,0.83,0.67
500107206,02:00-04:00,0.08,0.08
500107206,04:00-06:00,0.67,0.08
500107206,06:00-08:00,1.76,1.5
500107206,08:00-10:00,3.58,3.17
500107206,10:00-12:00,5.26,5.5
500107206,12:00-14:00,7.33,5.98
500107206,14:00-16:00,7.78,6.27
500107206,16:00-18:00,7.69,6.75
500107206,18:00-20:00,4.77,3.83
500107206,20:00-22:00,2.42,3.17
500107206,22:00-24:00,1.67,2.51
500108001,00:00-02:00,0.33,1.25
500108001,02:00-04:00,0.25,1.42
500108001,04:00-06:00,0.5,0.5
500108001,06:00-08:00,5.0,1.92
500108001,08:00-10:00,5.92,3.17
500108001,10:00-12:00,5.22,1.75
500108001,12:00-14:00,4.69,6.15
500108001,14:00-16:00,5.26,6.35
500108001,16:00-18:00,5.74,3.83
500108001,18:00-20:00,3.84,5.75
500108001,20:00-22:00,5.08,5.92
500108001,22:00-24:00,1.84,3.26
500108002,00:00-02:00,0.08,0.0
500108002,02:00-04:00,0.0,0.0
500108002,04:00-06:00,0.08,0.08
500108002,06:00-08:00,0.33,0.25
500108002,08:00-10:00,0.33,3.5
500108002,10:00-12:00,1.83,0.83
500108002,12:00-14:00,1.58,1.91
500108002,14:00-16:00,1.95,0.67
500108002,16:00-18:00,0.75,0.5
500108002,18:00-20:00,1.63,1.0
500108002,20:00-22:00,0.17,0.83
500108002,22:00-24:00,0.25,0.08
500108003,00:00-02:00,0.83,0.0
500108003,02:00-04:00,0.08,0.0
500108003,04:00-06:00,0.08,0.08
500108003,06:00-08:00,1.08,1.17
500108003,08:00-10:00,1.92,1.83
500108003,10:00-12:00,2.76,1.17
500108003,12:00-14:00,2.03,2.41
500108003,14:00-16:00,1.57,2.34
500108003,16:00-18:00,2.2,1.83
500108003,18:00-20:00,1.5,2.5
500108003,20:00-22:00,0.92,1.33
500108003,22:00-24:00,0.42,0.59
500108004,00:00-02:00,0.75,1.92
500108004,02:00-04:00,0.08,0.17
500108004,04:00-06:00,0.08,0.25
500108004,06:00-08:00,1.17,0.75
500108004,08:00-10:00,1.5,1.67
500108004,10:00-12:00,2.92,2.33
500108004,12:00-14:00,1.99,2.83
500108004,14:00-16:00,2.17,2.59
500108004,16:00-18:00,4.05,3.42
500108004,18:00-20:00,3.25,3.17
500108004,20:00-22:00,2.92,2.33
500108004,22:00-24:00,2.18,1.76
500108005,00:00-02:00,1.75,1.58
500108005,02:00-04:00,0.17,0.5
500108005,04:00-06:00,0.58,0.33
500108005,06:00-08:00,3.75,1.58
500108005,08:00-10:00,8.32,5.58
500108005,10:00-12:00,10.35,6.5
500108005,12:00-14:00,10.64,6.98
500108005,14:00-16:00,7.92,9.53
500108005,16:00-18:00,9.17,10.25
500108005,18:00-20:00,7.92,8.33
500108005,20:00-22:00,7.5,10.83
500108005,22:00-24:00,3.77,6.95
500108006,00:00-02:00,1.08,1.67
500108006,02:00-04:00,0.17,0.83
500108006,04:00-06:00,1.08,0.25
500108006,06:00-08:00,4.25,2.17
500108006,08:00-10:00,8.22,7.44
500108006,10:00-12:00,8.41,6.5
500108006,12:00-14:00,5.62,6.57
500108006,14:00-16:00,4.71,4.43
500108006,16:00-18:00,6.02,6.97
500108006,18:00-20:00,9.06,7.58
500108006,20:00-22:00,7.71,7.44
500108006,22:00-24:00,2.01,4.18
500108007,00:00-02:00,0.75,3.25
500108007,02:00-04:00,0.58,0.33
500108007,04:00-06:00,0.5,0.75
500108007,06:00-08:00,4.58,2.08
500108007,08:00-10:00,5.58,3.17
500108007,10:00-12:00,7.75,4.42
500108007,12:00-14:00,5.39,7.81
500108007,14:00-16:00,5.17,5.26
500108007,16:00-18:00,7.96,6.58
500108007,18:00-20:00,4.54,6.58
500108007,20:00-22:00,5.08,7.08
500108007,22:00-24:00,7.28,5.36
500108008,00:00-02:00,0.58,1.33
500108008,02:00-04:00,0.0,0.5
500108008,04:00-06:00,0.58,2.0
500108008,06:00-08:00,4.17,1.58
500108008,08:00-10:00,5.74,7.58
500108008,10:00-12:00,7.08,7.08
500108008,12:00-14:00,8.23,6.32
500108008,14:00-16:00,7.23,6.43
500108008,16:00-18:00,7.78,8.42
500108008,18:00-20:00,7.42,8.08
500108008,20:00-22:00,6.92,8.25
500108008,22:00-24:00,2.09,4.02
500108009,00:00-02:00,0.0,0.58
500108009,02:00-04:00,0.25,0.0
500108009,04:00-06:00,0.25,1.83
500108009,06:00-08:00,1.57,0.33
500108009,08:00-10:00,4.65,5.33
500108009,10:00-12:00,3.75,3.0
500108009,12:00-14:00,3.41,2.16
500108009,14:00-16:00,2.17,1.92
500108009,16:00-18:00,3.04,2.25
500108009,18:00-20:00,2.34,2.75
500108009,20:00-22:00,1.33,2.0
500108009,22:00-24:00,1.09,2.34
500108010,00:00-02:00,0.08,0.42
500108010,02:00-04:00,0.08,0.08
500108010,04:00-06:00,0.5,0.26
500108010,06:00-08:00,2.25,1.45
500108010,08:00-10:00,4.67,4.44
500108010,10:00-12:00,4.21,3.76
500108010,12:00-14:00,3.87,3.16
500108010,14:00-16:00,3.76,2.13
500108010,16:00-18:00,4.54,3.0
500108010,18:00-20:00,2.47,2.67
500108010,20:00-22:00,1.82,3.42
500108010,22:00-24:00,0.25,1.76
500108011,00:00-02:00,0.58,1.14
500108011,02:00-04:00,0.17,1.75
500108011,04:00-06:00,0.5,0.33
500108011,06:00-08:00,5.58,2.13
500108011,08:00-10:00,9.08,5.75
500108011,10:00-12:00,11.98,6.5
500108011,12:00-14:00,8.51,5.73
500108011,14:00-16:00,9.31,6.1
500108011,16:00-18:00,9.62,6.83
500108011,18:00-20:00,7.1,7.0
500108011,20:00-22:00,3.0,6.0
500108011,22:00-24:00,1.67,5.13
500108012,00:00-02:00,0.25,1.17
500108012,02:00-04:00,0.0,0.17
500108012,04:00-06:00,0.67,0.5
500108012,06:00-08:00,2.67,1.33
500108012,08:00-10:00,3.47,3.08
500108012,10:00-12:00,4.88,5.17
500108012,12:00-14:00,4.31,3.32
500108012,14:00-16:00,3.2,3.09
500108012,16:00-18:00,4.38,3.83
500108012,18:00-20:00,3.51,3.17
500108012,20:00-22:00,1.5,1.58
500108012,22:00-24:00,1.11,2.18
500108013,00:00-02:00,0.08,1.25
500108013,02:00-04:00,0.0,0.08
500108013,04:00-06:00,0.25,1.08
500108013,06:00-08:00,2.25,0.58
500108013,08:00-10:00,4.2,2.75
500108013,10:00-12:00,4.67,3.67
500108013,12:00-14:00,3.07,2.58
500108013,14:00-16:00,3.74,2.09
500108013,16:00-18:00,2.82,3.0
500108013,18:00-20:00,2.1,1.67
500108013,20:00-22:00,2.09,3.33
500108013,22:00-24:00,0.75,2.18
500108014,00:00-02:00,0.36,0.33
500108014,02:00-04:00,0.17,0.08
500108014,04:00-06:00,0.58,0.33
500108014,06:00-08:00,0.83,2.83
500108014,08:00-10:00,2.0,2.58
500108014,10:00-12:00,2.0,2.92
500108014,12:00-14:00,2.58,2.83
500108014,14:00-16:00,2.17,4.56
500108014,16:00-18:00,2.42,4.07
500108014,18:00-20:00,3.33,2.82
500108014,20:00-22:00,3.0,1.8
500108014,22:00-24:00,3.6,0.42
500108015,00:00-02:00,2.56,2.08
500108015,02:00-04:00,0.0,0.33
500108015,04:00-06:00,1.92,0.67
500108015,06:00-08:00,3.28,2.58
500108015,08:00-10:00,7.41,6.58
500108015,10:00-12:00,7.03,10.21
500108015,12:00-14:00,9.06,9.17
500108015,14:00-16:00,7.75,6.01
500108015,16:00-18:00,6.84,9.08
500108015,18:00-20:00,9.15,7.42
500108015,20:00-22:00,6.85,6.17
500108015,22:00-24:00,3.82,4.18
500108016,00:00-02:00,1.03,1.58
500108016,02:00-04:00,0.89,0.75
500108016,04:00-06:00,0.83,0.33
500108016,06:00-08:00,2.92,5.0
500108016,08:00-10:00,6.08,5.5
500108016,10:00-12:00,6.83,6.92
500108016,12:00-14:00,7.99,8.14
500108016,14:00-16:00,5.95,8.44
500108016,16:00-18:00,9.0,8.92
500108016,18:00-20:00,8.72,4.83
500108016,20:00-22:00,6.0,4.17
500108016,22:00-24:00,2.9,1.67
500108018,00:00-02:00,0.5,0.5
500108018,02:00-04:00,0.5,0.33
500108018,04:00-06:00,0.33,0.08
500108018,06:00-08:00,2.25,1.5
500108018,08:00-10:00,3.25,4.42
500108018,10:00-12:00,5.94,5.33
500108018,12:00-14:00,5.75,4.82
500108018,14:00-16:00,3.94,3.43
500108018,16:00-18:00,4.74,5.33
500108018,18:00-20:00,5.08,6.92
500108018,20:00-22:00,4.5,4.08
500108018,22:00-24:00,2.26,2.46
500108019,00:00-02:00,0.25,0.42
500108019,02:00-04:00,0.5,0.33
500108019,04:00-06:00,0.92,0.0
500108019,06:00-08:00,3.46,0.75
500108019,08:00-10:00,3.12,3.42
500108019,10:00-12:00,2.87,2.83
500108019,12:00-14:00,4.34,3.74
500108019,14:00-16:00,3.5,2.76
500108019,16:00-18:00,2.68,4.75
500108019,18:00-20:00,3.33,4.0
500108019,20:00-22:00,3.0,2.08
500108019,22:00-24:00,0.92,1.59
500108020,00:00-02:00,1.4,1.58
500108020,02:00-04:00,0.0,0.5
500108020,04:00-06:00,0.67,2.0
500108020,06:00-08:00,4.33,6.25
500108020,08:00-10:00,7.25,9.87
500108020,10:00-12:00,7.75,9.38
500108020,12:00-14:00,8.06,9.4
500108020,14:00-16:00,7.94,7.32
500108020,16:00-18:00,8.58,10.86
500108020,18:00-20:00,9.92,8.62
500108020,20:00-22:00,10.26,6.92
500108020,22:00-24:00,5.2,2.68
500108021,00:00-02:00,1.26,1.83
500108021,02:00-04:00,0.17,1.33
500108021,04:00-06:00,0.68,2.92
500108021,06:00-08:00,4.92,4.25
500108021,08:00-10:00,7.23,4.42
500108021,10:00-12:00,4.66,7.34
500108021,12:00-14:00,7.73,8.98
500108021,14:00-16:00,7.1,5.68
500108021,16:00-18:00,6.5,6.75
500108021,18:00-20:00,8.56,7.25
500108021,20:00-22:00,7.26,4.75
500108021,22:00-24:00,4.58,4.85
500108022,00:00-02:00,0.18,0.58
500108022,02:00-04:00,0.35,0.5
500108022,04:00-06:00,2.25,1.17
500108022,06:00-08:00,1.25,2.83
500108022,08:00-10:00,1.25,5.0
500108022,10:00-12:00,2.92,4.67
500108022,12:00-14:00,2.74,5.07
500108022,14:00-16:00,7.1,5.26
500108022,16:00-18:00,4.42,3.42
500108022,18:00-20:00,5.25,3.67
500108022,20:00-22:00,2.17,1.67
500108022,22:00-24:00,3.6,1.26
500108023,00:00-02:00,1.58,2.17
500108023,02:00-04:00,1.08,0.43
500108023,04:00-06:00,0.75,0.42
500108023,06:00-08:00,5.68,3.55
500108023,08:00-10:00,8.29,11.83
500108023,10:00-12:00,11.25,9.56
500108023,12:00-14:00,9.03,11.43
500108023,14:00-16:00,11.28,7.58
500108023,16:00-18:00,10.03,10.1
500108023,18:00-20:00,10.31,10.73
500108023,20:00-22:00,8.33,9.67
500108023,22:00-24:00,6.11,6.33
500108024,00:00-02:00,0.25,0.67
500108024,02:00-04:00,0.08,0.0
500108024,04:00-06:00,0.92,0.0
500108024,06:00-08:00,2.42,1.5
500108024,08:00-10:00,4.83,6.74
500108024,10:00-12:00,7.93,3.17
500108024,12:00-14:00,3.65,3.49
500108024,14:00-16:00,3.99,3.84
500108024,16:00-18:00,3.57,3.67
500108024,18:00-20:00,5.22,4.92
500108024,20:00-22:00,2.92,6.33
500108024,22:00-24:00,4.35,4.58
500108025,00:00-02:00,1.66,2.33
500108025,02:00-04:00,0.19,0.67
500108025,04:00-06:00,0.67,0.58
500108025,06:00-08:00,2.5,6.67
500108025,08:00-10:00,11.17,10.83
500108025,10:00-12:00,8.5,13.33
500108025,12:00-14:00,11.47,12.36
500108025,14:00-16:00,12.12,10.11
500108025,16:00-18:00,11.92,11.67
500108025,18:00-20:00,11.83,9.42
500108025,20:00-22:00,10.8,3.17
500108025,22:00-24:00,5.1,2.51
500108026,00:00-02:00,0.75,0.95
500108026,02:00-04:00,0.0,0.0
500108026,04:00-06:00,0.92,0.42
500108026,06:00-08:00,8.0,1.42
500108026,08:00-10:00,9.78,8.57
500108026,10:00-12:00,8.79,5.0
500108026,12:00-14:00,6.64,6.07
500108026,14:00-16:00,6.75,5.01
500108026,16:00-18:00,6.03,7.08
500108026,18:00-20:00,6.25,9.75
500108026,20:00-22:00,5.92,6.83
500108026,22:00-24:00,1.0,3.26
500108027,00:00-02:00,0.5,1.75
500108027,02:00-04:00,0.25,0.25
500108027,04:00-06:00,1.58,1.33
500108027,06:00-08:00,5.0,2.5
500108027,08:00-10:00,12.85,10.45
500108027,10:00-12:00,10.92,6.42
500108027,12:00-14:00,10.06,8.64
500108027,14:00-16:00,9.09,9.11
500108027,16:00-18:00,10.84,9.67
500108027,18:00-20:00,8.31,11.58
500108027,20:00-22:00,11.25,12.25
500108027,22:00-24:00,1.92,5.77
500108028,00:00-02:00,1.98,3.33
500108028,02:00-04:00,0.08,1.67
500108028,04:00-06:00,0.08,2.25
500108028,06:00-08:00,6.5,9.75
500108028,08:00-10:00,10.25,15.62
500108028,10:00-12:00,10.33,14.7
500108028,12:00-14:00,13.88,15.26
500108028,14:00-16:00,17.8,12.51
500108028,16:00-18:00,19.33,12.25
500108028,18:00-20:00,14.6,9.25
500108028,20:00-22:00,11.89,9.75
500108028,22:00-24:00,9.65,7.62
500108029,00:00-02:00,0.25,0.67
500108029,02:00-04:00,0.08,0.33
500108029,04:00-06:00,0.0,0.0
500108029,06:00-08:00,1.42,0.83
500108029,08:00-10:00,3.42,2.67
500108029,10:00-12:00,2.92,1.83
500108029,12:00-14:00,3.23,2.99
500108029,14:00-16:00,1.97,2.76
500108029,16:00-18:00,3.25,2.92
500108029,18:00-20:00,2.25,2.0
500108029,20:00-22:00,1.58,2.75
500108029,22:00-24:00,1.76,1.09
500108030,00:00-02:00,0.58,1.04
500108030,02:00-04:00,0.33,0.0
500108030,04:00-06:00,0.08,0.17
500108030,06:00-08:00,2.83,0.83
500108030,08:00-10:00,3.1,2.25
500108030,10:00-12:00,3.19,2.17
500108030,12:00-14:00,2.91,3.41
500108030,14:00-16:00,4.0,3.22
500108030,16:00-18:00,4.08,3.92
500108030,18:00-20:00,4.98,5.33
500108030,20:00-22:00,4.49,4.35
500108030,22:00-24:00,1.84,2.76
500108031,00:00-02:00,1.14,2.67
500108031,02:00-04:00,0.33,0.42
500108031,04:00-06:00,0.92,1.25
500108031,06:00-08:00,2.33,2.52
500108031,08:00-10:00,7.36,6.29
500108031,10:00-12:00,8.95,8.09
500108031,12:00-14:00,7.95,9.41
500108031,14:00-16:00,7.32,7.57
500108031,16:00-18:00,8.14,7.37
500108031,18:00-20:00,8.16,7.58
500108031,20:00-22:00,6.49,5.33
500108031,22:00-24:00,3.31,3.74
500108032,00:00-02:00,1.42,1.35
500108032,02:00-04:00,0.53,0.83
500108032,04:00-06:00,0.33,0.5
500108032,06:00-08:00,2.81,1.75
500108032,08:00-10:00,4.8,5.42
500108032,10:00-12:00,6.15,5.81
500108032,12:00-14:00,6.42,4.9
500108032,14:00-16:00,4.31,3.76
500108032,16:00-18:00,5.61,5.53
500108032,18:00-20:00,4.39,5.39
500108032,20:00-22:00,4.09,3.0
500108032,22:00-24:00,2.16,3.35
500108033,00:00-02:00,0.83,1.75
500108033,02:00-04:00,0.0,0.33
500108033,04:00-06:00,1.67,0.17
500108033,06:00-08:00,6.58,1.75
500108033,08:00-10:00,10.59,6.0
500108033,10:00-12:00,10.4,7.5
500108033,12:00-14:00,9.8,8.48
500108033,14:00-16:00,7.95,6.77
500108033,16:00-18:00,7.38,9.17
500108033,18:00-20:00,5.27,9.25
500108033,20:00-22:00,7.0,9.0
500108033,22:00-24:00,2.43,4.69
500108035,00:00-02:00,0.33,1.0
500108035,02:00-04:00,0.5,0.34
500108035,04:00-06:00,0.25,0.5
500108035,06:00-08:00,1.33,0.58
500108035,08:00-10:00,3.88,1.5
500108035,10:00-12:00,3.92,1.42
500108035,12:00-14:00,1.66,2.08
500108035,14:00-16:00,2.45,3.26
500108035,16:00-18:00,2.58,2.42
500108035,18:00-20:00,3.33,3.0
500108035,20:00-22:00,1.15,2.92
500108035,22:00-24:00,1.17,1.59
500108036,00:00-02:00,0.17,0.33
500108036,02:00-04:00,0.0,0.75
500108036,04:00-06:00,0.08,2.5
500108036,06:00-08:00,0.67,0.08
500108036,08:00-10:00,1.33,0.5
500108036,10:00-12:00,1.33,4.17
500108036,12:00-14:00,2.49,2.16
500108036,14:00-16:00,2.17,0.75
500108036,16:00-18:00,2.17,1.08
500108036,18:00-20:00,1.08,1.0
500108036,20:00-22:00,1.17,1.0
500108036,22:00-24:00,0.17,0.33
500108037,00:00-02:00,0.5,1.25
500108037,02:00-04:00,0.67,0.09
500108037,04:00-06:00,0.75,0.08
500108037,06:00-08:00,1.75,1.08
500108037,08:00-10:00,2.5,1.92
500108037,10:00-12:00,1.81,1.83
500108037,12:00-14:00,2.3,1.83
500108037,14:00-16:00,2.09,2.42
500108037,16:00-18:00,3.58,2.67
500108037,18:00-20:00,2.45,3.42
500108037,20:00-22:00,1.86,3.33
500108037,22:00-24:00,2.51,2.95
500108038,00:00-02:00,1.5,1.58
500108038,02:00-04:00,0.08,0.17
500108038,04:00-06:00,1.5,0.08
500108038,06:00-08:00,3.33,2.08
500108038,08:00-10:00,5.67,4.25
500108038,10:00-12:00,4.76,3.83
500108038,12:00-14:00,4.67,3.91
500108038,14:00-16:00,5.94,5.77
500108038,16:00-18:00,7.44,9.66
500108038,18:00-20:00,9.21,7.08
500108038,20:00-22:00,4.39,6.58
500108038,22:00-24:00,2.69,4.18
500108039,00:00-02:00,0.17,1.33
500108039,02:00-04:00,0.08,0.25
500108039,04:00-06:00,0.0,0.08
500108039,06:00-08:00,0.67,1.5
500108039,08:00-10:00,2.33,3.58
500108039,10:00-12:00,3.19,3.1
500108039,12:00-14:00,3.84,1.5
500108039,14:00-16:00,2.02,3.68
500108039,16:00-18:00,4.38,2.33
500108039,18:00-20:00,2.77,2.33
500108039,20:00-22:00,1.68,2.08
500108039,22:00-24:00,1.17,0.75
500108040,00:00-02:00,0.25,0.83
500108040,02:00-04:00,0.08,0.58
500108040,04:00-06:00,0.58,0.17
500108040,06:00-08:00,2.17,1.17
500108040,08:00-10:00,1.75,2.25
500108040,10:00-12:00,3.42,2.33
500108040,12:00-14:00,2.02,2.08
500108040,14:00-16:00,1.92,1.59
500108040,16:00-18:00,1.65,3.0
500108040,18:00-20:00,1.26,1.35
500108040,20:00-22:00,1.76,1.99
500108040,22:00-24:00,1.34,1.24
500108041,00:00-02:00,0.25,0.33
500108041,02:00-04:00,0.0,0.0
500108041,04:00-06:00,0.0,0.0
500108041,06:00-08:00,0.59,1.0
500108041,08:00-10:00,1.25,1.0
500108041,10:00-12:00,0.97,1.0
500108041,12:00-14:00,1.63,1.08
500108041,14:00-16:00,2.33,2.76
500108041,16:00-18:00,3.49,3.17
500108041,18:00-20:00,2.78,2.75
500108041,20:00-22:00,1.42,2.08
500108041,22:00-24:00,0.92,0.5
500108043,00:00-02:00,0.5,0.67
500108043,02:00-04:00,0.42,0.0
500108043,04:00-06:00,0.5,0.42
500108043,06:00-08:00,2.0,3.17
500108043,08:00-10:00,3.5,2.33
500108043,10:00-12:00,2.25,3.08
500108043,12:00-14:00,2.91,2.41
500108043,14:00-16:00,3.01,2.76
500108043,16:00-18:00,4.5,4.17
500108043,18:00-20:00,3.08,3.75
500108043,20:00-22:00,2.83,3.08
500108043,22:00-24:00,0.92,1.26
500108044,00:00-02:00,1.25,1.0
500108044,02:00-04:00,0.17,0.42
500108044,04:00-06:00,1.08,0.08
500108044,06:00-08:00,1.75,1.5
500108044,08:00-10:00,3.67,2.5
500108044,10:00-12:00,3.33,1.83
500108044,12:00-14:00,3.18,3.82
500108044,14:00-16:00,4.18,3.26
500108044,16:00-18:00,5.25,6.75
500108044,18:00-20:00,5.17,5.92
500108044,20:00-22:00,2.25,4.33
500108044,22:00-24:00,0.92,3.26
500108045,00:00-02:00,0.17,1.42
500108045,02:00-04:00,0.25,0.5
500108045,04:00-06:00,0.25,0.17
500108045,06:00-08:00,3.49,1.67
500108045,08:00-10:00,2.02,2.0
500108045,10:00-12:00,2.33,0.5
500108045,12:00-14:00,2.74,2.24
500108045,14:00-16:00,2.01,3.84
500108045,16:00-18:00,4.44,4.42
500108045,18:00-20:00,4.42,3.58
500108045,20:00-22:00,2.33,3.08
500108045,22:00-24:00,0.59,2.26
500108046,00:00-02:00,0.17,0.0
500108046,02:00-04:00,0.08,0.0
500108046,04:00-06:00,0.33,0.17
500108046,06:00-08:00,1.0,0.33
500108046,08:00-10:00,0.92,1.5
500108046,10:00-12:00,1.5,2.67
500108046,12:00-14:00,1.75,0.58
500108046,14:00-16:00,2.17,3.18
500108046,16:00-18:00,2.0,1.08
500108046,18:00-20:00,1.75,2.08
500108046,20:00-22:00,1.58,0.33
500108046,22:00-24:00,0.33,2.34
500108047,00:00-02:00,1.08,1.25
500108047,02:00-04:00,0.08,0.0
500108047,04:00-06:00,1.67,0.33
500108047,06:00-08:00,1.58,0.75
500108047,08:00-10:00,4.39,1.92
500108047,10:00-12:00,3.87,3.67
500108047,12:00-14:00,4.07,3.49
500108047,14:00-16:00,2.26,3.34
500108047,16:00-18:00,4.42,3.67
500108047,18:00-20:00,2.92,3.75
500108047,20:00-22:00,1.92,4.42
500108047,22:00-24:00,0.42,1.76
500108048,00:00-02:00,0.08,0.0
500108048,02:00-04:00,0.0,0.08
500108048,04:00-06:00,0.0,0.67
500108048,06:00-08:00,0.42,0.75
500108048,08:00-10:00,0.5,0.67
500108048,10:00-12:00,0.58,0.83
500108048,12:00-14:00,0.42,0.42
500108048,14:00-16:00,0.42,0.33
500108048,16:00-18:00,0.83,0.5
500108048,18:00-20:00,0.58,0.25
500108048,20:00-22:00,0.67,0.5
500108048,22:00-24:00,0.42,0.08
500108049,00:00-02:00,0.17,1.67
500108049,02:00-04:00,0.0,0.08
500108049,04:00-06:00,0.75,0.0
500108049,06:00-08:00,6.17,0.42
500108049,08:00-10:00,3.83,1.08
500108049,10:00-12:00,4.5,5.33
500108049,12:00-14:00,2.91,1.66
500108049,14:00-16:00,3.84,4.93
500108049,16:00-18:00,3.67,3.83
500108049,18:00-20:00,4.75,2.67
500108049,20:00-22:00,1.67,5.5
500108049,22:00-24:00,0.67,6.61
500108050,00:00-02:00,0.1,0.17
500108050,02:00-04:00,0.0,0.33
500108050,04:00-06:00,0.08,0.75
500108050,06:00-08:00,0.25,1.75
500108050,08:00-10:00,3.78,3.79
500108050,10:00-12:00,5.8,7.25
500108050,12:00-14:00,2.99,4.49
500108050,14:00-16:00,2.51,3.76
500108050,16:00-18:00,2.83,2.32
500108050,18:00-20:00,3.14,3.82
500108050,20:00-22:00,4.17,0.85
500108050,22:00-24:00,1.94,0.42
500108051,00:00-02:00,0.25,0.5
500108051,02:00-04:00,0.0,0.08
500108051,04:00-06:00,0.17,0.08
500108051,06:00-08:00,2.17,0.25
500108051,08:00-10:00,2.75,1.42
500108051,10:00-12:00,2.42,2.83
500108051,12:00-14:00,1.91,1.75
500108051,14:00-16:00,2.92,2.34
500108051,16:00-18:00,1.75,2.75
500108051,18:00-20:00,1.17,1.92
500108051,20:00-22:00,1.67,1.92
500108051,22:00-24:00,0.59,0.42
500108052,00:00-02:00,1.25,0.25
500108052,02:00-04:00,0.08,0.5
500108052,04:00-06:00,0.08,0.08
500108052,06:00-08:00,1.17,0.67
500108052,08:00-10:00,1.92,1.25
500108052,10:00-12:00,1.75,1.0
500108052,12:00-14:00,3.09,2.16
500108052,14:00-16:00,4.11,2.84
500108052,16:00-18:00,4.69,8.67
500108052,18:00-20:00,5.33,5.84
500108052,20:00-22:00,4.92,3.34
500108052,22:00-24:00,2.39,3.01
500108054,00:00-02:00,1.75,1.58
500108054,02:00-04:00,0.25,0.67
500108054,04:00-06:00,1.17,0.92
500108054,06:00-08:00,2.08,5.83
500108054,08:00-10:00,5.0,4.5
500108054,10:00-12:00,5.75,4.33
500108054,12:00-14:00,4.9,5.24
500108054,14:00-16:00,4.35,4.68
500108054,16:00-18:00,8.33,3.75
500108054,18:00-20:00,5.67,5.75
500108054,20:00-22:00,4.25,4.42
500108054,22:00-24:00,2.43,2.09
500108055,00:00-02:00,3.33,1.5
500108055,02:00-04:00,0.33,0.42
500108055,04:00-06:00,1.0,0.5
500108055,06:00-08:00,2.33,2.58
500108055,08:00-10:00,3.58,5.0
500108055,10:00-12:00,5.67,5.0
500108055,12:00-14:00,5.57,5.24
500108055,14:00-16:00,5.01,4.93
500108055,16:00-18:00,5.5,5.58
500108055,18:00-20:00,5.08,5.75
500108055,20:00-22:00,4.08,3.83
500108055,22:00-24:00,2.18,3.35
500108056,00:00-02:00,0.43,1.33
500108056,02:00-04:00,0.08,0.92
500108056,04:00-06:00,0.25,0.42
500108056,06:00-08:00,1.33,2.25
500108056,08:00-10:00,4.33,5.0
500108056,10:00-12:00,4.19,3.42
500108056,12:00-14:00,4.0,4.49
500108056,14:00-16:00,6.27,5.6
500108056,16:00-18:00,7.35,5.08
500108056,18:00-20:00,4.54,7.17
500108056,20:00-22:00,4.5,3.08
500108056,22:00-24:00,2.21,1.26
500108057,00:00-02:00,1.83,1.58
500108057,02:00-04:00,0.42,0.67
500108057,04:00-06:00,0.5,0.67
500108057,06:00-08:00,3.92,5.5
500108057,08:00-10:00,7.08,8.0
500108057,10:00-12:00,6.08,9.67
500108057,12:00-14:00,8.14,11.75
500108057,14:00-16:00,5.1,6.43
500108057,16:00-18:00,8.83,9.31
500108057,18:00-20:00,10.25,5.71
500108057,20:00-22:00,8.3,5.83
500108057,22:00-24:00,5.72,2.26
500108058,00:00-02:00,0.25,0.25
500108058,02:00-04:00,0.0,0.0
500108058,04:00-06:00,0.08,0.0
500108058,06:00-08:00,2.17,0.17
500108058,08:00-10:00,2.08,1.08
500108058,10:00-12:00,1.0,2.0
500108058,12:00-14:00,2.33,1.91
500108058,14:00-16:00,1.09,2.01
500108058,16:00-18:00,1.92,2.83
500108058,18:00-20:00,3.58,2.17
500108058,20:00-22:00,0.58,2.0
500108058,22:00-24:00,0.75,1.0
500108059,00:00-02:00,0.58,1.17
500108059,02:00-04:00,0.08,0.25
500108059,04:00-06:00,0.08,0.0
500108059,06:00-08:00,1.67,0.67
500108059,08:00-10:00,1.83,1.5
500108059,10:00-12:00,2.25,1.25
500108059,12:00-14:00,1.33,2.08
500108059,14:00-16:00,1.67,1.59
500108059,16:00-18:00,2.17,1.42
500108059,18:00-20:00,1.5,2.08
500108059,20:00-22:00,0.83,1.33
500108059,22:00-24:00,0.42,0.5
500108060,00:00-02:00,0.75,1.42
500108060,02:00-04:00,0.0,0.25
500108060,04:00-06:00,0.83,2.0
500108060,06:00-08:00,1.5,2.42
500108060,08:00-10:00,3.83,3.58
500108060,10:00-12:00,3.42,2.75
500108060,12:00-14:00,3.41,3.82
500108060,14:00-16:00,3.76,4.09
500108060,16:00-18:00,6.0,5.33
500108060,18:00-20:00,4.62,4.83
500108060,20:00-22:00,4.0,2.33
500108060,22:00-24:00,1.59,1.42
500108061,00:00-02:00,1.0,0.67
500108061,02:00-04:00,0.0,0.08
500108061,04:00-06:00,1.08,2.25
500108061,06:00-08:00,5.92,4.08
500108061,08:00-10:00,7.0,6.08
500108061,10:00-12:00,7.5,6.08
500108061,12:00-14:00,5.4,4.9
500108061,14:00-16:00,3.34,5.35
500108061,16:00-18:00,6.08,6.17
500108061,18:00-20:00,6.33,6.58
500108061,20:00-22:00,4.58,5.83
500108061,22:00-24:00,3.77,4.15
500108062,00:00-02:00,0.25,0.17
500108062,02:00-04:00,0.0,0.17
500108062,04:00-06:00,0.08,0.58
500108062,06:00-08:00,1.75,1.58
500108062,08:00-10:00,3.58,3.25
500108062,10:00-12:00,2.92,2.25
500108062,12:00-14:00,3.57,2.74
500108062,14:00-16:00,3.49,2.76
500108062,16:00-18:00,2.35,3.58
500108062,18:00-20:00,3.42,4.33
500108062,20:00-22:00,4.64,2.58
500108062,22:00-24:00,0.42,1.34
500108063,00:00-02:00,0.83,0.58
500108063,02:00-04:00,0.25,0.08
500108063,04:00-06:00,0.92,1.08
500108063,06:00-08:00,2.33,1.92
500108063,08:00-10:00,6.45,5.25
500108063,10:00-12:00,7.35,6.25
500108063,12:00-14:00,7.71,5.98
500108063,14:00-16:00,4.78,4.36
500108063,16:00-18:00,5.64,5.5
500108063,18:00-20:00,6.62,7.16
500108063,20:00-22:00,4.75,4.78
500108063,22:00-24:00,2.11,2.79
500108064,00:00-02:00,1.46,1.58
500108064,02:00-04:00,0.33,0.58
500108064,04:00-06:00,0.67,0.17
500108064,06:00-08:00,3.41,3.83
500108064,08:00-10:00,4.46,8.07
500108064,10:00-12:00,4.92,7.93
500108064,12:00-14:00,5.15,8.26
500108064,14:00-16:00,5.01,5.8
500108064,16:00-18:00,8.07,5.76
500108064,18:00-20:00,5.62,4.79
500108064,20:00-22:00,6.35,4.0
500108064,22:00-24:00,5.24,2.93
500108065,00:00-02:00,0.25,0.75
500108065,02:00-04:00,0.17,0.25
500108065,04:00-06:00,0.0,0.75
500108065,06:00-08:00,1.08,0.08
500108065,08:00-10:00,1.32,0.67
500108065,10:00-12:00,1.14,1.58
500108065,12:00-14:00,1.33,1.08
500108065,14:00-16:00,1.25,0.67
500108065,16:00-18:00,1.08,1.08
500108065,18:00-20:00,0.58,1.08
500108065,20:00-22:00,0.58,0.58
500108065,22:00-24:00,0.33,0.42
500108066,00:00-02:00,0.5,0.5
500108066,02:00-04:00,0.25,0.17
500108066,04:00-06:00,0.92,0.17
500108066,06:00-08:00,1.09,1.67
500108066,08:00-10:00,3.53,2.5
500108066,10:00-12:00,4.24,2.42
500108066,12:00-14:00,1.5,1.83
500108066,14:00-16:00,1.67,1.34
500108066,16:00-18:00,2.55,2.17
500108066,18:00-20:00,1.42,2.08
500108066,20:00-22:00,0.5,1.58
500108066,22:00-24:00,0.08,0.67
500108067,00:00-02:00,2.0,0.92
500108067,02:00-04:00,0.83,0.17
500108067,04:00-06:00,0.92,0.33
500108067,06:00-08:00,2.17,2.42
500108067,08:00-10:00,3.67,3.75
500108067,10:00-12:00,3.75,4.58
500108067,12:00-14:00,4.01,4.9
500108067,14:00-16:00,4.68,5.52
500108067,16:00-18:00,8.56,6.42
500108067,18:00-20:00,6.83,5.33
500108067,20:00-22:00,4.87,5.67
500108067,22:00-24:00,4.1,5.61
500108068,00:00-02:00,0.92,0.71
500108068,02:00-04:00,0.0,0.42
500108068,04:00-06:00,0.5,0.08
500108068,06:00-08:00,5.17,2.0
500108068,08:00-10:00,7.06,5.67
500108068,10:00-12:00,6.7,5.0
500108068,12:00-14:00,5.4,5.73
500108068,14:00-16:00,7.04,5.1
500108068,16:00-18:00,7.14,4.83
500108068,18:00-20:00,3.62,7.08
500108068,20:00-22:00,2.67,5.58
500108068,22:00-24:00,1.0,5.65
500108069,00:00-02:00,0.0,0.08
500108069,02:00-04:00,0.0,0.0
500108069,04:00-06:00,0.08,0.0
500108069,06:00-08:00,0.83,1.08
500108069,08:00-10:00,1.62,0.83
500108069,10:00-12:00,1.35,1.25
500108069,12:00-14:00,1.07,1.0
500108069,14:00-16:00,1.59,1.67
500108069,16:00-18:00,2.13,1.67
500108069,18:00-20:00,0.64,0.17
500108069,20:00-22:00,0.08,0.17
500108069,22:00-24:00,0.0,0.0
500108070,00:00-02:00,1.83,1.92
500108070,02:00-04:00,0.0,1.42
500108070,04:00-06:00,0.25,4.75
500108070,06:00-08:00,5.83,4.08
500108070,08:00-10:00,10.08,11.5
500108070,10:00-12:00,11.0,9.58
500108070,12:00-14:00,10.47,10.45
500108070,14:00-16:00,11.45,10.89
500108070,16:00-18:00,12.25,8.97
500108070,18:00-20:00,12.67,10.42
500108070,20:00-22:00,11.81,11.08
500108070,22:00-24:00,8.56,14.31
500108071,00:00-02:00,0.33,1.92
500108071,02:00-04:00,0.75,0.83
500108071,04:00-06:00,0.42,1.25
500108071,06:00-08:00,2.5,2.0
500108071,08:00-10:00,5.17,4.5
500108071,10:00-12:00,6.92,4.0
500108071,12:00-14:00,5.07,3.99
500108071,14:00-16:00,4.68,5.1
500108071,16:00-18:00,5.75,6.83
500108071,18:00-20:00,3.42,3.67
500108071,20:00-22:00,2.42,3.33
500108071,22:00-24:00,1.26,2.85
500108072,00:00-02:00,0.17,0.5
500108072,02:00-04:00,0.0,0.08
500108072,04:00-06:00,0.17,0.08
500108072,06:00-08:00,1.17,0.83
500108072,08:00-10:00,0.58,0.92
500108072,10:00-12:00,1.08,0.92
500108072,12:00-14:00,1.0,0.75
500108072,14:00-16:00,1.67,1.84
500108072,16:00-18:00,2.41,1.25
500108072,18:00-20:00,0.58,0.92
500108072,20:00-22:00,1.21,0.5
500108072,22:00-24:00,0.4,1.0
500108073,00:00-02:00,0.17,0.08
500108073,02:00-04:00,0.0,0.0
500108073,04:00-06:00,0.08,0.75
500108073,06:00-08:00,1.5,2.17
500108073,08:00-10:00,1.5,4.0
500108073,10:00-12:00,3.25,1.08
500108073,12:00-14:00,1.75,2.83
500108073,14:00-16:00,4.26,4.35
500108073,16:00-18:00,5.05,2.25
500108073,18:00-20:00,1.33,1.92
500108073,20:00-22:00,2.12,1.25
500108073,22:00-24:00,0.69,1.09
500108074,00:00-02:00,0.25,0.42
500108074,02:00-04:00,0.0,0.92
500108074,04:00-06:00,0.08,0.08
500108074,06:00-08:00,1.28,0.75
500108074,08:00-10:00,2.08,2.75
500108074,10:00-12:00,3.58,2.58
500108074,12:00-14:00,3.59,4.24
500108074,14:00-16:00,2.67,2.67
500108074,16:00-18:00,3.58,3.08
500108074,18:00-20:00,2.43,2.67
500108074,20:00-22:00,1.25,1.58
500108074,22:00-24:00,1.01,0.75
500108075,00:00-02:00,0.58,0.67
500108075,02:00-04:00,0.0,0.08
500108075,04:00-06:00,0.0,0.0
500108075,06:00-08:00,0.58,0.67
500108075,08:00-10:00,2.0,2.0
500108075,10:00-12:00,2.94,2.83
500108075,12:00-14:00,4.75,3.67
500108075,14:00-16:00,2.25,2.17
500108075,16:00-18:00,2.28,1.17
500108075,18:00-20:00,1.69,3.33
500108075,20:00-22:00,2.42,1.33
500108075,22:00-24:00,0.84,0.84
500108076,00:00-02:00,0.25,0.75
500108076,02:00-04:00,1.83,0.25
500108076,04:00-06:00,0.58,0.0
500108076,06:00-08:00,3.0,1.17
500108076,08:00-10:00,3.22,2.83
500108076,10:00-12:00,2.83,4.0
500108076,12:00-14:00,5.6,5.32
500108076,14:00-16:00,5.35,5.43
500108076,16:00-18:00,5.27,5.92
500108076,18:00-20:00,6.5,6.42
500108076,20:00-22:00,4.27,5.76
500108076,22:00-24:00,2.51,1.96
500108077,00:00-02:00,0.17,1.17
500108077,02:00-04:00,0.0,0.42
500108077,04:00-06:00,0.17,1.42
500108077,06:00-08:00,1.42,0.92
500108077,08:00-10:00,1.92,1.5
500108077,10:00-12:00,2.08,0.92
500108077,12:00-14:00,2.08,2.08
500108077,14:00-16:00,2.34,1.25
500108077,16:00-18:00,2.7,2.25
500108077,18:00-20:00,1.0,1.83
500108077,20:00-22:00,2.25,1.0
500108077,22:00-24:00,0.59,1.42
500108078,00:00-02:00,0.92,0.42
500108078,02:00-04:00,0.0,0.17
500108078,04:00-06:00,0.33,0.25
500108078,06:00-08:00,0.83,1.17
500108078,08:00-10:00,1.67,1.75
500108078,10:00-12:00,1.33,1.25
500108078,12:00-14:00,2.99,1.83
500108078,14:00-16:00,2.01,1.75
500108078,16:00-18:00,3.33,3.75
500108078,18:00-20:00,2.5,2.92
500108078,20:00-22:00,2.08,2.17
500108078,22:00-24:00,0.33,0.17
500108079,00:00-02:00,0.0,0.42
500108079,02:00-04:00,0.0,0.0
500108079,04:00-06:00,0.17,0.42
500108079,06:00-08:00,1.5,0.17
500108079,08:00-10:00,1.59,0.42
500108079,10:00-12:00,1.03,1.67
500108079,12:00-14:00,2.13,1.75
500108079,14:00-16:00,1.0,2.17
500108079,16:00-18:00,2.79,1.67
500108079,18:00-20:00,1.51,2.08
500108079,20:00-22:00,1.14,1.83
500108079,22:00-24:00,1.0,0.79
500108081,00:00-02:00,1.45,2.92
500108081,02:00-04:00,0.42,1.5
500108081,04:00-06:00,1.08,0.75
500108081,06:00-08:00,5.08,8.33
500108081,08:00-10:00,11.08,13.98
500108081,10:00-12:00,13.58,12.89
500108081,12:00-14:00,15.23,10.3
500108081,14:00-16:00,9.48,7.1
500108081,16:00-18:00,9.58,9.75
500108081,18:00-20:00,8.08,10.17
500108081,20:00-22:00,9.14,6.5
500108081,22:00-24:00,4.11,4.02
500108082,00:00-02:00,1.83,1.75
500108082,02:00-04:00,0.17,0.58
500108082,04:00-06:00,0.58,1.58
500108082,06:00-08:00,8.67,10.92
500108082,08:00-10:00,18.8,17.38
500108082,10:00-12:00,17.68,19.67
500108082,12:00-14:00,18.67,19.12
500108082,14:00-16:00,15.38,14.64
500108082,16:00-18:00,14.7,17.67
500108082,18:00-20:00,18.75,17.33
500108082,20:00-22:00,17.07,9.5
500108082,22:00-24:00,6.48,3.26
500108083,00:00-02:00,2.66,0.67
500108083,02:00-04:00,0.08,0.17
500108083,04:00-06:00,0.25,0.33
500108083,06:00-08:00,1.17,2.42
500108083,08:00-10:00,2.33,4.92
500108083,10:00-12:00,3.0,4.0
500108083,12:00-14:00,6.15,4.99
500108083,14:00-16:00,7.32,4.01
500108083,16:00-18:00,5.0,5.33
500108083,18:00-20:00,3.5,4.0
500108083,20:00-22:00,2.68,2.75
500108083,22:00-24:00,2.01,1.51
500108084,00:00-02:00,1.58,1.25
500108084,02:00-04:00,0.08,0.08
500108084,04:00-06:00,0.83,0.58
500108084,06:00-08:00,1.5,5.5
500108084,08:00-10:00,1.83,4.33
500108084,10:00-12:00,3.17,2.67
500108084,12:00-14:00,3.66,3.74
500108084,14:00-16:00,3.77,4.09
500108084,16:00-18:00,4.1,2.83
500108084,18:00-20:00,3.0,3.5
500108084,20:00-22:00,2.58,0.83
500108084,22:00-24:00,3.51,1.09
500108085,00:00-02:00,0.79,1.58
500108085,02:00-04:00,0.08,0.33
500108085,04:00-06:00,1.25,1.67
500108085,06:00-08:00,2.67,1.17
500108085,08:00-10:00,5.26,4.0
500108085,10:00-12:00,4.15,3.0
500108085,12:00-14:00,4.48,3.07
500108085,14:00-16:00,3.04,3.18
500108085,16:00-18:00,3.35,4.5
500108085,18:00-20:00,3.58,2.92
500108085,20:00-22:00,2.83,2.58
500108085,22:00-24:00,2.76,2.59
500108086,00:00-02:00,0.17,1.08
500108086,02:00-04:00,0.33,0.08
500108086,04:00-06:00,0.75,0.33
500108086,06:00-08:00,3.33,0.75
500108086,08:00-10:00,3.67,5.17
500108086,10:00-12:00,5.75,5.58
500108086,12:00-14:00,5.65,4.9
500108086,14:00-16:00,3.34,3.43
500108086,16:00-18:00,4.47,5.08
500108086,18:00-20:00,5.33,4.5
500108086,20:00-22:00,3.5,3.92
500108086,22:00-24:00,0.84,1.59
500108087,00:00-02:00,0.0,0.0
500108087,02:00-04:00,0.0,0.0
500108087,04:00-06:00,0.0,0.0
500108087,06:00-08:00,0.88,0.62
500108087,08:00-10:00,2.25,0.13
500108087,10:00-12:00,1.63,0.75
500108087,12:00-14:00,0.75,1.49
500108087,14:00-16:00,1.58,1.51
500108087,16:00-18:00,0.76,1.0
500108087,18:00-20:00,0.44,1.0
500108087,20:00-22:00,0.38,1.0
500108087,22:00-24:00,0.13,0.38
500108088,00:00-02:00,0.92,1.01
500108088,02:00-04:00,0.17,0.42
500108088,04:00-06:00,0.17,0.17
500108088,06:00-08:00,2.75,1.0
500108088,08:00-10:00,5.67,3.75
500108088,10:00-12:00,5.92,4.08
500108088,12:00-14:00,5.15,4.9
500108088,14:00-16:00,3.68,3.84
500108088,16:00-18:00,4.7,4.5
500108088,18:00-20:00,3.18,3.92
500108088,20:00-22:00,1.33,4.58
500108088,22:00-24:00,1.17,2.95
500108089,00:00-02:00,0.25,0.5
500108089,02:00-04:00,0.58,0.0
500108089,04:00-06:00,0.25,0.67
500108089,06:00-08:00,2.5,3.78
500108089,08:00-10:00,6.42,6.13
500108089,10:00-12:00,8.17,6.08
500108089,12:00-14:00,5.13,5.57
500108089,14:00-16:00,2.92,2.42
500108089,16:00-18:00,5.0,4.42
500108089,18:00-20:00,3.83,6.17
500108089,20:00-22:00,2.67,4.84
500108089,22:00-24:00,1.0,1.77
500108090,00:00-02:00,0.08,0.0
500108090,02:00-04:00,0.08,0.0
500108090,04:00-06:00,0.75,0.0
500108090,06:00-08:00,0.33,0.25
500108090,08:00-10:00,0.25,0.5
500108090,10:00-12:00,0.25,0.33
500108090,12:00-14:00,0.75,0.83
500108090,14:00-16:00,0.42,0.84
500108090,16:00-18:00,1.08,0.75
500108090,18:00-20:00,0.25,0.75
500108090,20:00-22:00,1.0,0.5
500108090,22:00-24:00,0.55,0.67
500108091,00:00-02:00,0.17,0.58
500108091,02:00-04:00,0.0,0.08
500108091,04:00-06:00,1.42,0.17
500108091,06:00-08:00,1.85,0.75
500108091,08:00-10:00,2.39,0.83
500108091,10:00-12:00,0.95,3.08
500108091,12:00-14:00,2.05,1.91
500108091,14:00-16:00,2.09,1.25
500108091,16:00-18:00,1.92,2.42
500108091,18:00-20:00,1.75,2.25
500108091,20:00-22:00,1.58,1.58
500108091,22:00-24:00,0.8,1.67
500108092,00:00-02:00,0.17,0.0
500108092,02:00-04:00,0.08,0.5
500108092,04:00-06:00,0.0,0.58
500108092,06:00-08:00,2.17,3.08
500108092,08:00-10:00,1.75,3.25
500108092,10:00-12:00,2.25,2.5
500108092,12:00-14:00,2.91,1.75
500108092,14:00-16:00,2.34,2.67
500108092,16:00-18:00,3.25,2.75
500108092,18:00-20:00,2.58,2.17
500108092,20:00-22:00,1.83,1.0
500108092,22:00-24:00,1.38,0.0
500108093,00:00-02:00,0.42,0.0
500108093,02:00-04:00,0.5,0.0
500108093,04:00-06:00,0.67,0.5
500108093,06:00-08:00,0.17,2.33
500108093,08:00-10:00,0.25,1.67
500108093,10:00-12:00,1.25,1.83
500108093,12:00-14:00,0.75,1.93
500108093,14:00-16:00,1.67,0.67
500108093,16:00-18:00,2.67,0.83
500108093,18:00-20:00,0.83,0.17
500108093,20:00-22:00,0.58,0.17
500108093,22:00-24:00,0.5,0.08
500108094,00:00-02:00,0.37,0.92
500108094,02:00-04:00,0.27,0.83
500108094,04:00-06:00,0.17,0.83
500108094,06:00-08:00,2.74,1.33
500108094,08:00-10:00,5.29,7.01
500108094,10:00-12:00,7.12,7.36
500108094,12:00-14:00,6.82,6.15
500108094,14:00-16:00,6.34,4.95
500108094,16:00-18:00,6.47,5.75
500108094,18:00-20:00,4.98,4.33
500108094,20:00-22:00,5.25,2.5
500108094,22:00-24:00,1.98,2.09
500108095,00:00-02:00,0.17,0.25
500108095,02:00-04:00,0.17,1.58
500108095,04:00-06:00,0.08,0.0
500108095,06:00-08:00,1.42,0.08
500108095,08:00-10:00,1.75,1.58
500108095,10:00-12:00,2.42,1.33
500108095,12:00-14:00,2.16,3.57
500108095,14:00-16:00,2.17,2.76
500108095,16:00-18:00,3.17,1.17
500108095,18:00-20:00,2.33,2.58
500108095,20:00-22:00,1.25,1.08
500108095,22:00-24:00,1.17,0.75
500108096,00:00-02:00,1.35,1.5
500108096,02:00-04:00,0.67,0.92
500108096,04:00-06:00,0.0,0.17
500108096,06:00-08:00,2.54,1.83
500108096,08:00-10:00,3.96,4.86
500108096,10:00-12:00,3.25,3.42
500108096,12:00-14:00,3.32,3.62
500108096,14:00-16:00,3.11,2.88
500108096,16:00-18:00,7.36,4.0
500108096,18:00-20:00,3.25,5.17
500108096,20:00-22:00,2.17,2.5
500108096,22:00-24:00,2.25,1.09
500108097,00:00-02:00,0.17,0.0
500108097,02:00-04:00,0.08,0.08
500108097,04:00-06:00,0.08,0.0
500108097,06:00-08:00,0.17,0.08
500108097,08:00-10:00,1.08,0.17
500108097,10:00-12:00,0.89,0.67
500108097,12:00-14:00,0.83,1.41
500108097,14:00-16:00,0.58,0.84
500108097,16:00-18:00,1.58,1.17
500108097,18:00-20:00,1.25,1.0
500108097,20:00-22:00,0.17,0.58
500108097,22:00-24:00,0.0,0.5
500108098,00:00-02:00,0.28,0.58
500108098,02:00-04:00,0.0,0.0
500108098,04:00-06:00,0.08,1.17
500108098,06:00-08:00,2.67,9.67
500108098,08:00-10:00,10.42,14.97
500108098,10:00-12:00,14.75,8.56
500108098,12:00-14:00,7.63,11.92
500108098,14:00-16:00,9.44,10.03
500108098,16:00-18:00,10.08,10.57
500108098,18:00-20:00,9.27,6.32
500108098,20:00-22:00,6.34,4.0
500108098,22:00-24:00,2.12,1.84
500108099,00:00-02:00,0.75,1.25
500108099,02:00-04:00,0.67,0.17
500108099,04:00-06:00,1.0,1.08
500108099,06:00-08:00,3.83,1.25
500108099,08:00-10:00,6.14,5.75
500108099,10:00-12:00,7.03,3.83
500108099,12:00-14:00,4.99,4.07
500108099,14:00-16:00,4.18,3.51
500108099,16:00-18:00,4.47,6.17
500108099,18:00-20:00,4.73,7.17
500108099,20:00-22:00,8.0,7.33
500108099,22:00-24:00,1.59,4.69
500108100,00:00-02:00,0.17,0.08
500108100,02:00-04:00,0.0,0.0
500108100,04:00-06:00,0.08,0.08
500108100,06:00-08:00,1.17,0.42
500108100,08:00-10:00,1.37,2.08
500108100,10:00-12:00,1.01,0.67
500108100,12:00-14:00,1.33,1.0
500108100,14:00-16:00,1.69,2.01
500108100,16:00-18:00,1.42,0.75
500108100,18:00-20:00,0.92,0.83
500108100,20:00-22:00,0.58,0.67
500108100,22:00-24:00,0.17,0.17
500108102,00:00-02:00,0.0,0.17
500108102,02:00-04:00,0.17,0.33
500108102,04:00-06:00,0.58,0.33
500108102,06:00-08:00,0.94,2.13
500108102,08:00-10:00,2.5,1.63
500108102,10:00-12:00,1.83,1.25
500108102,12:00-14:00,2.04,2.08
500108102,14:00-16:00,2.37,1.76
500108102,16:00-18:00,2.43,2.08
500108102,18:00-20:00,2.42,2.17
500108102,20:00-22:00,0.82,0.83
500108102,22:00-24:00,0.45,1.17
500108103,00:00-02:00,0.12,0.17
500108103,02:00-04:00,0.09,0.33
500108103,04:00-06:00,0.0,0.42
500108103,06:00-08:00,0.08,4.58
500108103,08:00-10:00,9.17,5.58
500108103,10:00-12:00,6.26,7.62
500108103,12:00-14:00,4.32,5.42
500108103,14:00-16:00,6.18,6.62
500108103,16:00-18:00,6.92,7.71
500108103,18:00-20:00,7.92,6.52
500108103,20:00-22:00,9.97,5.0
500108103,22:00-24:00,2.93,1.34
500108104,00:00-02:00,0.08,0.08
500108104,02:00-04:00,0.0,0.0
500108104,04:00-06:00,0.17,0.08
500108104,06:00-08:00,0.17,0.67
500108104,08:00-10:00,0.08,0.5
500108104,10:00-12:00,0.5,1.08
500108104,12:00-14:00,0.58,0.5
500108104,14:00-16:00,1.09,0.58
500108104,16:00-18:00,1.67,0.5
500108104,18:00-20:00,0.25,0.0
500108104,20:00-22:00,0.42,0.33
500108104,22:00-24:00,0.08,0.42
500108105,00:00-02:00,0.08,0.92
500108105,02:00-04:00,0.08,0.17
500108105,04:00-06:00,0.25,0.0
500108105,06:00-08:00,1.67,0.5
500108105,08:00-10:00,3.5,1.83
500108105,10:00-12:00,3.58,2.25
500108105,12:00-14:00,3.54,3.49
500108105,14:00-16:00,3.04,3.26
500108105,16:00-18:00,2.89,2.67
500108105,18:00-20:00,2.82,2.42
500108105,20:00-22:00,2.42,3.83
500108105,22:00-24:00,1.17,1.59
500108106,00:00-02:00,2.17,0.28
500108106,02:00-04:00,1.17,0.17
500108106,04:00-06:00,0.0,0.0
500108106,06:00-08:00,2.58,1.5
500108106,08:00-10:00,4.06,2.25
500108106,10:00-12:00,2.33,1.17
500108106,12:00-14:00,2.8,2.74
500108106,14:00-16:00,2.34,1.75
500108106,16:00-18:00,2.43,2.25
500108106,18:00-20:00,2.2,3.17
500108106,20:00-22:00,2.51,5.58
500108106,22:00-24:00,0.42,2.68
500108107,00:00-02:00,0.75,0.92
500108107,02:00-04:00,0.08,0.08
500108107,04:00-06:00,0.08,0.08
500108107,06:00-08:00,3.75,1.25
500108107,08:00-10:00,3.32,4.02
500108107,10:00-12:00,4.03,3.75
500108107,12:00-14:00,5.08,3.97
500108107,14:00-16:00,4.6,5.1
500108107,16:00-18:00,4.7,3.08
500108107,18:00-20:00,2.94,5.83
500108107,20:00-22:00,3.42,4.0
500108107,22:00-24:00,1.76,2.43
500108108,00:00-02:00,0.33,1.25
500108108,02:00-04:00,0.33,0.17
500108108,04:00-06:00,0.17,0.0
500108108,06:00-08:00,0.92,0.17
500108108,08:00-10:00,1.67,1.0
500108108,10:00-12:00,1.17,0.92
500108108,12:00-14:00,1.33,2.41
500108108,14:00-16:00,1.84,1.17
500108108,16:00-18:00,1.92,2.8
500108108,18:00-20:00,3.36,1.75
500108108,20:00-22:00,1.08,2.08
500108108,22:00-24:00,0.75,0.5
500108109,00:00-02:00,0.21,2.33
500108109,02:00-04:00,0.25,0.0
500108109,04:00-06:00,0.25,0.25
500108109,06:00-08:00,0.42,0.42
500108109,08:00-10:00,1.17,1.42
500108109,10:00-12:00,2.25,1.45
500108109,12:00-14:00,1.94,1.5
500108109,14:00-16:00,2.56,3.18
500108109,16:00-18:00,1.85,1.0
500108109,18:00-20:00,2.2,2.33
500108109,20:00-22:00,0.66,0.83
500108109,22:00-24:00,0.36,0.17
500108110,00:00-02:00,1.1,1.42
500108110,02:00-04:00,1.08,0.17
500108110,04:00-06:00,0.75,0.17
500108110,06:00-08:00,2.58,3.92
500108110,08:00-10:00,6.5,8.08
500108110,10:00-12:00,7.5,11.42
500108110,12:00-14:00,8.06,6.81
500108110,14:00-16:00,8.52,7.6
500108110,16:00-18:00,9.84,5.25
500108110,18:00-20:00,5.77,5.67
500108110,20:00-22:00,5.42,4.67
500108110,22:00-24:00,3.71,3.01
500108111,00:00-02:00,0.0,1.25
500108111,02:00-04:00,0.17,0.0
500108111,04:00-06:00,0.0,0.58
500108111,06:00-08:00,1.33,1.83
500108111,08:00-10:00,2.42,1.83
500108111,10:00-12:00,2.0,2.08
500108111,12:00-14:00,2.58,1.83
500108111,14:00-16:00,1.95,1.09
500108111,16:00-18:00,3.06,2.67
500108111,18:00-20:00,3.19,2.92
500108111,20:00-22:00,1.98,2.0
500108111,22:00-24:00,1.59,2.68
500108112,00:00-02:00,0.33,1.0
500108112,02:00-04:00,0.42,0.08
500108112,04:00-06:00,0.75,0.67
500108112,06:00-08:00,2.5,1.17
500108112,08:00-10:00,4.42,4.45
500108112,10:00-12:00,4.76,4.18
500108112,12:00-14:00,5.02,4.07
500108112,14:00-16:00,4.6,3.26
500108112,16:00-18:00,3.82,4.83
500108112,18:00-20:00,4.67,4.5
500108112,20:00-22:00,3.25,3.92
500108112,22:00-24:00,2.01,2.26
500108115,00:00-02:00,0.0,0.67
500108115,02:00-04:00,0.17,0.0
500108115,04:00-06:00,0.42,0.17
500108115,06:00-08:00,1.17,1.08
500108115,08:00-10:00,2.02,1.42
500108115,10:00-12:00,1.17,1.17
500108115,12:00-14:00,2.11,2.58
500108115,14:00-16:00,1.5,1.09
500108115,16:00-18:00,2.54,1.5
500108115,18:00-20:00,1.52,2.17
500108115,20:00-22:00,0.83,2.25
500108115,22:00-24:00,0.92,0.75
500108116,00:00-02:00,0.26,0.58
500108116,02:00-04:00,0.25,0.17
500108116,04:00-06:00,0.33,0.0
500108116,06:00-08:00,0.25,1.67
500108116,08:00-10:00,1.92,1.83
500108116,10:00-12:00,2.19,1.58
500108116,12:00-14:00,2.59,2.99
500108116,14:00-16:00,3.19,3.24
500108116,16:00-18:00,2.42,2.15
500108116,18:00-20:00,2.91,2.58
500108116,20:00-22:00,2.35,1.83
500108116,22:00-24:00,1.53,0.59
500108117,00:00-02:00,0.42,0.08
500108117,02:00-04:00,0.08,0.08
500108117,04:00-06:00,0.17,0.0
500108117,06:00-08:00,0.75,2.08
500108117,08:00-10:00,3.33,7.41
500108117,10:00-12:00,6.5,5.35
500108117,12:00-14:00,3.91,2.41
500108117,14:00-16:00,4.11,4.17
500108117,16:00-18:00,2.62,3.42
500108117,18:00-20:00,3.92,3.41
500108117,20:00-22:00,3.14,2.08
500108117,22:00-24:00,1.36,1.26
500108118,00:00-02:00,0.67,0.33
500108118,02:00-04:00,0.25,0.17
500108118,04:00-06:00,0.75,0.08
500108118,06:00-08:00,2.33,1.5
500108118,08:00-10:00,3.33,2.75
500108118,10:00-12:00,3.43,2.5
500108118,12:00-14:00,3.66,4.24
500108118,14:00-16:00,4.94,6.1
500108118,16:00-18:00,4.74,3.08
500108118,18:00-20:00,2.28,3.33
500108118,20:00-22:00,1.17,2.58
500108118,22:00-24:00,0.75,1.84
500108119,00:00-02:00,0.08,0.25
500108119,02:00-04:00,0.08,0.33
500108119,04:00-06:00,0.67,0.08
500108119,06:00-08:00,0.17,1.5
500108119,08:00-10:00,1.58,2.33
500108119,10:00-12:00,3.08,4.73
500108119,12:00-14:00,3.74,3.01
500108119,14:00-16:00,3.84,3.26
500108119,16:00-18:00,3.58,2.92
500108119,18:00-20:00,3.75,4.49
500108119,20:00-22:00,2.58,1.43
500108119,22:00-24:00,0.56,1.09
500108120,00:00-02:00,0.67,0.58
500108120,02:00-04:00,0.33,0.17
500108120,04:00-06:00,0.67,0.0
500108120,06:00-08:00,1.58,3.42
500108120,08:00-10:00,3.75,3.58
500108120,10:00-12:00,3.5,3.75
500108120,12:00-14:00,4.16,3.81
500108120,14:00-16:00,4.69,3.55
500108120,16:00-18:00,4.22,3.62
500108120,18:00-20:00,3.68,3.25
500108120,20:00-22:00,1.92,3.5
500108120,22:00-24:00,1.09,1.59
500108121,00:00-02:00,0.17,0.67
500108121,02:00-04:00,0.0,2.17
500108121,04:00-06:00,0.67,0.75
500108121,06:00-08:00,2.58,0.58
500108121,08:00-10:00,5.32,2.17
500108121,10:00-12:00,4.34,5.33
500108121,12:00-14:00,4.25,2.66
500108121,14:00-16:00,2.78,2.67
500108121,16:00-18:00,2.75,1.5
500108121,18:00-20:00,1.99,3.25
500108121,20:00-22:00,0.92,1.75
500108121,22:00-24:00,1.0,1.51
500108122,00:00-02:00,0.26,0.5
500108122,02:00-04:00,0.0,0.0
500108122,04:00-06:00,0.25,0.17
500108122,06:00-08:00,0.73,0.42
500108122,08:00-10:00,0.51,1.58
500108122,10:00-12:00,0.33,0.67
500108122,12:00-14:00,1.41,0.58
500108122,14:00-16:00,0.58,1.5
500108122,16:00-18:00,1.5,1.08
500108122,18:00-20:00,1.42,0.5
500108122,20:00-22:00,0.92,1.75
500108122,22:00-24:00,1.04,0.08
500108123,00:00-02:00,0.0,0.08
500108123,02:00-04:00,0.0,0.0
500108123,04:00-06:00,0.0,0.0
500108123,06:00-08:00,1.0,0.0
500108123,08:00-10:00,1.42,0.67
500108123,10:00-12:00,1.0,0.83
500108123,12:00-14:00,0.33,0.5
500108123,14:00-16:00,1.02,0.42
500108123,16:00-18:00,0.66,1.0
500108123,18:00-20:00,0.83,1.75
500108123,20:00-22:00,0.5,0.92
500108123,22:00-24:00,0.75,1.0
500108124,00:00-02:00,0.25,0.33
500108124,02:00-04:00,0.08,0.25
500108124,04:00-06:00,0.83,0.08
500108124,06:00-08:00,2.25,0.67
500108124,08:00-10:00,2.25,1.25
500108124,10:00-12:00,2.58,1.5
500108124,12:00-14:00,2.04,2.08
500108124,14:00-16:00,1.67,1.17
500108124,16:00-18:00,1.75,2.92
500108124,18:00-20:00,2.33,2.17
500108124,20:00-22:00,2.17,4.25
500108124,22:00-24:00,1.42,2.19
500108125,00:00-02:00,0.08,0.33
500108125,02:00-04:00,0.0,0.17
500108125,04:00-06:00,0.33,0.08
500108125,06:00-08:00,2.5,1.25
500108125,08:00-10:00,2.33,1.58
500108125,10:00-12:00,2.17,1.33
500108125,12:00-14:00,2.16,2.08
500108125,14:00-16:00,3.87,3.34
500108125,16:00-18:00,2.71,2.08
500108125,18:00-20:00,1.33,2.33
500108125,20:00-22:00,1.42,2.67
500108125,22:00-24:00,0.92,2.15
500108126,00:00-02:00,0.0,0.25
500108126,02:00-04:00,0.0,0.0
500108126,04:00-06:00,0.08,0.0
500108126,06:00-08:00,0.78,0.92
500108126,08:00-10:00,1.28,1.83
500108126,10:00-12:00,2.32,0.5
500108126,12:00-14:00,0.8,0.33
500108126,14:00-16:00,1.0,2.51
500108126,16:00-18:00,1.77,0.75
500108126,18:00-20:00,0.42,0.25
500108126,20:00-22:00,0.44,0.33
500108126,22:00-24:00,0.0,0.33
500108127,00:00-02:00,0.17,0.67
500108127,02:00-04:00,0.0,0.0
500108127,04:00-06:00,0.33,0.33
500108127,06:00-08:00,1.17,1.17
500108127,08:00-10:00,3.03,1.52
500108127,10:00-12:00,2.5,2.12
500108127,12:00-14:00,2.87,2.99
500108127,14:00-16:00,3.01,2.76
500108127,16:00-18:00,3.75,3.38
500108127,18:00-20:00,2.0,2.25
500108127,20:00-22:00,1.13,2.0
500108127,22:00-24:00,1.63,1.83
500108128,00:00-02:00,2.17,2.5
500108128,02:00-04:00,0.0,1.17
500108128,04:00-06:00,0.83,1.67
500108128,06:00-08:00,5.0,8.24
500108128,08:00-10:00,10.83,18.14
500108128,10:00-12:00,12.67,14.97
500108128,12:00-14:00,13.38,17.6
500108128,14:00-16:00,13.37,14.18
500108128,16:00-18:00,17.61,11.13
500108128,18:00-20:00,14.78,14.05
500108128,20:00-22:00,11.95,9.25
500108128,22:00-24:00,7.43,6.11
500108129,00:00-02:00,0.33,0.33
500108129,02:00-04:00,0.0,0.0
500108129,04:00-06:00,0.25,0.17
500108129,06:00-08:00,2.58,0.84
500108129,08:00-10:00,3.03,1.33
500108129,10:00-12:00,3.5,1.5
500108129,12:00-14:00,2.07,2.74
500108129,14:00-16:00,2.72,2.51
500108129,16:00-18:00,3.84,2.83
500108129,18:00-20:00,1.83,3.42
500108129,20:00-22:00,1.25,2.58
500108129,22:00-24:00,0.5,1.26
500108131,00:00-02:00,0.17,0.42
500108131,02:00-04:00,0.09,0.67
500108131,04:00-06:00,0.0,0.67
500108131,06:00-08:00,0.67,4.17
500108131,08:00-10:00,2.58,6.68
500108131,10:00-12:00,8.25,10.26
500108131,12:00-14:00,7.15,10.18
500108131,14:00-16:00,9.44,9.76
500108131,16:00-18:00,12.75,12.69
500108131,18:00-20:00,11.0,11.0
500108131,20:00-22:00,10.35,5.26
500108131,22:00-24:00,2.71,0.25
500108132,00:00-02:00,0.0,0.58
500108132,02:00-04:00,0.0,0.0
500108132,04:00-06:00,0.0,0.08
500108132,06:00-08:00,0.25,0.67
500108132,08:00-10:00,1.08,1.08
500108132,10:00-12:00,0.67,1.0
500108132,12:00-14:00,0.75,0.91
500108132,14:00-16:00,2.42,2.32
500108132,16:00-18:00,1.83,2.42
500108132,18:00-20:00,1.92,2.5
500108132,20:00-22:00,1.92,0.92
500108132,22:00-24:00,1.92,0.75
500108133,00:00-02:00,0.08,0.83
500108133,02:00-04:00,0.0,0.0
500108133,04:00-06:00,0.17,0.42
500108133,06:00-08:00,0.83,0.75
500108133,08:00-10:00,1.58,1.28
500108133,10:00-12:00,3.42,2.25
500108133,12:00-14:00,3.74,2.99
500108133,14:00-16:00,3.09,3.84
500108133,16:00-18:00,6.52,2.5
500108133,18:00-20:00,1.83,4.0
500108133,20:00-22:00,1.75,2.75
500108133,22:00-24:00,0.5,0.92
500108134,00:00-02:00,0.08,0.42
500108134,02:00-04:00,0.0,0.0
500108134,04:00-06:00,0.08,0.0
500108134,06:00-08:00,0.67,0.33
500108134,08:00-10:00,1.67,0.75
500108134,10:00-12:00,1.08,1.42
500108134,12:00-14:00,1.75,1.41
500108134,14:00-16:00,1.23,0.92
500108134,16:00-18:00,0.58,1.42
500108134,18:00-20:00,2.17,1.58
500108134,20:00-22:00,1.0,1.08
500108134,22:00-24:00,0.42,0.33
500108135,00:00-02:00,0.83,0.72
500108135,02:00-04:00,0.0,0.0
500108135,04:00-06:00,0.58,0.42
500108135,06:00-08:00,2.92,0.42
500108135,08:00-10:00,2.34,2.5
500108135,10:00-12:00,3.45,3.92
500108135,12:00-14:00,2.57,2.87
500108135,14:00-16:00,3.1,2.91
500108135,16:00-18:00,3.25,3.08
500108135,18:00-20:00,2.5,3.0
500108135,20:00-22:00,1.0,2.33
500108135,22:00-24:00,0.5,1.41
500108136,00:00-02:00,0.67,0.83
500108136,02:00-04:00,0.58,0.25
500108136,04:00-06:00,0.58,2.08
500108136,06:00-08:00,4.85,4.33
500108136,08:00-10:00,8.26,12.19
500108136,10:00-12:00,11.42,13.87
500108136,12:00-14:00,13.05,9.2
500108136,14:00-16:00,5.84,6.18
500108136,16:00-18:00,8.13,9.17
500108136,18:00-20:00,7.83,8.99
500108136,20:00-22:00,7.67,5.93
500108136,22:00-24:00,3.1,2.76
500108137,00:00-02:00,0.25,0.25
500108137,02:00-04:00,0.17,0.42
500108137,04:00-06:00,0.5,0.17
500108137,06:00-08:00,1.33,1.08
500108137,08:00-10:00,2.08,1.67
500108137,10:00-12:00,2.92,2.08
500108137,12:00-14:00,2.58,1.66
500108137,14:00-16:00,4.01,2.67
500108137,16:00-18:00,3.57,3.17
500108137,18:00-20:00,2.25,3.08
500108137,20:00-22:00,2.58,4.17
500108137,22:00-24:00,1.17,2.93
500108138,00:00-02:00,0.17,0.0
500108138,02:00-04:00,0.0,0.08
500108138,04:00-06:00,0.08,0.33
500108138,06:00-08:00,1.5,0.25
500108138,08:00-10:00,3.17,2.83
500108138,10:00-12:00,3.79,2.17
500108138,12:00-14:00,4.8,3.99
500108138,14:00-16:00,2.96,2.76
500108138,16:00-18:00,1.8,1.17
500108138,18:00-20:00,1.37,2.25
500108138,20:00-22:00,1.44,2.5
500108138,22:00-24:00,0.5,0.84
500108139,00:00-02:00,0.58,2.17
500108139,02:00-04:00,0.5,0.1
500108139,04:00-06:00,0.08,0.5
500108139,06:00-08:00,0.92,1.17
500108139,08:00-10:00,3.58,3.0
500108139,10:00-12:00,2.67,2.86
500108139,12:00-14:00,3.65,3.07
500108139,14:00-16:00,3.56,2.61
500108139,16:00-18:00,2.38,2.83
500108139,18:00-20:00,3.78,2.42
500108139,20:00-22:00,2.98,3.17
500108139,22:00-24:00,1.65,1.51
500108140,00:00-02:00,0.17,0.33
500108140,02:00-04:00,0.75,0.42
500108140,04:00-06:00,0.58,0.17
500108140,06:00-08:00,1.17,0.75
500108140,08:00-10:00,1.25,4.08
500108140,10:00-12:00,1.92,2.08
500108140,12:00-14:00,2.66,3.57
500108140,14:00-16:00,2.17,4.68
500108140,16:00-18:00,2.5,1.5
500108140,18:00-20:00,2.33,2.5
500108140,20:00-22:00,2.92,1.0
500108140,22:00-24:00,2.34,0.08
500108141,00:00-02:00,0.25,0.5
500108141,02:00-04:00,0.25,0.17
500108141,04:00-06:00,0.33,0.5
500108141,06:00-08:00,1.25,1.42
500108141,08:00-10:00,2.75,1.17
500108141,10:00-12:00,2.98,1.5
500108141,12:00-14:00,2.27,1.66
500108141,14:00-16:00,2.26,2.51
500108141,16:00-18:00,2.0,2.58
500108141,18:00-20:00,1.42,2.0
500108141,20:00-22:00,1.83,2.33
500108141,22:00-24:00,1.26,2.26
500108142,00:00-02:00,0.5,0.5
500108142,02:00-04:00,0.42,0.83
500108142,04:00-06:00,0.33,0.25
500108142,06:00-08:00,2.33,1.25
500108142,08:00-10:00,2.95,1.92
500108142,10:00-12:00,3.15,3.25
500108142,12:00-14:00,2.91,3.66
500108142,14:00-16:00,3.8,1.25
500108142,16:00-18:00,3.14,2.5
500108142,18:00-20:00,1.42,1.75
500108142,20:00-22:00,1.0,2.08
500108142,22:00-24:00,0.92,1.34
500108143,00:00-02:00,0.08,0.83
500108143,02:00-04:00,0.08,0.08
500108143,04:00-06:00,0.08,0.08
500108143,06:00-08:00,0.25,0.33
500108143,08:00-10:00,1.0,0.67
500108143,10:00-12:00,1.0,0.75
500108143,12:00-14:00,1.05,0.91
500108143,14:00-16:00,0.68,1.59
500108143,16:00-18:00,0.67,0.5
500108143,18:00-20:00,0.42,0.67
500108143,20:00-22:00,0.58,0.08
500108143,22:00-24:00,0.5,0.0
500108144,00:00-02:00,0.0,0.67
500108144,02:00-04:00,0.0,0.0
500108144,04:00-06:00,0.0,0.0
500108144,06:00-08:00,0.25,0.17
500108144,08:00-10:00,0.33,0.08
500108144,10:00-12:00,0.25,0.33
500108144,12:00-14:00,0.5,0.42
500108144,14:00-16:00,0.51,0.58
500108144,16:00-18:00,0.42,0.42
500108144,18:00-20:00,0.5,0.25
500108144,20:00-22:00,0.42,0.17
500108144,22:00-24:00,0.26,0.67
500108145,00:00-02:00,0.17,0.42
500108145,02:00-04:00,0.08,0.0
500108145,04:00-06:00,0.0,0.33
500108145,06:00-08:00,0.58,1.17
500108145,08:00-10:00,0.58,0.92
500108145,10:00-12:00,0.42,0.92
500108145,12:00-14:00,1.16,0.66
500108145,14:00-16:00,0.75,0.33
500108145,16:00-18:00,1.02,0.83
500108145,18:00-20:00,1.08,0.83
500108145,20:00-22:00,1.31,0.5
500108145,22:00-24:00,0.09,0.67
500108146,00:00-02:00,0.6,1.08
500108146,02:00-04:00,0.17,1.33
500108146,04:00-06:00,0.67,0.0
500108146,06:00-08:00,1.75,0.83
500108146,08:00-10:00,3.43,1.5
500108146,10:00-12:00,2.2,4.92
500108146,12:00-14:00,2.91,3.82
500108146,14:00-16:00,3.07,2.51
500108146,16:00-18:00,4.08,5.42
500108146,18:00-20:00,3.33,6.31
500108146,20:00-22:00,6.25,3.06
500108146,22:00-24:00,1.59,2.01
500108147,00:00-02:00,0.25,0.08
500108147,02:00-04:00,0.0,0.0
500108147,04:00-06:00,0.0,1.0
500108147,06:00-08:00,0.58,0.83
500108147,08:00-10:00,0.17,0.33
500108147,10:00-12:00,0.42,0.25
500108147,12:00-14:00,0.5,0.17
500108147,14:00-16:00,0.67,0.75
500108147,16:00-18:00,0.92,1.0
500108147,18:00-20:00,0.92,0.5
500108147,20:00-22:00,0.58,0.67
500108147,22:00-24:00,0.0,0.08
500108148,00:00-02:00,0.25,0.25
500108148,02:00-04:00,0.0,0.08
500108148,04:00-06:00,0.17,0.67
500108148,06:00-08:00,0.33,0.92
500108148,08:00-10:00,0.42,0.0
500108148,10:00-12:00,0.5,0.75
500108148,12:00-14:00,0.75,0.33
500108148,14:00-16:00,0.8,0.84
500108148,16:00-18:00,0.69,0.67
500108148,18:00-20:00,1.25,0.67
500108148,20:00-22:00,0.17,0.42
500108148,22:00-24:00,0.59,0.17
500108150,00:00-02:00,0.42,0.67
500108150,02:00-04:00,0.5,0.08
500108150,04:00-06:00,0.5,0.17
500108150,06:00-08:00,2.27,1.5
500108150,08:00-10:00,2.94,3.33
500108150,10:00-12:00,4.57,4.75
500108150,12:00-14:00,4.25,5.24
500108150,14:00-16:00,3.51,3.41
500108150,16:00-18:00,4.09,4.08
500108150,18:00-20:00,3.33,4.57
500108150,20:00-22:00,2.67,1.91
500108150,22:00-24:00,2.59,2.26
500108151,00:00-02:00,0.92,0.17
500108151,02:00-04:00,0.08,0.17
500108151,04:00-06:00,0.08,0.17
500108151,06:00-08:00,1.27,1.5
500108151,08:00-10:00,0.42,2.27
500108151,10:00-12:00,3.0,4.13
500108151,12:00-14:00,2.99,2.16
500108151,14:00-16:00,2.17,2.42
500108151,16:00-18:00,2.58,2.83
500108151,18:00-20:00,2.08,2.75
500108151,20:00-22:00,2.92,1.25
500108151,22:00-24:00,2.01,0.92
500108152,00:00-02:00,0.44,0.17
500108152,02:00-04:00,0.08,0.08
500108152,04:00-06:00,0.08,0.08
500108152,06:00-08:00,0.67,0.42
500108152,08:00-10:00,0.33,0.83
500108152,10:00-12:00,0.58,1.0
500108152,12:00-14:00,1.0,1.5
500108152,14:00-16:00,1.42,2.07
500108152,16:00-18:00,1.5,0.77
500108152,18:00-20:00,0.75,0.92
500108152,20:00-22:00,0.17,0.33
500108152,22:00-24:00,1.09,0.08
500108153,00:00-02:00,0.17,0.25
500108153,02:00-04:00,0.08,0.58
500108153,04:00-06:00,0.17,0.42
500108153,06:00-08:00,1.08,2.0
500108153,08:00-10:00,1.83,6.12
500108153,10:00-12:00,5.5,3.67
500108153,12:00-14:00,3.57,2.61
500108153,14:00-16:00,3.76,3.72
500108153,16:00-18:00,5.21,4.5
500108153,18:00-20:00,3.58,3.25
500108153,20:00-22:00,2.79,2.58
500108153,22:00-24:00,2.18,1.17
500108154,00:00-02:00,0.42,1.67
500108154,02:00-04:00,0.17,0.33
500108154,04:00-06:00,0.25,0.58
500108154,06:00-08:00,1.5,2.0
500108154,08:00-10:00,3.17,3.33
500108154,10:00-12:00,3.17,5.3
500108154,12:00-14:00,5.4,5.14
500108154,14:00-16:00,4.26,3.26
500108154,16:00-18:00,4.25,3.71
500108154,18:00-20:00,4.25,3.3
500108154,20:00-22:00,3.95,3.17
500108154,22:00-24:00,1.15,2.09
500108156,00:00-02:00,0.58,0.58
500108156,02:00-04:00,0.25,0.0
500108156,04:00-06:00,0.42,0.58
500108156,06:00-08:00,1.58,1.0
500108156,08:00-10:00,3.08,2.25
500108156,10:00-12:00,3.75,3.5
500108156,12:00-14:00,2.24,2.16
500108156,14:00-16:00,2.26,1.84
500108156,16:00-18:00,3.04,1.58
500108156,18:00-20:00,1.93,2.83
500108156,20:00-22:00,1.0,3.5
500108156,22:00-24:00,0.17,1.42
500108157,00:00-02:00,0.17,0.0
500108157,02:00-04:00,0.42,0.0
500108157,04:00-06:00,0.33,0.08
500108157,06:00-08:00,0.0,0.83
500108157,08:00-10:00,0.67,0.42
500108157,10:00-12:00,1.08,1.25
500108157,12:00-14:00,0.66,0.33
500108157,14:00-16:00,0.42,0.5
500108157,16:00-18:00,0.67,0.17
500108157,18:00-20:00,0.42,0.33
500108157,20:00-22:00,0.08,0.08
500108157,22:00-24:00,0.17,0.25
500108158,00:00-02:00,0.7,0.0
500108158,02:00-04:00,0.0,0.33
500108158,04:00-06:00,2.08,0.0
500108158,06:00-08:00,0.5,0.5
500108158,08:00-10:00,0.67,1.33
500108158,10:00-12:00,0.5,3.0
500108158,12:00-14:00,1.5,3.41
500108158,14:00-16:00,1.75,3.44
500108158,16:00-18:00,1.58,2.29
500108158,18:00-20:00,2.0,2.33
500108158,20:00-22:00,2.58,0.67
500108158,22:00-24:00,2.51,0.33
500108159,00:00-02:00,1.05,0.33
500108159,02:00-04:00,0.17,0.42
500108159,04:00-06:00,0.0,1.25
500108159,06:00-08:00,1.49,1.75
500108159,08:00-10:00,1.75,4.33
500108159,10:00-12:00,4.75,8.08
500108159,12:00-14:00,5.9,7.97
500108159,14:00-16:00,7.35,7.6
500108159,16:00-18:00,9.33,10.2
500108159,18:00-20:00,8.92,8.78
500108159,20:00-22:00,7.5,2.92
500108159,22:00-24:00,3.45,0.25
500108160,00:00-02:00,0.26,0.58
500108160,02:00-04:00,0.08,0.0
500108160,04:00-06:00,0.33,0.08
500108160,06:00-08:00,0.5,0.33
500108160,08:00-10:00,0.89,0.5
500108160,10:00-12:00,0.92,1.83
500108160,12:00-14:00,0.83,0.91
500108160,14:00-16:00,1.5,0.92
500108160,16:00-18:00,1.25,1.25
500108160,18:00-20:00,1.17,1.0
500108160,20:00-22:00,0.33,0.5
500108160,22:00-24:00,0.84,0.08
500108161,00:00-02:00,0.42,0.08
500108161,02:00-04:00,0.18,0.33
500108161,04:00-06:00,0.92,0.17
500108161,06:00-08:00,0.08,0.08
500108161,08:00-10:00,0.08,0.75
500108161,10:00-12:00,1.0,0.92
500108161,12:00-14:00,0.17,0.33
500108161,14:00-16:00,0.33,0.25
500108161,16:00-18:00,0.67,0.5
500108161,18:00-20:00,0.75,0.5
500108161,20:00-22:00,0.17,0.17
500108161,22:00-24:00,0.17,0.0
500108162,00:00-02:00,0.18,1.17
500108162,02:00-04:00,0.0,0.0
500108162,04:00-06:00,0.0,0.0
500108162,06:00-08:00,0.08,0.42
500108162,08:00-10:00,0.33,0.42
500108162,10:00-12:00,0.83,0.75
500108162,12:00-14:00,0.66,1.0
500108162,14:00-16:00,0.58,0.33
500108162,16:00-18:00,0.92,0.83
500108162,18:00-20:00,0.92,1.0
500108162,20:00-22:00,0.83,0.67
500108162,22:00-24:00,0.69,0.33
500108164,00:00-02:00,0.25,0.08
500108164,02:00-04:00,0.0,0.0
500108164,04:00-06:00,0.0,0.17
500108164,06:00-08:00,0.17,0.58
500108164,08:00-10:00,0.33,1.08
500108164,10:00-12:00,0.92,2.21
500108164,12:00-14:00,1.5,2.73
500108164,14:00-16:00,2.09,1.27
500108164,16:00-18:00,1.75,1.17
500108164,18:00-20:00,2.0,0.83
500108164,20:00-22:00,0.7,0.33
500108164,22:00-24:00,0.72,0.5
500108165,00:00-02:00,1.67,1.92
500108165,02:00-04:00,0.08,1.25
500108165,04:00-06:00,1.0,0.25
500108165,06:00-08:00,4.42,1.33
500108165,08:00-10:00,4.5,2.92
500108165,10:00-12:00,5.58,3.75
500108165,12:00-14:00,6.64,5.07
500108165,14:00-16:00,5.34,5.77
500108165,16:00-18:00,6.33,8.25
500108165,18:00-20:00,6.46,6.42
500108165,20:00-22:00,3.83,5.92
500108165,22:00-24:00,1.51,2.68
500108166,00:00-02:00,0.45,0.42
500108166,02:00-04:00,0.08,0.17
500108166,04:00-06:00,0.33,0.25
500108166,06:00-08:00,0.87,1.08
500108166,08:00-10:00,1.29,1.33
500108166,10:00-12:00,1.33,3.5
500108166,12:00-14:00,2.91,3.64
500108166,14:00-16:00,2.42,2.18
500108166,16:00-18:00,2.58,1.34
500108166,18:00-20:00,1.93,2.08
500108166,20:00-22:00,1.08,0.67
500108166,22:00-24:00,0.95,0.5
500108167,00:00-02:00,0.25,0.33
500108167,02:00-04:00,0.08,0.08
500108167,04:00-06:00,0.0,0.0
500108167,06:00-08:00,2.08,0.58
500108167,08:00-10:00,3.16,2.85
500108167,10:00-12:00,3.3,2.0
500108167,12:00-14:00,2.54,1.83
500108167,14:00-16:00,2.77,2.92
500108167,16:00-18:00,2.47,2.5
500108167,18:00-20:00,1.46,1.92
500108167,20:00-22:00,1.42,1.33
500108167,22:00-24:00,0.25,0.42
500108168,00:00-02:00,2.19,2.42
500108168,02:00-04:00,0.34,0.5
500108168,04:00-06:00,0.58,1.0
500108168,06:00-08:00,3.88,5.54
500108168,08:00-10:00,8.08,10.29
500108168,10:00-12:00,10.0,10.12
500108168,12:00-14:00,10.3,12.97
500108168,14:00-16:00,11.78,10.62
500108168,16:00-18:00,11.75,11.08
500108168,18:00-20:00,12.31,9.13
500108168,20:00-22:00,7.61,5.75
500108168,22:00-24:00,4.64,3.6
500108169,00:00-02:00,0.17,0.08
500108169,02:00-04:00,0.0,0.0
500108169,04:00-06:00,0.0,0.0
500108169,06:00-08:00,0.42,0.92
500108169,08:00-10:00,0.17,0.25
500108169,10:00-12:00,0.42,0.17
500108169,12:00-14:00,0.42,0.08
500108169,14:00-16:00,0.58,1.17
500108169,16:00-18:00,0.75,0.33
500108169,18:00-20:00,1.75,0.58
500108169,20:00-22:00,0.82,0.67
500108169,22:00-24:00,1.26,0.08
500108170,00:00-02:00,1.5,1.25
500108170,02:00-04:00,0.75,1.67
500108170,04:00-06:00,1.0,0.58
500108170,06:00-08:00,2.08,1.58
500108170,08:00-10:00,4.08,3.83
500108170,10:00-12:00,5.82,4.17
500108170,12:00-14:00,5.94,3.57
500108170,14:00-16:00,3.21,4.01
500108170,16:00-18:00,4.04,3.58
500108170,18:00-20:00,3.5,4.92
500108170,20:00-22:00,4.08,4.93
500108170,22:00-24:00,4.27,3.68
500108171,00:00-02:00,0.08,0.0
500108171,02:00-04:00,0.0,0.0
500108171,04:00-06:00,0.42,0.08
500108171,06:00-08:00,0.57,0.58
500108171,08:00-10:00,0.43,0.92
500108171,10:00-12:00,0.68,1.17
500108171,12:00-14:00,0.75,0.42
500108171,14:00-16:00,0.5,1.0
500108171,16:00-18:00,1.12,0.5
500108171,18:00-20:00,0.34,1.08
500108171,20:00-22:00,0.5,0.08
500108171,22:00-24:00,0.25,0.08
500108172,00:00-02:00,0.67,0.33
500108172,02:00-04:00,0.17,0.08
500108172,04:00-06:00,0.5,0.58
500108172,06:00-08:00,1.75,2.25
500108172,08:00-10:00,3.75,5.41
500108172,10:00-12:00,6.17,3.75
500108172,12:00-14:00,6.24,5.07
500108172,14:00-16:00,4.16,5.52
500108172,16:00-18:00,7.08,5.75
500108172,18:00-20:00,6.14,5.0
500108172,20:00-22:00,4.3,4.17
500108172,22:00-24:00,1.0,1.84
500108173,00:00-02:00,0.0,0.0
500108173,02:00-04:00,0.0,0.0
500108173,04:00-06:00,0.08,0.0
500108173,06:00-08:00,0.08,0.0
500108173,08:00-10:00,1.25,0.75
500108173,10:00-12:00,0.83,0.58
500108173,12:00-14:00,0.66,0.75
500108173,14:00-16:00,0.67,1.25
500108173,16:00-18:00,2.25,1.08
500108173,18:00-20:00,0.5,1.75
500108173,20:00-22:00,0.67,1.17
500108173,22:00-24:00,0.0,0.08
500108174,00:00-02:00,1.66,1.5
500108174,02:00-04:00,0.45,0.67
500108174,04:00-06:00,1.0,0.17
500108174,06:00-08:00,1.45,3.0
500108174,08:00-10:00,6.43,7.44
500108174,10:00-12:00,4.83,7.85
500108174,12:00-14:00,7.06,10.22
500108174,14:00-16:00,9.36,6.45
500108174,16:00-18:00,9.84,10.83
500108174,18:00-20:00,9.52,7.36
500108174,20:00-22:00,8.27,5.33
500108174,22:00-24:00,5.82,2.85
500108175,00:00-02:00,0.0,0.25
500108175,02:00-04:00,0.17,0.08
500108175,04:00-06:00,0.0,0.25
500108175,06:00-08:00,1.17,0.95
500108175,08:00-10:00,2.17,1.17
500108175,10:00-12:00,1.25,0.83
500108175,12:00-14:00,1.08,0.83
500108175,14:00-16:00,1.92,1.34
500108175,16:00-18:00,1.42,1.83
500108175,18:00-20:00,0.75,1.17
500108175,20:00-22:00,0.58,1.08
500108175,22:00-24:00,0.17,0.42
500108176,00:00-02:00,0.0,0.0
500108176,02:00-04:00,0.0,0.0
500108176,04:00-06:00,0.0,0.08
500108176,06:00-08:00,0.58,0.25
500108176,08:00-10:00,3.03,2.5
500108176,10:00-12:00,2.02,1.75
500108176,12:00-14:00,2.3,1.58
500108176,14:00-16:00,0.89,2.34
500108176,16:00-18:00,1.53,0.42
500108176,18:00-20:00,0.29,1.0
500108176,20:00-22:00,0.17,0.25
500108176,22:00-24:00,0.08,0.0
500108177,00:00-02:00,0.0,0.0
500108177,02:00-04:00,0.0,0.0
500108177,04:00-06:00,0.0,0.0
500108177,06:00-08:00,0.42,0.0
500108177,08:00-10:00,0.17,0.17
500108177,10:00-12:00,0.08,0.0
500108177,12:00-14:00,0.0,0.17
500108177,14:00-16:00,0.33,0.08
500108177,16:00-18:00,0.0,0.08
500108177,18:00-20:00,0.08,0.33
500108177,20:00-22:00,0.0,0.0
500108177,22:00-24:00,0.08,0.0
500108178,00:00-02:00,0.08,0.42
500108178,02:00-04:00,0.08,0.0
500108178,04:00-06:00,0.25,0.58
500108178,06:00-08:00,2.17,0.5
500108178,08:00-10:00,3.42,1.67
500108178,10:00-12:00,3.25,2.5
500108178,12:00-14:00,2.58,3.32
500108178,14:00-16:00,2.42,1.92
500108178,16:00-18:00,3.17,3.92
500108178,18:00-20:00,3.58,4.25
500108178,20:00-22:00,2.33,3.58
500108178,22:00-24:00,0.59,1.84
500108179,00:00-02:00,0.33,1.67
500108179,02:00-04:00,0.0,1.58
500108179,04:00-06:00,0.0,1.92
500108179,06:00-08:00,1.83,0.0
500108179,08:00-10:00,1.42,0.75
500108179,10:00-12:00,2.49,1.25
500108179,12:00-14:00,2.27,1.25
500108179,14:00-16:00,2.01,1.67
500108179,16:00-18:00,1.75,1.75
500108179,18:00-20:00,2.92,2.67
500108179,20:00-22:00,1.5,2.08
500108179,22:00-24:00,0.84,1.34
500108181,00:00-02:00,1.75,1.77
500108181,02:00-04:00,0.0,0.0
500108181,04:00-06:00,0.42,0.17
500108181,06:00-08:00,3.33,2.0
500108181,08:00-10:00,4.58,4.21
500108181,10:00-12:00,5.75,3.42
500108181,12:00-14:00,5.21,3.49
500108181,14:00-16:00,4.4,3.84
500108181,16:00-18:00,4.72,3.75
500108181,18:00-20:00,4.23,4.83
500108181,20:00-22:00,3.08,5.51
500108181,22:00-24:00,1.09,2.93
500108182,00:00-02:00,0.67,0.33
500108182,02:00-04:00,0.0,0.25
500108182,04:00-06:00,0.17,0.0
500108182,06:00-08:00,0.5,0.58
500108182,08:00-10:00,1.44,1.83
500108182,10:00-12:00,1.25,2.25
500108182,12:00-14:00,2.24,2.33
500108182,14:00-16:00,2.17,2.92
500108182,16:00-18:00,2.42,2.08
500108182,18:00-20:00,3.5,1.75
500108182,20:00-22:00,1.58,0.75
500108182,22:00-24:00,0.51,0.92
500108183,00:00-02:00,1.17,2.5
500108183,02:00-04:00,0.33,0.33
500108183,04:00-06:00,1.5,0.67
500108183,06:00-08:00,3.33,2.58
500108183,08:00-10:00,5.25,5.08
500108183,10:00-12:00,6.0,5.25
500108183,12:00-14:00,5.82,5.4
500108183,14:00-16:00,4.83,5.1
500108183,16:00-18:00,7.49,6.33
500108183,18:00-20:00,6.07,6.58
500108183,20:00-22:00,4.67,5.83
500108183,22:00-24:00,2.59,2.18
500108184,00:00-02:00,0.08,0.17
500108184,02:00-04:00,0.0,0.42
500108184,04:00-06:00,0.0,0.0
500108184,06:00-08:00,0.25,0.0
500108184,08:00-10:00,0.83,0.42
500108184,10:00-12:00,0.42,0.42
500108184,12:00-14:00,0.75,0.58
500108184,14:00-16:00,0.67,0.84
500108184,16:00-18:00,1.08,0.5
500108184,18:00-20:00,0.5,0.67
500108184,20:00-22:00,0.17,0.17
500108184,22:00-24:00,0.0,0.08
500108185,00:00-02:00,0.69,2.17
500108185,02:00-04:00,1.0,0.08
500108185,04:00-06:00,1.5,0.33
500108185,06:00-08:00,1.58,2.75
500108185,08:00-10:00,3.25,6.75
500108185,10:00-12:00,6.08,7.61
500108185,12:00-14:00,7.98,8.06
500108185,14:00-16:00,9.82,7.19
500108185,16:00-18:00,6.74,8.45
500108185,18:00-20:00,7.58,8.51
500108185,20:00-22:00,6.8,4.59
500108185,22:00-24:00,1.78,3.04
500108186,00:00-02:00,0.0,0.0
500108186,02:00-04:00,0.0,0.0
500108186,04:00-06:00,0.17,0.17
500108186,06:00-08:00,0.23,3.17
500108186,08:00-10:00,0.5,2.33
500108186,10:00-12:00,1.1,0.31
500108186,12:00-14:00,0.5,0.12
500108186,14:00-16:00,1.0,0.0
500108186,16:00-18:00,1.25,0.5
500108186,18:00-20:00,0.5,2.62
500108186,20:00-22:00,0.38,0.5
500108186,22:00-24:00,0.38,0.25
500108187,00:00-02:00,0.33,1.5
500108187,02:00-04:00,0.0,0.08
500108187,04:00-06:00,0.75,0.08
500108187,06:00-08:00,3.83,1.58
500108187,08:00-10:00,4.54,4.75
500108187,10:00-12:00,5.4,4.17
500108187,12:00-14:00,6.19,5.4
500108187,14:00-16:00,5.36,4.35
500108187,16:00-18:00,5.13,6.92
500108187,18:00-20:00,7.0,6.58
500108187,20:00-22:00,4.0,4.0
500108187,22:00-24:00,2.62,3.51
500108188,00:00-02:00,1.75,3.58
500108188,02:00-04:00,0.17,0.0
500108188,04:00-06:00,0.25,0.42
500108188,06:00-08:00,3.67,7.58
500108188,08:00-10:00,8.83,11.6
500108188,10:00-12:00,7.75,8.76
500108188,12:00-14:00,10.64,10.48
500108188,14:00-16:00,11.2,8.82
500108188,16:00-18:00,13.95,9.33
500108188,18:00-20:00,11.28,9.17
500108188,20:00-22:00,8.78,5.42
500108188,22:00-24:00,5.18,5.94
500108189,00:00-02:00,0.96,2.0
500108189,02:00-04:00,0.86,0.0
500108189,04:00-06:00,0.09,0.42
500108189,06:00-08:00,1.92,6.0
500108189,08:00-10:00,5.75,7.42
500108189,10:00-12:00,8.33,6.82
500108189,12:00-14:00,6.9,5.98
500108189,14:00-16:00,6.18,5.77
500108189,16:00-18:00,6.93,5.75
500108189,18:00-20:00,5.6,2.5
500108189,20:00-22:00,5.18,4.67
500108189,22:00-24:00,5.14,2.09
500108190,00:00-02:00,1.17,1.08
500108190,02:00-04:00,0.08,0.58
500108190,04:00-06:00,1.0,0.08
500108190,06:00-08:00,2.0,2.08
500108190,08:00-10:00,4.51,4.0
500108190,10:00-12:00,6.78,5.58
500108190,12:00-14:00,5.41,4.74
500108190,14:00-16:00,4.3,5.68
500108190,16:00-18:00,6.67,6.33
500108190,18:00-20:00,4.3,4.75
500108190,20:00-22:00,4.93,4.33
500108190,22:00-24:00,3.37,2.43
500108191,00:00-02:00,0.25,1.33
500108191,02:00-04:00,0.17,0.25
500108191,04:00-06:00,0.58,1.75
500108191,06:00-08:00,2.0,1.42
500108191,08:00-10:00,6.0,3.42
500108191,10:00-12:00,7.19,4.0
500108191,12:00-14:00,4.29,3.74
500108191,14:00-16:00,4.14,5.26
500108191,16:00-18:00,6.78,5.92
500108191,18:00-20:00,2.96,4.33
500108191,20:00-22:00,3.5,5.67
500108191,22:00-24:00,1.26,3.18
500108192,00:00-02:00,0.17,0.08
500108192,02:00-04:00,0.0,0.0
500108192,04:00-06:00,0.17,0.08
500108192,06:00-08:00,0.17,0.58
500108192,08:00-10:00,0.5,0.58
500108192,10:00-12:00,0.58,0.67
500108192,12:00-14:00,1.91,1.13
500108192,14:00-16:00,1.34,1.0
500108192,16:00-18:00,1.75,1.92
500108192,18:00-20:00,0.58,1.17
500108192,20:00-22:00,0.5,1.33
500108192,22:00-24:00,0.33,0.33
500108193,00:00-02:00,0.5,0.25
500108193,02:00-04:00,0.08,0.25
500108193,04:00-06:00,0.17,0.08
500108193,06:00-08:00,1.17,0.75
500108193,08:00-10:00,1.33,1.08
500108193,10:00-12:00,1.75,1.58
500108193,12:00-14:00,1.76,2.33
500108193,14:00-16:00,2.21,1.34
500108193,16:00-18:00,1.33,2.75
500108193,18:00-20:00,2.92,1.67
500108193,20:00-22:00,1.17,1.0
500108193,22:00-24:00,0.5,0.59
500108194,00:00-02:00,0.58,1.33
500108194,02:00-04:00,0.08,0.08
500108194,04:00-06:00,0.83,1.33
500108194,06:00-08:00,1.27,1.0
500108194,08:00-10:00,2.71,2.25
500108194,10:00-12:00,3.5,3.08
500108194,12:00-14:00,3.91,2.16
500108194,14:00-16:00,2.58,2.26
500108194,16:00-18:00,3.76,2.83
500108194,18:00-20:00,3.69,4.58
500108194,20:00-22:00,3.34,2.58
500108194,22:00-24:00,1.0,1.76
500108195,00:00-02:00,0.08,0.5
500108195,02:00-04:00,0.25,0.17
500108195,04:00-06:00,0.0,0.08
500108195,06:00-08:00,1.58,0.17
500108195,08:00-10:00,1.75,0.67
500108195,10:00-12:00,2.02,1.17
500108195,12:00-14:00,1.59,1.5
500108195,14:00-16:00,1.34,2.09
500108195,16:00-18:00,1.58,1.67
500108195,18:00-20:00,1.74,1.92
500108195,20:00-22:00,2.17,1.75
500108195,22:00-24:00,0.17,1.34
500108196,00:00-02:00,0.5,0.33
500108196,02:00-04:00,0.0,0.33
500108196,04:00-06:00,0.0,0.0
500108196,06:00-08:00,1.08,0.42
500108196,08:00-10:00,3.0,2.25
500108196,10:00-12:00,3.46,1.42
500108196,12:00-14:00,2.3,2.83
500108196,14:00-16:00,1.75,1.34
500108196,16:00-18:00,0.91,1.75
500108196,18:00-20:00,2.43,2.94
500108196,20:00-22:00,1.33,1.17
500108196,22:00-24:00,0.67,1.17
500108197,00:00-02:00,0.92,0.33
500108197,02:00-04:00,0.0,0.0
500108197,04:00-06:00,0.17,0.33
500108197,06:00-08:00,0.33,1.53
500108197,08:00-10:00,1.33,1.02
500108197,10:00-12:00,1.0,1.25
500108197,12:00-14:00,2.33,0.91
500108197,14:00-16:00,2.26,1.34
500108197,16:00-18:00,1.08,1.42
500108197,18:00-20:00,0.92,1.17
500108197,20:00-22:00,1.33,1.92
500108197,22:00-24:00,0.92,1.26
500108199,00:00-02:00,0.58,0.67
500108199,02:00-04:00,0.0,0.08
500108199,04:00-06:00,0.42,0.25
500108199,06:00-08:00,1.35,2.17
500108199,08:00-10:00,1.83,5.33
500108199,10:00-12:00,3.67,5.66
500108199,12:00-14:00,4.07,4.78
500108199,14:00-16:00,6.29,4.35
500108199,16:00-18:00,6.17,5.75
500108199,18:00-20:00,4.17,3.4
500108199,20:00-22:00,3.77,2.08
500108199,22:00-24:00,1.52,1.59
500108200,00:00-02:00,0.33,0.58
500108200,02:00-04:00,0.0,0.08
500108200,04:00-06:00,0.0,0.08
500108200,06:00-08:00,1.68,1.0
500108200,08:00-10:00,2.35,1.92
500108200,10:00-12:00,1.34,1.67
500108200,12:00-14:00,1.99,2.41
500108200,14:00-16:00,0.92,1.5
500108200,16:00-18:00,2.75,1.25
500108200,18:00-20:00,1.5,2.25
500108200,20:00-22:00,0.83,1.25
500108200,22:00-24:00,0.33,0.5
500108201,00:00-02:00,0.17,0.92
500108201,02:00-04:00,0.08,0.0
500108201,04:00-06:00,0.25,1.92
500108201,06:00-08:00,1.0,0.33
500108201,08:00-10:00,2.92,0.33
500108201,10:00-12:00,1.92,0.33
500108201,12:00-14:00,0.84,2.33
500108201,14:00-16:00,1.01,4.6
500108201,16:00-18:00,2.67,1.08
500108201,18:00-20:00,2.0,1.92
500108201,20:00-22:00,1.33,1.08
500108201,22:00-24:00,0.92,0.59
500108202,00:00-02:00,0.0,0.33
500108202,02:00-04:00,0.0,0.0
500108202,04:00-06:00,0.08,0.58
500108202,06:00-08:00,1.5,0.92
500108202,08:00-10:00,4.88,2.26
500108202,10:00-12:00,3.03,0.75
500108202,12:00-14:00,2.09,1.66
500108202,14:00-16:00,1.78,1.67
500108202,16:00-18:00,1.67,2.17
500108202,18:00-20:00,1.67,2.0
500108202,20:00-22:00,1.42,2.33
500108202,22:00-24:00,0.75,1.09
500108203,00:00-02:00,0.08,0.08
500108203,02:00-04:00,0.08,0.17
500108203,04:00-06:00,0.67,0.33
500108203,06:00-08:00,1.42,0.25
500108203,08:00-10:00,2.5,1.17
500108203,10:00-12:00,2.05,1.75
500108203,12:00-14:00,2.94,2.91
500108203,14:00-16:00,2.11,2.42
500108203,16:00-18:00,2.76,2.58
500108203,18:00-20:00,2.36,2.33
500108203,20:00-22:00,1.11,1.92
500108203,22:00-24:00,0.7,1.42
500108204,00:00-02:00,0.91,1.17
500108204,02:00-04:00,0.19,0.5
500108204,04:00-06:00,0.93,2.08
500108204,06:00-08:00,3.75,0.92
500108204,08:00-10:00,4.57,3.75
500108204,10:00-12:00,3.58,3.5
500108204,12:00-14:00,4.17,5.32
500108204,14:00-16:00,4.53,5.43
500108204,16:00-18:00,6.48,6.08
500108204,18:00-20:00,7.16,7.58
500108204,20:00-22:00,5.58,5.25
500108204,22:00-24:00,1.46,0.92
500108205,00:00-02:00,0.0,0.25
500108205,02:00-04:00,0.08,0.17
500108205,04:00-06:00,1.08,0.08
500108205,06:00-08:00,2.37,0.42
500108205,08:00-10:00,3.65,3.5
500108205,10:00-12:00,4.66,1.83
500108205,12:00-14:00,2.55,2.83
500108205,14:00-16:00,2.49,2.34
500108205,16:00-18:00,2.48,3.83
500108205,18:00-20:00,2.96,3.83
500108205,20:00-22:00,2.25,3.08
500108205,22:00-24:00,1.92,2.34
500108206,00:00-02:00,0.09,1.42
500108206,02:00-04:00,0.0,1.08
500108206,04:00-06:00,0.83,0.58
500108206,06:00-08:00,2.33,1.67
500108206,08:00-10:00,4.0,3.33
500108206,10:00-12:00,4.75,4.83
500108206,12:00-14:00,3.91,3.24
500108206,14:00-16:00,3.43,4.09
500108206,16:00-18:00,5.17,4.77
500108206,18:00-20:00,3.67,2.67
500108206,20:00-22:00,2.33,3.42
500108206,22:00-24:00,1.59,1.84
500108207,00:00-02:00,2.0,1.5
500108207,02:00-04:00,0.08,0.17
500108207,04:00-06:00,0.83,0.33
500108207,06:00-08:00,2.92,3.0
500108207,08:00-10:00,3.67,3.25
500108207,10:00-12:00,3.5,2.92
500108207,12:00-14:00,4.32,2.99
500108207,14:00-16:00,7.07,6.35
500108207,16:00-18:00,7.5,6.25
500108207,18:00-20:00,4.77,6.25
500108207,20:00-22:00,3.33,6.91
500108207,22:00-24:00,2.85,2.43
500108208,00:00-02:00,0.0,0.58
500108208,02:00-04:00,0.0,0.08
500108208,04:00-06:00,0.5,0.33
500108208,06:00-08:00,2.33,0.83
500108208,08:00-10:00,3.42,2.58
500108208,10:00-12:00,4.74,2.25
500108208,12:00-14:00,5.2,3.74
500108208,14:00-16:00,4.56,3.68
500108208,16:00-18:00,4.35,2.83
500108208,18:00-20:00,2.08,3.58
500108208,20:00-22:00,1.55,2.17
500108208,22:00-24:00,0.49,2.34
500108209,00:00-02:00,0.33,0.83
500108209,02:00-04:00,0.0,0.17
500108209,04:00-06:00,0.25,0.0
500108209,06:00-08:00,1.29,0.83
500108209,08:00-10:00,1.09,2.08
500108209,10:00-12:00,1.54,0.75
500108209,12:00-14:00,2.42,3.07
500108209,14:00-16:00,2.29,1.42
500108209,16:00-18:00,1.58,2.58
500108209,18:00-20:00,2.25,1.58
500108209,20:00-22:00,1.44,1.42
500108209,22:00-24:00,0.9,0.84
500108211,00:00-02:00,0.08,0.42
500108211,02:00-04:00,0.0,0.0
500108211,04:00-06:00,0.0,0.0
500108211,06:00-08:00,0.75,0.5
500108211,08:00-10:00,1.25,0.25
500108211,10:00-12:00,1.0,1.5
500108211,12:00-14:00,1.91,1.41
500108211,14:00-16:00,1.25,0.84
500108211,16:00-18:00,1.25,1.58
500108211,18:00-20:00,0.75,1.75
500108211,20:00-22:00,1.08,0.75
500108211,22:00-24:00,0.42,0.59
500108212,00:00-02:00,1.08,2.08
500108212,02:00-04:00,1.08,0.33
500108212,04:00-06:00,0.92,0.75
500108212,06:00-08:00,3.25,6.5
500108212,08:00-10:00,14.58,13.67
500108212,10:00-12:00,13.83,12.92
500108212,12:00-14:00,14.54,11.8
500108212,14:00-16:00,8.61,5.85
500108212,16:00-18:00,8.06,14.08
500108212,18:00-20:00,14.17,12.17
500108212,20:00-22:00,9.46,8.17
500108212,22:00-24:00,5.07,6.03
500108213,00:00-02:00,0.43,0.58
500108213,02:00-04:00,0.17,0.0
500108213,04:00-06:00,0.25,0.17
500108213,06:00-08:00,0.92,2.0
500108213,08:00-10:00,1.5,1.42
500108213,10:00-12:00,1.58,1.08
500108213,12:00-14:00,1.33,1.75
500108213,14:00-16:00,1.67,1.92
500108213,16:00-18:00,1.92,1.42
500108213,18:00-20:00,0.92,0.67
500108213,20:00-22:00,1.5,0.5
500108213,22:00-24:00,0.2,0.08
500108214,00:00-02:00,0.25,0.58
500108214,02:00-04:00,0.08,0.25
500108214,04:00-06:00,0.17,0.5
500108214,06:00-08:00,2.33,1.58
500108214,08:00-10:00,5.59,3.0
500108214,10:00-12:00,5.84,3.83
500108214,12:00-14:00,5.98,3.07
500108214,14:00-16:00,4.32,3.18
500108214,16:00-18:00,3.85,4.0
500108214,18:00-20:00,3.17,5.08
500108214,20:00-22:00,3.42,4.75
500108214,22:00-24:00,0.92,3.1
500108215,00:00-02:00,0.17,0.17
500108215,02:00-04:00,0.0,0.17
500108215,04:00-06:00,0.08,0.0
500108215,06:00-08:00,0.17,0.25
500108215,08:00-10:00,0.25,0.75
500108215,10:00-12:00,0.76,0.92
500108215,12:00-14:00,0.66,1.19
500108215,14:00-16:00,1.92,0.36
500108215,16:00-18:00,0.92,0.67
500108215,18:00-20:00,0.5,0.75
500108215,20:00-22:00,0.5,0.42
500108215,22:00-24:00,0.67,0.17
500108216,00:00-02:00,0.42,0.92
500108216,02:00-04:00,0.25,0.08
500108216,04:00-06:00,0.58,0.42
500108216,06:00-08:00,2.86,0.92
500108216,08:00-10:00,3.96,2.33
500108216,10:00-12:00,3.97,3.67
500108216,12:00-14:00,4.33,4.07
500108216,14:00-16:00,4.12,3.59
500108216,16:00-18:00,4.29,3.83
500108216,18:00-20:00,3.93,4.83
500108216,20:00-22:00,1.68,3.67
500108216,22:00-24:00,3.26,2.86
500108217,00:00-02:00,0.17,0.25
500108217,02:00-04:00,0.17,0.17
500108217,04:00-06:00,0.08,0.0
500108217,06:00-08:00,0.67,0.83
500108217,08:00-10:00,2.0,1.33
500108217,10:00-12:00,1.83,1.25
500108217,12:00-14:00,1.5,1.41
500108217,14:00-16:00,0.5,0.42
500108217,16:00-18:00,1.0,1.67
500108217,18:00-20:00,0.92,1.58
500108217,20:00-22:00,0.42,0.67
500108217,22:00-24:00,0.33,0.67
500108218,00:00-02:00,0.25,0.42
500108218,02:00-04:00,0.0,0.0
500108218,04:00-06:00,0.0,0.0
500108218,06:00-08:00,0.08,0.17
500108218,08:00-10:00,0.33,1.25
500108218,10:00-12:00,0.58,1.17
500108218,12:00-14:00,0.83,1.08
500108218,14:00-16:00,0.92,0.84
500108218,16:00-18:00,1.33,1.17
500108218,18:00-20:00,0.83,0.5
500108218,20:00-22:00,0.92,0.5
500108218,22:00-24:00,0.5,0.25
500108219,00:00-02:00,0.5,0.67
500108219,02:00-04:00,0.0,0.25
500108219,04:00-06:00,0.0,0.67
500108219,06:00-08:00,0.58,1.31
500108219,08:00-10:00,2.33,2.75
500108219,10:00-12:00,1.58,1.77
500108219,12:00-14:00,2.58,2.41
500108219,14:00-16:00,2.26,1.92
500108219,16:00-18:00,3.39,1.13
500108219,18:00-20:00,2.94,3.48
500108219,20:00-22:00,2.4,1.86
500108219,22:00-24:00,0.55,1.09
500108220,00:00-02:00,0.58,0.58
500108220,02:00-04:00,0.58,0.0
500108220,04:00-06:00,0.58,0.58
500108220,06:00-08:00,0.83,0.25
500108220,08:00-10:00,0.92,0.5
500108220,10:00-12:00,1.75,2.0
500108220,12:00-14:00,2.41,2.66
500108220,14:00-16:00,1.67,2.42
500108220,16:00-18:00,2.42,2.17
500108220,18:00-20:00,2.83,2.25
500108220,20:00-22:00,1.17,1.33
500108220,22:00-24:00,0.59,1.26
500108221,00:00-02:00,0.08,1.0
500108221,02:00-04:00,0.0,0.0
500108221,04:00-06:00,0.0,0.0
500108221,06:00-08:00,0.58,0.5
500108221,08:00-10:00,1.0,0.58
500108221,10:00-12:00,1.58,0.17
500108221,12:00-14:00,0.33,0.91
500108221,14:00-16:00,0.67,1.34
500108221,16:00-18:00,1.75,1.17
500108221,18:00-20:00,0.58,0.58
500108221,20:00-22:00,0.42,0.92
500108221,22:00-24:00,0.33,0.67
500108222,00:00-02:00,0.67,0.33
500108222,02:00-04:00,0.08,0.17
500108222,04:00-06:00,0.0,0.0
500108222,06:00-08:00,1.0,0.25
500108222,08:00-10:00,1.5,2.0
500108222,10:00-12:00,1.34,0.58
500108222,12:00-14:00,0.6,1.66
500108222,14:00-16:00,2.09,3.44
500108222,16:00-18:00,1.83,0.83
500108222,18:00-20:00,0.92,2.08
500108222,20:00-22:00,0.5,0.0
500108222,22:00-24:00,0.33,0.17
500108223,00:00-02:00,0.17,0.0
500108223,02:00-04:00,0.08,0.17
500108223,04:00-06:00,0.0,0.25
500108223,06:00-08:00,1.0,0.67
500108223,08:00-10:00,1.72,1.58
500108223,10:00-12:00,2.59,3.08
500108223,12:00-14:00,3.46,2.41
500108223,14:00-16:00,3.07,1.92
500108223,16:00-18:00,3.0,3.0
500108223,18:00-20:00,2.67,3.0
500108223,20:00-22:00,2.12,2.25
500108223,22:00-24:00,1.09,1.0
500108224,00:00-02:00,0.08,0.42
500108224,02:00-04:00,0.08,0.08
500108224,04:00-06:00,0.33,0.0
500108224,06:00-08:00,1.0,0.33
500108224,08:00-10:00,1.1,1.83
500108224,10:00-12:00,1.0,1.08
500108224,12:00-14:00,1.5,1.41
500108224,14:00-16:00,1.59,1.84
500108224,16:00-18:00,2.5,1.83
500108224,18:00-20:00,1.33,2.0
500108224,20:00-22:00,0.92,1.0
500108224,22:00-24:00,0.75,0.67
500108225,00:00-02:00,0.08,0.33
500108225,02:00-04:00,0.0,0.17
500108225,04:00-06:00,0.67,0.58
500108225,06:00-08:00,1.17,0.58
500108225,08:00-10:00,3.58,1.58
500108225,10:00-12:00,2.83,2.42
500108225,12:00-14:00,2.44,2.49
500108225,14:00-16:00,2.44,2.42
500108225,16:00-18:00,2.82,2.58
500108225,18:00-20:00,2.79,2.33
500108225,20:00-22:00,0.92,2.08
500108225,22:00-24:00,0.84,1.09
500108226,00:00-02:00,0.0,0.0
500108226,02:00-04:00,0.0,0.0
500108226,04:00-06:00,0.0,0.08
500108226,06:00-08:00,0.08,0.25
500108226,08:00-10:00,0.0,0.92
500108226,10:00-12:00,0.25,0.33
500108226,12:00-14:00,0.66,0.58
500108226,14:00-16:00,0.75,0.42
500108226,16:00-18:00,0.67,0.25
500108226,18:00-20:00,0.33,1.17
500108226,20:00-22:00,0.17,0.25
500108226,22:00-24:00,0.08,0.0
500108227,00:00-02:00,1.0,1.17
500108227,02:00-04:00,0.08,0.17
500108227,04:00-06:00,0.33,0.0
500108227,06:00-08:00,0.83,0.5
500108227,08:00-10:00,2.25,0.92
500108227,10:00-12:00,2.33,2.08
500108227,12:00-14:00,2.41,1.91
500108227,14:00-16:00,2.42,2.59
500108227,16:00-18:00,2.58,3.0
500108227,18:00-20:00,2.91,3.75
500108227,20:00-22:00,1.67,2.42
500108227,22:00-24:00,1.42,2.26
500108228,00:00-02:00,0.25,0.0
500108228,02:00-04:00,0.0,0.0
500108228,04:00-06:00,0.17,0.0
500108228,06:00-08:00,0.08,0.0
500108228,08:00-10:00,1.0,0.25
500108228,10:00-12:00,0.33,0.08
500108228,12:00-14:00,0.42,0.08
500108228,14:00-16:00,0.25,0.33
500108228,16:00-18:00,0.17,0.33
500108228,18:00-20:00,0.33,0.08
500108228,20:00-22:00,0.25,0.42
500108228,22:00-24:00,0.17,0.17
500108229,00:00-02:00,0.0,0.0
500108229,02:00-04:00,0.0,0.0
500108229,04:00-06:00,0.42,0.33
500108229,06:00-08:00,0.51,0.25
500108229,08:00-10:00,1.03,1.08
500108229,10:00-12:00,0.42,0.17
500108229,12:00-14:00,0.17,0.42
500108229,14:00-16:00,0.25,0.08
500108229,16:00-18:00,0.5,0.42
500108229,18:00-20:00,0.17,0.58
500108229,20:00-22:00,0.0,0.17
500108229,22:00-24:00,0.0,0.0
500108230,00:00-02:00,0.92,1.0
500108230,02:00-04:00,0.76,1.08
500108230,04:00-06:00,1.0,0.25
500108230,06:00-08:00,2.25,2.17
500108230,08:00-10:00,7.58,9.46
500108230,10:00-12:00,9.29,9.68
500108230,12:00-14:00,7.98,6.98
500108230,14:00-16:00,4.02,2.92
500108230,16:00-18:00,3.56,4.39
500108230,18:00-20:00,5.16,5.01
500108230,20:00-22:00,4.29,3.25
500108230,22:00-24:00,1.89,2.76
500108231,00:00-02:00,1.42,0.42
500108231,02:00-04:00,0.38,0.75
500108231,04:00-06:00,0.08,1.0
500108231,06:00-08:00,0.75,0.75
500108231,08:00-10:00,2.5,3.08
500108231,10:00-12:00,3.5,5.42
500108231,12:00-14:00,5.32,4.34
500108231,14:00-16:00,4.99,3.57
500108231,16:00-18:00,4.12,5.39
500108231,18:00-20:00,3.42,4.67
500108231,20:00-22:00,3.66,2.22
500108231,22:00-24:00,2.49,1.26
500108233,00:00-02:00,0.08,0.0
500108233,02:00-04:00,0.0,0.25
500108233,04:00-06:00,0.33,0.33
500108233,06:00-08:00,1.67,1.58
500108233,08:00-10:00,4.15,2.58
500108233,10:00-12:00,3.25,3.83
500108233,12:00-14:00,3.62,4.24
500108233,14:00-16:00,4.98,3.34
500108233,16:00-18:00,3.67,3.5
500108233,18:00-20:00,3.25,4.92
500108233,20:00-22:00,3.04,2.42
500108233,22:00-24:00,1.64,2.51
500108234,00:00-02:00,0.0,0.5
500108234,02:00-04:00,0.0,0.17
500108234,04:00-06:00,0.0,0.0
500108234,06:00-08:00,0.75,0.08
500108234,08:00-10:00,1.81,1.75
500108234,10:00-12:00,2.45,1.83
500108234,12:00-14:00,2.18,2.58
500108234,14:00-16:00,2.42,2.01
500108234,16:00-18:00,1.99,1.67
500108234,18:00-20:00,1.32,1.58
500108234,20:00-22:00,0.76,1.83
500108234,22:00-24:00,0.67,0.33
500108235,00:00-02:00,0.08,0.33
500108235,02:00-04:00,0.17,0.08
500108235,04:00-06:00,0.42,0.0
500108235,06:00-08:00,0.92,1.0
500108235,08:00-10:00,0.92,0.67
500108235,10:00-12:00,0.5,0.92
500108235,12:00-14:00,1.33,1.41
500108235,14:00-16:00,1.5,0.77
500108235,16:00-18:00,1.33,1.25
500108235,18:00-20:00,1.08,1.42
500108235,20:00-22:00,0.67,0.67
500108235,22:00-24:00,0.5,0.84
500109001,00:00-02:00,1.83,1.35
500109001,02:00-04:00,0.25,1.08
500109001,04:00-06:00,1.42,0.25
500109001,06:00-08:00,4.42,2.67
500109001,08:00-10:00,6.95,3.25
500109001,10:00-12:00,5.41,6.08
500109001,12:00-14:00,7.17,4.65
500109001,14:00-16:00,6.78,5.93
500109001,16:00-18:00,7.89,7.67
500109001,18:00-20:00,4.24,5.75
500109001,20:00-22:00,3.29,4.83
500109001,22:00-24:00,1.51,4.84
500109002,00:00-02:00,1.0,1.25
500109002,02:00-04:00,0.0,0.17
500109002,04:00-06:00,0.33,1.33
500109002,06:00-08:00,5.33,4.33
500109002,08:00-10:00,5.67,10.01
500109002,10:00-12:00,10.86,5.09
500109002,12:00-14:00,4.18,10.47
500109002,14:00-16:00,13.43,12.84
500109002,16:00-18:00,16.54,12.8
500109002,18:00-20:00,10.58,12.69
500109002,20:00-22:00,8.57,4.42
500109002,22:00-24:00,1.84,1.59
500109003,00:00-02:00,0.83,1.61
500109003,02:00-04:00,0.0,0.17
500109003,04:00-06:00,0.33,0.25
500109003,06:00-08:00,5.25,1.83
500109003,08:00-10:00,8.97,8.83
500109003,10:00-12:00,11.84,7.46
500109003,12:00-14:00,8.1,8.48
500109003,14:00-16:00,10.03,9.11
500109003,16:00-18:00,10.29,6.58
500109003,18:00-20:00,6.47,8.75
500109003,20:00-22:00,4.52,6.69
500109003,22:00-24:00,3.43,5.81
500109004,00:00-02:00,1.53,1.58
500109004,02:00-04:00,0.0,0.92
500109004,04:00-06:00,0.58,0.92
500109004,06:00-08:00,4.83,3.92
500109004,08:00-10:00,4.92,4.83
500109004,10:00-12:00,7.17,6.17
500109004,12:00-14:00,7.23,7.15
500109004,14:00-16:00,7.86,6.77
500109004,16:00-18:00,10.87,9.83
500109004,18:00-20:00,6.58,8.83
500109004,20:00-22:00,6.67,6.83
500109004,22:00-24:00,3.1,1.84
500109005,00:00-02:00,0.5,2.0
500109005,02:00-04:00,0.0,0.25
500109005,04:00-06:00,0.17,0.17
500109005,06:00-08:00,3.67,2.92
500109005,08:00-10:00,5.01,3.0
500109005,10:00-12:00,6.87,5.17
500109005,12:00-14:00,6.02,6.81
500109005,14:00-16:00,6.23,5.6
500109005,16:00-18:00,8.68,5.75
500109005,18:00-20:00,5.41,6.08
500109005,20:00-22:00,3.0,3.83
500109005,22:00-24:00,1.59,4.27
500109006,00:00-02:00,0.25,3.42
500109006,02:00-04:00,0.17,0.33
500109006,04:00-06:00,1.17,0.25
500109006,06:00-08:00,4.42,1.0
500109006,08:00-10:00,4.67,1.42
500109006,10:00-12:00,6.69,6.5
500109006,12:00-14:00,5.3,3.41
500109006,14:00-16:00,4.59,2.67
500109006,16:00-18:00,3.43,3.42
500109006,18:00-20:00,4.23,4.5
500109006,20:00-22:00,3.42,5.92
500109006,22:00-24:00,1.0,3.18
500109007,00:00-02:00,1.67,1.58
500109007,02:00-04:00,0.08,0.42
500109007,04:00-06:00,0.33,2.83
500109007,06:00-08:00,7.42,7.08
500109007,08:00-10:00,12.83,13.17
500109007,10:00-12:00,20.08,27.08
500109007,12:00-14:00,24.76,21.76
500109007,14:00-16:00,30.17,29.25
500109007,16:00-18:00,30.58,24.42
500109007,18:00-20:00,12.44,14.17
500109007,20:00-22:00,9.17,9.75
500109007,22:00-24:00,2.34,2.51
500109008,00:00-02:00,1.17,1.42
500109008,02:00-04:00,0.08,0.25
500109008,04:00-06:00,1.08,0.17
500109008,06:00-08:00,4.25,1.92
500109008,08:00-10:00,5.42,5.94
500109008,10:00-12:00,9.17,7.58
500109008,12:00-14:00,7.52,4.32
500109008,14:00-16:00,5.52,6.35
500109008,16:00-18:00,10.34,5.92
500109008,18:00-20:00,4.59,7.92
500109008,20:00-22:00,2.67,6.58
500109008,22:00-24:00,1.76,3.7
500109009,00:00-02:00,1.92,1.75
500109009,02:00-04:00,0.08,0.5
500109009,04:00-06:00,0.17,0.42
500109009,06:00-08:00,4.67,3.02
500109009,08:00-10:00,6.45,6.05
500109009,10:00-12:00,7.74,5.25
500109009,12:00-14:00,7.4,8.73
500109009,14:00-16:00,8.28,7.44
500109009,16:00-18:00,9.91,11.1
500109009,18:00-20:00,11.49,8.81
500109009,20:00-22:00,2.92,8.23
500109009,22:00-24:00,3.26,2.0
500109010,00:00-02:00,0.75,0.17
500109010,02:00-04:00,0.0,0.0
500109010,04:00-06:00,0.25,0.17
500109010,06:00-08:00,1.33,1.0
500109010,08:00-10:00,3.08,1.67
500109010,10:00-12:00,5.0,2.75
500109010,12:00-14:00,4.65,3.24
500109010,14:00-16:00,4.09,6.02
500109010,16:00-18:00,4.92,5.08
500109010,18:00-20:00,3.42,2.42
500109010,20:00-22:00,1.74,2.83
500109010,22:00-24:00,1.14,1.84
500109011,00:00-02:00,4.08,4.0
500109011,02:00-04:00,0.17,0.33
500109011,04:00-06:00,1.58,0.83
500109011,06:00-08:00,10.92,11.92
500109011,08:00-10:00,19.94,12.25
500109011,10:00-12:00,21.55,22.75
500109011,12:00-14:00,20.39,23.19
500109011,14:00-16:00,27.02,20.39
500109011,16:00-18:00,23.01,33.08
500109011,18:00-20:00,17.42,24.42
500109011,20:00-22:00,15.0,16.2
500109011,22:00-24:00,10.29,6.26
500109012,00:00-02:00,0.42,0.42
500109012,02:00-04:00,0.0,0.17
500109012,04:00-06:00,0.5,0.08
500109012,06:00-08:00,0.25,0.5
500109012,08:00-10:00,2.0,2.17
500109012,10:00-12:00,3.75,3.33
500109012,12:00-14:00,3.99,3.57
500109012,14:00-16:00,4.34,4.09
500109012,16:00-18:00,4.44,4.5
500109012,18:00-20:00,2.2,3.83
500109012,20:00-22:00,3.08,2.25
500109012,22:00-24:00,1.09,1.09
500109013,00:00-02:00,0.33,1.5
500109013,02:00-04:00,0.33,0.17
500109013,04:00-06:00,0.25,0.25
500109013,06:00-08:00,1.08,0.83
500109013,08:00-10:00,2.5,2.33
500109013,10:00-12:00,2.0,2.58
500109013,12:00-14:00,4.65,2.74
500109013,14:00-16:00,3.68,2.92
500109013,16:00-18:00,5.08,3.17
500109013,18:00-20:00,2.75,3.17
500109013,20:00-22:00,2.25,3.92
500109013,22:00-24:00,1.09,1.34
500109014,00:00-02:00,0.08,0.0
500109014,02:00-04:00,0.08,0.0
500109014,04:00-06:00,0.08,0.17
500109014,06:00-08:00,0.5,1.83
500109014,08:00-10:00,2.08,2.42
500109014,10:00-12:00,1.75,1.33
500109014,12:00-14:00,2.08,2.41
500109014,14:00-16:00,4.11,1.84
500109014,16:00-18:00,4.75,2.33
500109014,18:00-20:00,1.34,2.0
500109014,20:00-22:00,1.48,2.33
500109014,22:00-24:00,1.23,1.09
500109015,00:00-02:00,2.47,0.67
500109015,02:00-04:00,0.0,0.67
500109015,04:00-06:00,0.42,0.33
500109015,06:00-08:00,3.75,4.08
500109015,08:00-10:00,5.08,8.75
500109015,10:00-12:00,8.42,9.33
500109015,12:00-14:00,10.3,9.64
500109015,14:00-16:00,9.44,7.1
500109015,16:00-18:00,9.31,7.58
500109015,18:00-20:00,7.35,5.83
500109015,20:00-22:00,6.76,4.92
500109015,22:00-24:00,4.53,4.1
500109016,00:00-02:00,0.75,0.42
500109016,02:00-04:00,0.58,0.26
500109016,04:00-06:00,0.25,0.0
500109016,06:00-08:00,1.58,0.58
500109016,08:00-10:00,1.25,0.75
500109016,10:00-12:00,3.03,2.33
500109016,12:00-14:00,2.33,2.24
500109016,14:00-16:00,2.26,2.26
500109016,16:00-18:00,2.17,3.08
500109016,18:00-20:00,2.25,3.0
500109016,20:00-22:00,2.75,2.42
500109016,22:00-24:00,1.67,1.35
500109017,00:00-02:00,0.17,0.0
500109017,02:00-04:00,0.0,0.0
500109017,04:00-06:00,0.08,0.17
500109017,06:00-08:00,0.5,0.42
500109017,08:00-10:00,1.83,0.67
500109017,10:00-12:00,2.08,1.17
500109017,12:00-14:00,1.13,1.41
500109017,14:00-16:00,2.4,2.84
500109017,16:00-18:00,3.05,2.58
500109017,18:00-20:00,1.94,2.5
500109017,20:00-22:00,0.58,0.67
500109017,22:00-24:00,0.5,0.67
500109018,00:00-02:00,0.67,1.17
500109018,02:00-04:00,0.58,0.35
500109018,04:00-06:00,0.33,0.58
500109018,06:00-08:00,1.67,2.75
500109018,08:00-10:00,3.58,2.09
500109018,10:00-12:00,3.0,4.26
500109018,12:00-14:00,5.42,2.7
500109018,14:00-16:00,2.43,3.34
500109018,16:00-18:00,3.48,3.42
500109018,18:00-20:00,2.58,3.18
500109018,20:00-22:00,1.83,2.91
500109018,22:00-24:00,1.84,1.09
500109019,00:00-02:00,0.42,1.0
500109019,02:00-04:00,0.67,0.5
500109019,04:00-06:00,1.25,0.17
500109019,06:00-08:00,3.92,1.08
500109019,08:00-10:00,6.97,3.0
500109019,10:00-12:00,6.62,2.92
500109019,12:00-14:00,8.77,6.32
500109019,14:00-16:00,5.81,6.02
500109019,16:00-18:00,6.62,10.75
500109019,18:00-20:00,11.2,12.77
500109019,20:00-22:00,7.75,11.08
500109019,22:00-24:00,8.45,9.46
500109020,00:00-02:00,0.33,0.42
500109020,02:00-04:00,0.17,0.42
500109020,04:00-06:00,0.17,0.0
500109020,06:00-08:00,2.5,1.5
500109020,08:00-10:00,3.33,3.92
500109020,10:00-12:00,5.25,6.32
500109020,12:00-14:00,5.98,4.0
500109020,14:00-16:00,5.26,4.51
500109020,16:00-18:00,6.33,2.25
500109020,18:00-20:00,1.83,4.17
500109020,20:00-22:00,2.17,3.58
500109020,22:00-24:00,1.09,3.6
500109022,00:00-02:00,0.08,3.5
500109022,02:00-04:00,0.0,0.5
500109022,04:00-06:00,0.5,0.83
500109022,06:00-08:00,3.67,1.0
500109022,08:00-10:00,5.25,3.83
500109022,10:00-12:00,5.58,1.58
500109022,12:00-14:00,3.74,2.41
500109022,14:00-16:00,3.09,3.84
500109022,16:00-18:00,3.83,3.67
500109022,18:00-20:00,3.5,3.5
500109022,20:00-22:00,2.25,3.08
500109022,22:00-24:00,0.92,5.69
500109023,00:00-02:00,1.92,4.0
500109023,02:00-04:00,0.5,0.33
500109023,04:00-06:00,2.17,2.25
500109023,06:00-08:00,4.5,6.08
500109023,08:00-10:00,5.83,9.0
500109023,10:00-12:00,13.75,9.42
500109023,12:00-14:00,11.05,10.89
500109023,14:00-16:00,11.62,8.52
500109023,16:00-18:00,12.58,10.58
500109023,18:00-20:00,10.0,9.25
500109023,20:00-22:00,7.0,6.75
500109023,22:00-24:00,4.77,4.35
500109024,00:00-02:00,3.7,1.0
500109024,02:00-04:00,0.09,0.83
500109024,04:00-06:00,0.58,0.33
500109024,06:00-08:00,1.75,3.5
500109024,08:00-10:00,2.58,5.67
500109024,10:00-12:00,6.67,5.08
500109024,12:00-14:00,6.81,7.15
500109024,14:00-16:00,4.8,6.14
500109024,16:00-18:00,5.81,6.82
500109024,18:00-20:00,5.17,6.86
500109024,20:00-22:00,6.58,3.69
500109024,22:00-24:00,4.33,1.34
500109025,00:00-02:00,3.02,2.58
500109025,02:00-04:00,1.0,1.33
500109025,04:00-06:00,1.67,1.92
500109025,06:00-08:00,7.58,11.67
500109025,08:00-10:00,19.58,18.42
500109025,10:00-12:00,19.25,21.67
500109025,12:00-14:00,15.87,19.68
500109025,14:00-16:00,18.97,20.76
500109025,16:00-18:00,19.67,20.86
500109025,18:00-20:00,16.75,19.97
500109025,20:00-22:00,18.42,12.63
500109025,22:00-24:00,10.9,4.6
500109026,00:00-02:00,1.25,1.01
500109026,02:00-04:00,0.25,0.42
500109026,04:00-06:00,0.58,0.58
500109026,06:00-08:00,3.51,1.17
500109026,08:00-10:00,3.08,1.17
500109026,10:00-12:00,2.72,3.58
500109026,12:00-14:00,4.47,3.57
500109026,14:00-16:00,2.34,2.84
500109026,16:00-18:00,3.5,4.17
500109026,18:00-20:00,3.6,3.74
500109026,20:00-22:00,1.83,1.67
500109026,22:00-24:00,0.26,1.26
500109027,00:00-02:00,1.33,2.17
500109027,02:00-04:00,0.0,0.08
500109027,04:00-06:00,1.67,0.33
500109027,06:00-08:00,9.33,3.42
500109027,08:00-10:00,18.33,6.83
500109027,10:00-12:00,12.75,11.08
500109027,12:00-14:00,11.8,13.71
500109027,14:00-16:00,13.37,11.62
500109027,16:00-18:00,12.92,14.58
500109027,18:00-20:00,8.83,12.33
500109027,20:00-22:00,6.08,15.0
500109027,22:00-24:00,3.26,7.28
500109028,00:00-02:00,1.0,1.0
500109028,02:00-04:00,0.5,0.67
500109028,04:00-06:00,0.5,0.33
500109028,06:00-08:00,2.58,2.25
500109028,08:00-10:00,4.92,2.25
500109028,10:00-12:00,4.7,6.67
500109028,12:00-14:00,3.24,4.49
500109028,14:00-16:00,6.6,5.79
500109028,16:00-18:00,5.5,5.0
500109028,18:00-20:00,4.83,4.5
500109028,20:00-22:00,3.25,6.01
500109028,22:00-24:00,2.26,1.76
500109029,00:00-02:00,0.92,0.92
500109029,02:00-04:00,0.26,0.58
500109029,04:00-06:00,0.5,0.5
500109029,06:00-08:00,1.83,2.75
500109029,08:00-10:00,4.7,2.58
500109029,10:00-12:00,3.94,3.42
500109029,12:00-14:00,3.12,2.83
500109029,14:00-16:00,3.26,3.84
500109029,16:00-18:00,6.08,5.33
500109029,18:00-20:00,5.28,5.17
500109029,20:00-22:00,2.01,2.25
500109029,22:00-24:00,1.59,0.84
500109030,00:00-02:00,0.42,0.75
500109030,02:00-04:00,0.17,0.17
500109030,04:00-06:00,0.25,0.25
500109030,06:00-08:00,1.25,1.75
500109030,08:00-10:00,3.33,3.29
500109030,10:00-12:00,3.58,3.13
500109030,12:00-14:00,4.04,3.49
500109030,14:00-16:00,4.82,2.67
500109030,16:00-18:00,3.56,4.42
500109030,18:00-20:00,2.08,3.0
500109030,20:00-22:00,1.92,2.58
500109030,22:00-24:00,1.0,0.59
500109031,00:00-02:00,2.33,2.92
500109031,02:00-04:00,0.33,0.5
500109031,04:00-06:00,3.17,5.33
500109031,06:00-08:00,9.0,10.08
500109031,08:00-10:00,11.67,13.08
500109031,10:00-12:00,11.92,12.25
500109031,12:00-14:00,11.05,11.22
500109031,14:00-16:00,13.7,11.7
500109031,16:00-18:00,13.5,14.67
500109031,18:00-20:00,13.42,11.25
500109031,20:00-22:00,11.66,8.33
500109031,22:00-24:00,3.94,3.85
500109032,00:00-02:00,1.5,2.75
500109032,02:00-04:00,0.75,0.42
500109032,04:00-06:00,1.92,1.67
500109032,06:00-08:00,14.5,9.25
500109032,08:00-10:00,19.33,19.92
500109032,10:00-12:00,27.67,18.58
500109032,12:00-14:00,20.03,17.45
500109032,14:00-16:00,20.64,18.97
500109032,16:00-18:00,23.76,21.25
500109032,18:00-20:00,16.0,20.17
500109032,20:00-22:00,7.67,17.17
500109032,22:00-24:00,5.52,9.04
500109033,00:00-02:00,1.17,1.5
500109033,02:00-04:00,0.92,0.33
500109033,04:00-06:00,1.08,0.58
500109033,06:00-08:00,4.63,2.33
500109033,08:00-10:00,7.62,4.33
500109033,10:00-12:00,7.19,6.0
500109033,12:00-14:00,7.64,7.06
500109033,14:00-16:00,6.48,5.6
500109033,16:00-18:00,6.85,7.58
500109033,18:00-20:00,7.0,10.08
500109033,20:00-22:00,4.25,8.0
500109033,22:00-24:00,2.26,5.02
500109034,00:00-02:00,5.35,4.83
500109034,02:00-04:00,0.82,3.17
500109034,04:00-06:00,3.42,8.5
500109034,06:00-08:00,10.21,6.25
500109034,08:00-10:00,14.27,12.92
500109034,10:00-12:00,14.42,15.5
500109034,12:00-14:00,16.04,19.78
500109034,14:00-16:00,18.97,18.13
500109034,16:00-18:00,21.92,17.58
500109034,18:00-20:00,14.96,12.5
500109034,20:00-22:00,14.08,12.08
500109034,22:00-24:00,9.47,9.62
500109035,00:00-02:00,3.64,1.33
500109035,02:00-04:00,0.65,0.25
500109035,04:00-06:00,0.17,3.33
500109035,06:00-08:00,1.51,1.75
500109035,08:00-10:00,4.45,4.92
500109035,10:00-12:00,5.36,7.17
500109035,12:00-14:00,7.48,8.81
500109035,14:00-16:00,8.52,7.27
500109035,16:00-18:00,7.83,8.42
500109035,18:00-20:00,9.58,9.33
500109035,20:00-22:00,8.58,4.25
500109035,22:00-24:00,3.43,3.1
500109036,00:00-02:00,1.85,0.92
500109036,02:00-04:00,0.25,0.08
500109036,04:00-06:00,1.26,1.67
500109036,06:00-08:00,6.03,8.67
500109036,08:00-10:00,10.5,13.58
500109036,10:00-12:00,10.25,14.62
500109036,12:00-14:00,13.63,13.25
500109036,14:00-16:00,12.7,12.45
500109036,16:00-18:00,16.08,16.83
500109036,18:00-20:00,14.17,13.33
500109036,20:00-22:00,15.08,9.92
500109036,22:00-24:00,7.02,5.27
500109037,00:00-02:00,2.25,0.67
500109037,02:00-04:00,0.25,0.42
500109037,04:00-06:00,1.51,0.75
500109037,06:00-08:00,2.26,3.08
500109037,08:00-10:00,5.42,6.5
500109037,10:00-12:00,6.28,6.33
500109037,12:00-14:00,5.75,4.99
500109037,14:00-16:00,4.52,3.68
500109037,16:00-18:00,6.01,3.67
500109037,18:00-20:00,5.87,4.17
500109037,20:00-22:00,3.92,4.25
500109037,22:00-24:00,0.77,1.0
500109039,00:00-02:00,0.42,0.83
500109039,02:00-04:00,0.0,0.33
500109039,04:00-06:00,0.33,0.25
500109039,06:00-08:00,2.67,2.42
500109039,08:00-10:00,3.92,5.83
500109039,10:00-12:00,6.33,5.83
500109039,12:00-14:00,7.65,8.06
500109039,14:00-16:00,8.02,6.94
500109039,16:00-18:00,8.17,7.25
500109039,18:00-20:00,5.39,6.0
500109039,20:00-22:00,4.11,3.25
500109039,22:00-24:00,1.69,1.84
500109040,00:00-02:00,3.24,3.0
500109040,02:00-04:00,0.25,0.25
500109040,04:00-06:00,1.0,1.33
500109040,06:00-08:00,3.02,2.25
500109040,08:00-10:00,6.88,6.33
500109040,10:00-12:00,6.3,6.08
500109040,12:00-14:00,7.03,5.9
500109040,14:00-16:00,7.89,5.85
500109040,16:00-18:00,10.58,8.25
500109040,18:00-20:00,7.83,8.08
500109040,20:00-22:00,5.53,5.0
500109040,22:00-24:00,2.85,3.18
500109041,00:00-02:00,0.5,1.25
500109041,02:00-04:00,0.0,0.0
500109041,04:00-06:00,0.75,0.42
500109041,06:00-08:00,3.42,2.75
500109041,08:00-10:00,4.57,3.67
500109041,10:00-12:00,4.99,5.92
500109041,12:00-14:00,3.41,4.65
500109041,14:00-16:00,5.97,4.93
500109041,16:00-18:00,8.26,7.5
500109041,18:00-20:00,5.42,6.42
500109041,20:00-22:00,3.0,2.5
500109041,22:00-24:00,1.42,2.01
500109042,00:00-02:00,2.58,2.58
500109042,02:00-04:00,0.33,0.92
500109042,04:00-06:00,1.33,0.27
500109042,06:00-08:00,5.17,4.89
500109042,08:00-10:00,7.17,5.99
500109042,10:00-12:00,6.67,6.83
500109042,12:00-14:00,6.62,5.48
500109042,14:00-16:00,8.9,5.85
500109042,16:00-18:00,8.17,8.92
500109042,18:00-20:00,8.23,9.67
500109042,20:00-22:00,6.88,6.67
500109042,22:00-24:00,3.01,4.94
500109043,00:00-02:00,1.25,1.71
500109043,02:00-04:00,0.08,0.33
500109043,04:00-06:00,1.75,0.08
500109043,06:00-08:00,4.5,2.17
500109043,08:00-10:00,8.42,10.32
500109043,10:00-12:00,7.08,8.58
500109043,12:00-14:00,8.31,6.98
500109043,14:00-16:00,6.61,6.75
500109043,16:00-18:00,10.69,9.78
500109043,18:00-20:00,9.67,9.56
500109043,20:00-22:00,4.83,8.62
500109043,22:00-24:00,4.35,4.19
500109044,00:00-02:00,1.33,1.95
500109044,02:00-04:00,0.33,0.0
500109044,04:00-06:00,0.5,0.5
500109044,06:00-08:00,3.17,1.25
500109044,08:00-10:00,5.59,4.33
500109044,10:00-12:00,5.17,4.92
500109044,12:00-14:00,5.91,5.24
500109044,14:00-16:00,4.72,4.76
500109044,16:00-18:00,6.13,6.0
500109044,18:00-20:00,6.39,6.07
500109044,20:00-22:00,3.33,5.43
500109044,22:00-24:00,2.78,3.59
500109045,00:00-02:00,0.0,0.42
500109045,02:00-04:00,0.08,0.0
500109045,04:00-06:00,0.33,0.0
500109045,06:00-08:00,1.25,5.1
500109045,08:00-10:00,4.67,2.79
500109045,10:00-12:00,4.91,4.08
500109045,12:00-14:00,5.64,4.32
500109045,14:00-16:00,3.8,3.76
500109045,16:00-18:00,7.41,4.33
500109045,18:00-20:00,2.61,1.67
500109045,20:00-22:00,0.75,2.25
500109045,22:00-24:00,0.75,0.75
500109046,00:00-02:00,0.58,0.58
500109046,02:00-04:00,0.0,0.0
500109046,04:00-06:00,0.08,0.08
500109046,06:00-08:00,1.42,2.5
500109046,08:00-10:00,2.08,3.58
500109046,10:00-12:00,4.25,3.33
500109046,12:00-14:00,4.58,3.99
500109046,14:00-16:00,2.92,4.35
500109046,16:00-18:00,5.32,3.33
500109046,18:00-20:00,3.63,4.25
500109046,20:00-22:00,1.17,4.17
500109046,22:00-24:00,2.26,0.92
500109047,00:00-02:00,0.08,0.42
500109047,02:00-04:00,0.0,0.58
500109047,04:00-06:00,0.17,0.25
500109047,06:00-08:00,1.83,3.25
500109047,08:00-10:00,3.67,3.25
500109047,10:00-12:00,5.71,4.58
500109047,12:00-14:00,4.92,5.17
500109047,14:00-16:00,4.53,3.84
500109047,16:00-18:00,5.67,3.75
500109047,18:00-20:00,1.61,2.92
500109047,20:00-22:00,1.67,1.92
500109047,22:00-24:00,3.35,1.67
500109048,00:00-02:00,0.42,0.58
500109048,02:00-04:00,0.17,0.58
500109048,04:00-06:00,0.58,0.25
500109048,06:00-08:00,2.59,2.25
500109048,08:00-10:00,6.38,3.83
500109048,10:00-12:00,6.43,5.08
500109048,12:00-14:00,5.2,5.4
500109048,14:00-16:00,5.83,5.85
500109048,16:00-18:00,9.95,5.92
500109048,18:00-20:00,6.49,5.25
500109048,20:00-22:00,3.84,5.67
500109048,22:00-24:00,1.95,2.18
500109049,00:00-02:00,0.17,1.08
500109049,02:00-04:00,0.17,0.08
500109049,04:00-06:00,0.17,2.25
500109049,06:00-08:00,1.0,2.17
500109049,08:00-10:00,3.67,4.8
500109049,10:00-12:00,4.25,5.68
500109049,12:00-14:00,6.23,3.66
500109049,14:00-16:00,6.53,5.77
500109049,16:00-18:00,7.91,7.42
500109049,18:00-20:00,6.5,5.67
500109049,20:00-22:00,3.75,3.01
500109049,22:00-24:00,2.43,1.67
500109050,00:00-02:00,0.83,1.17
500109050,02:00-04:00,0.5,0.17
500109050,04:00-06:00,1.0,0.17
500109050,06:00-08:00,3.11,1.0
500109050,08:00-10:00,5.02,6.58
500109050,10:00-12:00,5.75,6.42
500109050,12:00-14:00,6.98,4.74
500109050,14:00-16:00,7.69,5.93
500109050,16:00-18:00,5.55,7.42
500109050,18:00-20:00,4.8,4.92
500109050,20:00-22:00,2.62,3.75
500109050,22:00-24:00,1.51,2.09
500109051,00:00-02:00,3.3,2.83
500109051,02:00-04:00,2.5,2.17
500109051,04:00-06:00,1.25,2.67
500109051,06:00-08:00,2.17,3.0
500109051,08:00-10:00,4.0,6.46
500109051,10:00-12:00,6.33,4.35
500109051,12:00-14:00,5.48,6.24
500109051,14:00-16:00,6.52,7.05
500109051,16:00-18:00,8.95,8.36
500109051,18:00-20:00,7.21,5.96
500109051,20:00-22:00,3.59,4.22
500109051,22:00-24:00,1.67,1.84
500109052,00:00-02:00,3.08,2.68
500109052,02:00-04:00,1.42,1.25
500109052,04:00-06:00,0.92,0.5
500109052,06:00-08:00,2.5,3.4
500109052,08:00-10:00,4.08,2.1
500109052,10:00-12:00,4.17,3.78
500109052,12:00-14:00,4.05,3.62
500109052,14:00-16:00,5.47,2.96
500109052,16:00-18:00,5.67,5.08
500109052,18:00-20:00,3.47,5.5
500109052,20:00-22:00,2.08,3.9
500109052,22:00-24:00,1.76,2.22
500109053,00:00-02:00,3.31,4.0
500109053,02:00-04:00,0.25,0.67
500109053,04:00-06:00,1.0,1.5
500109053,06:00-08:00,10.97,7.33
500109053,08:00-10:00,16.04,15.08
500109053,10:00-12:00,15.02,17.08
500109053,12:00-14:00,17.93,14.71
500109053,14:00-16:00,18.59,16.04
500109053,16:00-18:00,20.42,21.08
500109053,18:00-20:00,17.13,17.67
500109053,20:00-22:00,13.3,15.42
500109053,22:00-24:00,9.89,9.04
500109054,00:00-02:00,0.58,1.33
500109054,02:00-04:00,0.5,0.58
500109054,04:00-06:00,1.0,2.17
500109054,06:00-08:00,4.25,5.83
500109054,08:00-10:00,10.0,13.17
500109054,10:00-12:00,14.33,10.83
500109054,12:00-14:00,11.63,11.05
500109054,14:00-16:00,8.52,9.86
500109054,16:00-18:00,10.67,11.07
500109054,18:00-20:00,11.25,8.5
500109054,20:00-22:00,5.42,5.59
500109054,22:00-24:00,2.51,1.78
500109055,00:00-02:00,0.5,0.83
500109055,02:00-04:00,0.0,0.17
500109055,04:00-06:00,0.25,0.33
500109055,06:00-08:00,0.92,1.85
500109055,08:00-10:00,3.17,0.6
500109055,10:00-12:00,1.92,1.17
500109055,12:00-14:00,2.91,1.5
500109055,14:00-16:00,4.32,2.84
500109055,16:00-18:00,5.04,3.75
500109055,18:00-20:00,3.0,3.25
500109055,20:00-22:00,1.75,4.58
500109055,22:00-24:00,0.75,1.34
500109056,00:00-02:00,0.0,0.83
500109056,02:00-04:00,0.0,0.25
500109056,04:00-06:00,0.58,0.0
500109056,06:00-08:00,0.75,0.33
500109056,08:00-10:00,1.92,1.0
500109056,10:00-12:00,3.42,2.42
500109056,12:00-14:00,2.29,1.58
500109056,14:00-16:00,3.04,3.18
500109056,16:00-18:00,3.07,1.08
500109056,18:00-20:00,1.4,1.83
500109056,20:00-22:00,0.58,1.75
500109056,22:00-24:00,0.67,1.51
500109057,00:00-02:00,0.25,0.0
500109057,02:00-04:00,0.0,0.0
500109057,04:00-06:00,0.0,0.17
500109057,06:00-08:00,0.0,2.08
500109057,08:00-10:00,0.33,0.33
500109057,10:00-12:00,0.0,0.25
500109057,12:00-14:00,0.66,0.75
500109057,14:00-16:00,2.84,0.75
500109057,16:00-18:00,2.67,2.58
500109057,18:00-20:00,1.0,0.25
500109057,20:00-22:00,0.67,0.0
500109057,22:00-24:00,0.17,0.5
500109058,00:00-02:00,0.75,0.92
500109058,02:00-04:00,0.25,0.08
500109058,04:00-06:00,1.33,0.25
500109058,06:00-08:00,5.92,4.61
500109058,08:00-10:00,8.37,8.57
500109058,10:00-12:00,9.4,7.5
500109058,12:00-14:00,9.41,6.07
500109058,14:00-16:00,6.52,6.27
500109058,16:00-18:00,8.92,8.0
500109058,18:00-20:00,5.3,8.5
500109058,20:00-22:00,5.83,8.35
500109058,22:00-24:00,4.85,5.23
500109059,00:00-02:00,0.08,0.17
500109059,02:00-04:00,0.0,0.0
500109059,04:00-06:00,0.17,0.08
500109059,06:00-08:00,1.67,0.83
500109059,08:00-10:00,1.67,1.5
500109059,10:00-12:00,2.83,1.5
500109059,12:00-14:00,1.41,1.41
500109059,14:00-16:00,2.51,2.84
500109059,16:00-18:00,2.53,1.25
500109059,18:00-20:00,0.67,2.17
500109059,20:00-22:00,1.5,2.0
500109059,22:00-24:00,0.33,1.0
500109060,00:00-02:00,1.5,0.94
500109060,02:00-04:00,0.17,0.08
500109060,04:00-06:00,1.08,0.75
500109060,06:00-08:00,3.08,1.58
500109060,08:00-10:00,3.97,4.42
500109060,10:00-12:00,5.83,5.67
500109060,12:00-14:00,4.55,4.02
500109060,14:00-16:00,4.22,4.19
500109060,16:00-18:00,5.77,6.92
500109060,18:00-20:00,7.08,7.1
500109060,20:00-22:00,4.17,3.47
500109060,22:00-24:00,3.35,3.18
500109061,00:00-02:00,3.58,4.01
500109061,02:00-04:00,6.0,6.2
500109061,04:00-06:00,3.5,3.2
500109061,06:00-08:00,2.25,1.75
500109061,08:00-10:00,2.83,2.79
500109061,10:00-12:00,3.5,2.8
500109061,12:00-14:00,1.98,1.75
500109061,14:00-16:00,1.25,1.84
500109061,16:00-18:00,2.36,1.83
500109061,18:00-20:00,2.0,3.05
500109061,20:00-22:00,1.92,2.13
500109061,22:00-24:00,2.26,1.76
500109062,00:00-02:00,0.0,0.17
500109062,02:00-04:00,0.0,0.0
500109062,04:00-06:00,0.0,0.0
500109062,06:00-08:00,0.17,0.08
500109062,08:00-10:00,0.75,2.5
500109062,10:00-12:00,2.42,1.92
500109062,12:00-14:00,0.66,0.5
500109062,14:00-16:00,0.84,0.17
500109062,16:00-18:00,0.5,0.08
500109062,18:00-20:00,0.62,1.33
500109062,20:00-22:00,0.76,1.0
500109062,22:00-24:00,0.33,0.17
500109063,00:00-02:00,0.75,1.17
500109063,02:00-04:00,0.08,0.33
500109063,04:00-06:00,1.08,1.92
500109063,06:00-08:00,4.42,1.58
500109063,08:00-10:00,7.08,5.5
500109063,10:00-12:00,6.5,7.83
500109063,12:00-14:00,6.85,7.84
500109063,14:00-16:00,7.94,5.53
500109063,16:00-18:00,9.03,9.75
500109063,18:00-20:00,8.75,8.68
500109063,20:00-22:00,4.75,8.23
500109063,22:00-24:00,4.02,3.49
500109064,00:00-02:00,3.95,1.83
500109064,02:00-04:00,0.26,0.92
500109064,04:00-06:00,0.58,0.67
500109064,06:00-08:00,3.17,7.75
500109064,08:00-10:00,6.5,8.08
500109064,10:00-12:00,7.5,8.08
500109064,12:00-14:00,10.06,8.64
500109064,14:00-16:00,9.61,8.94
500109064,16:00-18:00,11.02,6.42
500109064,18:00-20:00,9.83,9.67
500109064,20:00-22:00,8.78,6.0
500109064,22:00-24:00,4.82,5.86
500109065,00:00-02:00,0.33,0.42
500109065,02:00-04:00,0.08,0.17
500109065,04:00-06:00,0.33,0.17
500109065,06:00-08:00,3.08,1.83
500109065,08:00-10:00,3.75,3.67
500109065,10:00-12:00,3.25,3.5
500109065,12:00-14:00,4.07,3.32
500109065,14:00-16:00,3.59,4.35
500109065,16:00-18:00,4.67,5.42
500109065,18:00-20:00,5.67,5.08
500109065,20:00-22:00,2.25,3.33
500109065,22:00-24:00,0.67,1.26
500109066,00:00-02:00,0.58,0.75
500109066,02:00-04:00,0.08,0.25
500109066,04:00-06:00,0.5,1.08
500109066,06:00-08:00,1.58,1.42
500109066,08:00-10:00,4.0,4.08
500109066,10:00-12:00,5.58,4.67
500109066,12:00-14:00,6.48,3.74
500109066,14:00-16:00,7.77,7.52
500109066,16:00-18:00,8.08,7.0
500109066,18:00-20:00,4.67,5.92
500109066,20:00-22:00,4.75,4.67
500109066,22:00-24:00,1.34,2.26
500109067,00:00-02:00,0.25,0.44
500109067,02:00-04:00,0.17,0.17
500109067,04:00-06:00,0.0,0.08
500109067,06:00-08:00,1.75,0.67
500109067,08:00-10:00,4.0,3.35
500109067,10:00-12:00,2.28,1.92
500109067,12:00-14:00,2.76,2.75
500109067,14:00-16:00,2.92,2.17
500109067,16:00-18:00,3.01,2.92
500109067,18:00-20:00,1.33,3.17
500109067,20:00-22:00,2.58,1.9
500109067,22:00-24:00,0.75,1.51
500109068,00:00-02:00,1.75,0.75
500109068,02:00-04:00,0.08,0.33
500109068,04:00-06:00,1.0,0.17
500109068,06:00-08:00,4.69,1.92
500109068,08:00-10:00,7.07,3.5
500109068,10:00-12:00,6.17,6.5
500109068,12:00-14:00,8.77,7.06
500109068,14:00-16:00,7.74,6.18
500109068,16:00-18:00,7.99,7.58
500109068,18:00-20:00,5.94,9.83
500109068,20:00-22:00,5.67,8.17
500109068,22:00-24:00,2.01,2.26
500109070,00:00-02:00,1.75,1.5
500109070,02:00-04:00,0.67,1.29
500109070,04:00-06:00,1.58,0.98
500109070,06:00-08:00,5.83,3.76
500109070,08:00-10:00,7.25,7.35
500109070,10:00-12:00,9.0,9.83
500109070,12:00-14:00,9.93,9.06
500109070,14:00-16:00,7.65,8.01
500109070,16:00-18:00,10.64,8.5
500109070,18:00-20:00,7.33,8.17
500109070,20:00-22:00,5.67,6.0
500109070,22:00-24:00,3.35,1.92
500109071,00:00-02:00,0.33,0.33
500109071,02:00-04:00,0.08,0.42
500109071,04:00-06:00,0.0,0.08
500109071,06:00-08:00,0.67,4.21
500109071,08:00-10:00,2.83,2.0
500109071,10:00-12:00,2.92,2.08
500109071,12:00-14:00,2.24,4.07
500109071,14:00-16:00,2.17,3.34
500109071,16:00-18:00,4.5,3.17
500109071,18:00-20:00,3.42,2.32
500109071,20:00-22:00,1.5,1.33
500109071,22:00-24:00,3.1,1.26
500109072,00:00-02:00,0.08,0.33
500109072,02:00-04:00,0.0,0.08
500109072,04:00-06:00,0.33,0.0
500109072,06:00-08:00,1.25,1.17
500109072,08:00-10:00,2.08,3.0
500109072,10:00-12:00,2.69,0.58
500109072,12:00-14:00,1.59,2.58
500109072,14:00-16:00,2.26,0.5
500109072,16:00-18:00,2.25,0.92
500109072,18:00-20:00,1.34,1.42
500109072,20:00-22:00,0.25,1.92
500109072,22:00-24:00,0.33,1.26
500109073,00:00-02:00,0.09,3.0
500109073,02:00-04:00,0.0,0.0
500109073,04:00-06:00,0.42,0.42
500109073,06:00-08:00,1.58,0.33
500109073,08:00-10:00,2.25,2.33
500109073,10:00-12:00,3.26,1.5
500109073,12:00-14:00,2.76,1.83
500109073,14:00-16:00,4.31,3.51
500109073,16:00-18:00,4.91,2.42
500109073,18:00-20:00,2.69,2.5
500109073,20:00-22:00,1.92,2.17
500109073,22:00-24:00,1.74,1.17
500109074,00:00-02:00,0.5,1.09
500109074,02:00-04:00,0.08,0.0
500109074,04:00-06:00,0.33,0.08
500109074,06:00-08:00,1.25,0.42
500109074,08:00-10:00,4.33,2.17
500109074,10:00-12:00,2.0,2.25
500109074,12:00-14:00,2.08,1.5
500109074,14:00-16:00,3.34,2.26
500109074,16:00-18:00,1.71,2.5
500109074,18:00-20:00,2.58,3.33
500109074,20:00-22:00,1.67,3.78
500109074,22:00-24:00,1.42,1.18
500109075,00:00-02:00,6.05,3.08
500109075,02:00-04:00,0.47,0.5
500109075,04:00-06:00,1.71,5.75
500109075,06:00-08:00,14.25,22.58
500109075,08:00-10:00,38.08,33.08
500109075,10:00-12:00,33.0,35.75
500109075,12:00-14:00,26.76,31.66
500109075,14:00-16:00,28.25,26.24
500109075,16:00-18:00,26.58,29.17
500109075,18:00-20:00,29.92,26.54
500109075,20:00-22:00,25.51,18.83
500109075,22:00-24:00,20.28,9.12
500109076,00:00-02:00,1.44,2.25
500109076,02:00-04:00,0.08,0.17
500109076,04:00-06:00,0.17,0.5
500109076,06:00-08:00,2.08,4.83
500109076,08:00-10:00,3.67,3.92
500109076,10:00-12:00,5.08,5.42
500109076,12:00-14:00,4.4,3.24
500109076,14:00-16:00,4.87,3.09
500109076,16:00-18:00,5.11,3.08
500109076,18:00-20:00,5.31,3.33
500109076,20:00-22:00,3.24,2.25
500109076,22:00-24:00,1.49,1.09
500109077,00:00-02:00,0.77,2.0
500109077,02:00-04:00,0.09,0.42
500109077,04:00-06:00,2.66,3.0
500109077,06:00-08:00,4.07,3.42
500109077,08:00-10:00,6.23,5.83
500109077,10:00-12:00,6.04,8.78
500109077,12:00-14:00,7.81,7.27
500109077,14:00-16:00,8.61,8.32
500109077,16:00-18:00,10.35,9.47
500109077,18:00-20:00,9.05,9.72
500109077,20:00-22:00,7.37,5.67
500109077,22:00-24:00,5.0,2.51
500109078,00:00-02:00,0.67,0.67
500109078,02:00-04:00,0.25,0.5
500109078,04:00-06:00,0.58,0.75
500109078,06:00-08:00,2.75,3.5
500109078,08:00-10:00,5.17,7.3
500109078,10:00-12:00,8.28,7.29
500109078,12:00-14:00,5.65,6.52
500109078,14:00-16:00,7.1,7.27
500109078,16:00-18:00,6.5,7.32
500109078,18:00-20:00,5.75,5.91
500109078,20:00-22:00,4.92,6.23
500109078,22:00-24:00,3.36,1.64
500109079,00:00-02:00,0.33,1.42
500109079,02:00-04:00,0.0,0.0
500109079,04:00-06:00,0.0,0.08
500109079,06:00-08:00,4.75,0.42
500109079,08:00-10:00,2.17,1.42
500109079,10:00-12:00,3.83,4.5
500109079,12:00-14:00,5.92,4.82
500109079,14:00-16:00,6.22,6.18
500109079,16:00-18:00,7.24,8.58
500109079,18:00-20:00,5.92,5.67
500109079,20:00-22:00,3.75,4.75
500109079,22:00-24:00,1.59,5.41
500109080,00:00-02:00,0.0,0.0
500109080,02:00-04:00,0.08,0.25
500109080,04:00-06:00,0.58,0.5
500109080,06:00-08:00,0.33,1.17
500109080,08:00-10:00,0.92,0.5
500109080,10:00-12:00,0.58,0.5
500109080,12:00-14:00,0.91,0.91
500109080,14:00-16:00,0.75,1.92
500109080,16:00-18:00,1.42,1.01
500109080,18:00-20:00,1.0,1.08
500109080,20:00-22:00,1.42,0.33
500109080,22:00-24:00,0.5,0.59
500109081,00:00-02:00,1.74,1.58
500109081,02:00-04:00,0.0,0.5
500109081,04:00-06:00,0.17,1.08
500109081,06:00-08:00,3.5,9.58
500109081,08:00-10:00,9.92,14.21
500109081,10:00-12:00,7.5,13.04
500109081,12:00-14:00,9.89,11.59
500109081,14:00-16:00,13.04,9.24
500109081,16:00-18:00,16.08,15.5
500109081,18:00-20:00,16.42,12.33
500109081,20:00-22:00,14.95,7.25
500109081,22:00-24:00,8.92,3.43
500109082,00:00-02:00,0.08,0.0
500109082,02:00-04:00,0.0,0.0
500109082,04:00-06:00,0.0,0.17
500109082,06:00-08:00,0.0,1.08
500109082,08:00-10:00,0.42,0.67
500109082,10:00-12:00,0.67,0.25
500109082,12:00-14:00,0.42,0.42
500109082,14:00-16:00,0.25,0.33
500109082,16:00-18:00,1.25,0.42
500109082,18:00-20:00,0.17,0.42
500109082,20:00-22:00,0.5,0.17
500109082,22:00-24:00,0.0,0.0
500109084,00:00-02:00,0.0,0.17
500109084,02:00-04:00,0.0,0.0
500109084,04:00-06:00,0.42,0.5
500109084,06:00-08:00,0.67,1.42
500109084,08:00-10:00,2.17,0.5
500109084,10:00-12:00,0.83,0.92
500109084,12:00-14:00,1.99,1.41
500109084,14:00-16:00,1.68,1.09
500109084,16:00-18:00,2.08,2.17
500109084,18:00-20:00,0.92,1.67
500109084,20:00-22:00,0.83,0.58
500109084,22:00-24:00,0.08,0.42
500109085,00:00-02:00,0.83,1.22
500109085,02:00-04:00,0.17,0.0
500109085,04:00-06:00,1.25,0.08
500109085,06:00-08:00,2.83,2.77
500109085,08:00-10:00,5.42,4.17
500109085,10:00-12:00,5.42,4.34
500109085,12:00-14:00,5.57,4.82
500109085,14:00-16:00,5.47,4.43
500109085,16:00-18:00,4.25,4.83
500109085,18:00-20:00,6.25,5.41
500109085,20:00-22:00,1.92,4.67
500109085,22:00-24:00,1.17,2.49
500109086,00:00-02:00,0.92,2.16
500109086,02:00-04:00,0.25,0.42
500109086,04:00-06:00,0.83,0.0
500109086,06:00-08:00,6.08,1.33
500109086,08:00-10:00,5.08,2.75
500109086,10:00-12:00,7.04,5.75
500109086,12:00-14:00,5.83,6.15
500109086,14:00-16:00,5.91,6.18
500109086,16:00-18:00,7.07,8.92
500109086,18:00-20:00,7.25,7.17
500109086,20:00-22:00,6.42,6.67
500109086,22:00-24:00,2.93,3.43
500109087,00:00-02:00,0.67,0.08
500109087,02:00-04:00,0.0,0.42
500109087,04:00-06:00,0.0,0.17
500109087,06:00-08:00,1.0,1.93
500109087,08:00-10:00,2.58,4.17
500109087,10:00-12:00,4.08,2.92
500109087,12:00-14:00,3.82,4.33
500109087,14:00-16:00,5.52,4.35
500109087,16:00-18:00,5.79,3.08
500109087,18:00-20:00,1.89,2.5
500109087,20:00-22:00,2.44,2.25
500109087,22:00-24:00,0.84,1.34
500109088,00:00-02:00,2.58,0.68
500109088,02:00-04:00,0.75,0.17
500109088,04:00-06:00,0.58,1.33
500109088,06:00-08:00,4.67,3.25
500109088,08:00-10:00,2.67,4.68
500109088,10:00-12:00,5.58,4.24
500109088,12:00-14:00,3.74,5.57
500109088,14:00-16:00,4.93,4.71
500109088,16:00-18:00,7.17,6.64
500109088,18:00-20:00,5.83,6.68
500109088,20:00-22:00,2.67,2.17
500109088,22:00-24:00,1.34,1.74
500109089,00:00-02:00,1.42,1.3
500109089,02:00-04:00,0.08,0.08
500109089,04:00-06:00,0.92,0.5
500109089,06:00-08:00,2.17,3.73
500109089,08:00-10:00,5.94,4.24
500109089,10:00-12:00,5.17,5.92
500109089,12:00-14:00,6.26,5.42
500109089,14:00-16:00,5.14,4.09
500109089,16:00-18:00,7.25,6.47
500109089,18:00-20:00,5.4,7.59
500109089,20:00-22:00,2.83,4.7
500109089,22:00-24:00,3.85,3.35
500109091,00:00-02:00,0.42,0.42
500109091,02:00-04:00,0.17,0.25
500109091,04:00-06:00,1.17,0.08
500109091,06:00-08:00,4.58,2.0
500109091,08:00-10:00,6.34,6.25
500109091,10:00-12:00,5.84,4.67
500109091,12:00-14:00,5.83,4.74
500109091,14:00-16:00,5.13,5.68
500109091,16:00-18:00,4.42,5.75
500109091,18:00-20:00,3.5,5.75
500109091,20:00-22:00,3.58,4.2
500109091,22:00-24:00,2.85,2.89
500109092,00:00-02:00,0.09,1.25
500109092,02:00-04:00,0.17,0.0
500109092,04:00-06:00,0.08,0.08
500109092,06:00-08:00,2.19,1.83
500109092,08:00-10:00,4.08,4.83
500109092,10:00-12:00,5.15,4.83
500109092,12:00-14:00,6.07,5.82
500109092,14:00-16:00,4.43,6.43
500109092,16:00-18:00,7.28,6.17
500109092,18:00-20:00,6.86,4.5
500109092,20:00-22:00,2.97,3.83
500109092,22:00-24:00,1.54,0.84
500109093,00:00-02:00,0.83,1.67
500109093,02:00-04:00,0.0,0.17
500109093,04:00-06:00,0.42,0.08
500109093,06:00-08:00,3.75,1.25
500109093,08:00-10:00,3.83,5.81
500109093,10:00-12:00,5.33,3.91
500109093,12:00-14:00,7.58,4.32
500109093,14:00-16:00,4.91,4.6
500109093,16:00-18:00,6.8,9.0
500109093,18:00-20:00,7.51,5.58
500109093,20:00-22:00,1.85,5.99
500109093,22:00-24:00,2.59,4.11
500109094,00:00-02:00,0.17,0.08
500109094,02:00-04:00,0.0,0.0
500109094,04:00-06:00,0.0,0.0
500109094,06:00-08:00,0.08,0.25
500109094,08:00-10:00,0.75,0.25
500109094,10:00-12:00,1.42,0.75
500109094,12:00-14:00,0.83,0.66
500109094,14:00-16:00,1.07,0.84
500109094,16:00-18:00,1.59,2.17
500109094,18:00-20:00,1.71,1.08
500109094,20:00-22:00,0.45,1.58
500109094,22:00-24:00,0.84,0.42
500109096,00:00-02:00,0.0,0.0
500109096,02:00-04:00,0.08,0.0
500109096,04:00-06:00,0.17,0.42
500109096,06:00-08:00,0.67,0.67
500109096,08:00-10:00,1.0,1.67
500109096,10:00-12:00,1.17,1.33
500109096,12:00-14:00,0.91,0.83
500109096,14:00-16:00,1.75,1.42
500109096,16:00-18:00,2.33,1.55
500109096,18:00-20:00,1.26,0.58
500109096,20:00-22:00,0.69,0.58
500109096,22:00-24:00,0.59,0.25
500109097,00:00-02:00,0.58,1.08
500109097,02:00-04:00,0.17,0.0
500109097,04:00-06:00,0.08,0.27
500109097,06:00-08:00,0.75,1.78
500109097,08:00-10:00,1.67,1.01
500109097,10:00-12:00,1.92,1.6
500109097,12:00-14:00,2.08,2.5
500109097,14:00-16:00,3.84,2.86
500109097,16:00-18:00,2.67,3.5
500109097,18:00-20:00,2.58,1.83
500109097,20:00-22:00,0.76,1.5
500109097,22:00-24:00,0.67,1.09
500109098,00:00-02:00,0.83,0.67
500109098,02:00-04:00,0.0,0.0
500109098,04:00-06:00,0.25,0.42
500109098,06:00-08:00,2.0,2.42
500109098,08:00-10:00,1.67,1.08
500109098,10:00-12:00,1.42,2.25
500109098,12:00-14:00,1.58,2.13
500109098,14:00-16:00,1.92,2.53
500109098,16:00-18:00,2.75,2.29
500109098,18:00-20:00,3.25,2.56
500109098,20:00-22:00,1.92,2.33
500109098,22:00-24:00,0.67,0.75
500109099,00:00-02:00,2.68,1.83
500109099,02:00-04:00,1.1,1.0
500109099,04:00-06:00,2.44,2.33
500109099,06:00-08:00,5.17,8.67
500109099,08:00-10:00,11.09,12.67
500109099,10:00-12:00,13.33,12.98
500109099,12:00-14:00,10.97,12.19
500109099,14:00-16:00,14.09,10.15
500109099,16:00-18:00,12.73,15.75
500109099,18:00-20:00,14.33,12.02
500109099,20:00-22:00,10.81,8.25
500109099,22:00-24:00,7.38,4.27
500109100,00:00-02:00,0.0,0.25
500109100,02:00-04:00,0.0,0.0
500109100,04:00-06:00,0.0,0.0
500109100,06:00-08:00,0.45,0.75
500109100,08:00-10:00,0.0,0.92
500109100,10:00-12:00,2.58,4.44
500109100,12:00-14:00,2.83,4.9
500109100,14:00-16:00,5.14,3.7
500109100,16:00-18:00,4.5,5.26
500109100,18:00-20:00,3.91,4.03
500109100,20:00-22:00,4.42,1.42
500109100,22:00-24:00,0.33,0.08
500109101,00:00-02:00,3.25,3.67
500109101,02:00-04:00,1.0,1.33
500109101,04:00-06:00,1.17,5.17
500109101,06:00-08:00,6.92,5.33
500109101,08:00-10:00,17.67,11.75
500109101,10:00-12:00,20.08,22.75
500109101,12:00-14:00,23.77,20.61
500109101,14:00-16:00,32.26,33.76
500109101,16:00-18:00,39.69,37.5
500109101,18:00-20:00,23.25,32.42
500109101,20:00-22:00,16.58,17.67
500109101,22:00-24:00,5.94,6.03
500109102,00:00-02:00,0.0,0.08
500109102,02:00-04:00,0.0,0.08
500109102,04:00-06:00,0.0,0.0
500109102,06:00-08:00,0.0,0.0
500109102,08:00-10:00,0.17,0.5
500109102,10:00-12:00,0.08,0.17
500109102,12:00-14:00,0.08,0.08
500109102,14:00-16:00,0.08,0.0
500109102,16:00-18:00,0.17,0.17
500109102,18:00-20:00,0.0,0.0
500109102,20:00-22:00,0.08,0.0
500109102,22:00-24:00,0.0,0.25
500109103,00:00-02:00,0.25,0.17
500109103,02:00-04:00,0.67,0.0
500109103,04:00-06:00,0.17,0.25
500109103,06:00-08:00,0.58,0.83
500109103,08:00-10:00,0.58,1.5
500109103,10:00-12:00,1.83,2.01
500109103,12:00-14:00,1.66,1.41
500109103,14:00-16:00,2.51,2.92
500109103,16:00-18:00,3.25,2.95
500109103,18:00-20:00,2.25,2.42
500109103,20:00-22:00,2.77,0.67
500109103,22:00-24:00,1.41,1.34
500109104,00:00-02:00,1.42,1.99
500109104,02:00-04:00,0.17,0.25
500109104,04:00-06:00,0.92,0.0
500109104,06:00-08:00,2.42,1.17
500109104,08:00-10:00,7.05,3.92
500109104,10:00-12:00,5.65,4.92
500109104,12:00-14:00,4.68,3.99
500109104,14:00-16:00,5.9,4.51
500109104,16:00-18:00,4.77,3.83
500109104,18:00-20:00,3.14,4.71
500109104,20:00-22:00,2.25,4.36
500109104,22:00-24:00,1.92,3.37
500109105,00:00-02:00,0.5,0.67
500109105,02:00-04:00,0.58,0.08
500109105,04:00-06:00,0.25,0.0
500109105,06:00-08:00,1.17,1.67
500109105,08:00-10:00,2.25,0.96
500109105,10:00-12:00,3.1,2.78
500109105,12:00-14:00,4.46,4.87
500109105,14:00-16:00,4.74,3.34
500109105,16:00-18:00,4.4,6.18
500109105,18:00-20:00,6.91,6.35
500109105,20:00-22:00,2.79,4.19
500109105,22:00-24:00,1.26,1.54
500109106,00:00-02:00,0.0,0.08
500109106,02:00-04:00,0.0,0.0
500109106,04:00-06:00,0.58,0.0
500109106,06:00-08:00,1.04,0.17
500109106,08:00-10:00,0.85,2.58
500109106,10:00-12:00,1.08,0.33
500109106,12:00-14:00,1.33,0.58
500109106,14:00-16:00,1.92,0.84
500109106,16:00-18:00,1.17,0.83
500109106,18:00-20:00,0.96,1.92
500109106,20:00-22:00,0.25,0.33
500109106,22:00-24:00,0.6,1.59
500109107,00:00-02:00,0.08,0.25
500109107,02:00-04:00,0.0,0.08
500109107,04:00-06:00,1.08,0.33
500109107,06:00-08:00,1.08,0.83
500109107,08:00-10:00,1.67,0.67
500109107,10:00-12:00,1.42,1.25
500109107,12:00-14:00,2.66,1.58
500109107,14:00-16:00,2.57,2.59
500109107,16:00-18:00,1.91,2.0
500109107,18:00-20:00,1.08,1.17
500109107,20:00-22:00,1.25,1.08
500109107,22:00-24:00,0.33,1.09
500109108,00:00-02:00,0.12,0.37
500109108,02:00-04:00,0.0,0.0
500109108,04:00-06:00,0.12,0.25
500109108,06:00-08:00,0.75,0.38
500109108,08:00-10:00,1.13,1.75
500109108,10:00-12:00,2.14,2.0
500109108,12:00-14:00,2.61,1.62
500109108,14:00-16:00,2.13,0.88
500109108,16:00-18:00,1.57,2.88
500109108,18:00-20:00,2.5,1.12
500109108,20:00-22:00,1.46,1.63
500109108,22:00-24:00,0.0,0.25
500109109,00:00-02:00,0.08,0.42
500109109,02:00-04:00,0.08,0.0
500109109,04:00-06:00,0.75,0.0
500109109,06:00-08:00,0.75,0.0
500109109,08:00-10:00,2.08,0.25
500109109,10:00-12:00,1.63,1.92
500109109,12:00-14:00,1.06,1.41
500109109,14:00-16:00,1.75,1.75
500109109,16:00-18:00,0.97,0.75
500109109,18:00-20:00,1.17,1.5
500109109,20:00-22:00,1.08,1.58
500109109,22:00-24:00,0.42,0.5
500109110,00:00-02:00,0.0,0.0
500109110,02:00-04:00,0.08,0.0
500109110,04:00-06:00,0.33,1.08
500109110,06:00-08:00,1.33,1.5
500109110,08:00-10:00,2.17,2.42
500109110,10:00-12:00,2.33,2.75
500109110,12:00-14:00,1.41,1.34
500109110,14:00-16:00,3.22,2.77
500109110,16:00-18:00,4.5,4.05
500109110,18:00-20:00,4.42,5.37
500109110,20:00-22:00,2.25,1.55
500109110,22:00-24:00,1.17,0.84
500109111,00:00-02:00,0.17,0.17
500109111,02:00-04:00,0.0,0.0
500109111,04:00-06:00,0.08,0.92
500109111,06:00-08:00,0.67,1.92
500109111,08:00-10:00,1.33,1.17
500109111,10:00-12:00,1.5,0.75
500109111,12:00-14:00,2.45,1.0
500109111,14:00-16:00,2.36,2.09
500109111,16:00-18:00,4.17,3.5
500109111,18:00-20:00,1.5,1.58
500109111,20:00-22:00,1.08,0.83
500109111,22:00-24:00,0.08,0.75
500109112,00:00-02:00,0.0,0.25
500109112,02:00-04:00,0.0,0.0
500109112,04:00-06:00,0.33,1.5
500109112,06:00-08:00,2.08,2.42
500109112,08:00-10:00,4.08,3.25
500109112,10:00-12:00,5.08,2.5
500109112,12:00-14:00,4.13,3.57
500109112,14:00-16:00,4.37,3.68
500109112,16:00-18:00,3.8,3.0
500109112,18:00-20:00,2.11,3.75
500109112,20:00-22:00,1.33,2.58
500109112,22:00-24:00,1.76,1.67
500109113,00:00-02:00,0.25,1.08
500109113,02:00-04:00,0.0,0.0
500109113,04:00-06:00,0.5,0.33
500109113,06:00-08:00,2.67,2.83
500109113,08:00-10:00,5.92,4.33
500109113,10:00-12:00,5.33,4.54
500109113,12:00-14:00,5.76,4.99
500109113,14:00-16:00,4.81,3.34
500109113,16:00-18:00,5.16,4.83
500109113,18:00-20:00,5.04,3.92
500109113,20:00-22:00,3.26,4.0
500109113,22:00-24:00,1.09,1.76
500109114,00:00-02:00,3.42,3.34
500109114,02:00-04:00,5.5,5.92
500109114,04:00-06:00,3.58,3.5
500109114,06:00-08:00,2.75,2.5
500109114,08:00-10:00,4.17,2.42
500109114,10:00-12:00,3.46,4.08
500109114,12:00-14:00,3.24,3.07
500109114,14:00-16:00,3.76,2.92
500109114,16:00-18:00,4.92,4.0
500109114,18:00-20:00,2.5,4.5
500109114,20:00-22:00,2.75,2.92
500109114,22:00-24:00,2.01,2.68
500109115,00:00-02:00,0.42,2.59
500109115,02:00-04:00,0.0,0.08
500109115,04:00-06:00,0.5,0.0
500109115,06:00-08:00,1.58,0.17
500109115,08:00-10:00,1.93,0.33
500109115,10:00-12:00,2.57,3.25
500109115,12:00-14:00,1.46,0.42
500109115,14:00-16:00,1.65,1.75
500109115,16:00-18:00,1.68,1.0
500109115,18:00-20:00,0.65,1.33
500109115,20:00-22:00,1.03,1.08
500109115,22:00-24:00,1.51,0.84
500109116,00:00-02:00,0.76,0.92
500109116,02:00-04:00,0.33,0.33
500109116,04:00-06:00,0.0,0.42
500109116,06:00-08:00,1.67,1.58
500109116,08:00-10:00,2.75,3.47
500109116,10:00-12:00,5.0,3.4
500109116,12:00-14:00,6.15,8.04
500109116,14:00-16:00,5.68,6.31
500109116,16:00-18:00,7.97,6.73
500109116,18:00-20:00,4.92,4.75
500109116,20:00-22:00,4.08,2.92
500109116,22:00-24:00,2.76,2.05
500109117,00:00-02:00,0.92,0.83
500109117,02:00-04:00,0.25,0.5
500109117,04:00-06:00,0.83,0.67
500109117,06:00-08:00,5.58,2.67
500109117,08:00-10:00,4.66,3.25
500109117,10:00-12:00,4.03,4.25
500109117,12:00-14:00,5.81,6.65
500109117,14:00-16:00,6.0,4.6
500109117,16:00-18:00,7.29,9.17
500109117,18:00-20:00,7.34,7.68
500109117,20:00-22:00,5.53,6.33
500109117,22:00-24:00,3.61,3.68
500109118,00:00-02:00,0.25,0.17
500109118,02:00-04:00,0.0,0.08
500109118,04:00-06:00,0.17,0.25
500109118,06:00-08:00,2.83,1.17
500109118,08:00-10:00,2.58,1.75
500109118,10:00-12:00,2.17,2.33
500109118,12:00-14:00,2.33,2.49
500109118,14:00-16:00,3.51,2.34
500109118,16:00-18:00,3.42,2.75
500109118,18:00-20:00,1.92,3.33
500109118,20:00-22:00,0.83,0.75
500109118,22:00-24:00,0.33,1.42
500109119,00:00-02:00,0.75,1.08
500109119,02:00-04:00,0.17,0.5
500109119,04:00-06:00,0.33,1.83
500109119,06:00-08:00,1.58,1.5
500109119,08:00-10:00,3.0,1.75
500109119,10:00-12:00,2.67,1.92
500109119,12:00-14:00,2.58,1.83
500109119,14:00-16:00,3.76,2.92
500109119,16:00-18:00,3.91,3.92
500109119,18:00-20:00,1.89,1.67
500109119,20:00-22:00,1.5,1.0
500109119,22:00-24:00,1.09,2.26
500109120,00:00-02:00,0.25,0.17
500109120,02:00-04:00,0.17,0.17
500109120,04:00-06:00,2.0,0.0
500109120,06:00-08:00,0.42,0.33
500109120,08:00-10:00,0.58,0.42
500109120,10:00-12:00,1.08,1.25
500109120,12:00-14:00,1.41,1.16
500109120,14:00-16:00,1.84,1.5
500109120,16:00-18:00,2.42,3.33
500109120,18:00-20:00,1.58,2.08
500109120,20:00-22:00,0.25,1.5
500109120,22:00-24:00,0.25,0.25
500109121,00:00-02:00,0.08,0.0
500109121,02:00-04:00,0.0,0.0
500109121,04:00-06:00,0.0,0.0
500109121,06:00-08:00,0.92,0.33
500109121,08:00-10:00,1.25,0.42
500109121,10:00-12:00,1.82,1.0
500109121,12:00-14:00,2.64,1.66
500109121,14:00-16:00,0.68,1.17
500109121,16:00-18:00,1.75,0.08
500109121,18:00-20:00,0.2,0.75
500109121,20:00-22:00,0.35,1.67
500109121,22:00-24:00,0.08,0.08
500109122,00:00-02:00,1.0,0.33
500109122,02:00-04:00,0.0,0.25
500109122,04:00-06:00,0.67,0.17
500109122,06:00-08:00,0.83,0.92
500109122,08:00-10:00,3.0,1.75
500109122,10:00-12:00,2.75,3.5
500109122,12:00-14:00,2.83,2.49
500109122,14:00-16:00,3.48,2.92
500109122,16:00-18:00,4.58,5.2
500109122,18:00-20:00,4.25,5.3
500109122,20:00-22:00,2.0,2.25
500109122,22:00-24:00,1.42,1.0
500109123,00:00-02:00,0.33,0.33
500109123,02:00-04:00,0.0,0.08
500109123,04:00-06:00,0.17,0.67
500109123,06:00-08:00,2.33,1.08
500109123,08:00-10:00,4.43,2.5
500109123,10:00-12:00,3.28,3.67
500109123,12:00-14:00,5.34,2.58
500109123,14:00-16:00,3.4,3.09
500109123,16:00-18:00,3.47,4.58
500109123,18:00-20:00,2.85,3.75
500109123,20:00-22:00,2.17,3.33
500109123,22:00-24:00,0.84,1.0
500109124,00:00-02:00,0.0,0.08
500109124,02:00-04:00,0.0,0.0
500109124,04:00-06:00,0.0,0.0
500109124,06:00-08:00,0.33,2.08
500109124,08:00-10:00,1.08,1.17
500109124,10:00-12:00,1.42,1.25
500109124,12:00-14:00,0.91,1.0
500109124,14:00-16:00,3.68,2.67
500109124,16:00-18:00,2.81,2.17
500109124,18:00-20:00,1.67,0.58
500109124,20:00-22:00,1.69,1.75
500109124,22:00-24:00,0.17,0.33
500109125,00:00-02:00,0.58,0.26
500109125,02:00-04:00,0.0,0.0
500109125,04:00-06:00,0.08,0.0
500109125,06:00-08:00,1.25,0.08
500109125,08:00-10:00,1.75,1.0
500109125,10:00-12:00,2.75,0.92
500109125,12:00-14:00,2.83,1.25
500109125,14:00-16:00,1.71,1.17
500109125,16:00-18:00,2.08,2.33
500109125,18:00-20:00,1.33,2.0
500109125,20:00-22:00,0.67,2.92
500109125,22:00-24:00,0.75,1.76
500109126,00:00-02:00,0.17,0.42
500109126,02:00-04:00,0.0,0.0
500109126,04:00-06:00,0.0,0.17
500109126,06:00-08:00,0.75,0.17
500109126,08:00-10:00,0.5,0.67
500109126,10:00-12:00,0.83,1.0
500109126,12:00-14:00,0.75,0.5
500109126,14:00-16:00,0.33,0.5
500109126,16:00-18:00,1.0,0.67
500109126,18:00-20:00,0.67,0.25
500109126,20:00-22:00,0.17,0.08
500109126,22:00-24:00,0.08,0.42
500109127,00:00-02:00,0.33,0.0
500109127,02:00-04:00,0.0,0.0
500109127,04:00-06:00,0.0,0.0
500109127,06:00-08:00,0.33,0.83
500109127,08:00-10:00,0.25,0.83
500109127,10:00-12:00,0.33,0.33
500109127,12:00-14:00,0.58,0.99
500109127,14:00-16:00,1.25,0.43
500109127,16:00-18:00,1.58,0.58
500109127,18:00-20:00,0.25,0.83
500109127,20:00-22:00,0.17,0.42
500109127,22:00-24:00,0.0,0.0
500109128,00:00-02:00,1.0,0.42
500109128,02:00-04:00,0.0,0.0
500109128,04:00-06:00,0.17,0.0
500109128,06:00-08:00,0.67,0.25
500109128,08:00-10:00,0.5,0.42
500109128,10:00-12:00,0.83,0.92
500109128,12:00-14:00,1.83,1.91
500109128,14:00-16:00,4.93,3.26
500109128,16:00-18:00,3.25,3.5
500109128,18:00-20:00,0.92,1.5
500109128,20:00-22:00,0.83,1.25
500109128,22:00-24:00,0.08,0.33
500109129,00:00-02:00,0.83,1.08
500109129,02:00-04:00,0.5,0.75
500109129,04:00-06:00,0.5,0.67
500109129,06:00-08:00,4.75,1.0
500109129,08:00-10:00,6.38,3.58
500109129,10:00-12:00,6.83,3.75
500109129,12:00-14:00,5.07,4.74
500109129,14:00-16:00,6.28,5.6
500109129,16:00-18:00,6.71,7.42
500109129,18:00-20:00,6.18,7.5
500109129,20:00-22:00,2.5,7.0
500109129,22:00-24:00,1.51,3.26
500109130,00:00-02:00,2.83,2.83
500109130,02:00-04:00,3.17,3.08
500109130,04:00-06:00,1.75,1.42
500109130,06:00-08:00,1.42,1.42
500109130,08:00-10:00,1.67,3.0
500109130,10:00-12:00,2.33,1.58
500109130,12:00-14:00,2.41,2.08
500109130,14:00-16:00,3.01,3.18
500109130,16:00-18:00,4.75,2.17
500109130,18:00-20:00,2.93,2.42
500109130,20:00-22:00,1.26,3.0
500109130,22:00-24:00,0.5,0.67
500110002,00:00-02:00,4.89,3.92
500110002,02:00-04:00,0.48,0.42
500110002,04:00-06:00,2.0,4.17
500110002,06:00-08:00,11.53,9.37
500110002,08:00-10:00,12.5,18.17
500110002,10:00-12:00,13.5,21.22
500110002,12:00-14:00,18.55,15.07
500110002,14:00-16:00,18.41,20.41
500110002,16:00-18:00,25.5,31.71
500110002,18:00-20:00,23.28,29.71
500110002,20:00-22:00,21.53,15.47
500110002,22:00-24:00,12.2,10.46
500110003,00:00-02:00,4.21,2.08
500110003,02:00-04:00,0.96,5.92
500110003,04:00-06:00,1.33,0.83
500110003,06:00-08:00,3.0,1.75
500110003,08:00-10:00,3.92,2.92
500110003,10:00-12:00,6.67,4.83
500110003,12:00-14:00,5.59,5.24
500110003,14:00-16:00,6.29,6.43
500110003,16:00-18:00,7.75,11.08
500110003,18:00-20:00,11.25,13.45
500110003,20:00-22:00,12.67,12.45
500110003,22:00-24:00,9.71,7.26
500110004,00:00-02:00,0.25,1.92
500110004,02:00-04:00,0.0,0.25
500110004,04:00-06:00,1.0,0.25
500110004,06:00-08:00,3.67,2.08
500110004,08:00-10:00,6.25,4.42
500110004,10:00-12:00,7.25,4.92
500110004,12:00-14:00,5.55,4.32
500110004,14:00-16:00,5.15,4.26
500110004,16:00-18:00,7.82,5.75
500110004,18:00-20:00,4.58,5.83
500110004,20:00-22:00,2.33,5.08
500110004,22:00-24:00,2.01,3.85
500110005,00:00-02:00,2.92,3.0
500110005,02:00-04:00,0.58,1.17
500110005,04:00-06:00,2.25,1.75
500110005,06:00-08:00,5.33,11.75
500110005,08:00-10:00,13.52,11.75
500110005,10:00-12:00,14.17,14.83
500110005,12:00-14:00,20.23,13.46
500110005,14:00-16:00,11.11,12.12
500110005,16:00-18:00,16.49,12.75
500110005,18:00-20:00,9.43,11.75
500110005,20:00-22:00,8.33,6.83
500110005,22:00-24:00,4.02,4.94
500110006,00:00-02:00,3.29,3.5
500110006,02:00-04:00,0.5,0.75
500110006,04:00-06:00,1.0,1.83
500110006,06:00-08:00,6.17,9.06
500110006,08:00-10:00,13.08,13.05
500110006,10:00-12:00,14.27,17.76
500110006,12:00-14:00,16.79,16.66
500110006,14:00-16:00,14.28,15.23
500110006,16:00-18:00,17.53,17.24
500110006,18:00-20:00,17.23,15.79
500110006,20:00-22:00,13.47,11.92
500110006,22:00-24:00,9.36,9.46
500110007,00:00-02:00,5.38,3.08
500110007,02:00-04:00,0.67,0.92
500110007,04:00-06:00,0.92,2.92
500110007,06:00-08:00,10.58,15.88
500110007,08:00-10:00,21.0,21.82
500110007,10:00-12:00,20.75,26.95
500110007,12:00-14:00,26.68,30.61
500110007,14:00-16:00,25.82,21.84
500110007,16:00-18:00,30.88,24.83
500110007,18:00-20:00,25.04,21.5
500110007,20:00-22:00,21.1,18.42
500110007,22:00-24:00,14.81,12.47
500110008,00:00-02:00,3.17,2.92
500110008,02:00-04:00,2.01,1.92
500110008,04:00-06:00,2.92,1.58
500110008,06:00-08:00,6.12,5.33
500110008,08:00-10:00,10.57,13.25
500110008,10:00-12:00,14.42,14.66
500110008,12:00-14:00,16.2,15.21
500110008,14:00-16:00,13.29,14.37
500110008,16:00-18:00,19.3,18.4
500110008,18:00-20:00,13.08,16.5
500110008,20:00-22:00,14.25,14.3
500110008,22:00-24:00,10.29,8.57
500110009,00:00-02:00,1.25,2.67
500110009,02:00-04:00,0.33,0.33
500110009,04:00-06:00,0.25,0.5
500110009,06:00-08:00,5.71,4.39
500110009,08:00-10:00,8.56,12.41
500110009,10:00-12:00,8.57,9.51
500110009,12:00-14:00,12.54,12.05
500110009,14:00-16:00,11.92,7.51
500110009,16:00-18:00,13.74,9.17
500110009,18:00-20:00,11.61,8.58
500110009,20:00-22:00,11.57,7.92
500110009,22:00-24:00,8.73,4.02
500110010,00:00-02:00,0.33,1.28
500110010,02:00-04:00,0.08,0.25
500110010,04:00-06:00,1.5,0.17
500110010,06:00-08:00,2.67,1.83
500110010,08:00-10:00,5.7,4.0
500110010,10:00-12:00,4.67,3.92
500110010,12:00-14:00,5.22,4.49
500110010,14:00-16:00,6.49,4.43
500110010,16:00-18:00,7.75,4.75
500110010,18:00-20:00,4.17,4.17
500110010,20:00-22:00,3.34,4.5
500110010,22:00-24:00,2.59,4.03
500110011,00:00-02:00,0.33,0.58
500110011,02:00-04:00,0.17,0.58
500110011,04:00-06:00,0.92,0.67
500110011,06:00-08:00,1.83,1.42
500110011,08:00-10:00,5.25,3.67
500110011,10:00-12:00,7.08,5.5
500110011,12:00-14:00,5.82,6.48
500110011,14:00-16:00,5.1,5.6
500110011,16:00-18:00,6.08,5.67
500110011,18:00-20:00,6.42,6.92
500110011,20:00-22:00,4.42,3.75
500110011,22:00-24:00,1.84,3.18
500110012,00:00-02:00,0.5,1.42
500110012,02:00-04:00,0.0,0.08
500110012,04:00-06:00,0.83,0.33
500110012,06:00-08:00,3.33,2.5
500110012,08:00-10:00,5.73,3.5
500110012,10:00-12:00,4.86,4.58
500110012,12:00-14:00,5.4,6.15
500110012,14:00-16:00,6.26,4.18
500110012,16:00-18:00,5.66,4.33
500110012,18:00-20:00,3.85,6.33
500110012,20:00-22:00,2.67,3.5
500110012,22:00-24:00,2.18,2.51
500110013,00:00-02:00,1.17,3.33
500110013,02:00-04:00,1.25,0.92
500110013,04:00-06:00,3.08,2.08
500110013,06:00-08:00,8.92,7.25
500110013,08:00-10:00,15.0,12.25
500110013,10:00-12:00,17.34,14.58
500110013,12:00-14:00,15.57,17.04
500110013,14:00-16:00,13.39,16.38
500110013,16:00-18:00,16.5,19.45
500110013,18:00-20:00,18.17,17.69
500110013,20:00-22:00,14.75,13.67
500110013,22:00-24:00,4.27,6.95
500110014,00:00-02:00,1.17,1.92
500110014,02:00-04:00,0.08,0.58
500110014,04:00-06:00,0.67,0.83
500110014,06:00-08:00,3.67,3.58
500110014,08:00-10:00,9.35,9.25
500110014,10:00-12:00,7.45,10.92
500110014,12:00-14:00,9.06,9.06
500110014,14:00-16:00,10.28,10.19
500110014,16:00-18:00,10.58,10.08
500110014,18:00-20:00,8.83,8.83
500110014,20:00-22:00,8.35,5.67
500110014,22:00-24:00,5.42,4.44
500110015,00:00-02:00,0.83,0.92
500110015,02:00-04:00,1.25,0.58
500110015,04:00-06:00,1.0,0.17
500110015,06:00-08:00,0.75,1.83
500110015,08:00-10:00,4.78,4.42
500110015,10:00-12:00,5.59,5.67
500110015,12:00-14:00,4.62,6.23
500110015,14:00-16:00,6.47,5.85
500110015,16:00-18:00,8.6,7.58
500110015,18:00-20:00,6.67,8.08
500110015,20:00-22:00,6.13,3.92
500110015,22:00-24:00,2.98,2.43
500110016,00:00-02:00,1.75,0.94
500110016,02:00-04:00,0.0,0.17
500110016,04:00-06:00,1.25,0.42
500110016,06:00-08:00,2.83,2.58
500110016,08:00-10:00,5.83,5.25
500110016,10:00-12:00,5.58,4.67
500110016,12:00-14:00,5.06,5.32
500110016,14:00-16:00,6.06,4.35
500110016,16:00-18:00,6.89,5.63
500110016,18:00-20:00,3.97,5.08
500110016,20:00-22:00,3.41,5.53
500110016,22:00-24:00,3.01,2.54
500110017,00:00-02:00,1.34,1.92
500110017,02:00-04:00,0.83,0.83
500110017,04:00-06:00,1.83,1.25
500110017,06:00-08:00,4.83,5.08
500110017,08:00-10:00,9.33,15.83
500110017,10:00-12:00,18.75,15.08
500110017,12:00-14:00,15.96,18.45
500110017,14:00-16:00,19.97,15.88
500110017,16:00-18:00,20.4,15.42
500110017,18:00-20:00,13.93,15.08
500110017,20:00-22:00,11.25,9.67
500110017,22:00-24:00,3.18,6.28
500110018,00:00-02:00,1.31,6.33
500110018,02:00-04:00,0.5,0.42
500110018,04:00-06:00,0.43,3.42
500110018,06:00-08:00,4.67,4.68
500110018,08:00-10:00,6.67,5.65
500110018,10:00-12:00,7.93,6.08
500110018,12:00-14:00,10.49,9.06
500110018,14:00-16:00,8.56,9.78
500110018,16:00-18:00,12.91,12.92
500110018,18:00-20:00,12.2,10.96
500110018,20:00-22:00,12.1,6.17
500110018,22:00-24:00,2.66,3.36
500110019,00:00-02:00,2.83,3.67
500110019,02:00-04:00,1.17,2.25
500110019,04:00-06:00,2.5,2.58
500110019,06:00-08:00,7.42,12.25
500110019,08:00-10:00,19.42,19.0
500110019,10:00-12:00,22.96,20.77
500110019,12:00-14:00,21.76,21.94
500110019,14:00-16:00,17.13,21.67
500110019,16:00-18:00,23.5,17.96
500110019,18:00-20:00,18.17,17.49
500110019,20:00-22:00,13.75,14.08
500110019,22:00-24:00,9.46,8.62
500110020,00:00-02:00,1.67,2.65
500110020,02:00-04:00,0.17,0.53
500110020,04:00-06:00,2.83,0.1
500110020,06:00-08:00,5.56,2.83
500110020,08:00-10:00,9.0,8.5
500110020,10:00-12:00,13.02,15.34
500110020,12:00-14:00,12.61,14.76
500110020,14:00-16:00,12.78,10.83
500110020,16:00-18:00,14.08,11.92
500110020,18:00-20:00,11.93,13.17
500110020,20:00-22:00,8.5,10.67
500110020,22:00-24:00,4.6,7.2
500110021,00:00-02:00,0.42,1.0
500110021,02:00-04:00,0.18,0.33
500110021,04:00-06:00,0.84,1.67
500110021,06:00-08:00,2.83,6.0
500110021,08:00-10:00,6.33,5.92
500110021,10:00-12:00,8.14,6.0
500110021,12:00-14:00,8.52,9.39
500110021,14:00-16:00,10.7,10.7
500110021,16:00-18:00,10.03,7.0
500110021,18:00-20:00,7.63,6.83
500110021,20:00-22:00,5.35,4.58
500110021,22:00-24:00,3.14,3.6
500110022,00:00-02:00,1.05,0.92
500110022,02:00-04:00,0.29,0.5
500110022,04:00-06:00,0.66,1.58
500110022,06:00-08:00,3.71,3.33
500110022,08:00-10:00,4.75,3.75
500110022,10:00-12:00,8.83,9.5
500110022,12:00-14:00,6.73,7.31
500110022,14:00-16:00,7.27,7.94
500110022,16:00-18:00,8.58,8.75
500110022,18:00-20:00,8.58,6.08
500110022,20:00-22:00,4.42,6.33
500110022,22:00-24:00,2.59,3.51
500110023,00:00-02:00,0.92,2.83
500110023,02:00-04:00,1.33,0.5
500110023,04:00-06:00,1.58,1.17
500110023,06:00-08:00,7.33,6.0
500110023,08:00-10:00,15.25,8.5
500110023,10:00-12:00,11.83,10.83
500110023,12:00-14:00,10.55,9.14
500110023,14:00-16:00,13.4,11.53
500110023,16:00-18:00,15.5,15.08
500110023,18:00-20:00,12.18,15.75
500110023,20:00-22:00,8.58,9.75
500110023,22:00-24:00,3.6,8.79
500110024,00:00-02:00,0.33,0.83
500110024,02:00-04:00,0.17,0.17
500110024,04:00-06:00,1.08,0.5
500110024,06:00-08:00,2.58,1.5
500110024,08:00-10:00,6.36,6.42
500110024,10:00-12:00,8.58,9.83
500110024,12:00-14:00,8.64,8.98
500110024,14:00-16:00,11.61,10.28
500110024,16:00-18:00,11.49,8.0
500110024,18:00-20:00,7.51,9.25
500110024,20:00-22:00,7.16,6.33
500110024,22:00-24:00,1.92,3.43
500110025,00:00-02:00,0.33,1.83
500110025,02:00-04:00,0.58,0.92
500110025,04:00-06:00,0.92,0.58
500110025,06:00-08:00,4.5,2.42
500110025,08:00-10:00,9.33,6.42
500110025,10:00-12:00,7.57,5.08
500110025,12:00-14:00,6.92,7.48
500110025,14:00-16:00,8.91,7.19
500110025,16:00-18:00,7.68,10.42
500110025,18:00-20:00,11.0,10.33
500110025,20:00-22:00,6.21,7.5
500110025,22:00-24:00,2.59,6.95
500110026,00:00-02:00,2.53,3.54
500110026,02:00-04:00,1.92,0.92
500110026,04:00-06:00,1.42,0.67
500110026,06:00-08:00,4.21,1.25
500110026,08:00-10:00,7.64,8.08
500110026,10:00-12:00,8.96,7.33
500110026,12:00-14:00,7.73,6.65
500110026,14:00-16:00,7.3,9.04
500110026,16:00-18:00,9.0,10.24
500110026,18:00-20:00,7.42,9.24
500110026,20:00-22:00,4.58,6.74
500110026,22:00-24:00,4.62,4.28
500110027,00:00-02:00,3.5,2.26
500110027,02:00-04:00,1.33,0.25
500110027,04:00-06:00,0.83,1.58
500110027,06:00-08:00,2.0,1.42
500110027,08:00-10:00,5.88,3.0
500110027,10:00-12:00,6.24,4.0
500110027,12:00-14:00,6.69,6.4
500110027,14:00-16:00,5.73,5.96
500110027,16:00-18:00,8.69,8.51
500110027,18:00-20:00,6.29,7.36
500110027,20:00-22:00,5.38,7.43
500110027,22:00-24:00,4.27,4.23
500110028,00:00-02:00,1.88,2.08
500110028,02:00-04:00,0.92,0.58
500110028,04:00-06:00,0.92,0.67
500110028,06:00-08:00,4.25,5.75
500110028,08:00-10:00,8.05,7.33
500110028,10:00-12:00,12.3,11.83
500110028,12:00-14:00,12.31,9.39
500110028,14:00-16:00,10.53,8.94
500110028,16:00-18:00,11.39,11.17
500110028,18:00-20:00,9.59,9.08
500110028,20:00-22:00,5.65,9.83
500110028,22:00-24:00,4.46,5.27
500110029,00:00-02:00,0.58,1.08
500110029,02:00-04:00,0.17,0.17
500110029,04:00-06:00,0.58,0.25
500110029,06:00-08:00,4.75,3.71
500110029,08:00-10:00,8.05,10.89
500110029,10:00-12:00,11.19,8.74
500110029,12:00-14:00,10.3,8.56
500110029,14:00-16:00,7.51,9.19
500110029,16:00-18:00,12.36,8.13
500110029,18:00-20:00,8.85,10.8
500110029,20:00-22:00,7.12,7.65
500110029,22:00-24:00,2.76,4.52
500110030,00:00-02:00,0.75,2.19
500110030,02:00-04:00,0.67,0.51
500110030,04:00-06:00,1.08,1.37
500110030,06:00-08:00,4.67,2.48
500110030,08:00-10:00,11.24,9.64
500110030,10:00-12:00,15.62,11.08
500110030,12:00-14:00,9.55,7.48
500110030,14:00-16:00,6.36,5.52
500110030,16:00-18:00,9.31,6.25
500110030,18:00-20:00,5.84,7.67
500110030,20:00-22:00,5.65,6.67
500110030,22:00-24:00,1.93,3.77
500110031,00:00-02:00,0.57,0.0
500110031,02:00-04:00,0.63,0.83
500110031,04:00-06:00,1.03,2.5
500110031,06:00-08:00,0.67,3.08
500110031,08:00-10:00,1.67,3.5
500110031,10:00-12:00,2.75,2.33
500110031,12:00-14:00,2.74,2.91
500110031,14:00-16:00,4.68,2.34
500110031,16:00-18:00,6.34,3.17
500110031,18:00-20:00,3.12,3.17
500110031,20:00-22:00,2.84,2.17
500110031,22:00-24:00,2.65,1.92
500110032,00:00-02:00,5.08,1.73
500110032,02:00-04:00,1.58,1.0
500110032,04:00-06:00,1.92,0.5
500110032,06:00-08:00,3.97,3.17
500110032,08:00-10:00,4.87,6.25
500110032,10:00-12:00,8.08,7.08
500110032,12:00-14:00,7.98,8.23
500110032,14:00-16:00,8.02,6.77
500110032,16:00-18:00,10.74,10.08
500110032,18:00-20:00,7.15,12.25
500110032,20:00-22:00,7.08,9.11
500110032,22:00-24:00,6.95,6.67
500110033,00:00-02:00,4.04,2.5
500110033,02:00-04:00,0.89,1.17
500110033,04:00-06:00,1.68,1.08
500110033,06:00-08:00,5.42,5.0
500110033,08:00-10:00,9.06,10.0
500110033,10:00-12:00,13.96,10.0
500110033,12:00-14:00,11.59,13.13
500110033,14:00-16:00,12.55,13.29
500110033,16:00-18:00,12.77,12.67
500110033,18:00-20:00,10.32,13.67
500110033,20:00-22:00,11.83,9.87
500110033,22:00-24:00,7.2,7.78
500110034,00:00-02:00,2.25,2.66
500110034,02:00-04:00,0.08,0.33
500110034,04:00-06:00,0.92,1.11
500110034,06:00-08:00,4.83,2.35
500110034,08:00-10:00,7.55,8.85
500110034,10:00-12:00,12.47,6.13
500110034,12:00-14:00,8.9,9.22
500110034,14:00-16:00,8.22,7.02
500110034,16:00-18:00,8.97,11.5
500110034,18:00-20:00,9.03,9.87
500110034,20:00-22:00,6.0,10.25
500110034,22:00-24:00,5.86,6.55
500110035,00:00-02:00,1.17,1.92
500110035,02:00-04:00,0.08,0.58
500110035,04:00-06:00,0.17,0.42
500110035,06:00-08:00,5.75,2.58
500110035,08:00-10:00,7.25,6.25
500110035,10:00-12:00,8.92,7.67
500110035,12:00-14:00,7.4,7.65
500110035,14:00-16:00,6.43,7.1
500110035,16:00-18:00,7.92,9.08
500110035,18:00-20:00,6.33,9.42
500110035,20:00-22:00,6.58,7.44
500110035,22:00-24:00,3.51,3.44
500110036,00:00-02:00,3.47,2.58
500110036,02:00-04:00,2.18,0.75
500110036,04:00-06:00,1.99,3.5
500110036,06:00-08:00,3.47,4.17
500110036,08:00-10:00,9.08,11.42
500110036,10:00-12:00,13.32,11.42
500110036,12:00-14:00,13.72,15.04
500110036,14:00-16:00,12.85,12.62
500110036,16:00-18:00,16.45,13.17
500110036,18:00-20:00,11.15,15.25
500110036,20:00-22:00,12.42,11.83
500110036,22:00-24:00,5.59,5.61
500110037,00:00-02:00,2.52,3.17
500110037,02:00-04:00,1.33,0.58
500110037,04:00-06:00,1.59,1.0
500110037,06:00-08:00,4.59,5.75
500110037,08:00-10:00,10.75,14.5
500110037,10:00-12:00,15.42,14.58
500110037,12:00-14:00,18.01,13.3
500110037,14:00-16:00,13.54,14.71
500110037,16:00-18:00,16.84,15.67
500110037,18:00-20:00,13.16,13.58
500110037,20:00-22:00,9.61,8.83
500110037,22:00-24:00,5.96,5.77
500110038,00:00-02:00,0.58,2.92
500110038,02:00-04:00,0.17,0.75
500110038,04:00-06:00,0.83,0.58
500110038,06:00-08:00,5.88,2.92
500110038,08:00-10:00,8.48,8.17
500110038,10:00-12:00,9.83,9.92
500110038,12:00-14:00,11.46,11.05
500110038,14:00-16:00,9.53,9.19
500110038,16:00-18:00,11.27,10.08
500110038,18:00-20:00,12.02,9.65
500110038,20:00-22:00,7.98,8.67
500110038,22:00-24:00,2.36,4.69
500110039,00:00-02:00,3.5,3.64
500110039,02:00-04:00,0.58,0.92
500110039,04:00-06:00,2.42,0.83
500110039,06:00-08:00,10.08,4.58
500110039,08:00-10:00,16.42,14.67
500110039,10:00-12:00,18.67,14.17
500110039,12:00-14:00,16.81,15.79
500110039,14:00-16:00,14.93,10.11
500110039,16:00-18:00,13.78,16.17
500110039,18:00-20:00,13.56,14.83
500110039,20:00-22:00,9.28,15.08
500110039,22:00-24:00,4.02,9.63
500110040,00:00-02:00,2.17,3.75
500110040,02:00-04:00,0.08,0.83
500110040,04:00-06:00,2.0,1.0
500110040,06:00-08:00,6.17,4.33
500110040,08:00-10:00,12.12,11.08
500110040,10:00-12:00,12.69,12.55
500110040,12:00-14:00,13.47,14.67
500110040,14:00-16:00,13.26,10.86
500110040,16:00-18:00,16.63,15.08
500110040,18:00-20:00,12.79,13.42
500110040,20:00-22:00,11.08,10.92
500110040,22:00-24:00,5.77,8.45
500110041,00:00-02:00,2.58,2.58
500110041,02:00-04:00,1.33,0.5
500110041,04:00-06:00,1.5,1.67
500110041,06:00-08:00,7.0,2.25
500110041,08:00-10:00,9.8,5.5
500110041,10:00-12:00,10.47,7.0
500110041,12:00-14:00,8.37,8.98
500110041,14:00-16:00,8.68,8.61
500110041,16:00-18:00,9.43,9.92
500110041,18:00-20:00,7.99,10.17
500110041,20:00-22:00,6.01,10.58
500110041,22:00-24:00,6.36,6.85
500110042,00:00-02:00,2.92,2.5
500110042,02:00-04:00,1.25,0.67
500110042,04:00-06:00,2.33,0.75
500110042,06:00-08:00,4.87,2.58
500110042,08:00-10:00,9.43,6.75
500110042,10:00-12:00,13.13,10.5
500110042,12:00-14:00,11.0,14.71
500110042,14:00-16:00,12.87,10.86
500110042,16:00-18:00,12.37,14.08
500110042,18:00-20:00,11.17,14.48
500110042,20:00-22:00,9.42,10.03
500110042,22:00-24:00,5.98,5.37
500110043,00:00-02:00,3.01,2.83
500110043,02:00-04:00,2.0,0.92
500110043,04:00-06:00,1.28,2.08
500110043,06:00-08:00,5.75,7.51
500110043,08:00-10:00,14.12,11.95
500110043,10:00-12:00,14.45,19.67
500110043,12:00-14:00,16.04,20.15
500110043,14:00-16:00,21.62,18.73
500110043,16:00-18:00,19.61,20.23
500110043,18:00-20:00,20.47,19.76
500110043,20:00-22:00,16.11,12.22
500110043,22:00-24:00,9.98,9.93
500110044,00:00-02:00,4.76,6.83
500110044,02:00-04:00,1.71,2.17
500110044,04:00-06:00,1.42,1.83
500110044,06:00-08:00,5.75,4.75
500110044,08:00-10:00,11.67,18.67
500110044,10:00-12:00,14.42,20.08
500110044,12:00-14:00,25.01,25.15
500110044,14:00-16:00,19.55,23.82
500110044,16:00-18:00,31.08,20.92
500110044,18:00-20:00,23.95,23.5
500110044,20:00-22:00,25.46,17.17
500110044,22:00-24:00,9.11,9.12
500110045,00:00-02:00,2.58,1.34
500110045,02:00-04:00,0.25,0.67
500110045,04:00-06:00,1.83,1.92
500110045,06:00-08:00,4.67,4.58
500110045,08:00-10:00,7.0,7.0
500110045,10:00-12:00,10.48,7.83
500110045,12:00-14:00,7.56,6.57
500110045,14:00-16:00,8.25,8.94
500110045,16:00-18:00,13.12,14.33
500110045,18:00-20:00,11.17,12.33
500110045,20:00-22:00,7.0,9.17
500110045,22:00-24:00,5.44,4.05
500110046,00:00-02:00,2.17,0.92
500110046,02:00-04:00,0.25,0.42
500110046,04:00-06:00,1.0,2.25
500110046,06:00-08:00,5.75,7.58
500110046,08:00-10:00,8.03,12.17
500110046,10:00-12:00,10.83,13.17
500110046,12:00-14:00,10.97,13.38
500110046,14:00-16:00,14.29,18.38
500110046,16:00-18:00,16.5,18.25
500110046,18:00-20:00,14.67,14.73
500110046,20:00-22:00,18.0,8.75
500110046,22:00-24:00,9.79,2.51
500110047,00:00-02:00,2.25,4.25
500110047,02:00-04:00,0.5,0.92
500110047,04:00-06:00,0.83,0.75
500110047,06:00-08:00,5.0,3.5
500110047,08:00-10:00,7.0,9.72
500110047,10:00-12:00,11.33,11.95
500110047,12:00-14:00,14.71,11.72
500110047,14:00-16:00,10.12,9.44
500110047,16:00-18:00,11.34,13.27
500110047,18:00-20:00,11.31,11.68
500110047,20:00-22:00,9.58,6.69
500110047,22:00-24:00,5.4,4.52
500110048,00:00-02:00,1.51,1.92
500110048,02:00-04:00,0.92,0.33
500110048,04:00-06:00,0.97,0.92
500110048,06:00-08:00,2.3,3.92
500110048,08:00-10:00,12.08,16.67
500110048,10:00-12:00,11.67,14.42
500110048,12:00-14:00,17.62,19.03
500110048,14:00-16:00,17.72,16.77
500110048,16:00-18:00,22.42,19.75
500110048,18:00-20:00,16.67,20.23
500110048,20:00-22:00,18.34,6.81
500110048,22:00-24:00,3.58,4.18
500110049,00:00-02:00,6.73,4.08
500110049,02:00-04:00,1.05,1.75
500110049,04:00-06:00,1.67,3.17
500110049,06:00-08:00,8.81,7.63
500110049,08:00-10:00,11.06,12.56
500110049,10:00-12:00,12.68,15.25
500110049,12:00-14:00,16.07,15.9
500110049,14:00-16:00,22.76,22.88
500110049,16:00-18:00,21.33,31.38
500110049,18:00-20:00,22.83,30.59
500110049,20:00-22:00,34.13,30.09
500110049,22:00-24:00,18.44,17.61
500110050,00:00-02:00,3.95,3.25
500110050,02:00-04:00,0.71,0.75
500110050,04:00-06:00,1.03,0.42
500110050,06:00-08:00,3.19,3.92
500110050,08:00-10:00,7.04,5.08
500110050,10:00-12:00,7.62,8.33
500110050,12:00-14:00,8.87,7.33
500110050,14:00-16:00,9.76,10.58
500110050,16:00-18:00,10.06,14.51
500110050,18:00-20:00,11.08,13.45
500110050,20:00-22:00,12.22,8.14
500110050,22:00-24:00,9.38,4.54
500110051,00:00-02:00,1.34,1.17
500110051,02:00-04:00,0.33,1.0
500110051,04:00-06:00,1.17,0.67
500110051,06:00-08:00,2.92,3.5
500110051,08:00-10:00,5.61,5.5
500110051,10:00-12:00,7.28,7.33
500110051,12:00-14:00,7.13,6.98
500110051,14:00-16:00,7.14,8.36
500110051,16:00-18:00,8.67,10.5
500110051,18:00-20:00,9.5,8.26
500110051,20:00-22:00,6.08,3.67
500110051,22:00-24:00,3.51,3.26
500110052,00:00-02:00,2.34,2.83
500110052,02:00-04:00,0.58,2.17
500110052,04:00-06:00,2.5,1.24
500110052,06:00-08:00,6.06,4.5
500110052,08:00-10:00,9.39,12.02
500110052,10:00-12:00,15.8,14.85
500110052,12:00-14:00,14.2,15.13
500110052,14:00-16:00,14.37,12.23
500110052,16:00-18:00,15.45,13.33
500110052,18:00-20:00,11.28,12.33
500110052,20:00-22:00,11.76,10.67
500110052,22:00-24:00,6.1,7.36
500110053,00:00-02:00,0.08,0.25
500110053,02:00-04:00,0.0,0.08
500110053,04:00-06:00,1.33,0.25
500110053,06:00-08:00,1.92,2.33
500110053,08:00-10:00,3.0,2.67
500110053,10:00-12:00,3.82,2.33
500110053,12:00-14:00,2.3,2.74
500110053,14:00-16:00,3.6,2.17
500110053,16:00-18:00,4.04,4.08
500110053,18:00-20:00,2.9,3.17
500110053,20:00-22:00,2.59,4.25
500110053,22:00-24:00,1.64,1.92
500110054,00:00-02:00,2.5,4.42
500110054,02:00-04:00,1.67,1.25
500110054,04:00-06:00,1.5,1.75
500110054,06:00-08:00,6.17,3.83
500110054,08:00-10:00,9.43,9.08
500110054,10:00-12:00,13.28,9.66
500110054,12:00-14:00,11.84,10.97
500110054,14:00-16:00,12.45,11.03
500110054,16:00-18:00,12.31,12.25
500110054,18:00-20:00,12.94,15.34
500110054,20:00-22:00,10.67,12.0
500110054,22:00-24:00,7.11,7.36
500110055,00:00-02:00,1.2,1.48
500110055,02:00-04:00,0.51,0.77
500110055,04:00-06:00,1.18,0.75
500110055,06:00-08:00,1.82,1.83
500110055,08:00-10:00,4.76,4.0
500110055,10:00-12:00,5.84,5.93
500110055,12:00-14:00,5.34,3.99
500110055,14:00-16:00,5.68,4.76
500110055,16:00-18:00,6.14,5.25
500110055,18:00-20:00,6.04,5.92
500110055,20:00-22:00,4.48,5.05
500110055,22:00-24:00,4.27,1.92
500110056,00:00-02:00,1.75,2.5
500110056,02:00-04:00,0.25,1.75
500110056,04:00-06:00,1.67,0.42
500110056,06:00-08:00,4.42,3.17
500110056,08:00-10:00,8.24,8.92
500110056,10:00-12:00,12.64,9.91
500110056,12:00-14:00,11.57,8.81
500110056,14:00-16:00,11.21,11.28
500110056,16:00-18:00,13.21,12.25
500110056,18:00-20:00,9.86,12.0
500110056,20:00-22:00,6.92,7.65
500110056,22:00-24:00,3.93,6.62
500110057,00:00-02:00,3.75,1.69
500110057,02:00-04:00,0.92,1.42
500110057,04:00-06:00,1.0,1.5
500110057,06:00-08:00,8.28,5.67
500110057,08:00-10:00,13.7,12.25
500110057,10:00-12:00,14.93,13.25
500110057,12:00-14:00,14.24,10.97
500110057,14:00-16:00,11.96,10.7
500110057,16:00-18:00,11.82,12.92
500110057,18:00-20:00,8.86,9.92
500110057,20:00-22:00,7.5,7.17
500110057,22:00-24:00,6.95,5.69
500110058,00:00-02:00,1.34,1.67
500110058,02:00-04:00,0.0,0.5
500110058,04:00-06:00,0.5,0.58
500110058,06:00-08:00,2.31,1.92
500110058,08:00-10:00,6.0,7.65
500110058,10:00-12:00,8.39,8.0
500110058,12:00-14:00,9.15,9.26
500110058,14:00-16:00,7.48,7.2
500110058,16:00-18:00,10.12,9.0
500110058,18:00-20:00,7.78,8.04
500110058,20:00-22:00,8.75,6.43
500110058,22:00-24:00,5.18,4.02
500110059,00:00-02:00,1.75,1.78
500110059,02:00-04:00,0.25,0.42
500110059,04:00-06:00,1.25,0.92
500110059,06:00-08:00,3.78,2.68
500110059,08:00-10:00,3.17,5.45
500110059,10:00-12:00,5.17,5.67
500110059,12:00-14:00,8.14,5.15
500110059,14:00-16:00,6.19,8.61
500110059,16:00-18:00,8.67,7.25
500110059,18:00-20:00,6.58,7.33
500110059,20:00-22:00,6.58,4.67
500110059,22:00-24:00,3.6,3.85
500110060,00:00-02:00,0.75,1.67
500110060,02:00-04:00,0.08,0.42
500110060,04:00-06:00,0.67,0.83
500110060,06:00-08:00,5.15,1.83
500110060,08:00-10:00,7.16,5.25
500110060,10:00-12:00,9.27,7.0
500110060,12:00-14:00,7.35,6.57
500110060,14:00-16:00,5.99,5.18
500110060,16:00-18:00,9.15,6.83
500110060,18:00-20:00,6.22,6.17
500110060,20:00-22:00,4.28,5.5
500110060,22:00-24:00,1.51,3.51
500110061,00:00-02:00,3.67,5.08
500110061,02:00-04:00,1.67,2.17
500110061,04:00-06:00,1.58,2.67
500110061,06:00-08:00,6.42,6.93
500110061,08:00-10:00,14.42,17.6
500110061,10:00-12:00,23.06,19.97
500110061,12:00-14:00,20.64,15.35
500110061,14:00-16:00,11.95,11.11
500110061,16:00-18:00,16.85,15.0
500110061,18:00-20:00,15.94,15.17
500110061,20:00-22:00,12.51,11.5
500110061,22:00-24:00,8.21,10.04
500110062,00:00-02:00,5.66,3.17
500110062,02:00-04:00,1.08,0.67
500110062,04:00-06:00,1.58,2.17
500110062,06:00-08:00,4.83,8.42
500110062,08:00-10:00,11.5,12.92
500110062,10:00-12:00,15.92,20.75
500110062,12:00-14:00,13.96,16.79
500110062,14:00-16:00,18.8,15.59
500110062,16:00-18:00,30.42,29.34
500110062,18:00-20:00,25.67,37.05
500110062,20:00-22:00,29.22,13.83
500110062,22:00-24:00,19.32,18.66
500110063,00:00-02:00,0.42,2.0
500110063,02:00-04:00,0.08,0.08
500110063,04:00-06:00,1.17,0.75
500110063,06:00-08:00,4.83,5.75
500110063,08:00-10:00,8.77,8.8
500110063,10:00-12:00,10.45,8.25
500110063,12:00-14:00,12.37,13.13
500110063,14:00-16:00,11.14,12.62
500110063,16:00-18:00,17.34,12.44
500110063,18:00-20:00,9.69,10.17
500110063,20:00-22:00,7.47,7.92
500110063,22:00-24:00,3.5,5.31
500110064,00:00-02:00,5.76,4.67
500110064,02:00-04:00,1.8,1.08
500110064,04:00-06:00,1.54,1.42
500110064,06:00-08:00,4.15,4.5
500110064,08:00-10:00,9.21,12.25
500110064,10:00-12:00,13.67,15.27
500110064,12:00-14:00,16.95,19.33
500110064,14:00-16:00,19.55,16.29
500110064,16:00-18:00,20.73,20.58
500110064,18:00-20:00,19.25,18.11
500110064,20:00-22:00,15.0,9.86
500110064,22:00-24:00,8.32,6.11
500110065,00:00-02:00,2.22,2.5
500110065,02:00-04:00,1.2,0.75
500110065,04:00-06:00,1.33,1.25
500110065,06:00-08:00,4.33,9.0
500110065,08:00-10:00,10.67,15.08
500110065,10:00-12:00,14.54,16.58
500110065,12:00-14:00,17.78,15.37
500110065,14:00-16:00,17.97,12.37
500110065,16:00-18:00,15.46,14.17
500110065,18:00-20:00,16.44,15.08
500110065,20:00-22:00,9.0,9.67
500110065,22:00-24:00,7.15,6.03
500110066,00:00-02:00,0.75,1.67
500110066,02:00-04:00,0.08,0.08
500110066,04:00-06:00,1.83,0.42
500110066,06:00-08:00,2.08,4.67
500110066,08:00-10:00,11.06,7.84
500110066,10:00-12:00,11.58,11.58
500110066,12:00-14:00,11.23,8.98
500110066,14:00-16:00,9.45,8.02
500110066,16:00-18:00,12.21,10.58
500110066,18:00-20:00,10.64,11.42
500110066,20:00-22:00,9.71,9.25
500110066,22:00-24:00,4.78,7.78
500110067,00:00-02:00,3.67,1.67
500110067,02:00-04:00,1.33,0.75
500110067,04:00-06:00,1.58,1.42
500110067,06:00-08:00,4.58,1.67
500110067,08:00-10:00,4.58,3.75
500110067,10:00-12:00,6.67,4.17
500110067,12:00-14:00,5.66,6.32
500110067,14:00-16:00,6.42,5.68
500110067,16:00-18:00,7.32,10.08
500110067,18:00-20:00,6.67,11.63
500110067,20:00-22:00,7.0,9.15
500110067,22:00-24:00,4.94,4.01
500110068,00:00-02:00,0.92,0.92
500110068,02:00-04:00,0.6,1.08
500110068,04:00-06:00,0.51,1.17
500110068,06:00-08:00,1.68,2.08
500110068,08:00-10:00,3.67,3.67
500110068,10:00-12:00,4.33,5.67
500110068,12:00-14:00,3.41,5.9
500110068,14:00-16:00,5.26,4.59
500110068,16:00-18:00,5.08,3.5
500110068,18:00-20:00,4.33,5.42
500110068,20:00-22:00,6.08,2.5
500110068,22:00-24:00,1.92,2.18
500110069,00:00-02:00,3.25,2.6
500110069,02:00-04:00,0.42,1.0
500110069,04:00-06:00,0.92,0.58
500110069,06:00-08:00,3.08,0.83
500110069,08:00-10:00,4.99,3.67
500110069,10:00-12:00,8.14,7.42
500110069,12:00-14:00,5.74,5.32
500110069,14:00-16:00,6.24,4.51
500110069,16:00-18:00,6.98,9.75
500110069,18:00-20:00,5.08,9.03
500110069,20:00-22:00,6.08,4.77
500110069,22:00-24:00,5.52,5.02
500110070,00:00-02:00,5.07,2.92
500110070,02:00-04:00,1.06,1.17
500110070,04:00-06:00,0.83,2.17
500110070,06:00-08:00,6.0,6.67
500110070,08:00-10:00,7.0,7.0
500110070,10:00-12:00,8.92,10.46
500110070,12:00-14:00,8.57,9.37
500110070,14:00-16:00,10.78,11.54
500110070,16:00-18:00,11.98,17.92
500110070,18:00-20:00,11.34,14.31
500110070,20:00-22:00,11.61,6.65
500110070,22:00-24:00,6.4,5.02
500110071,00:00-02:00,3.09,5.08
500110071,02:00-04:00,0.63,3.5
500110071,04:00-06:00,0.92,2.75
500110071,06:00-08:00,8.5,7.08
500110071,08:00-10:00,13.65,9.42
500110071,10:00-12:00,10.61,13.5
500110071,12:00-14:00,16.56,13.21
500110071,14:00-16:00,15.05,15.54
500110071,16:00-18:00,17.83,17.17
500110071,18:00-20:00,15.88,13.83
500110071,20:00-22:00,13.34,8.83
500110071,22:00-24:00,10.14,6.61
500110072,00:00-02:00,2.3,2.5
500110072,02:00-04:00,0.58,1.83
500110072,04:00-06:00,0.67,1.0
500110072,06:00-08:00,4.83,5.92
500110072,08:00-10:00,8.75,11.08
500110072,10:00-12:00,8.5,9.91
500110072,12:00-14:00,13.05,9.81
500110072,14:00-16:00,13.11,11.53
500110072,16:00-18:00,12.99,12.08
500110072,18:00-20:00,10.27,10.41
500110072,20:00-22:00,10.09,6.3
500110072,22:00-24:00,4.86,2.51
500110073,00:00-02:00,2.1,1.75
500110073,02:00-04:00,0.79,0.17
500110073,04:00-06:00,0.5,0.75
500110073,06:00-08:00,2.28,2.67
500110073,08:00-10:00,4.0,6.58
500110073,10:00-12:00,5.42,7.42
500110073,12:00-14:00,5.9,8.56
500110073,14:00-16:00,6.27,6.79
500110073,16:00-18:00,8.83,6.5
500110073,18:00-20:00,5.58,8.16
500110073,20:00-22:00,8.17,3.1
500110073,22:00-24:00,4.87,1.67
500110074,00:00-02:00,2.19,3.92
500110074,02:00-04:00,0.75,1.25
500110074,04:00-06:00,0.75,0.5
500110074,06:00-08:00,5.21,4.42
500110074,08:00-10:00,10.0,6.0
500110074,10:00-12:00,12.95,12.08
500110074,12:00-14:00,12.65,10.14
500110074,14:00-16:00,10.13,9.36
500110074,16:00-18:00,10.49,10.0
500110074,18:00-20:00,9.67,10.67
500110074,20:00-22:00,10.19,9.58
500110074,22:00-24:00,4.99,5.86
500110076,00:00-02:00,3.92,2.84
500110076,02:00-04:00,0.92,1.5
500110076,04:00-06:00,2.08,0.58
500110076,06:00-08:00,3.58,1.5
500110076,08:00-10:00,8.88,7.58
500110076,10:00-12:00,7.02,7.67
500110076,12:00-14:00,8.64,9.97
500110076,14:00-16:00,9.0,7.02
500110076,16:00-18:00,9.58,13.08
500110076,18:00-20:00,6.42,11.64
500110076,20:00-22:00,8.0,8.58
500110076,22:00-24:00,6.56,3.98
500110077,00:00-02:00,2.67,1.29
500110077,02:00-04:00,0.58,0.75
500110077,04:00-06:00,1.75,0.92
500110077,06:00-08:00,4.67,2.58
500110077,08:00-10:00,9.48,9.25
500110077,10:00-12:00,12.14,9.92
500110077,12:00-14:00,11.74,9.31
500110077,14:00-16:00,7.68,7.86
500110077,16:00-18:00,8.89,9.17
500110077,18:00-20:00,8.32,9.61
500110077,20:00-22:00,7.1,9.0
500110077,22:00-24:00,1.92,4.36
500110078,00:00-02:00,3.6,6.08
500110078,02:00-04:00,0.25,4.25
500110078,04:00-06:00,1.17,1.0
500110078,06:00-08:00,7.33,5.17
500110078,08:00-10:00,9.43,10.88
500110078,10:00-12:00,11.5,12.94
500110078,12:00-14:00,16.68,14.15
500110078,14:00-16:00,17.17,13.45
500110078,16:00-18:00,16.13,13.5
500110078,18:00-20:00,14.41,11.92
500110078,20:00-22:00,12.45,13.25
500110078,22:00-24:00,14.19,11.13
500110079,00:00-02:00,3.08,1.5
500110079,02:00-04:00,1.42,0.5
500110079,04:00-06:00,0.92,1.83
500110079,06:00-08:00,3.15,4.42
500110079,08:00-10:00,6.37,4.42
500110079,10:00-12:00,4.01,2.33
500110079,12:00-14:00,4.71,6.73
500110079,14:00-16:00,6.95,7.17
500110079,16:00-18:00,10.87,9.83
500110079,18:00-20:00,10.96,10.51
500110079,20:00-22:00,6.55,10.89
500110079,22:00-24:00,4.69,3.99
500110080,00:00-02:00,1.33,0.89
500110080,02:00-04:00,0.33,0.42
500110080,04:00-06:00,1.25,0.51
500110080,06:00-08:00,3.45,2.33
500110080,08:00-10:00,5.85,3.5
500110080,10:00-12:00,4.51,3.92
500110080,12:00-14:00,5.06,5.32
500110080,14:00-16:00,4.55,3.68
500110080,16:00-18:00,5.29,6.02
500110080,18:00-20:00,5.83,5.95
500110080,20:00-22:00,3.84,5.1
500110080,22:00-24:00,2.59,3.85
500110081,00:00-02:00,1.75,2.07
500110081,02:00-04:00,0.67,0.7
500110081,04:00-06:00,1.67,0.52
500110081,06:00-08:00,4.58,3.17
500110081,08:00-10:00,8.7,7.75
500110081,10:00-12:00,10.24,8.25
500110081,12:00-14:00,9.2,8.58
500110081,14:00-16:00,8.6,8.77
500110081,16:00-18:00,10.44,11.17
500110081,18:00-20:00,10.59,10.13
500110081,20:00-22:00,6.83,8.78
500110081,22:00-24:00,3.85,8.24
500110082,00:00-02:00,2.42,2.41
500110082,02:00-04:00,0.83,0.42
500110082,04:00-06:00,1.0,0.58
500110082,06:00-08:00,2.59,1.42
500110082,08:00-10:00,4.29,3.42
500110082,10:00-12:00,6.04,5.42
500110082,12:00-14:00,6.58,5.07
500110082,14:00-16:00,6.22,7.77
500110082,16:00-18:00,6.71,5.58
500110082,18:00-20:00,3.96,5.67
500110082,20:00-22:00,2.75,6.01
500110082,22:00-24:00,5.02,4.72
500110083,00:00-02:00,0.5,0.11
500110083,02:00-04:00,0.0,0.0
500110083,04:00-06:00,0.17,0.29
500110083,06:00-08:00,1.0,0.43
500110083,08:00-10:00,2.67,1.58
500110083,10:00-12:00,1.42,1.0
500110083,12:00-14:00,2.08,1.66
500110083,14:00-16:00,1.67,1.67
500110083,16:00-18:00,2.25,2.25
500110083,18:00-20:00,2.67,1.83
500110083,20:00-22:00,1.08,1.92
500110083,22:00-24:00,0.42,1.34
500110084,00:00-02:00,0.25,3.17
500110084,02:00-04:00,0.25,0.25
500110084,04:00-06:00,1.25,1.09
500110084,06:00-08:00,6.08,1.58
500110084,08:00-10:00,7.5,8.33
500110084,10:00-12:00,6.42,4.33
500110084,12:00-14:00,6.88,6.32
500110084,14:00-16:00,6.3,8.36
500110084,16:00-18:00,9.39,9.75
500110084,18:00-20:00,9.83,9.42
500110084,20:00-22:00,7.24,6.75
500110084,22:00-24:00,3.43,6.73
500110085,00:00-02:00,1.25,1.18
500110085,02:00-04:00,0.58,0.25
500110085,04:00-06:00,0.92,1.0
500110085,06:00-08:00,2.42,3.0
500110085,08:00-10:00,7.55,8.39
500110085,10:00-12:00,7.55,5.26
500110085,12:00-14:00,9.4,8.5
500110085,14:00-16:00,7.0,6.13
500110085,16:00-18:00,8.17,6.83
500110085,18:00-20:00,7.6,10.26
500110085,20:00-22:00,6.17,4.33
500110085,22:00-24:00,2.65,4.52
500110086,00:00-02:00,0.25,1.67
500110086,02:00-04:00,0.08,0.58
500110086,04:00-06:00,0.58,4.92
500110086,06:00-08:00,4.92,2.94
500110086,08:00-10:00,5.75,4.92
500110086,10:00-12:00,7.25,5.25
500110086,12:00-14:00,7.28,4.99
500110086,14:00-16:00,7.26,5.85
500110086,16:00-18:00,8.7,7.25
500110086,18:00-20:00,6.05,4.83
500110086,20:00-22:00,4.9,4.75
500110086,22:00-24:00,2.16,2.85
500110087,00:00-02:00,2.75,2.17
500110087,02:00-04:00,0.42,1.08
500110087,04:00-06:00,0.83,0.89
500110087,06:00-08:00,4.94,3.88
500110087,08:00-10:00,6.8,5.88
500110087,10:00-12:00,10.62,7.83
500110087,12:00-14:00,7.88,7.31
500110087,14:00-16:00,9.41,7.69
500110087,16:00-18:00,8.17,10.58
500110087,18:00-20:00,7.94,9.74
500110087,20:00-22:00,8.11,8.39
500110087,22:00-24:00,5.44,6.81
500110088,00:00-02:00,0.97,1.52
500110088,02:00-04:00,2.25,0.89
500110088,04:00-06:00,0.53,0.83
500110088,06:00-08:00,3.97,6.44
500110088,08:00-10:00,8.97,8.38
500110088,10:00-12:00,7.06,8.65
500110088,12:00-14:00,8.36,8.24
500110088,14:00-16:00,6.96,8.0
500110088,16:00-18:00,8.71,7.02
500110088,18:00-20:00,7.04,6.88
500110088,20:00-22:00,5.36,5.83
500110088,22:00-24:00,4.36,4.51
500110089,00:00-02:00,1.58,1.59
500110089,02:00-04:00,0.08,0.08
500110089,04:00-06:00,0.75,1.73
500110089,06:00-08:00,4.5,2.83
500110089,08:00-10:00,8.45,8.66
500110089,10:00-12:00,12.74,9.26
500110089,12:00-14:00,12.43,9.72
500110089,14:00-16:00,11.34,8.61
500110089,16:00-18:00,10.94,13.08
500110089,18:00-20:00,13.65,14.87
500110089,20:00-22:00,9.5,9.09
500110089,22:00-24:00,3.51,6.92
500110090,00:00-02:00,0.67,0.5
500110090,02:00-04:00,0.17,0.58
500110090,04:00-06:00,0.25,1.08
500110090,06:00-08:00,1.25,0.58
500110090,08:00-10:00,4.33,2.25
500110090,10:00-12:00,5.01,3.17
500110090,12:00-14:00,4.56,2.83
500110090,14:00-16:00,4.36,3.18
500110090,16:00-18:00,5.72,3.75
500110090,18:00-20:00,3.37,5.75
500110090,20:00-22:00,3.76,5.08
500110090,22:00-24:00,0.92,2.76
500110091,00:00-02:00,1.08,1.28
500110091,02:00-04:00,0.5,0.58
500110091,04:00-06:00,1.83,0.33
500110091,06:00-08:00,8.33,3.33
500110091,08:00-10:00,8.33,10.36
500110091,10:00-12:00,15.08,11.92
500110091,12:00-14:00,14.14,13.96
500110091,14:00-16:00,11.7,12.79
500110091,16:00-18:00,16.42,15.67
500110091,18:00-20:00,14.67,15.33
500110091,20:00-22:00,11.02,10.75
500110091,22:00-24:00,3.86,8.79
500110092,00:00-02:00,0.58,0.42
500110092,02:00-04:00,0.67,0.17
500110092,04:00-06:00,0.0,0.33
500110092,06:00-08:00,1.33,0.08
500110092,08:00-10:00,1.75,0.92
500110092,10:00-12:00,1.86,2.58
500110092,12:00-14:00,1.59,1.16
500110092,14:00-16:00,1.03,1.34
500110092,16:00-18:00,2.35,2.58
500110092,18:00-20:00,1.79,1.83
500110092,20:00-22:00,0.42,0.67
500110092,22:00-24:00,0.75,1.34
500110093,00:00-02:00,2.67,0.67
500110093,02:00-04:00,0.25,1.0
500110093,04:00-06:00,1.09,0.33
500110093,06:00-08:00,1.67,1.75
500110093,08:00-10:00,3.33,2.33
500110093,10:00-12:00,4.0,3.25
500110093,12:00-14:00,3.82,4.24
500110093,14:00-16:00,4.43,3.76
500110093,16:00-18:00,4.92,11.86
500110093,18:00-20:00,6.25,10.41
500110093,20:00-22:00,6.42,4.65
500110093,22:00-24:00,4.35,1.76
500110094,00:00-02:00,0.0,0.08
500110094,02:00-04:00,0.08,0.25
500110094,04:00-06:00,0.17,0.25
500110094,06:00-08:00,0.92,0.58
500110094,08:00-10:00,1.25,0.42
500110094,10:00-12:00,1.67,0.67
500110094,12:00-14:00,0.83,1.0
500110094,14:00-16:00,1.84,0.75
500110094,16:00-18:00,2.08,2.08
500110094,18:00-20:00,0.92,2.17
500110094,20:00-22:00,0.75,1.5
500110094,22:00-24:00,0.42,1.09
500110095,00:00-02:00,0.0,0.33
500110095,02:00-04:00,0.08,0.17
500110095,04:00-06:00,0.08,0.42
500110095,06:00-08:00,0.83,0.58
500110095,08:00-10:00,2.75,2.83
500110095,10:00-12:00,2.75,2.67
500110095,12:00-14:00,2.24,1.91
500110095,14:00-16:00,3.93,2.59
500110095,16:00-18:00,4.82,6.25
500110095,18:00-20:00,3.17,3.83
500110095,20:00-22:00,1.58,1.67
500110095,22:00-24:00,1.0,1.42
500110096,00:00-02:00,0.08,0.17
500110096,02:00-04:00,0.0,0.42
500110096,04:00-06:00,0.25,0.17
500110096,06:00-08:00,1.0,1.08
500110096,08:00-10:00,2.0,1.0
500110096,10:00-12:00,2.15,1.08
500110096,12:00-14:00,2.8,1.25
500110096,14:00-16:00,2.36,2.67
500110096,16:00-18:00,3.07,1.92
500110096,18:00-20:00,2.7,2.75
500110096,20:00-22:00,1.53,2.08
500110096,22:00-24:00,0.5,2.34
500110097,00:00-02:00,0.42,0.33
500110097,02:00-04:00,0.09,0.08
500110097,04:00-06:00,1.3,0.25
500110097,06:00-08:00,0.95,1.42
500110097,08:00-10:00,3.0,1.92
500110097,10:00-12:00,1.89,2.42
500110097,12:00-14:00,2.88,2.41
500110097,14:00-16:00,2.92,3.76
500110097,16:00-18:00,4.58,4.33
500110097,18:00-20:00,3.08,2.5
500110097,20:00-22:00,2.0,2.0
500110097,22:00-24:00,1.34,0.67
500110098,00:00-02:00,0.58,0.67
500110098,02:00-04:00,0.25,0.33
500110098,04:00-06:00,0.58,0.08
500110098,06:00-08:00,2.08,2.83
500110098,08:00-10:00,3.58,4.25
500110098,10:00-12:00,5.64,6.13
500110098,12:00-14:00,6.73,7.41
500110098,14:00-16:00,7.2,5.73
500110098,16:00-18:00,7.04,6.25
500110098,18:00-20:00,6.33,7.08
500110098,20:00-22:00,5.5,4.5
500110098,22:00-24:00,2.01,2.68
500110099,00:00-02:00,1.17,2.92
500110099,02:00-04:00,0.33,0.48
500110099,04:00-06:00,1.25,0.62
500110099,06:00-08:00,4.0,1.58
500110099,08:00-10:00,8.21,5.67
500110099,10:00-12:00,7.86,6.58
500110099,12:00-14:00,8.06,8.81
500110099,14:00-16:00,7.92,7.27
500110099,16:00-18:00,8.62,7.83
500110099,18:00-20:00,7.03,8.25
500110099,20:00-22:00,4.35,6.15
500110099,22:00-24:00,1.34,3.82
500110100,00:00-02:00,0.67,0.75
500110100,02:00-04:00,0.0,0.58
500110100,04:00-06:00,0.67,0.08
500110100,06:00-08:00,2.17,3.43
500110100,08:00-10:00,6.75,5.45
500110100,10:00-12:00,8.56,6.68
500110100,12:00-14:00,7.17,6.81
500110100,14:00-16:00,4.51,3.59
500110100,16:00-18:00,5.11,5.25
500110100,18:00-20:00,4.08,4.76
500110100,20:00-22:00,2.08,4.44
500110100,22:00-24:00,3.43,2.51
500110101,00:00-02:00,0.83,1.75
500110101,02:00-04:00,0.0,0.33
500110101,04:00-06:00,0.17,0.0
500110101,06:00-08:00,3.67,1.67
500110101,08:00-10:00,6.25,5.75
500110101,10:00-12:00,6.17,5.17
500110101,12:00-14:00,4.32,4.07
500110101,14:00-16:00,5.22,5.77
500110101,16:00-18:00,6.54,6.83
500110101,18:00-20:00,8.51,8.81
500110101,20:00-22:00,4.92,6.42
500110101,22:00-24:00,4.18,5.29
500110102,00:00-02:00,0.58,1.67
500110102,02:00-04:00,0.75,1.0
500110102,04:00-06:00,1.33,0.75
500110102,06:00-08:00,2.92,2.5
500110102,08:00-10:00,7.0,6.08
500110102,10:00-12:00,7.75,10.85
500110102,12:00-14:00,9.47,9.65
500110102,14:00-16:00,6.85,7.44
500110102,16:00-18:00,11.83,7.33
500110102,18:00-20:00,7.75,8.25
500110102,20:00-22:00,3.67,5.08
500110102,22:00-24:00,2.18,5.1
500110103,00:00-02:00,0.5,1.26
500110103,02:00-04:00,0.17,0.0
500110103,04:00-06:00,1.0,0.0
500110103,06:00-08:00,2.53,2.17
500110103,08:00-10:00,6.03,6.0
500110103,10:00-12:00,6.77,6.42
500110103,12:00-14:00,7.15,6.9
500110103,14:00-16:00,5.68,4.68
500110103,16:00-18:00,6.78,5.17
500110103,18:00-20:00,5.11,6.83
500110103,20:00-22:00,3.92,3.92
500110103,22:00-24:00,2.59,3.1
500110104,00:00-02:00,0.75,1.67
500110104,02:00-04:00,0.67,0.19
500110104,04:00-06:00,0.83,0.42
500110104,06:00-08:00,3.58,2.67
500110104,08:00-10:00,7.33,3.67
500110104,10:00-12:00,7.99,4.42
500110104,12:00-14:00,5.62,4.82
500110104,14:00-16:00,5.89,4.68
500110104,16:00-18:00,7.45,5.58
500110104,18:00-20:00,5.36,6.0
500110104,20:00-22:00,3.33,6.25
500110104,22:00-24:00,2.68,4.18
500110105,00:00-02:00,0.75,1.32
500110105,02:00-04:00,0.17,0.6
500110105,04:00-06:00,1.25,0.28
500110105,06:00-08:00,3.25,0.58
500110105,08:00-10:00,8.03,7.75
500110105,10:00-12:00,8.54,8.58
500110105,12:00-14:00,9.16,8.35
500110105,14:00-16:00,9.39,10.61
500110105,16:00-18:00,9.68,9.32
500110105,18:00-20:00,8.93,7.35
500110105,20:00-22:00,3.43,5.84
500110105,22:00-24:00,2.85,3.5
500110106,00:00-02:00,0.42,1.17
500110106,02:00-04:00,0.08,0.25
500110106,04:00-06:00,0.33,0.75
500110106,06:00-08:00,3.08,1.93
500110106,08:00-10:00,5.17,5.83
500110106,10:00-12:00,7.92,5.92
500110106,12:00-14:00,6.73,6.98
500110106,14:00-16:00,6.5,5.68
500110106,16:00-18:00,8.11,6.5
500110106,18:00-20:00,3.18,4.83
500110106,20:00-22:00,4.82,5.36
500110106,22:00-24:00,1.67,2.84
500110107,00:00-02:00,1.1,0.83
500110107,02:00-04:00,0.09,0.75
500110107,04:00-06:00,0.33,0.17
500110107,06:00-08:00,1.37,2.67
500110107,08:00-10:00,3.0,5.42
500110107,10:00-12:00,5.67,7.64
500110107,12:00-14:00,9.72,9.29
500110107,14:00-16:00,10.78,8.11
500110107,16:00-18:00,9.92,7.83
500110107,18:00-20:00,8.92,7.5
500110107,20:00-22:00,4.92,4.92
500110107,22:00-24:00,3.68,2.59
500110109,00:00-02:00,0.08,1.0
500110109,02:00-04:00,0.17,0.17
500110109,04:00-06:00,0.25,0.42
500110109,06:00-08:00,0.58,0.58
500110109,08:00-10:00,2.08,1.08
500110109,10:00-12:00,2.71,2.08
500110109,12:00-14:00,3.0,3.07
500110109,14:00-16:00,3.56,2.67
500110109,16:00-18:00,3.89,3.83
500110109,18:00-20:00,3.04,2.83
500110109,20:00-22:00,2.94,2.75
500110109,22:00-24:00,1.36,1.92
500110110,00:00-02:00,0.58,1.92
500110110,02:00-04:00,0.08,0.58
500110110,04:00-06:00,0.42,2.0
500110110,06:00-08:00,1.58,0.75
500110110,08:00-10:00,3.17,3.33
500110110,10:00-12:00,5.83,4.08
500110110,12:00-14:00,6.64,3.32
500110110,14:00-16:00,4.75,3.34
500110110,16:00-18:00,3.8,2.17
500110110,18:00-20:00,1.3,2.67
500110110,20:00-22:00,1.76,2.58
500110110,22:00-24:00,1.17,2.18
500111001,00:00-02:00,1.33,1.92
500111001,02:00-04:00,0.75,0.17
500111001,04:00-06:00,0.25,0.83
500111001,06:00-08:00,6.08,4.02
500111001,08:00-10:00,7.42,6.1
500111001,10:00-12:00,6.93,5.75
500111001,12:00-14:00,5.24,5.98
500111001,14:00-16:00,7.27,10.11
500111001,16:00-18:00,11.69,10.36
500111001,18:00-20:00,9.28,7.2
500111001,20:00-22:00,3.75,4.67
500111001,22:00-24:00,2.51,4.02
500111002,00:00-02:00,0.58,1.33
500111002,02:00-04:00,0.58,0.25
500111002,04:00-06:00,0.75,0.42
500111002,06:00-08:00,5.83,1.5
500111002,08:00-10:00,7.67,4.83
500111002,10:00-12:00,6.5,6.25
500111002,12:00-14:00,9.06,4.57
500111002,14:00-16:00,9.23,10.11
500111002,16:00-18:00,12.46,12.58
500111002,18:00-20:00,6.5,5.92
500111002,20:00-22:00,3.17,8.25
500111002,22:00-24:00,1.17,5.19
500111003,00:00-02:00,3.49,3.0
500111003,02:00-04:00,0.48,3.08
500111003,04:00-06:00,1.0,2.58
500111003,06:00-08:00,7.86,5.58
500111003,08:00-10:00,7.75,10.83
500111003,10:00-12:00,9.25,13.84
500111003,12:00-14:00,12.8,15.02
500111003,14:00-16:00,16.04,12.79
500111003,16:00-18:00,17.63,16.67
500111003,18:00-20:00,19.35,15.0
500111003,20:00-22:00,14.57,10.42
500111003,22:00-24:00,8.88,6.95
500111004,00:00-02:00,2.75,2.65
500111004,02:00-04:00,0.17,1.21
500111004,04:00-06:00,2.5,1.12
500111004,06:00-08:00,5.25,5.17
500111004,08:00-10:00,11.75,5.33
500111004,10:00-12:00,11.78,9.08
500111004,12:00-14:00,10.73,8.73
500111004,14:00-16:00,10.31,11.03
500111004,16:00-18:00,13.91,13.33
500111004,18:00-20:00,14.28,17.33
500111004,20:00-22:00,8.33,15.99
500111004,22:00-24:00,6.28,8.57
500111005,00:00-02:00,3.37,1.75
500111005,02:00-04:00,0.25,0.33
500111005,04:00-06:00,0.5,0.67
500111005,06:00-08:00,4.19,4.67
500111005,08:00-10:00,7.42,8.0
500111005,10:00-12:00,7.0,16.18
500111005,12:00-14:00,8.31,15.2
500111005,14:00-16:00,11.53,10.24
500111005,16:00-18:00,11.75,10.79
500111005,18:00-20:00,16.75,10.64
500111005,20:00-22:00,13.58,7.42
500111005,22:00-24:00,7.99,8.12
500111006,00:00-02:00,0.43,0.92
500111006,02:00-04:00,0.08,0.17
500111006,04:00-06:00,0.25,2.67
500111006,06:00-08:00,5.42,13.3
500111006,08:00-10:00,11.75,13.33
500111006,10:00-12:00,13.47,13.52
500111006,12:00-14:00,12.07,12.47
500111006,14:00-16:00,11.74,13.88
500111006,16:00-18:00,14.67,13.5
500111006,18:00-20:00,10.42,12.61
500111006,20:00-22:00,9.89,7.34
500111006,22:00-24:00,2.77,1.67
500111007,00:00-02:00,0.93,1.25
500111007,02:00-04:00,0.25,0.75
500111007,04:00-06:00,1.17,0.75
500111007,06:00-08:00,4.42,6.67
500111007,08:00-10:00,5.92,8.08
500111007,10:00-12:00,8.75,8.25
500111007,12:00-14:00,9.81,8.81
500111007,14:00-16:00,6.6,9.86
500111007,16:00-18:00,14.58,9.08
500111007,18:00-20:00,10.82,10.33
500111007,20:00-22:00,6.16,5.25
500111007,22:00-24:00,4.16,2.93
500111008,00:00-02:00,0.5,1.42
500111008,02:00-04:00,0.5,0.17
500111008,04:00-06:00,2.83,0.58
500111008,06:00-08:00,5.83,3.58
500111008,08:00-10:00,8.42,8.0
500111008,10:00-12:00,8.83,8.92
500111008,12:00-14:00,10.89,6.48
500111008,14:00-16:00,8.27,7.6
500111008,16:00-18:00,10.08,10.75
500111008,18:00-20:00,7.08,11.58
500111008,20:00-22:00,5.33,7.92
500111008,22:00-24:00,2.34,5.27
500111009,00:00-02:00,1.0,1.17
500111009,02:00-04:00,0.0,0.25
500111009,04:00-06:00,1.42,1.42
500111009,06:00-08:00,4.5,3.92
500111009,08:00-10:00,6.92,4.75
500111009,10:00-12:00,5.83,4.08
500111009,12:00-14:00,6.07,5.32
500111009,14:00-16:00,6.82,6.27
500111009,16:00-18:00,8.24,6.17
500111009,18:00-20:00,5.58,7.17
500111009,20:00-22:00,4.25,6.08
500111009,22:00-24:00,1.84,4.44
500111010,00:00-02:00,0.82,3.17
500111010,02:00-04:00,0.1,1.0
500111010,04:00-06:00,0.6,1.25
500111010,06:00-08:00,3.0,1.5
500111010,08:00-10:00,4.33,3.42
500111010,10:00-12:00,3.92,3.25
500111010,12:00-14:00,5.0,5.57
500111010,14:00-16:00,5.06,3.68
500111010,16:00-18:00,7.28,4.58
500111010,18:00-20:00,5.86,5.75
500111010,20:00-22:00,5.17,3.42
500111010,22:00-24:00,5.15,4.27
500111011,00:00-02:00,0.0,0.67
500111011,02:00-04:00,0.08,0.17
500111011,04:00-06:00,0.17,0.67
500111011,06:00-08:00,1.17,2.33
500111011,08:00-10:00,3.5,6.33
500111011,10:00-12:00,4.92,6.17
500111011,12:00-14:00,4.74,6.07
500111011,14:00-16:00,6.94,6.11
500111011,16:00-18:00,8.33,8.42
500111011,18:00-20:00,8.75,4.11
500111011,20:00-22:00,3.75,2.58
500111011,22:00-24:00,0.99,1.59
500111012,00:00-02:00,0.09,0.5
500111012,02:00-04:00,1.25,0.08
500111012,04:00-06:00,0.08,0.17
500111012,06:00-08:00,0.73,1.92
500111012,08:00-10:00,1.23,1.33
500111012,10:00-12:00,1.57,1.5
500111012,12:00-14:00,1.0,1.5
500111012,14:00-16:00,2.26,1.42
500111012,16:00-18:00,2.0,1.92
500111012,18:00-20:00,1.25,0.92
500111012,20:00-22:00,1.0,0.67
500111012,22:00-24:00,0.25,0.0
500111013,00:00-02:00,6.94,6.83
500111013,02:00-04:00,0.25,2.75
500111013,04:00-06:00,1.08,3.17
500111013,06:00-08:00,8.17,9.67
500111013,08:00-10:00,10.25,14.67
500111013,10:00-12:00,12.08,18.02
500111013,12:00-14:00,16.87,18.0
500111013,14:00-16:00,20.06,17.35
500111013,16:00-18:00,22.08,17.25
500111013,18:00-20:00,19.57,14.42
500111013,20:00-22:00,16.37,8.5
500111013,22:00-24:00,12.09,6.19
500111014,00:00-02:00,1.5,1.75
500111014,02:00-04:00,1.33,0.17
500111014,04:00-06:00,1.33,0.75
500111014,06:00-08:00,8.0,3.0
500111014,08:00-10:00,6.26,4.33
500111014,10:00-12:00,7.81,4.33
500111014,12:00-14:00,6.59,6.48
500111014,14:00-16:00,9.06,10.03
500111014,16:00-18:00,11.46,11.83
500111014,18:00-20:00,7.0,9.75
500111014,20:00-22:00,6.83,9.67
500111014,22:00-24:00,2.34,4.94
500111015,00:00-02:00,0.25,1.42
500111015,02:00-04:00,0.33,0.5
500111015,04:00-06:00,0.75,0.33
500111015,06:00-08:00,5.25,1.83
500111015,08:00-10:00,7.33,3.92
500111015,10:00-12:00,8.58,5.75
500111015,12:00-14:00,7.56,6.07
500111015,14:00-16:00,6.41,6.85
500111015,16:00-18:00,10.24,8.25
500111015,18:00-20:00,6.54,10.83
500111015,20:00-22:00,4.08,9.58
500111015,22:00-24:00,1.42,3.68
500111016,00:00-02:00,1.0,2.33
500111016,02:00-04:00,0.0,0.58
500111016,04:00-06:00,0.92,0.33
500111016,06:00-08:00,4.58,1.25
500111016,08:00-10:00,10.5,6.83
500111016,10:00-12:00,7.42,7.92
500111016,12:00-14:00,8.81,5.32
500111016,14:00-16:00,7.09,4.76
500111016,16:00-18:00,7.39,7.33
500111016,18:00-20:00,5.5,9.83
500111016,20:00-22:00,3.42,8.81
500111016,22:00-24:00,2.09,4.57
500111017,00:00-02:00,0.83,2.25
500111017,02:00-04:00,0.33,0.33
500111017,04:00-06:00,0.58,0.17
500111017,06:00-08:00,4.33,1.92
500111017,08:00-10:00,5.0,4.08
500111017,10:00-12:00,4.95,3.5
500111017,12:00-14:00,3.32,3.82
500111017,14:00-16:00,5.97,4.85
500111017,16:00-18:00,6.04,7.58
500111017,18:00-20:00,6.26,5.67
500111017,20:00-22:00,3.25,4.42
500111017,22:00-24:00,1.76,4.27
500111018,00:00-02:00,0.85,1.08
500111018,02:00-04:00,0.33,0.0
500111018,04:00-06:00,0.67,0.08
500111018,06:00-08:00,1.78,1.75
500111018,08:00-10:00,2.98,3.83
500111018,10:00-12:00,4.91,4.58
500111018,12:00-14:00,3.66,3.16
500111018,14:00-16:00,4.23,4.76
500111018,16:00-18:00,5.83,5.75
500111018,18:00-20:00,6.39,6.42
500111018,20:00-22:00,4.2,4.17
500111018,22:00-24:00,2.22,2.01
500111019,00:00-02:00,2.47,1.0
500111019,02:00-04:00,0.0,0.42
500111019,04:00-06:00,0.0,0.33
500111019,06:00-08:00,0.83,1.33
500111019,08:00-10:00,2.25,3.75
500111019,10:00-12:00,2.17,12.5
500111019,12:00-14:00,10.72,15.26
500111019,14:00-16:00,18.72,16.96
500111019,16:00-18:00,20.11,13.08
500111019,18:00-20:00,17.1,11.42
500111019,20:00-22:00,9.13,3.25
500111019,22:00-24:00,2.93,0.59
500111020,00:00-02:00,0.2,0.0
500111020,02:00-04:00,0.17,0.5
500111020,04:00-06:00,0.25,0.25
500111020,06:00-08:00,1.0,1.25
500111020,08:00-10:00,2.87,2.42
500111020,10:00-12:00,5.29,4.25
500111020,12:00-14:00,3.36,3.57
500111020,14:00-16:00,4.31,3.43
500111020,16:00-18:00,3.82,4.75
500111020,18:00-20:00,2.83,3.0
500111020,20:00-22:00,1.33,2.17
500111020,22:00-24:00,0.75,1.34
500111021,00:00-02:00,1.34,4.5
500111021,02:00-04:00,0.67,2.75
500111021,04:00-06:00,1.08,0.42
500111021,06:00-08:00,2.5,2.92
500111021,08:00-10:00,5.83,4.18
500111021,10:00-12:00,5.81,5.5
500111021,12:00-14:00,7.8,6.15
500111021,14:00-16:00,5.15,4.09
500111021,16:00-18:00,6.76,7.42
500111021,18:00-20:00,5.83,5.58
500111021,20:00-22:00,4.22,4.67
500111021,22:00-24:00,2.84,2.85
500111022,00:00-02:00,0.67,2.0
500111022,02:00-04:00,0.0,2.17
500111022,04:00-06:00,0.08,2.5
500111022,06:00-08:00,1.5,2.58
500111022,08:00-10:00,4.42,4.42
500111022,10:00-12:00,5.25,5.58
500111022,12:00-14:00,7.73,8.85
500111022,14:00-16:00,8.27,7.12
500111022,16:00-18:00,10.42,8.07
500111022,18:00-20:00,7.83,6.33
500111022,20:00-22:00,7.62,3.58
500111022,22:00-24:00,3.98,3.35
500111023,00:00-02:00,0.25,1.83
500111023,02:00-04:00,0.0,0.33
500111023,04:00-06:00,0.58,0.75
500111023,06:00-08:00,4.0,3.58
500111023,08:00-10:00,12.25,7.33
500111023,10:00-12:00,9.42,5.58
500111023,12:00-14:00,7.73,7.98
500111023,14:00-16:00,9.11,8.69
500111023,16:00-18:00,10.43,10.67
500111023,18:00-20:00,10.25,10.92
500111023,20:00-22:00,4.58,8.89
500111023,22:00-24:00,1.76,6.44
500111024,00:00-02:00,0.17,0.25
500111024,02:00-04:00,0.08,0.08
500111024,04:00-06:00,0.58,0.5
500111024,06:00-08:00,1.17,1.33
500111024,08:00-10:00,1.08,1.58
500111024,10:00-12:00,3.67,2.58
500111024,12:00-14:00,3.57,3.07
500111024,14:00-16:00,1.67,2.34
500111024,16:00-18:00,4.42,2.0
500111024,18:00-20:00,2.42,4.25
500111024,20:00-22:00,0.92,2.08
500111024,22:00-24:00,1.67,1.67
500111025,00:00-02:00,0.18,0.17
500111025,02:00-04:00,0.08,0.08
500111025,04:00-06:00,0.0,0.25
500111025,06:00-08:00,0.25,0.83
500111025,08:00-10:00,1.25,1.54
500111025,10:00-12:00,1.75,1.17
500111025,12:00-14:00,1.59,2.24
500111025,14:00-16:00,1.41,1.17
500111025,16:00-18:00,2.42,1.75
500111025,18:00-20:00,1.61,1.58
500111025,20:00-22:00,1.55,0.83
500111025,22:00-24:00,1.38,0.67
500111026,00:00-02:00,1.04,1.83
500111026,02:00-04:00,0.08,0.92
500111026,04:00-06:00,0.0,1.33
500111026,06:00-08:00,2.75,2.14
500111026,08:00-10:00,3.08,3.0
500111026,10:00-12:00,3.0,4.21
500111026,12:00-14:00,4.32,4.1
500111026,14:00-16:00,4.35,4.66
500111026,16:00-18:00,7.29,4.92
500111026,18:00-20:00,4.78,2.42
500111026,20:00-22:00,3.98,1.42
500111026,22:00-24:00,3.15,3.26
500111027,00:00-02:00,0.61,1.67
500111027,02:00-04:00,0.08,1.5
500111027,04:00-06:00,0.0,0.08
500111027,06:00-08:00,1.92,0.33
500111027,08:00-10:00,1.25,1.25
500111027,10:00-12:00,1.0,1.33
500111027,12:00-14:00,1.75,1.75
500111027,14:00-16:00,2.92,1.0
500111027,16:00-18:00,2.22,2.08
500111027,18:00-20:00,4.21,2.42
500111027,20:00-22:00,4.38,2.83
500111027,22:00-24:00,2.41,3.51
500111028,00:00-02:00,1.58,1.87
500111028,02:00-04:00,0.17,0.25
500111028,04:00-06:00,0.75,0.17
500111028,06:00-08:00,5.42,2.0
500111028,08:00-10:00,6.11,3.0
500111028,10:00-12:00,8.09,5.92
500111028,12:00-14:00,8.4,5.9
500111028,14:00-16:00,5.01,7.02
500111028,16:00-18:00,8.8,8.17
500111028,18:00-20:00,6.62,8.92
500111028,20:00-22:00,3.18,7.57
500111028,22:00-24:00,2.59,4.58
500111029,00:00-02:00,2.33,5.32
500111029,02:00-04:00,4.42,0.27
500111029,04:00-06:00,0.5,0.58
500111029,06:00-08:00,2.42,4.53
500111029,08:00-10:00,4.25,6.3
500111029,10:00-12:00,6.58,3.98
500111029,12:00-14:00,4.68,2.99
500111029,14:00-16:00,4.26,3.59
500111029,16:00-18:00,3.73,3.75
500111029,18:00-20:00,1.97,2.83
500111029,20:00-22:00,1.0,3.67
500111029,22:00-24:00,7.36,4.04
500111030,00:00-02:00,0.25,0.58
500111030,02:00-04:00,0.0,0.33
500111030,04:00-06:00,0.25,0.25
500111030,06:00-08:00,1.5,1.0
500111030,08:00-10:00,1.92,1.75
500111030,10:00-12:00,4.17,1.61
500111030,12:00-14:00,2.52,1.41
500111030,14:00-16:00,2.37,2.17
500111030,16:00-18:00,3.36,4.08
500111030,18:00-20:00,2.11,2.5
500111030,20:00-22:00,0.42,2.42
500111030,22:00-24:00,0.42,1.17
500111031,00:00-02:00,0.92,1.58
500111031,02:00-04:00,0.0,0.25
500111031,04:00-06:00,0.83,0.25
500111031,06:00-08:00,2.17,2.0
500111031,08:00-10:00,4.83,4.5
500111031,10:00-12:00,5.05,3.58
500111031,12:00-14:00,6.12,4.74
500111031,14:00-16:00,4.83,2.84
500111031,16:00-18:00,5.35,4.75
500111031,18:00-20:00,3.46,5.08
500111031,20:00-22:00,3.21,4.42
500111031,22:00-24:00,1.09,2.51
500111032,00:00-02:00,0.67,0.58
500111032,02:00-04:00,0.42,0.08
500111032,04:00-06:00,0.08,0.17
500111032,06:00-08:00,0.83,0.42
500111032,08:00-10:00,2.21,2.0
500111032,10:00-12:00,2.25,2.83
500111032,12:00-14:00,3.19,2.91
500111032,14:00-16:00,4.21,5.83
500111032,16:00-18:00,3.89,7.83
500111032,18:00-20:00,3.53,4.25
500111032,20:00-22:00,7.65,1.69
500111032,22:00-24:00,1.18,1.67
500111033,00:00-02:00,0.42,0.83
500111033,02:00-04:00,0.17,0.5
500111033,04:00-06:00,0.5,0.08
500111033,06:00-08:00,1.75,1.08
500111033,08:00-10:00,2.25,2.25
500111033,10:00-12:00,3.82,2.08
500111033,12:00-14:00,4.67,3.57
500111033,14:00-16:00,3.63,3.09
500111033,16:00-18:00,5.08,3.33
500111033,18:00-20:00,2.6,4.67
500111033,20:00-22:00,1.67,4.17
500111033,22:00-24:00,2.18,2.68
500111034,00:00-02:00,0.08,0.5
500111034,02:00-04:00,0.08,0.5
500111034,04:00-06:00,0.08,0.0
500111034,06:00-08:00,0.33,2.67
500111034,08:00-10:00,0.83,0.83
500111034,10:00-12:00,1.42,2.42
500111034,12:00-14:00,2.91,5.36
500111034,14:00-16:00,5.35,9.34
500111034,16:00-18:00,8.58,10.92
500111034,18:00-20:00,7.34,7.01
500111034,20:00-22:00,12.29,2.27
500111034,22:00-24:00,3.95,0.67
500111035,00:00-02:00,2.0,3.5
500111035,02:00-04:00,0.12,1.58
500111035,04:00-06:00,1.02,5.08
500111035,06:00-08:00,9.75,6.5
500111035,08:00-10:00,10.0,10.83
500111035,10:00-12:00,10.67,14.76
500111035,12:00-14:00,16.04,15.37
500111035,14:00-16:00,19.75,14.18
500111035,16:00-18:00,18.29,17.08
500111035,18:00-20:00,15.76,13.33
500111035,20:00-22:00,17.16,10.67
500111035,22:00-24:00,7.97,5.1
500111036,00:00-02:00,1.25,2.05
500111036,02:00-04:00,0.17,0.68
500111036,04:00-06:00,1.0,0.33
500111036,06:00-08:00,2.42,1.17
500111036,08:00-10:00,4.33,3.08
500111036,10:00-12:00,6.34,3.92
500111036,12:00-14:00,4.88,4.07
500111036,14:00-16:00,5.26,5.1
500111036,16:00-18:00,6.0,5.67
500111036,18:00-20:00,3.42,5.67
500111036,20:00-22:00,2.58,3.92
500111036,22:00-24:00,2.09,1.92
500111037,00:00-02:00,0.4,0.67
500111037,02:00-04:00,0.08,0.08
500111037,04:00-06:00,0.08,0.92
500111037,06:00-08:00,1.67,1.58
500111037,08:00-10:00,3.33,3.0
500111037,10:00-12:00,3.85,4.58
500111037,12:00-14:00,5.48,5.24
500111037,14:00-16:00,5.24,3.84
500111037,16:00-18:00,4.53,5.5
500111037,18:00-20:00,5.99,5.33
500111037,20:00-22:00,4.57,3.5
500111037,22:00-24:00,1.32,1.76
500111038,00:00-02:00,0.54,0.25
500111038,02:00-04:00,1.5,0.0
500111038,04:00-06:00,0.58,0.17
500111038,06:00-08:00,0.77,2.67
500111038,08:00-10:00,5.17,4.08
500111038,10:00-12:00,3.75,11.25
500111038,12:00-14:00,7.89,10.26
500111038,14:00-16:00,10.03,7.8
500111038,16:00-18:00,10.58,9.42
500111038,18:00-20:00,8.33,8.08
500111038,20:00-22:00,7.51,2.5
500111038,22:00-24:00,4.76,1.42
500111039,00:00-02:00,0.5,0.75
500111039,02:00-04:00,0.58,1.75
500111039,04:00-06:00,0.92,0.33
500111039,06:00-08:00,2.17,2.0
500111039,08:00-10:00,5.0,1.75
500111039,10:00-12:00,3.67,1.67
500111039,12:00-14:00,2.84,2.58
500111039,14:00-16:00,4.08,2.84
500111039,16:00-18:00,4.46,3.75
500111039,18:00-20:00,2.84,3.0
500111039,20:00-22:00,1.42,2.75
500111039,22:00-24:00,1.17,2.59
500111040,00:00-02:00,0.42,0.5
500111040,02:00-04:00,0.17,0.08
500111040,04:00-06:00,0.5,0.92
500111040,06:00-08:00,1.67,2.92
500111040,08:00-10:00,1.58,1.33
500111040,10:00-12:00,2.5,2.33
500111040,12:00-14:00,2.41,1.66
500111040,14:00-16:00,3.84,3.1
500111040,16:00-18:00,5.59,5.0
500111040,18:00-20:00,3.67,2.83
500111040,20:00-22:00,1.25,2.33
500111040,22:00-24:00,0.67,1.54
500111041,00:00-02:00,1.33,0.58
500111041,02:00-04:00,0.42,0.08
500111041,04:00-06:00,0.5,0.17
500111041,06:00-08:00,2.17,3.42
500111041,08:00-10:00,3.94,3.25
500111041,10:00-12:00,3.97,4.5
500111041,12:00-14:00,4.65,4.74
500111041,14:00-16:00,5.43,4.93
500111041,16:00-18:00,6.43,4.42
500111041,18:00-20:00,3.05,3.67
500111041,20:00-22:00,2.94,4.17
500111041,22:00-24:00,2.51,2.34
500111042,00:00-02:00,1.25,2.17
500111042,02:00-04:00,1.0,0.5
500111042,04:00-06:00,0.42,0.58
500111042,06:00-08:00,3.17,3.76
500111042,08:00-10:00,4.5,4.3
500111042,10:00-12:00,4.25,4.33
500111042,12:00-14:00,5.82,5.44
500111042,14:00-16:00,7.02,4.6
500111042,16:00-18:00,6.83,9.25
500111042,18:00-20:00,6.75,8.05
500111042,20:00-22:00,5.83,6.79
500111042,22:00-24:00,3.51,2.77
500111043,00:00-02:00,0.0,0.42
500111043,02:00-04:00,0.0,0.0
500111043,04:00-06:00,0.0,0.25
500111043,06:00-08:00,1.5,1.67
500111043,08:00-10:00,2.67,3.42
500111043,10:00-12:00,5.5,2.67
500111043,12:00-14:00,3.25,2.16
500111043,14:00-16:00,2.51,1.92
500111043,16:00-18:00,2.17,2.83
500111043,18:00-20:00,2.05,1.92
500111043,20:00-22:00,0.67,2.42
500111043,22:00-24:00,0.75,1.59
500111044,00:00-02:00,0.42,0.08
500111044,02:00-04:00,0.33,0.17
500111044,04:00-06:00,0.08,0.08
500111044,06:00-08:00,1.75,2.72
500111044,08:00-10:00,2.25,1.83
500111044,10:00-12:00,3.17,1.58
500111044,12:00-14:00,2.49,1.83
500111044,14:00-16:00,1.34,2.09
500111044,16:00-18:00,4.42,2.33
500111044,18:00-20:00,3.25,4.75
500111044,20:00-22:00,1.33,5.08
500111044,22:00-24:00,0.33,1.09
500111045,00:00-02:00,2.25,1.08
500111045,02:00-04:00,2.58,0.75
500111045,04:00-06:00,1.0,0.08
500111045,06:00-08:00,1.58,1.08
500111045,08:00-10:00,4.0,3.75
500111045,10:00-12:00,4.83,4.0
500111045,12:00-14:00,4.24,3.57
500111045,14:00-16:00,3.48,4.01
500111045,16:00-18:00,4.77,6.0
500111045,18:00-20:00,4.58,9.08
500111045,20:00-22:00,3.5,3.75
500111045,22:00-24:00,2.93,1.51
500111046,00:00-02:00,1.14,2.5
500111046,02:00-04:00,0.33,1.08
500111046,04:00-06:00,0.92,2.83
500111046,06:00-08:00,7.0,10.42
500111046,08:00-10:00,10.17,12.77
500111046,10:00-12:00,13.08,15.49
500111046,12:00-14:00,15.54,18.04
500111046,14:00-16:00,18.24,15.91
500111046,16:00-18:00,18.58,19.54
500111046,18:00-20:00,19.65,16.65
500111046,20:00-22:00,13.51,11.08
500111046,22:00-24:00,10.59,7.2
500111047,00:00-02:00,0.25,1.83
500111047,02:00-04:00,0.17,0.75
500111047,04:00-06:00,0.5,0.17
500111047,06:00-08:00,3.0,1.08
500111047,08:00-10:00,3.75,3.08
500111047,10:00-12:00,4.67,3.33
500111047,12:00-14:00,5.32,3.57
500111047,14:00-16:00,4.06,4.18
500111047,16:00-18:00,4.83,6.0
500111047,18:00-20:00,3.33,5.08
500111047,20:00-22:00,2.33,3.92
500111047,22:00-24:00,2.51,2.57
500111048,00:00-02:00,2.0,1.4
500111048,02:00-04:00,0.33,0.08
500111048,04:00-06:00,0.92,0.25
500111048,06:00-08:00,4.42,2.17
500111048,08:00-10:00,5.83,7.17
500111048,10:00-12:00,8.05,4.5
500111048,12:00-14:00,5.79,4.99
500111048,14:00-16:00,5.6,4.16
500111048,16:00-18:00,6.11,5.27
500111048,18:00-20:00,6.37,9.17
500111048,20:00-22:00,3.08,6.16
500111048,22:00-24:00,2.18,4.84
500111049,00:00-02:00,0.9,1.42
500111049,02:00-04:00,0.08,0.58
500111049,04:00-06:00,0.25,0.08
500111049,06:00-08:00,2.59,1.25
500111049,08:00-10:00,3.23,3.08
500111049,10:00-12:00,3.08,3.33
500111049,12:00-14:00,2.24,3.57
500111049,14:00-16:00,3.84,5.41
500111049,16:00-18:00,6.13,6.49
500111049,18:00-20:00,4.02,5.72
500111049,20:00-22:00,4.09,2.76
500111049,22:00-24:00,1.02,1.17
500111050,00:00-02:00,1.92,0.54
500111050,02:00-04:00,0.67,0.25
500111050,04:00-06:00,0.25,0.08
500111050,06:00-08:00,3.08,1.33
500111050,08:00-10:00,5.4,3.58
500111050,10:00-12:00,5.66,5.75
500111050,12:00-14:00,5.71,4.49
500111050,14:00-16:00,4.74,6.35
500111050,16:00-18:00,7.67,6.75
500111050,18:00-20:00,5.89,5.0
500111050,20:00-22:00,3.47,5.18
500111050,22:00-24:00,2.93,4.34
500111051,00:00-02:00,0.77,1.83
500111051,02:00-04:00,0.0,0.0
500111051,04:00-06:00,0.08,1.83
500111051,06:00-08:00,1.17,3.08
500111051,08:00-10:00,2.58,5.01
500111051,10:00-12:00,5.83,8.37
500111051,12:00-14:00,7.89,10.0
500111051,14:00-16:00,9.11,9.02
500111051,16:00-18:00,12.0,7.3
500111051,18:00-20:00,8.48,8.0
500111051,20:00-22:00,7.4,5.17
500111051,22:00-24:00,3.18,2.09
500111052,00:00-02:00,0.17,0.08
500111052,02:00-04:00,0.08,0.5
500111052,04:00-06:00,0.08,0.33
500111052,06:00-08:00,0.35,0.08
500111052,08:00-10:00,1.02,2.33
500111052,10:00-12:00,1.5,1.0
500111052,12:00-14:00,2.08,1.08
500111052,14:00-16:00,1.09,1.5
500111052,16:00-18:00,1.82,1.17
500111052,18:00-20:00,2.6,0.67
500111052,20:00-22:00,0.83,1.25
500111052,22:00-24:00,0.3,0.84
500111053,00:00-02:00,1.42,0.87
500111053,02:00-04:00,0.08,0.0
500111053,04:00-06:00,0.67,0.08
500111053,06:00-08:00,0.75,0.5
500111053,08:00-10:00,2.55,4.33
500111053,10:00-12:00,4.52,1.67
500111053,12:00-14:00,2.68,2.74
500111053,14:00-16:00,2.54,3.51
500111053,16:00-18:00,1.92,4.1
500111053,18:00-20:00,3.25,2.77
500111053,20:00-22:00,3.17,2.7
500111053,22:00-24:00,1.17,1.59
500111054,00:00-02:00,0.0,0.08
500111054,02:00-04:00,0.0,0.0
500111054,04:00-06:00,0.0,0.0
500111054,06:00-08:00,0.75,0.25
500111054,08:00-10:00,0.7,0.5
500111054,10:00-12:00,1.21,1.08
500111054,12:00-14:00,0.33,1.16
500111054,14:00-16:00,1.0,1.0
500111054,16:00-18:00,3.41,1.83
500111054,18:00-20:00,1.11,1.83
500111054,20:00-22:00,1.26,1.25
500111054,22:00-24:00,0.37,0.67
500111055,00:00-02:00,0.17,0.75
500111055,02:00-04:00,0.0,0.08
500111055,04:00-06:00,0.0,0.58
500111055,06:00-08:00,1.67,2.75
500111055,08:00-10:00,3.08,2.5
500111055,10:00-12:00,5.75,2.5
500111055,12:00-14:00,5.42,5.73
500111055,14:00-16:00,4.74,3.26
500111055,16:00-18:00,4.59,2.75
500111055,18:00-20:00,3.59,3.17
500111055,20:00-22:00,1.19,3.5
500111055,22:00-24:00,0.59,1.92
500111056,00:00-02:00,3.7,3.67
500111056,02:00-04:00,0.08,0.5
500111056,04:00-06:00,0.17,0.33
500111056,06:00-08:00,2.69,4.17
500111056,08:00-10:00,3.41,6.25
500111056,10:00-12:00,4.5,6.17
500111056,12:00-14:00,7.31,7.98
500111056,14:00-16:00,7.52,9.61
500111056,16:00-18:00,10.25,10.17
500111056,18:00-20:00,9.25,4.92
500111056,20:00-22:00,8.7,3.08
500111056,22:00-24:00,5.22,2.68
500111057,00:00-02:00,3.21,2.0
500111057,02:00-04:00,0.58,0.33
500111057,04:00-06:00,2.5,1.42
500111057,06:00-08:00,5.6,4.25
500111057,08:00-10:00,9.92,9.67
500111057,10:00-12:00,12.55,10.86
500111057,12:00-14:00,9.65,8.06
500111057,14:00-16:00,8.2,7.19
500111057,16:00-18:00,6.95,10.5
500111057,18:00-20:00,8.75,9.71
500111057,20:00-22:00,7.67,9.67
500111057,22:00-24:00,3.85,5.29
500111058,00:00-02:00,0.67,0.85
500111058,02:00-04:00,0.0,0.08
500111058,04:00-06:00,0.25,0.25
500111058,06:00-08:00,1.25,0.67
500111058,08:00-10:00,2.42,1.08
500111058,10:00-12:00,2.5,2.17
500111058,12:00-14:00,2.61,1.75
500111058,14:00-16:00,2.28,2.09
500111058,16:00-18:00,4.17,2.75
500111058,18:00-20:00,1.42,3.5
500111058,20:00-22:00,0.92,1.83
500111058,22:00-24:00,0.5,1.76
500111059,00:00-02:00,0.17,0.67
500111059,02:00-04:00,0.0,0.08
500111059,04:00-06:00,0.58,0.0
500111059,06:00-08:00,1.17,0.42
500111059,08:00-10:00,1.67,1.25
500111059,10:00-12:00,3.17,2.0
500111059,12:00-14:00,1.99,3.07
500111059,14:00-16:00,2.26,1.92
500111059,16:00-18:00,3.08,2.25
500111059,18:00-20:00,1.42,3.0
500111059,20:00-22:00,1.33,2.75
500111059,22:00-24:00,1.26,1.48
500111060,00:00-02:00,1.67,1.83
500111060,02:00-04:00,0.92,0.08
500111060,04:00-06:00,0.67,0.58
500111060,06:00-08:00,7.75,4.33
500111060,08:00-10:00,8.92,6.33
500111060,10:00-12:00,11.0,4.25
500111060,12:00-14:00,7.23,6.48
500111060,14:00-16:00,6.77,7.02
500111060,16:00-18:00,10.58,10.5
500111060,18:00-20:00,6.0,11.42
500111060,20:00-22:00,4.58,11.92
500111060,22:00-24:00,2.76,6.03
500111061,00:00-02:00,1.64,2.83
500111061,02:00-04:00,0.0,0.67
500111061,04:00-06:00,0.17,0.17
500111061,06:00-08:00,1.08,1.33
500111061,08:00-10:00,1.58,1.5
500111061,10:00-12:00,1.25,1.83
500111061,12:00-14:00,1.91,1.99
500111061,14:00-16:00,2.59,2.16
500111061,16:00-18:00,4.43,5.62
500111061,18:00-20:00,2.82,2.25
500111061,20:00-22:00,4.13,0.67
500111061,22:00-24:00,2.05,3.85
500111062,00:00-02:00,2.73,1.08
500111062,02:00-04:00,0.19,0.67
500111062,04:00-06:00,0.0,0.83
500111062,06:00-08:00,3.42,3.33
500111062,08:00-10:00,6.36,5.08
500111062,10:00-12:00,4.99,7.25
500111062,12:00-14:00,5.38,7.31
500111062,14:00-16:00,6.52,11.19
500111062,16:00-18:00,9.0,8.35
500111062,18:00-20:00,6.28,5.36
500111062,20:00-22:00,7.45,3.17
500111062,22:00-24:00,4.44,2.34
500111063,00:00-02:00,1.17,0.17
500111063,02:00-04:00,0.17,0.25
500111063,04:00-06:00,0.33,0.5
500111063,06:00-08:00,3.17,2.0
500111063,08:00-10:00,5.17,6.62
500111063,10:00-12:00,7.19,5.61
500111063,12:00-14:00,4.62,3.16
500111063,14:00-16:00,3.48,4.35
500111063,16:00-18:00,7.5,5.58
500111063,18:00-20:00,5.8,5.92
500111063,20:00-22:00,1.92,3.33
500111063,22:00-24:00,2.34,2.82
500111065,00:00-02:00,1.5,1.5
500111065,02:00-04:00,0.5,0.42
500111065,04:00-06:00,1.08,0.75
500111065,06:00-08:00,4.58,4.08
500111065,08:00-10:00,4.25,8.92
500111065,10:00-12:00,4.58,6.42
500111065,12:00-14:00,5.4,6.57
500111065,14:00-16:00,8.94,7.44
500111065,16:00-18:00,8.0,9.58
500111065,18:00-20:00,10.42,9.08
500111065,20:00-22:00,10.21,5.17
500111065,22:00-24:00,6.18,3.77
500111066,00:00-02:00,0.34,0.55
500111066,02:00-04:00,0.0,0.0
500111066,04:00-06:00,0.08,0.0
500111066,06:00-08:00,0.42,0.83
500111066,08:00-10:00,0.58,0.67
500111066,10:00-12:00,0.83,1.5
500111066,12:00-14:00,1.0,0.66
500111066,14:00-16:00,1.25,1.22
500111066,16:00-18:00,1.33,2.83
500111066,18:00-20:00,2.0,1.5
500111066,20:00-22:00,1.67,1.11
500111066,22:00-24:00,0.17,1.08
500111067,00:00-02:00,0.83,0.67
500111067,02:00-04:00,0.17,0.17
500111067,04:00-06:00,1.58,0.58
500111067,06:00-08:00,3.5,1.92
500111067,08:00-10:00,3.5,2.75
500111067,10:00-12:00,4.84,3.67
500111067,12:00-14:00,3.88,3.99
500111067,14:00-16:00,4.22,4.32
500111067,16:00-18:00,6.64,9.11
500111067,18:00-20:00,7.55,8.24
500111067,20:00-22:00,5.24,3.52
500111067,22:00-24:00,2.92,3.04
500111068,00:00-02:00,1.02,2.25
500111068,02:00-04:00,0.1,1.08
500111068,04:00-06:00,0.42,1.67
500111068,06:00-08:00,4.17,3.67
500111068,08:00-10:00,6.01,6.25
500111068,10:00-12:00,4.92,6.18
500111068,12:00-14:00,5.24,6.71
500111068,14:00-16:00,6.43,5.35
500111068,16:00-18:00,8.33,5.53
500111068,18:00-20:00,6.71,5.17
500111068,20:00-22:00,7.5,5.5
500111068,22:00-24:00,3.59,2.68
500111069,00:00-02:00,3.49,4.92
500111069,02:00-04:00,1.2,1.0
500111069,04:00-06:00,0.69,4.67
500111069,06:00-08:00,4.42,5.42
500111069,08:00-10:00,9.17,7.42
500111069,10:00-12:00,9.08,12.08
500111069,12:00-14:00,12.88,13.74
500111069,14:00-16:00,21.2,10.91
500111069,16:00-18:00,16.11,14.58
500111069,18:00-20:00,16.33,12.08
500111069,20:00-22:00,10.98,6.67
500111069,22:00-24:00,11.23,16.07
500111070,00:00-02:00,0.83,2.58
500111070,02:00-04:00,0.42,1.08
500111070,04:00-06:00,3.25,0.72
500111070,06:00-08:00,12.17,3.5
500111070,08:00-10:00,10.67,16.58
500111070,10:00-12:00,14.75,6.33
500111070,12:00-14:00,11.07,9.14
500111070,14:00-16:00,9.82,10.61
500111070,16:00-18:00,12.89,13.42
500111070,18:00-20:00,14.44,20.0
500111070,20:00-22:00,10.0,14.58
500111070,22:00-24:00,8.2,11.4
500111071,00:00-02:00,0.5,0.42
500111071,02:00-04:00,0.42,0.17
500111071,04:00-06:00,1.0,0.17
500111071,06:00-08:00,5.67,8.08
500111071,08:00-10:00,2.83,3.08
500111071,10:00-12:00,4.25,2.5
500111071,12:00-14:00,2.91,3.41
500111071,14:00-16:00,5.1,3.34
500111071,16:00-18:00,8.03,5.25
500111071,18:00-20:00,3.95,5.25
500111071,20:00-22:00,1.61,4.17
500111071,22:00-24:00,2.59,2.09
500111072,00:00-02:00,0.67,0.83
500111072,02:00-04:00,0.08,0.0
500111072,04:00-06:00,1.0,1.42
500111072,06:00-08:00,2.25,3.0
500111072,08:00-10:00,6.25,3.17
500111072,10:00-12:00,5.41,3.83
500111072,12:00-14:00,4.51,2.99
500111072,14:00-16:00,3.91,3.18
500111072,16:00-18:00,3.81,3.67
500111072,18:00-20:00,3.73,3.42
500111072,20:00-22:00,2.75,2.42
500111072,22:00-24:00,0.51,2.01
500111073,00:00-02:00,0.5,1.02
500111073,02:00-04:00,0.5,0.17
500111073,04:00-06:00,0.67,0.75
500111073,06:00-08:00,3.71,2.33
500111073,08:00-10:00,5.82,6.8
500111073,10:00-12:00,8.17,5.97
500111073,12:00-14:00,5.91,6.35
500111073,14:00-16:00,5.89,3.91
500111073,16:00-18:00,8.07,7.0
500111073,18:00-20:00,6.12,7.53
500111073,20:00-22:00,4.67,6.46
500111073,22:00-24:00,2.76,2.99
500111074,00:00-02:00,0.92,1.29
500111074,02:00-04:00,0.0,0.42
500111074,04:00-06:00,1.33,0.25
500111074,06:00-08:00,1.17,1.5
500111074,08:00-10:00,3.75,1.58
500111074,10:00-12:00,3.17,3.08
500111074,12:00-14:00,2.58,2.16
500111074,14:00-16:00,3.59,4.43
500111074,16:00-18:00,7.02,6.42
500111074,18:00-20:00,3.57,3.92
500111074,20:00-22:00,3.23,5.73
500111074,22:00-24:00,1.17,3.14
500111075,00:00-02:00,0.58,1.0
500111075,02:00-04:00,0.08,0.42
500111075,04:00-06:00,1.0,0.83
500111075,06:00-08:00,4.33,3.71
500111075,08:00-10:00,6.58,8.53
500111075,10:00-12:00,10.35,9.42
500111075,12:00-14:00,7.72,6.57
500111075,14:00-16:00,6.19,4.93
500111075,16:00-18:00,5.84,6.42
500111075,18:00-20:00,5.5,6.0
500111075,20:00-22:00,3.58,6.34
500111075,22:00-24:00,3.51,2.93
500111076,00:00-02:00,2.82,2.75
500111076,02:00-04:00,0.0,0.58
500111076,04:00-06:00,0.0,0.5
500111076,06:00-08:00,2.25,1.17
500111076,08:00-10:00,2.5,4.17
500111076,10:00-12:00,4.58,3.58
500111076,12:00-14:00,6.19,4.99
500111076,14:00-16:00,5.12,5.75
500111076,16:00-18:00,5.66,4.08
500111076,18:00-20:00,3.5,2.92
500111076,20:00-22:00,4.68,2.42
500111076,22:00-24:00,3.35,3.98
500111077,00:00-02:00,1.42,1.02
500111077,02:00-04:00,0.17,0.0
500111077,04:00-06:00,0.33,0.17
500111077,06:00-08:00,1.83,1.17
500111077,08:00-10:00,4.1,2.5
500111077,10:00-12:00,3.27,4.04
500111077,12:00-14:00,3.1,2.05
500111077,14:00-16:00,4.93,4.3
500111077,16:00-18:00,3.56,4.33
500111077,18:00-20:00,2.42,3.92
500111077,20:00-22:00,2.17,2.84
500111077,22:00-24:00,1.42,2.12
500111078,00:00-02:00,0.42,0.81
500111078,02:00-04:00,0.5,0.11
500111078,04:00-06:00,3.25,0.08
500111078,06:00-08:00,1.35,1.0
500111078,08:00-10:00,2.64,2.5
500111078,10:00-12:00,2.44,2.08
500111078,12:00-14:00,3.34,1.91
500111078,14:00-16:00,2.22,3.68
500111078,16:00-18:00,2.08,4.43
500111078,18:00-20:00,2.17,3.27
500111078,20:00-22:00,2.42,3.52
500111078,22:00-24:00,1.67,3.37
500111079,00:00-02:00,1.61,1.33
500111079,02:00-04:00,0.7,0.83
500111079,04:00-06:00,0.59,1.33
500111079,06:00-08:00,5.08,5.33
500111079,08:00-10:00,4.42,8.16
500111079,10:00-12:00,6.83,8.7
500111079,12:00-14:00,12.05,9.06
500111079,14:00-16:00,11.03,9.44
500111079,16:00-18:00,16.19,14.08
500111079,18:00-20:00,9.58,11.42
500111079,20:00-22:00,9.42,8.33
500111079,22:00-24:00,7.05,4.35
500111080,00:00-02:00,2.33,1.7
500111080,02:00-04:00,1.17,2.03
500111080,04:00-06:00,1.92,1.14
500111080,06:00-08:00,4.43,2.42
500111080,08:00-10:00,6.53,6.37
500111080,10:00-12:00,6.49,5.33
500111080,12:00-14:00,6.79,7.23
500111080,14:00-16:00,7.99,7.1
500111080,16:00-18:00,8.35,8.5
500111080,18:00-20:00,8.0,7.1
500111080,20:00-22:00,3.62,6.62
500111080,22:00-24:00,3.18,3.55
500111081,00:00-02:00,1.58,0.08
500111081,02:00-04:00,0.0,0.0
500111081,04:00-06:00,0.08,0.0
500111081,06:00-08:00,0.83,2.25
500111081,08:00-10:00,1.5,2.0
500111081,10:00-12:00,2.17,2.83
500111081,12:00-14:00,1.5,1.41
500111081,14:00-16:00,2.51,2.76
500111081,16:00-18:00,3.0,4.58
500111081,18:00-20:00,3.33,2.58
500111081,20:00-22:00,1.17,1.42
500111081,22:00-24:00,0.75,0.25
500111082,00:00-02:00,0.33,0.58
500111082,02:00-04:00,0.08,0.09
500111082,04:00-06:00,1.25,0.59
500111082,06:00-08:00,0.92,1.23
500111082,08:00-10:00,2.39,1.08
500111082,10:00-12:00,2.07,1.58
500111082,12:00-14:00,2.05,1.16
500111082,14:00-16:00,1.67,1.84
500111082,16:00-18:00,2.38,3.17
500111082,18:00-20:00,2.22,1.5
500111082,20:00-22:00,1.14,2.26
500111082,22:00-24:00,0.67,1.75
500111083,00:00-02:00,0.33,1.08
500111083,02:00-04:00,0.08,0.0
500111083,04:00-06:00,0.5,0.67
500111083,06:00-08:00,1.08,1.25
500111083,08:00-10:00,2.17,0.5
500111083,10:00-12:00,1.75,0.83
500111083,12:00-14:00,1.59,1.0
500111083,14:00-16:00,1.73,2.17
500111083,16:00-18:00,3.1,2.58
500111083,18:00-20:00,1.95,2.17
500111083,20:00-22:00,0.43,2.92
500111083,22:00-24:00,0.75,0.95
500111084,00:00-02:00,1.83,0.7
500111084,02:00-04:00,0.0,0.67
500111084,04:00-06:00,1.08,0.33
500111084,06:00-08:00,2.5,1.08
500111084,08:00-10:00,3.08,2.5
500111084,10:00-12:00,5.39,3.69
500111084,12:00-14:00,4.11,1.83
500111084,14:00-16:00,3.81,4.09
500111084,16:00-18:00,3.12,3.25
500111084,18:00-20:00,3.42,3.75
500111084,20:00-22:00,1.5,5.17
500111084,22:00-24:00,2.51,2.45
500111085,00:00-02:00,1.63,1.63
500111085,02:00-04:00,0.17,0.5
500111085,04:00-06:00,1.02,0.58
500111085,06:00-08:00,3.33,1.17
500111085,08:00-10:00,3.51,2.83
500111085,10:00-12:00,4.16,4.34
500111085,12:00-14:00,6.04,4.57
500111085,14:00-16:00,4.24,4.6
500111085,16:00-18:00,3.67,5.91
500111085,18:00-20:00,4.42,5.68
500111085,20:00-22:00,6.08,5.15
500111085,22:00-24:00,2.32,3.12
500111086,00:00-02:00,0.42,0.98
500111086,02:00-04:00,0.08,0.5
500111086,04:00-06:00,1.08,0.34
500111086,06:00-08:00,3.67,1.83
500111086,08:00-10:00,4.65,4.74
500111086,10:00-12:00,6.51,6.36
500111086,12:00-14:00,7.01,5.67
500111086,14:00-16:00,4.11,5.1
500111086,16:00-18:00,7.49,5.5
500111086,18:00-20:00,4.76,4.58
500111086,20:00-22:00,2.76,5.19
500111086,22:00-24:00,2.76,3.61
500111087,00:00-02:00,0.8,0.92
500111087,02:00-04:00,0.83,0.08
500111087,04:00-06:00,0.55,0.75
500111087,06:00-08:00,0.75,2.08
500111087,08:00-10:00,3.08,2.8
500111087,10:00-12:00,5.02,4.67
500111087,12:00-14:00,3.62,3.66
500111087,14:00-16:00,5.59,4.43
500111087,16:00-18:00,6.07,5.92
500111087,18:00-20:00,4.85,5.8
500111087,20:00-22:00,2.92,3.5
500111087,22:00-24:00,2.51,2.01
500111088,00:00-02:00,0.35,0.5
500111088,02:00-04:00,0.42,0.17
500111088,04:00-06:00,0.42,0.25
500111088,06:00-08:00,1.21,0.75
500111088,08:00-10:00,1.23,2.42
500111088,10:00-12:00,2.42,3.08
500111088,12:00-14:00,2.33,1.83
500111088,14:00-16:00,3.66,4.26
500111088,16:00-18:00,3.25,5.5
500111088,18:00-20:00,2.58,4.92
500111088,20:00-22:00,5.17,1.67
500111088,22:00-24:00,2.59,0.59
500111089,00:00-02:00,0.33,0.92
500111089,02:00-04:00,0.67,0.0
500111089,04:00-06:00,0.25,0.17
500111089,06:00-08:00,1.08,1.5
500111089,08:00-10:00,3.5,2.0
500111089,10:00-12:00,3.9,1.92
500111089,12:00-14:00,3.16,2.99
500111089,14:00-16:00,2.5,2.67
500111089,16:00-18:00,4.16,3.17
500111089,18:00-20:00,2.48,3.17
500111089,20:00-22:00,1.75,3.83
500111089,22:00-24:00,1.59,2.85
500111090,00:00-02:00,1.0,0.17
500111090,02:00-04:00,0.0,0.0
500111090,04:00-06:00,0.0,0.08
500111090,06:00-08:00,1.05,0.25
500111090,08:00-10:00,2.28,1.5
500111090,10:00-12:00,2.06,1.58
500111090,12:00-14:00,1.84,1.75
500111090,14:00-16:00,2.03,1.75
500111090,16:00-18:00,1.98,2.33
500111090,18:00-20:00,1.59,2.45
500111090,20:00-22:00,1.42,2.71
500111090,22:00-24:00,1.42,1.9
500111091,00:00-02:00,1.83,0.83
500111091,02:00-04:00,0.08,0.08
500111091,04:00-06:00,1.08,0.17
500111091,06:00-08:00,2.58,2.75
500111091,08:00-10:00,3.58,2.58
500111091,10:00-12:00,4.67,3.33
500111091,12:00-14:00,4.29,4.65
500111091,14:00-16:00,4.42,6.1
500111091,16:00-18:00,4.17,3.94
500111091,18:00-20:00,4.83,6.25
500111091,20:00-22:00,2.42,4.15
500111091,22:00-24:00,2.01,1.83
500111092,00:00-02:00,0.0,0.17
500111092,02:00-04:00,0.0,0.0
500111092,04:00-06:00,0.17,0.17
500111092,06:00-08:00,0.33,0.33
500111092,08:00-10:00,0.58,0.42
500111092,10:00-12:00,0.95,0.83
500111092,12:00-14:00,0.73,1.25
500111092,14:00-16:00,1.74,1.67
500111092,16:00-18:00,2.08,1.33
500111092,18:00-20:00,0.71,0.33
500111092,20:00-22:00,0.87,1.0
500111092,22:00-24:00,0.2,0.17
500111093,00:00-02:00,0.85,0.58
500111093,02:00-04:00,0.25,0.0
500111093,04:00-06:00,0.0,0.0
500111093,06:00-08:00,0.25,0.25
500111093,08:00-10:00,0.5,0.92
500111093,10:00-12:00,1.5,2.08
500111093,12:00-14:00,0.91,1.66
500111093,14:00-16:00,1.75,2.17
500111093,16:00-18:00,3.67,2.08
500111093,18:00-20:00,2.94,2.08
500111093,20:00-22:00,1.2,1.92
500111093,22:00-24:00,1.11,1.09
500111094,00:00-02:00,0.43,0.33
500111094,02:00-04:00,0.17,0.17
500111094,04:00-06:00,0.17,0.08
500111094,06:00-08:00,0.42,0.92
500111094,08:00-10:00,0.58,1.42
500111094,10:00-12:00,1.92,1.42
500111094,12:00-14:00,1.42,1.41
500111094,14:00-16:00,1.75,1.42
500111094,16:00-18:00,2.5,1.67
500111094,18:00-20:00,2.24,2.0
500111094,20:00-22:00,0.92,1.67
500111094,22:00-24:00,1.11,0.84
500111095,00:00-02:00,0.83,0.92
500111095,02:00-04:00,0.08,0.92
500111095,04:00-06:00,0.33,0.5
500111095,06:00-08:00,2.25,4.5
500111095,08:00-10:00,4.0,5.88
500111095,10:00-12:00,6.0,5.39
500111095,12:00-14:00,4.32,5.17
500111095,14:00-16:00,5.85,5.17
500111095,16:00-18:00,6.83,6.78
500111095,18:00-20:00,7.13,4.58
500111095,20:00-22:00,3.99,3.0
500111095,22:00-24:00,2.2,1.42
500111096,00:00-02:00,0.92,0.83
500111096,02:00-04:00,0.0,0.25
500111096,04:00-06:00,1.25,0.25
500111096,06:00-08:00,3.17,1.33
500111096,08:00-10:00,5.3,3.83
500111096,10:00-12:00,4.9,3.92
500111096,12:00-14:00,5.33,4.99
500111096,14:00-16:00,5.36,4.93
500111096,16:00-18:00,5.57,6.08
500111096,18:00-20:00,4.39,5.33
500111096,20:00-22:00,3.98,3.67
500111096,22:00-24:00,2.27,2.34
500111097,00:00-02:00,0.93,1.0
500111097,02:00-04:00,0.0,0.75
500111097,04:00-06:00,0.33,1.0
500111097,06:00-08:00,2.66,2.92
500111097,08:00-10:00,4.08,2.92
500111097,10:00-12:00,3.83,6.08
500111097,12:00-14:00,3.91,7.65
500111097,14:00-16:00,7.19,6.97
500111097,16:00-18:00,6.75,8.7
500111097,18:00-20:00,7.94,5.73
500111097,20:00-22:00,7.02,3.11
500111097,22:00-24:00,2.78,0.92
500111098,00:00-02:00,2.33,1.43
500111098,02:00-04:00,0.58,0.62
500111098,04:00-06:00,1.0,0.25
500111098,06:00-08:00,3.74,1.58
500111098,08:00-10:00,7.01,8.58
500111098,10:00-12:00,6.85,6.37
500111098,12:00-14:00,8.89,5.32
500111098,14:00-16:00,6.93,8.8
500111098,16:00-18:00,8.68,8.12
500111098,18:00-20:00,6.36,7.33
500111098,20:00-22:00,3.33,6.94
500111098,22:00-24:00,3.1,3.85
500111113,00:00-02:00,2.0,0.83
500111113,02:00-04:00,0.0,0.25
500111113,04:00-06:00,0.25,0.17
500111113,06:00-08:00,3.39,2.42
500111113,08:00-10:00,4.12,5.13
500111113,10:00-12:00,3.67,3.08
500111113,12:00-14:00,3.24,4.3
500111113,14:00-16:00,6.42,4.67
500111113,16:00-18:00,6.62,7.25
500111113,18:00-20:00,3.33,4.64
500111113,20:00-22:00,3.58,3.65
500111113,22:00-24:00,0.5,0.84
500111114,00:00-02:00,1.13,1.0
500111114,02:00-04:00,0.25,0.42
500111114,04:00-06:00,0.5,0.83
500111114,06:00-08:00,3.37,4.25
500111114,08:00-10:00,3.45,6.43
500111114,10:00-12:00,4.75,7.24
500111114,12:00-14:00,5.73,7.58
500111114,14:00-16:00,5.35,4.43
500111114,16:00-18:00,7.67,9.27
500111114,18:00-20:00,7.42,5.97
500111114,20:00-22:00,7.25,4.58
500111114,22:00-24:00,3.93,3.21
500111115,00:00-02:00,0.29,0.58
500111115,02:00-04:00,0.0,0.0
500111115,04:00-06:00,0.08,0.25
500111115,06:00-08:00,0.0,0.08
500111115,08:00-10:00,0.17,0.08
500111115,10:00-12:00,0.75,1.17
500111115,12:00-14:00,1.33,2.33
500111115,14:00-16:00,1.75,2.17
500111115,16:00-18:00,4.5,6.12
500111115,18:00-20:00,2.17,3.3
500111115,20:00-22:00,4.31,0.84
500111115,22:00-24:00,1.7,0.5
500111116,00:00-02:00,2.75,0.17
500111116,02:00-04:00,0.25,0.08
500111116,04:00-06:00,0.17,0.17
500111116,06:00-08:00,0.83,1.58
500111116,08:00-10:00,0.5,1.33
500111116,10:00-12:00,0.42,2.58
500111116,12:00-14:00,2.16,3.74
500111116,14:00-16:00,5.77,5.84
500111116,16:00-18:00,5.67,7.72
500111116,18:00-20:00,6.42,9.02
500111116,20:00-22:00,9.92,4.02
500111116,22:00-24:00,4.85,1.17
500111117,00:00-02:00,0.0,0.33
500111117,02:00-04:00,0.0,0.08
500111117,04:00-06:00,0.42,0.08
500111117,06:00-08:00,1.92,2.0
500111117,08:00-10:00,2.33,1.67
500111117,10:00-12:00,2.8,5.17
500111117,12:00-14:00,2.69,2.58
500111117,14:00-16:00,3.76,1.92
500111117,16:00-18:00,4.24,3.83
500111117,18:00-20:00,2.83,3.92
500111117,20:00-22:00,1.72,2.92
500111117,22:00-24:00,1.07,1.0
500111118,00:00-02:00,0.0,0.33
500111118,02:00-04:00,0.0,0.0
500111118,04:00-06:00,0.0,0.0
500111118,06:00-08:00,0.42,0.67
500111118,08:00-10:00,0.59,1.5
500111118,10:00-12:00,0.75,1.33
500111118,12:00-14:00,0.42,1.99
500111118,14:00-16:00,2.17,1.75
500111118,16:00-18:00,2.08,4.05
500111118,18:00-20:00,2.67,2.16
500111118,20:00-22:00,2.75,0.61
500111118,22:00-24:00,0.86,0.17
500111119,00:00-02:00,1.17,2.08
500111119,02:00-04:00,0.18,0.5
500111119,04:00-06:00,0.25,0.25
500111119,06:00-08:00,1.0,2.33
500111119,08:00-10:00,2.0,5.5
500111119,10:00-12:00,6.92,11.18
500111119,12:00-14:00,9.22,11.68
500111119,14:00-16:00,14.71,13.96
500111119,16:00-18:00,18.17,13.33
500111119,18:00-20:00,13.51,10.67
500111119,20:00-22:00,10.54,4.17
500111119,22:00-24:00,1.93,2.51
500111120,00:00-02:00,0.31,0.67
500111120,02:00-04:00,0.0,0.0
500111120,04:00-06:00,0.42,0.17
500111120,06:00-08:00,1.83,4.42
500111120,08:00-10:00,4.75,5.14
500111120,10:00-12:00,3.58,5.48
500111120,12:00-14:00,2.33,3.6
500111120,14:00-16:00,4.15,2.5
500111120,16:00-18:00,5.54,1.75
500111120,18:00-20:00,2.07,2.04
500111120,20:00-22:00,2.81,1.75
500111120,22:00-24:00,2.11,0.5
500111121,00:00-02:00,0.09,0.83
500111121,02:00-04:00,0.0,0.0
500111121,04:00-06:00,0.0,0.0
500111121,06:00-08:00,0.26,0.08
500111121,08:00-10:00,0.6,1.58
500111121,10:00-12:00,0.33,0.33
500111121,12:00-14:00,0.66,0.33
500111121,14:00-16:00,0.67,1.59
500111121,16:00-18:00,1.0,0.5
500111121,18:00-20:00,1.17,1.5
500111121,20:00-22:00,0.25,0.42
500111121,22:00-24:00,0.66,0.0
500111122,00:00-02:00,0.0,0.08
500111122,02:00-04:00,0.0,0.0
500111122,04:00-06:00,0.17,0.0
500111122,06:00-08:00,0.0,0.58
500111122,08:00-10:00,0.08,0.42
500111122,10:00-12:00,0.33,0.42
500111122,12:00-14:00,0.58,0.42
500111122,14:00-16:00,1.18,0.58
500111122,16:00-18:00,1.17,0.92
500111122,18:00-20:00,0.25,0.0
500111122,20:00-22:00,0.08,0.0
500111122,22:00-24:00,0.08,0.08
500111123,00:00-02:00,1.0,0.51
500111123,02:00-04:00,0.0,0.08
500111123,04:00-06:00,0.33,0.08
500111123,06:00-08:00,1.92,2.33
500111123,08:00-10:00,2.5,1.83
500111123,10:00-12:00,1.92,1.58
500111123,12:00-14:00,1.83,1.25
500111123,14:00-16:00,1.75,2.34
500111123,16:00-18:00,3.91,1.92
500111123,18:00-20:00,2.31,3.0
500111123,20:00-22:00,0.83,2.75
500111123,22:00-24:00,0.5,2.24
500111124,00:00-02:00,1.07,2.0
500111124,02:00-04:00,0.08,1.25
500111124,04:00-06:00,0.5,1.42
500111124,06:00-08:00,5.33,8.61
500111124,08:00-10:00,5.83,10.41
500111124,10:00-12:00,7.33,9.89
500111124,12:00-14:00,7.48,10.15
500111124,14:00-16:00,8.86,8.73
500111124,16:00-18:00,11.67,12.86
500111124,18:00-20:00,9.75,10.18
500111124,20:00-22:00,10.5,5.26
500111124,22:00-24:00,2.78,2.09
500111125,00:00-02:00,0.08,0.25
500111125,02:00-04:00,0.25,0.17
500111125,04:00-06:00,1.08,0.67
500111125,06:00-08:00,3.5,1.17
500111125,08:00-10:00,2.25,2.5
500111125,10:00-12:00,3.33,3.0
500111125,12:00-14:00,4.07,3.16
500111125,14:00-16:00,4.01,4.76
500111125,16:00-18:00,5.75,6.0
500111125,18:00-20:00,4.5,4.17
500111125,20:00-22:00,1.92,4.5
500111125,22:00-24:00,0.92,1.17
500111126,00:00-02:00,0.0,0.42
500111126,02:00-04:00,0.0,0.08
500111126,04:00-06:00,0.0,0.0
500111126,06:00-08:00,0.75,1.33
500111126,08:00-10:00,1.92,0.83
500111126,10:00-12:00,0.86,0.42
500111126,12:00-14:00,1.11,0.75
500111126,14:00-16:00,1.75,1.09
500111126,16:00-18:00,2.0,1.25
500111126,18:00-20:00,1.5,2.17
500111126,20:00-22:00,0.83,2.42
500111126,22:00-24:00,0.0,1.17
500111127,00:00-02:00,0.67,0.55
500111127,02:00-04:00,0.5,0.25
500111127,04:00-06:00,0.17,0.0
500111127,06:00-08:00,2.25,1.78
500111127,08:00-10:00,5.42,2.42
500111127,10:00-12:00,4.43,2.5
500111127,12:00-14:00,5.37,4.65
500111127,14:00-16:00,4.89,4.01
500111127,16:00-18:00,4.28,5.5
500111127,18:00-20:00,4.96,6.48
500111127,20:00-22:00,2.17,7.07
500111127,22:00-24:00,2.43,2.71
500111128,00:00-02:00,0.0,0.0
500111128,02:00-04:00,0.0,0.0
500111128,04:00-06:00,0.0,0.0
500111128,06:00-08:00,0.17,0.17
500111128,08:00-10:00,0.08,0.0
500111128,10:00-12:00,0.17,0.08
500111128,12:00-14:00,0.17,0.0
500111128,14:00-16:00,0.08,0.08
500111128,16:00-18:00,0.0,0.0
500111128,18:00-20:00,0.17,0.17
500111128,20:00-22:00,0.27,0.33
500111128,22:00-24:00,0.0,0.0
500111129,00:00-02:00,1.77,3.25
500111129,02:00-04:00,0.1,0.08
500111129,04:00-06:00,0.18,2.08
500111129,06:00-08:00,0.17,0.25
500111129,08:00-10:00,0.25,0.58
500111129,10:00-12:00,1.25,3.76
500111129,12:00-14:00,6.65,5.03
500111129,14:00-16:00,5.77,5.97
500111129,16:00-18:00,7.17,5.75
500111129,18:00-20:00,7.58,5.33
500111129,20:00-22:00,8.62,3.08
500111129,22:00-24:00,3.25,2.18
500111130,00:00-02:00,0.67,0.67
500111130,02:00-04:00,0.33,0.08
500111130,04:00-06:00,0.17,0.5
500111130,06:00-08:00,1.83,1.35
500111130,08:00-10:00,2.58,0.68
500111130,10:00-12:00,1.92,1.11
500111130,12:00-14:00,2.18,2.16
500111130,14:00-16:00,2.77,2.42
500111130,16:00-18:00,2.92,4.08
500111130,18:00-20:00,3.64,3.44
500111130,20:00-22:00,1.67,2.2
500111130,22:00-24:00,2.09,2.76
500111131,00:00-02:00,0.33,0.42
500111131,02:00-04:00,0.33,0.08
500111131,04:00-06:00,0.17,0.0
500111131,06:00-08:00,0.58,0.58
500111131,08:00-10:00,1.67,0.75
500111131,10:00-12:00,1.5,1.42
500111131,12:00-14:00,1.5,1.99
500111131,14:00-16:00,2.09,1.17
500111131,16:00-18:00,3.08,2.42
500111131,18:00-20:00,1.84,2.42
500111131,20:00-22:00,1.6,2.75
500111131,22:00-24:00,0.59,1.26
500111132,00:00-02:00,0.75,0.75
500111132,02:00-04:00,0.17,1.5
500111132,04:00-06:00,0.75,0.25
500111132,06:00-08:00,1.5,0.92
500111132,08:00-10:00,2.0,1.17
500111132,10:00-12:00,5.64,1.92
500111132,12:00-14:00,3.37,4.65
500111132,14:00-16:00,3.26,3.68
500111132,16:00-18:00,3.58,3.5
500111132,18:00-20:00,3.0,6.67
500111132,20:00-22:00,3.75,4.02
500111132,22:00-24:00,0.92,2.34
500111133,00:00-02:00,0.75,0.25
500111133,02:00-04:00,0.0,0.17
500111133,04:00-06:00,0.42,0.17
500111133,06:00-08:00,2.74,1.17
500111133,08:00-10:00,2.08,1.58
500111133,10:00-12:00,4.6,3.08
500111133,12:00-14:00,3.78,4.57
500111133,14:00-16:00,5.83,6.8
500111133,16:00-18:00,6.46,11.59
500111133,18:00-20:00,5.17,6.53
500111133,20:00-22:00,9.33,5.33
500111133,22:00-24:00,2.43,2.18
500111134,00:00-02:00,0.1,0.8
500111134,02:00-04:00,0.1,0.2
500111134,04:00-06:00,0.1,0.4
500111134,06:00-08:00,1.47,0.83
500111134,08:00-10:00,2.54,2.99
500111134,10:00-12:00,2.6,2.1
500111134,12:00-14:00,2.2,2.69
500111134,14:00-16:00,1.69,1.71
500111134,16:00-18:00,2.5,2.6
500111134,18:00-20:00,1.9,2.2
500111134,20:00-22:00,2.8,3.1
500111134,22:00-24:00,0.5,1.91
500112001,00:00-02:00,2.83,4.76
500112001,02:00-04:00,0.83,2.61
500112001,04:00-06:00,3.08,0.6
500112001,06:00-08:00,4.42,4.25
500112001,08:00-10:00,8.67,5.75
500112001,10:00-12:00,9.67,8.83
500112001,12:00-14:00,9.47,8.14
500112001,14:00-16:00,7.94,8.52
500112001,16:00-18:00,10.41,12.25
500112001,18:00-20:00,13.5,11.67
500112001,20:00-22:00,3.33,9.81
500112001,22:00-24:00,7.53,8.46
500112002,00:00-02:00,3.17,2.53
500112002,02:00-04:00,1.17,0.75
500112002,04:00-06:00,1.42,1.21
500112002,06:00-08:00,3.87,2.17
500112002,08:00-10:00,7.73,9.18
500112002,10:00-12:00,11.0,6.67
500112002,12:00-14:00,9.23,8.23
500112002,14:00-16:00,6.67,8.02
500112002,16:00-18:00,8.13,7.89
500112002,18:00-20:00,6.94,8.09
500112002,20:00-22:00,6.33,6.74
500112002,22:00-24:00,4.52,7.51
500112003,00:00-02:00,4.83,3.25
500112003,02:00-04:00,1.17,1.17
500112003,04:00-06:00,2.67,1.33
500112003,06:00-08:00,4.92,1.83
500112003,08:00-10:00,7.15,6.83
500112003,10:00-12:00,10.34,6.42
500112003,12:00-14:00,9.51,8.81
500112003,14:00-16:00,7.31,7.86
500112003,16:00-18:00,8.72,9.67
500112003,18:00-20:00,8.25,11.61
500112003,20:00-22:00,5.5,10.41
500112003,22:00-24:00,6.19,6.12
500112004,00:00-02:00,0.5,1.33
500112004,02:00-04:00,0.08,0.42
500112004,04:00-06:00,0.25,0.42
500112004,06:00-08:00,1.75,1.28
500112004,08:00-10:00,3.33,1.97
500112004,10:00-12:00,3.17,1.67
500112004,12:00-14:00,2.45,1.91
500112004,14:00-16:00,2.24,2.84
500112004,16:00-18:00,3.67,2.25
500112004,18:00-20:00,2.82,3.17
500112004,20:00-22:00,1.92,2.75
500112004,22:00-24:00,1.26,2.43
500112005,00:00-02:00,0.25,0.58
500112005,02:00-04:00,0.08,0.17
500112005,04:00-06:00,0.08,0.0
500112005,06:00-08:00,0.58,0.58
500112005,08:00-10:00,0.92,1.58
500112005,10:00-12:00,1.67,1.58
500112005,12:00-14:00,2.18,0.83
500112005,14:00-16:00,1.54,2.42
500112005,16:00-18:00,1.25,1.33
500112005,18:00-20:00,1.08,1.33
500112005,20:00-22:00,0.75,1.0
500112005,22:00-24:00,0.75,0.84
500112006,00:00-02:00,1.0,1.33
500112006,02:00-04:00,0.92,0.58
500112006,04:00-06:00,1.33,1.08
500112006,06:00-08:00,5.58,2.67
500112006,08:00-10:00,8.43,4.17
500112006,10:00-12:00,9.48,6.92
500112006,12:00-14:00,8.4,8.14
500112006,14:00-16:00,6.98,7.19
500112006,16:00-18:00,11.35,9.75
500112006,18:00-20:00,6.13,10.42
500112006,20:00-22:00,5.42,9.79
500112006,22:00-24:00,4.18,7.43
500112007,00:00-02:00,2.5,4.67
500112007,02:00-04:00,3.25,1.0
500112007,04:00-06:00,4.33,2.42
500112007,06:00-08:00,5.0,15.0
500112007,08:00-10:00,21.42,24.02
500112007,10:00-12:00,25.5,19.5
500112007,12:00-14:00,20.82,17.12
500112007,14:00-16:00,18.3,18.05
500112007,16:00-18:00,25.21,15.92
500112007,18:00-20:00,18.62,18.67
500112007,20:00-22:00,11.35,10.5
500112007,22:00-24:00,6.29,13.31
500112008,00:00-02:00,0.75,2.25
500112008,02:00-04:00,0.67,0.87
500112008,04:00-06:00,1.5,0.67
500112008,06:00-08:00,5.08,1.92
500112008,08:00-10:00,8.17,4.58
500112008,10:00-12:00,9.03,3.92
500112008,12:00-14:00,9.89,6.81
500112008,14:00-16:00,5.42,5.68
500112008,16:00-18:00,8.02,8.5
500112008,18:00-20:00,6.96,10.25
500112008,20:00-22:00,5.17,7.33
500112008,22:00-24:00,3.18,5.61
500112009,00:00-02:00,0.5,2.17
500112009,02:00-04:00,1.92,0.75
500112009,04:00-06:00,1.33,1.0
500112009,06:00-08:00,5.08,3.58
500112009,08:00-10:00,9.17,6.33
500112009,10:00-12:00,12.08,7.42
500112009,12:00-14:00,10.33,6.81
500112009,14:00-16:00,6.47,7.94
500112009,16:00-18:00,12.79,8.58
500112009,18:00-20:00,6.75,11.42
500112009,20:00-22:00,3.87,7.75
500112009,22:00-24:00,3.1,7.03
500112010,00:00-02:00,2.83,3.25
500112010,02:00-04:00,0.58,1.33
500112010,04:00-06:00,0.7,2.25
500112010,06:00-08:00,9.75,19.08
500112010,08:00-10:00,25.33,30.54
500112010,10:00-12:00,19.25,27.96
500112010,12:00-14:00,18.7,27.42
500112010,14:00-16:00,22.4,20.73
500112010,16:00-18:00,27.75,26.27
500112010,18:00-20:00,32.11,18.0
500112010,20:00-22:00,22.82,11.5
500112010,22:00-24:00,12.14,8.95
500112011,00:00-02:00,2.37,1.83
500112011,02:00-04:00,0.5,1.17
500112011,04:00-06:00,1.33,4.08
500112011,06:00-08:00,7.25,8.42
500112011,08:00-10:00,14.0,14.42
500112011,10:00-12:00,20.5,17.92
500112011,12:00-14:00,14.78,15.04
500112011,14:00-16:00,16.51,17.72
500112011,16:00-18:00,19.97,20.42
500112011,18:00-20:00,18.47,14.25
500112011,20:00-22:00,13.44,11.58
500112011,22:00-24:00,7.59,5.61
500112012,00:00-02:00,4.92,4.37
500112012,02:00-04:00,0.83,1.5
500112012,04:00-06:00,2.5,3.38
500112012,06:00-08:00,9.25,6.65
500112012,08:00-10:00,15.17,12.71
500112012,10:00-12:00,17.62,15.02
500112012,12:00-14:00,17.44,15.88
500112012,14:00-16:00,17.47,15.89
500112012,16:00-18:00,16.76,21.22
500112012,18:00-20:00,23.45,23.76
500112012,20:00-22:00,15.7,21.5
500112012,22:00-24:00,8.95,10.03
500112013,00:00-02:00,1.75,1.17
500112013,02:00-04:00,2.38,0.83
500112013,04:00-06:00,1.28,1.0
500112013,06:00-08:00,1.02,2.0
500112013,08:00-10:00,2.37,4.74
500112013,10:00-12:00,5.08,6.73
500112013,12:00-14:00,4.65,10.28
500112013,14:00-16:00,4.93,12.68
500112013,16:00-18:00,6.92,8.51
500112013,18:00-20:00,6.0,5.45
500112013,20:00-22:00,5.5,4.42
500112013,22:00-24:00,4.85,2.71
500112014,00:00-02:00,3.75,5.75
500112014,02:00-04:00,5.0,2.58
500112014,04:00-06:00,2.11,4.58
500112014,06:00-08:00,6.22,3.75
500112014,08:00-10:00,8.19,8.17
500112014,10:00-12:00,8.73,8.67
500112014,12:00-14:00,9.81,11.6
500112014,14:00-16:00,10.13,11.19
500112014,16:00-18:00,14.1,14.08
500112014,18:00-20:00,12.46,8.92
500112014,20:00-22:00,10.0,9.83
500112014,22:00-24:00,9.96,5.19
500112015,00:00-02:00,1.2,2.58
500112015,02:00-04:00,1.08,1.17
500112015,04:00-06:00,2.17,1.17
500112015,06:00-08:00,3.5,3.67
500112015,08:00-10:00,8.33,10.0
500112015,10:00-12:00,13.58,10.5
500112015,12:00-14:00,11.62,11.88
500112015,14:00-16:00,13.07,12.87
500112015,16:00-18:00,15.08,13.5
500112015,18:00-20:00,12.68,16.58
500112015,20:00-22:00,9.25,13.83
500112015,22:00-24:00,7.95,4.94
500112016,00:00-02:00,1.25,3.67
500112016,02:00-04:00,0.83,2.25
500112016,04:00-06:00,2.25,1.33
500112016,06:00-08:00,6.83,3.67
500112016,08:00-10:00,12.33,11.92
500112016,10:00-12:00,11.5,12.58
500112016,12:00-14:00,14.04,13.08
500112016,14:00-16:00,12.62,12.62
500112016,16:00-18:00,16.33,13.08
500112016,18:00-20:00,8.25,15.06
500112016,20:00-22:00,10.17,11.27
500112016,22:00-24:00,7.03,7.43
500112017,00:00-02:00,2.58,2.75
500112017,02:00-04:00,0.08,0.92
500112017,04:00-06:00,2.33,1.67
500112017,06:00-08:00,8.92,3.5
500112017,08:00-10:00,17.58,14.67
500112017,10:00-12:00,16.5,13.33
500112017,12:00-14:00,18.28,17.04
500112017,14:00-16:00,14.66,16.04
500112017,16:00-18:00,19.35,22.58
500112017,18:00-20:00,16.29,20.08
500112017,20:00-22:00,11.08,17.33
500112017,22:00-24:00,9.12,10.47
500112018,00:00-02:00,1.18,1.5
500112018,02:00-04:00,0.42,0.25
500112018,04:00-06:00,0.67,2.0
500112018,06:00-08:00,4.58,10.75
500112018,08:00-10:00,13.08,13.5
500112018,10:00-12:00,15.93,14.33
500112018,12:00-14:00,10.64,11.47
500112018,14:00-16:00,12.2,10.45
500112018,16:00-18:00,11.75,10.58
500112018,18:00-20:00,12.28,11.5
500112018,20:00-22:00,10.08,7.17
500112018,22:00-24:00,4.04,1.67
500112019,00:00-02:00,1.63,2.25
500112019,02:00-04:00,1.26,0.25
500112019,04:00-06:00,1.29,2.17
500112019,06:00-08:00,7.67,9.5
500112019,08:00-10:00,13.08,16.81
500112019,10:00-12:00,10.67,15.54
500112019,12:00-14:00,13.05,16.09
500112019,14:00-16:00,16.63,18.44
500112019,16:00-18:00,17.83,18.39
500112019,18:00-20:00,19.06,15.75
500112019,20:00-22:00,14.72,9.25
500112019,22:00-24:00,10.56,7.03
500112020,00:00-02:00,1.83,2.23
500112020,02:00-04:00,0.5,0.58
500112020,04:00-06:00,1.25,0.58
500112020,06:00-08:00,4.48,3.25
500112020,08:00-10:00,7.96,8.56
500112020,10:00-12:00,10.13,10.19
500112020,12:00-14:00,10.13,8.68
500112020,14:00-16:00,9.4,8.69
500112020,16:00-18:00,10.25,11.61
500112020,18:00-20:00,9.13,9.47
500112020,20:00-22:00,8.0,7.68
500112020,22:00-24:00,4.69,4.69
500112021,00:00-02:00,2.93,3.23
500112021,02:00-04:00,1.83,0.83
500112021,04:00-06:00,1.08,0.92
500112021,06:00-08:00,5.06,5.0
500112021,08:00-10:00,9.44,8.08
500112021,10:00-12:00,11.33,8.5
500112021,12:00-14:00,10.41,11.39
500112021,14:00-16:00,11.48,9.44
500112021,16:00-18:00,13.64,11.58
500112021,18:00-20:00,11.98,13.67
500112021,20:00-22:00,9.83,11.41
500112021,22:00-24:00,8.23,7.26
500112022,00:00-02:00,2.83,5.5
500112022,02:00-04:00,3.67,1.83
500112022,04:00-06:00,2.0,3.17
500112022,06:00-08:00,11.92,5.08
500112022,08:00-10:00,17.67,11.08
500112022,10:00-12:00,15.86,14.92
500112022,12:00-14:00,18.66,16.37
500112022,14:00-16:00,15.52,15.13
500112022,16:00-18:00,18.7,18.08
500112022,18:00-20:00,13.91,19.5
500112022,20:00-22:00,11.67,17.92
500112022,22:00-24:00,9.62,11.21
500112023,00:00-02:00,1.17,1.58
500112023,02:00-04:00,2.92,2.0
500112023,04:00-06:00,1.75,3.08
500112023,06:00-08:00,9.5,5.33
500112023,08:00-10:00,15.35,9.83
500112023,10:00-12:00,13.13,10.33
500112023,12:00-14:00,10.94,11.3
500112023,14:00-16:00,7.27,7.44
500112023,16:00-18:00,7.58,8.08
500112023,18:00-20:00,8.33,10.5
500112023,20:00-22:00,6.17,9.25
500112023,22:00-24:00,3.01,5.52
500112024,00:00-02:00,1.33,1.58
500112024,02:00-04:00,1.79,1.17
500112024,04:00-06:00,2.79,0.75
500112024,06:00-08:00,6.0,10.49
500112024,08:00-10:00,10.23,10.18
500112024,10:00-12:00,11.45,10.42
500112024,12:00-14:00,15.67,11.88
500112024,14:00-16:00,11.96,10.61
500112024,16:00-18:00,11.86,13.17
500112024,18:00-20:00,8.02,8.92
500112024,20:00-22:00,4.67,6.58
500112024,22:00-24:00,5.44,3.26
500112025,00:00-02:00,2.92,3.48
500112025,02:00-04:00,0.5,0.97
500112025,04:00-06:00,2.5,0.79
500112025,06:00-08:00,7.25,3.33
500112025,08:00-10:00,14.08,12.25
500112025,10:00-12:00,13.33,12.42
500112025,12:00-14:00,12.78,9.72
500112025,14:00-16:00,9.09,8.69
500112025,16:00-18:00,12.83,15.42
500112025,18:00-20:00,15.42,18.53
500112025,20:00-22:00,10.89,14.96
500112025,22:00-24:00,6.95,9.92
500112026,00:00-02:00,6.58,6.08
500112026,02:00-04:00,1.5,1.92
500112026,04:00-06:00,2.08,0.96
500112026,06:00-08:00,8.58,4.5
500112026,08:00-10:00,16.92,17.5
500112026,10:00-12:00,18.33,14.92
500112026,12:00-14:00,17.29,11.72
500112026,14:00-16:00,13.28,13.96
500112026,16:00-18:00,16.7,18.58
500112026,18:00-20:00,22.53,22.17
500112026,20:00-22:00,11.01,19.77
500112026,22:00-24:00,9.96,14.21
500112027,00:00-02:00,0.0,0.92
500112027,02:00-04:00,0.08,0.25
500112027,04:00-06:00,0.17,1.0
500112027,06:00-08:00,2.75,5.0
500112027,08:00-10:00,2.92,7.5
500112027,10:00-12:00,7.75,2.5
500112027,12:00-14:00,8.1,5.07
500112027,14:00-16:00,6.68,4.51
500112027,16:00-18:00,6.55,3.08
500112027,18:00-20:00,3.19,3.58
500112027,20:00-22:00,0.86,2.0
500112027,22:00-24:00,0.63,0.25
500112028,00:00-02:00,0.92,1.5
500112028,02:00-04:00,0.25,0.17
500112028,04:00-06:00,0.67,1.0
500112028,06:00-08:00,2.75,4.17
500112028,08:00-10:00,6.33,4.0
500112028,10:00-12:00,9.75,4.67
500112028,12:00-14:00,5.01,2.91
500112028,14:00-16:00,6.05,6.18
500112028,16:00-18:00,6.92,6.08
500112028,18:00-20:00,6.35,4.42
500112028,20:00-22:00,2.3,4.83
500112028,22:00-24:00,1.76,6.44
500112029,00:00-02:00,2.87,3.62
500112029,02:00-04:00,1.61,0.38
500112029,04:00-06:00,0.58,1.25
500112029,06:00-08:00,3.37,3.0
500112029,08:00-10:00,2.0,7.38
500112029,10:00-12:00,3.62,10.09
500112029,12:00-14:00,3.99,13.22
500112029,14:00-16:00,5.26,7.83
500112029,16:00-18:00,7.0,14.0
500112029,18:00-20:00,9.12,8.89
500112029,20:00-22:00,10.38,4.42
500112029,22:00-24:00,13.68,2.64
500112030,00:00-02:00,8.73,3.0
500112030,02:00-04:00,4.0,2.38
500112030,04:00-06:00,9.66,5.62
500112030,06:00-08:00,1.1,2.13
500112030,08:00-10:00,2.12,6.37
500112030,10:00-12:00,2.62,17.77
500112030,12:00-14:00,12.47,16.33
500112030,14:00-16:00,15.53,16.62
500112030,16:00-18:00,20.75,19.77
500112030,18:00-20:00,19.07,15.95
500112030,20:00-22:00,21.61,9.26
500112030,22:00-24:00,8.38,6.4
500112031,00:00-02:00,2.4,1.75
500112031,02:00-04:00,2.93,0.42
500112031,04:00-06:00,2.26,4.67
500112031,06:00-08:00,5.46,3.17
500112031,08:00-10:00,2.1,2.25
500112031,10:00-12:00,2.16,6.17
500112031,12:00-14:00,3.91,7.32
500112031,14:00-16:00,4.51,6.99
500112031,16:00-18:00,7.92,6.68
500112031,18:00-20:00,4.58,5.13
500112031,20:00-22:00,8.29,3.45
500112031,22:00-24:00,5.75,1.92
500112032,00:00-02:00,2.75,0.58
500112032,02:00-04:00,1.17,0.92
500112032,04:00-06:00,1.42,8.08
500112032,06:00-08:00,9.07,7.37
500112032,08:00-10:00,11.72,13.67
500112032,10:00-12:00,9.0,12.83
500112032,12:00-14:00,12.22,17.3
500112032,14:00-16:00,16.63,16.45
500112032,16:00-18:00,17.42,18.93
500112032,18:00-20:00,14.75,16.13
500112032,20:00-22:00,17.0,9.83
500112032,22:00-24:00,14.63,5.86
500112033,00:00-02:00,3.41,1.67
500112033,02:00-04:00,2.1,0.5
500112033,04:00-06:00,2.5,3.75
500112033,06:00-08:00,3.25,6.92
500112033,08:00-10:00,5.75,7.25
500112033,10:00-12:00,3.25,6.75
500112033,12:00-14:00,4.57,6.98
500112033,14:00-16:00,6.77,4.51
500112033,16:00-18:00,6.25,5.08
500112033,18:00-20:00,6.33,5.08
500112033,20:00-22:00,7.08,2.75
500112033,22:00-24:00,3.99,2.59
500112035,00:00-02:00,7.71,23.83
500112035,02:00-04:00,12.88,3.92
500112035,04:00-06:00,8.05,2.33
500112035,06:00-08:00,4.7,4.67
500112035,08:00-10:00,6.42,10.42
500112035,10:00-12:00,8.5,23.83
500112035,12:00-14:00,13.38,21.3
500112035,14:00-16:00,17.3,15.21
500112035,16:00-18:00,22.42,14.0
500112035,18:00-20:00,22.5,12.5
500112035,20:00-22:00,15.58,6.08
500112035,22:00-24:00,3.36,3.68
500112036,00:00-02:00,3.63,2.83
500112036,02:00-04:00,1.93,0.33
500112036,04:00-06:00,1.32,2.58
500112036,06:00-08:00,2.42,3.75
500112036,08:00-10:00,5.25,7.86
500112036,10:00-12:00,8.5,10.22
500112036,12:00-14:00,13.2,10.22
500112036,14:00-16:00,13.01,12.65
500112036,16:00-18:00,11.93,11.28
500112036,18:00-20:00,11.63,7.0
500112036,20:00-22:00,12.28,6.33
500112036,22:00-24:00,5.85,5.27
500112037,00:00-02:00,3.83,5.67
500112037,02:00-04:00,2.42,2.83
500112037,04:00-06:00,1.58,0.83
500112037,06:00-08:00,6.75,3.42
500112037,08:00-10:00,10.79,10.33
500112037,10:00-12:00,12.02,11.5
500112037,12:00-14:00,13.88,14.54
500112037,14:00-16:00,13.39,11.95
500112037,16:00-18:00,15.23,14.5
500112037,18:00-20:00,16.44,15.17
500112037,20:00-22:00,11.64,12.67
500112037,22:00-24:00,7.36,9.21
500112038,00:00-02:00,6.17,4.67
500112038,02:00-04:00,2.83,3.83
500112038,04:00-06:00,5.06,4.92
500112038,06:00-08:00,2.83,5.17
500112038,08:00-10:00,7.83,9.33
500112038,10:00-12:00,8.67,17.6
500112038,12:00-14:00,13.46,16.61
500112038,14:00-16:00,18.8,22.52
500112038,16:00-18:00,17.17,18.7
500112038,18:00-20:00,18.5,18.38
500112038,20:00-22:00,17.25,12.36
500112038,22:00-24:00,10.11,10.11
500112039,00:00-02:00,2.42,1.67
500112039,02:00-04:00,1.33,0.75
500112039,04:00-06:00,1.17,2.67
500112039,06:00-08:00,10.5,15.27
500112039,08:00-10:00,16.75,17.67
500112039,10:00-12:00,19.92,12.41
500112039,12:00-14:00,15.21,13.21
500112039,14:00-16:00,15.13,15.38
500112039,16:00-18:00,18.28,12.58
500112039,18:00-20:00,9.92,10.58
500112039,20:00-22:00,6.22,8.58
500112039,22:00-24:00,2.68,7.36
500112040,00:00-02:00,2.58,2.72
500112040,02:00-04:00,0.25,1.92
500112040,04:00-06:00,3.42,2.7
500112040,06:00-08:00,14.0,10.94
500112040,08:00-10:00,19.75,19.23
500112040,10:00-12:00,22.67,19.0
500112040,12:00-14:00,17.95,17.78
500112040,14:00-16:00,18.47,19.55
500112040,16:00-18:00,24.84,19.0
500112040,18:00-20:00,15.33,21.5
500112040,20:00-22:00,10.75,15.53
500112040,22:00-24:00,7.7,11.36
500112042,00:00-02:00,1.79,1.17
500112042,02:00-04:00,0.86,0.17
500112042,04:00-06:00,0.34,3.09
500112042,06:00-08:00,2.0,4.53
500112042,08:00-10:00,4.72,4.03
500112042,10:00-12:00,3.88,11.88
500112042,12:00-14:00,6.48,15.96
500112042,14:00-16:00,11.28,13.12
500112042,16:00-18:00,12.92,15.12
500112042,18:00-20:00,13.75,14.16
500112042,20:00-22:00,12.35,8.84
500112042,22:00-24:00,4.87,3.17
500112043,00:00-02:00,6.46,1.92
500112043,02:00-04:00,3.98,4.5
500112043,04:00-06:00,1.45,4.5
500112043,06:00-08:00,5.17,9.25
500112043,08:00-10:00,10.5,13.33
500112043,10:00-12:00,10.33,25.15
500112043,12:00-14:00,11.22,18.12
500112043,14:00-16:00,18.89,19.62
500112043,16:00-18:00,22.5,21.17
500112043,18:00-20:00,27.67,21.2
500112043,20:00-22:00,21.94,9.05
500112043,22:00-24:00,12.27,6.78
500112044,00:00-02:00,2.33,1.5
500112044,02:00-04:00,0.17,0.17
500112044,04:00-06:00,1.33,0.42
500112044,06:00-08:00,5.42,3.0
500112044,08:00-10:00,5.99,9.0
500112044,10:00-12:00,13.84,6.34
500112044,12:00-14:00,7.81,6.73
500112044,14:00-16:00,7.13,8.61
500112044,16:00-18:00,7.72,7.5
500112044,18:00-20:00,7.83,9.83
500112044,20:00-22:00,6.92,9.96
500112044,22:00-24:00,4.18,6.1
500112045,00:00-02:00,2.58,5.5
500112045,02:00-04:00,1.92,2.39
500112045,04:00-06:00,3.25,1.94
500112045,06:00-08:00,7.33,5.92
500112045,08:00-10:00,11.08,10.59
500112045,10:00-12:00,17.5,12.0
500112045,12:00-14:00,21.25,11.47
500112045,14:00-16:00,15.58,13.79
500112045,16:00-18:00,15.84,15.58
500112045,18:00-20:00,15.74,16.83
500112045,20:00-22:00,11.11,18.17
500112045,22:00-24:00,9.29,16.74
500112046,00:00-02:00,1.5,4.58
500112046,02:00-04:00,0.83,1.96
500112046,04:00-06:00,1.42,0.8
500112046,06:00-08:00,11.67,5.75
500112046,08:00-10:00,17.06,15.08
500112046,10:00-12:00,21.65,14.0
500112046,12:00-14:00,14.08,10.72
500112046,14:00-16:00,12.32,12.12
500112046,16:00-18:00,12.02,13.08
500112046,18:00-20:00,18.04,18.5
500112046,20:00-22:00,7.33,16.99
500112046,22:00-24:00,10.63,10.21
500112047,00:00-02:00,1.83,1.26
500112047,02:00-04:00,0.5,0.58
500112047,04:00-06:00,0.75,0.5
500112047,06:00-08:00,3.83,1.67
500112047,08:00-10:00,6.67,4.0
500112047,10:00-12:00,6.58,5.5
500112047,12:00-14:00,5.88,5.9
500112047,14:00-16:00,3.19,5.43
500112047,16:00-18:00,7.25,6.75
500112047,18:00-20:00,4.17,4.08
500112047,20:00-22:00,2.08,4.83
500112047,22:00-24:00,2.59,4.1
500112048,00:00-02:00,2.0,2.5
500112048,02:00-04:00,0.17,0.5
500112048,04:00-06:00,0.58,0.83
500112048,06:00-08:00,6.0,3.27
500112048,08:00-10:00,9.67,12.09
500112048,10:00-12:00,12.71,9.17
500112048,12:00-14:00,14.54,14.88
500112048,14:00-16:00,11.69,12.87
500112048,16:00-18:00,16.25,17.0
500112048,18:00-20:00,12.86,13.67
500112048,20:00-22:00,8.67,12.61
500112048,22:00-24:00,7.53,7.12
500112049,00:00-02:00,3.87,1.92
500112049,02:00-04:00,0.25,0.33
500112049,04:00-06:00,2.57,7.83
500112049,06:00-08:00,13.42,21.33
500112049,08:00-10:00,22.45,24.75
500112049,10:00-12:00,29.0,32.25
500112049,12:00-14:00,23.68,26.51
500112049,14:00-16:00,27.24,22.18
500112049,16:00-18:00,29.83,26.42
500112049,18:00-20:00,24.58,33.93
500112049,20:00-22:00,35.97,15.75
500112049,22:00-24:00,16.02,14.56
500112050,00:00-02:00,0.67,2.0
500112050,02:00-04:00,0.17,0.42
500112050,04:00-06:00,1.33,0.5
500112050,06:00-08:00,6.92,2.33
500112050,08:00-10:00,8.61,8.17
500112050,10:00-12:00,12.89,8.92
500112050,12:00-14:00,11.68,8.56
500112050,14:00-16:00,8.69,8.11
500112050,16:00-18:00,9.91,8.5
500112050,18:00-20:00,8.0,11.58
500112050,20:00-22:00,3.83,8.96
500112050,22:00-24:00,5.36,4.73
500112051,00:00-02:00,2.0,4.83
500112051,02:00-04:00,1.08,1.75
500112051,04:00-06:00,4.17,1.33
500112051,06:00-08:00,9.17,2.92
500112051,08:00-10:00,12.38,14.5
500112051,10:00-12:00,16.59,11.25
500112051,12:00-14:00,15.1,10.3
500112051,14:00-16:00,11.26,9.11
500112051,16:00-18:00,12.87,13.58
500112051,18:00-20:00,13.57,16.92
500112051,20:00-22:00,10.33,15.5
500112051,22:00-24:00,9.04,7.84
500112052,00:00-02:00,4.08,3.69
500112052,02:00-04:00,2.25,1.08
500112052,04:00-06:00,2.25,1.75
500112052,06:00-08:00,5.33,3.75
500112052,08:00-10:00,7.76,7.33
500112052,10:00-12:00,14.79,9.0
500112052,12:00-14:00,10.89,8.23
500112052,14:00-16:00,7.85,8.69
500112052,16:00-18:00,11.17,14.17
500112052,18:00-20:00,13.33,16.71
500112052,20:00-22:00,10.33,12.77
500112052,22:00-24:00,8.87,7.65
500112053,00:00-02:00,2.25,1.62
500112053,02:00-04:00,0.08,1.17
500112053,04:00-06:00,0.92,0.5
500112053,06:00-08:00,1.42,1.58
500112053,08:00-10:00,4.0,2.93
500112053,10:00-12:00,7.01,4.43
500112053,12:00-14:00,4.87,4.9
500112053,14:00-16:00,4.94,4.18
500112053,16:00-18:00,5.42,5.08
500112053,18:00-20:00,6.2,9.68
500112053,20:00-22:00,5.75,8.04
500112053,22:00-24:00,6.36,4.44
500112054,00:00-02:00,2.81,3.0
500112054,02:00-04:00,3.37,1.17
500112054,04:00-06:00,2.23,1.17
500112054,06:00-08:00,3.98,3.83
500112054,08:00-10:00,10.27,8.33
500112054,10:00-12:00,12.53,18.42
500112054,12:00-14:00,11.97,16.97
500112054,14:00-16:00,11.36,18.25
500112054,16:00-18:00,19.42,18.36
500112054,18:00-20:00,15.33,13.94
500112054,20:00-22:00,13.5,10.68
500112054,22:00-24:00,8.7,7.2
500112055,00:00-02:00,4.07,3.09
500112055,02:00-04:00,2.11,5.25
500112055,04:00-06:00,1.33,1.42
500112055,06:00-08:00,2.5,1.75
500112055,08:00-10:00,6.94,2.08
500112055,10:00-12:00,9.61,4.0
500112055,12:00-14:00,9.52,5.73
500112055,14:00-16:00,8.04,5.52
500112055,16:00-18:00,6.84,8.92
500112055,18:00-20:00,7.35,9.75
500112055,20:00-22:00,8.03,9.58
500112055,22:00-24:00,7.2,4.61
500112056,00:00-02:00,2.75,2.25
500112056,02:00-04:00,2.26,0.75
500112056,04:00-06:00,1.31,4.75
500112056,06:00-08:00,8.5,5.53
500112056,08:00-10:00,10.32,9.67
500112056,10:00-12:00,13.73,17.25
500112056,12:00-14:00,15.82,19.7
500112056,14:00-16:00,17.21,18.26
500112056,16:00-18:00,20.61,18.75
500112056,18:00-20:00,18.33,14.17
500112056,20:00-22:00,13.06,10.33
500112056,22:00-24:00,7.27,3.93
500112057,00:00-02:00,1.5,2.33
500112057,02:00-04:00,0.83,1.28
500112057,04:00-06:00,0.92,1.67
500112057,06:00-08:00,7.0,2.25
500112057,08:00-10:00,8.09,9.06
500112057,10:00-12:00,10.66,7.74
500112057,12:00-14:00,9.32,6.35
500112057,14:00-16:00,4.57,5.68
500112057,16:00-18:00,10.08,6.25
500112057,18:00-20:00,6.46,9.0
500112057,20:00-22:00,4.56,8.0
500112057,22:00-24:00,7.78,6.86
500112058,00:00-02:00,2.87,2.83
500112058,02:00-04:00,0.61,1.17
500112058,04:00-06:00,0.52,2.08
500112058,06:00-08:00,10.63,13.08
500112058,08:00-10:00,12.42,17.88
500112058,10:00-12:00,15.75,19.49
500112058,12:00-14:00,18.2,21.52
500112058,14:00-16:00,22.01,21.05
500112058,16:00-18:00,20.95,20.56
500112058,18:00-20:00,20.0,17.17
500112058,20:00-22:00,18.65,11.58
500112058,22:00-24:00,14.17,6.69
500112059,00:00-02:00,1.67,3.36
500112059,02:00-04:00,0.5,1.42
500112059,04:00-06:00,2.08,1.56
500112059,06:00-08:00,8.75,5.72
500112059,08:00-10:00,11.48,16.03
500112059,10:00-12:00,17.52,13.29
500112059,12:00-14:00,13.72,15.07
500112059,14:00-16:00,16.11,16.7
500112059,16:00-18:00,21.74,22.53
500112059,18:00-20:00,18.91,17.8
500112059,20:00-22:00,7.08,10.71
500112059,22:00-24:00,7.62,7.28
500112060,00:00-02:00,3.67,5.33
500112060,02:00-04:00,1.08,1.5
500112060,04:00-06:00,2.92,1.08
500112060,06:00-08:00,8.98,5.42
500112060,08:00-10:00,13.39,14.92
500112060,10:00-12:00,15.55,12.75
500112060,12:00-14:00,15.04,14.13
500112060,14:00-16:00,13.42,12.62
500112060,16:00-18:00,16.4,17.42
500112060,18:00-20:00,16.6,16.0
500112060,20:00-22:00,9.1,13.25
500112060,22:00-24:00,9.79,9.79
500112061,00:00-02:00,1.17,3.5
500112061,02:00-04:00,0.58,1.66
500112061,04:00-06:00,2.75,0.95
500112061,06:00-08:00,6.9,2.58
500112061,08:00-10:00,10.45,11.0
500112061,10:00-12:00,12.19,9.67
500112061,12:00-14:00,11.41,10.06
500112061,14:00-16:00,9.46,10.03
500112061,16:00-18:00,12.14,12.27
500112061,18:00-20:00,11.93,13.02
500112061,20:00-22:00,8.0,12.29
500112061,22:00-24:00,8.37,9.52
500112062,00:00-02:00,2.42,2.84
500112062,02:00-04:00,1.58,1.83
500112062,04:00-06:00,1.92,2.0
500112062,06:00-08:00,3.92,2.42
500112062,08:00-10:00,6.67,4.58
500112062,10:00-12:00,8.07,9.25
500112062,12:00-14:00,9.58,8.64
500112062,14:00-16:00,7.58,7.6
500112062,16:00-18:00,8.65,10.52
500112062,18:00-20:00,9.8,9.88
500112062,20:00-22:00,9.42,8.95
500112062,22:00-24:00,7.34,6.33
500112063,00:00-02:00,1.83,2.33
500112063,02:00-04:00,0.25,1.08
500112063,04:00-06:00,2.17,1.25
500112063,06:00-08:00,4.92,4.42
500112063,08:00-10:00,11.92,13.97
500112063,10:00-12:00,18.67,17.78
500112063,12:00-14:00,14.52,13.13
500112063,14:00-16:00,17.14,17.79
500112063,16:00-18:00,23.8,21.94
500112063,18:00-20:00,15.93,15.89
500112063,20:00-22:00,10.48,11.25
500112063,22:00-24:00,6.19,7.92
500112064,00:00-02:00,5.17,5.25
500112064,02:00-04:00,0.33,2.67
500112064,04:00-06:00,1.83,3.17
500112064,06:00-08:00,8.67,9.75
500112064,08:00-10:00,12.67,19.58
500112064,10:00-12:00,13.33,18.83
500112064,12:00-14:00,14.04,15.78
500112064,14:00-16:00,15.13,17.08
500112064,16:00-18:00,24.33,19.02
500112064,18:00-20:00,22.52,15.08
500112064,20:00-22:00,20.69,13.0
500112064,22:00-24:00,14.44,10.88
500112065,00:00-02:00,0.47,0.58
500112065,02:00-04:00,1.11,0.33
500112065,04:00-06:00,1.38,0.92
500112065,06:00-08:00,4.25,5.0
500112065,08:00-10:00,6.9,7.42
500112065,10:00-12:00,9.28,6.75
500112065,12:00-14:00,7.49,7.4
500112065,14:00-16:00,7.69,12.12
500112065,16:00-18:00,11.83,11.17
500112065,18:00-20:00,10.89,10.25
500112065,20:00-22:00,5.75,7.08
500112065,22:00-24:00,3.68,4.52
500112066,00:00-02:00,1.36,1.33
500112066,02:00-04:00,1.78,1.0
500112066,04:00-06:00,4.25,4.17
500112066,06:00-08:00,3.33,4.5
500112066,08:00-10:00,4.79,9.17
500112066,10:00-12:00,6.17,9.0
500112066,12:00-14:00,4.32,8.81
500112066,14:00-16:00,6.52,7.92
500112066,16:00-18:00,8.5,9.4
500112066,18:00-20:00,8.42,5.69
500112066,20:00-22:00,10.78,2.17
500112066,22:00-24:00,7.97,4.94
500112067,00:00-02:00,2.42,3.58
500112067,02:00-04:00,0.42,0.67
500112067,04:00-06:00,0.5,1.0
500112067,06:00-08:00,5.8,3.0
500112067,08:00-10:00,7.76,11.27
500112067,10:00-12:00,11.67,8.5
500112067,12:00-14:00,11.39,9.65
500112067,14:00-16:00,10.95,10.03
500112067,16:00-18:00,12.54,12.0
500112067,18:00-20:00,13.54,12.05
500112067,20:00-22:00,7.0,12.48
500112067,22:00-24:00,5.36,8.07
500112068,00:00-02:00,3.0,3.17
500112068,02:00-04:00,3.25,1.58
500112068,04:00-06:00,5.08,0.83
500112068,06:00-08:00,6.25,7.42
500112068,08:00-10:00,10.67,7.92
500112068,10:00-12:00,14.38,9.08
500112068,12:00-14:00,12.24,11.14
500112068,14:00-16:00,12.65,9.86
500112068,16:00-18:00,14.1,18.5
500112068,18:00-20:00,14.18,14.92
500112068,20:00-22:00,10.03,12.17
500112068,22:00-24:00,6.11,8.37
500112069,00:00-02:00,2.25,2.75
500112069,02:00-04:00,1.25,0.83
500112069,04:00-06:00,1.42,0.92
500112069,06:00-08:00,5.25,3.33
500112069,08:00-10:00,9.72,6.92
500112069,10:00-12:00,9.67,8.58
500112069,12:00-14:00,7.97,10.17
500112069,14:00-16:00,8.02,8.35
500112069,16:00-18:00,9.14,9.57
500112069,18:00-20:00,7.42,9.75
500112069,20:00-22:00,6.5,7.75
500112069,22:00-24:00,5.94,5.02
500112070,00:00-02:00,7.02,7.67
500112070,02:00-04:00,3.58,4.25
500112070,04:00-06:00,4.83,3.08
500112070,06:00-08:00,15.37,14.92
500112070,08:00-10:00,24.96,27.06
500112070,10:00-12:00,29.74,32.47
500112070,12:00-14:00,29.34,33.07
500112070,14:00-16:00,32.69,28.44
500112070,16:00-18:00,33.48,35.24
500112070,18:00-20:00,32.33,35.45
500112070,20:00-22:00,27.55,23.02
500112070,22:00-24:00,18.02,18.99
500112071,00:00-02:00,3.25,6.1
500112071,02:00-04:00,0.83,1.79
500112071,04:00-06:00,3.25,2.2
500112071,06:00-08:00,11.58,8.7
500112071,08:00-10:00,20.08,16.58
500112071,10:00-12:00,20.32,16.75
500112071,12:00-14:00,18.42,16.87
500112071,14:00-16:00,16.41,17.21
500112071,16:00-18:00,21.04,20.75
500112071,18:00-20:00,21.91,23.27
500112071,20:00-22:00,14.52,19.82
500112071,22:00-24:00,7.87,15.0
500112072,00:00-02:00,2.25,4.0
500112072,02:00-04:00,1.83,1.83
500112072,04:00-06:00,2.5,0.92
500112072,06:00-08:00,5.75,6.17
500112072,08:00-10:00,7.42,7.08
500112072,10:00-12:00,12.5,9.72
500112072,12:00-14:00,10.55,9.86
500112072,14:00-16:00,10.51,9.39
500112072,16:00-18:00,14.35,9.5
500112072,18:00-20:00,10.03,10.17
500112072,20:00-22:00,7.47,12.33
500112072,22:00-24:00,3.85,8.79
500112073,00:00-02:00,1.45,1.83
500112073,02:00-04:00,0.5,0.83
500112073,04:00-06:00,2.82,5.25
500112073,06:00-08:00,7.0,4.33
500112073,08:00-10:00,5.16,7.92
500112073,10:00-12:00,7.83,5.25
500112073,12:00-14:00,5.86,6.73
500112073,14:00-16:00,7.01,7.02
500112073,16:00-18:00,9.5,7.5
500112073,18:00-20:00,6.55,6.83
500112073,20:00-22:00,4.25,3.42
500112073,22:00-24:00,6.46,2.43
500112075,00:00-02:00,3.9,1.83
500112075,02:00-04:00,1.59,2.0
500112075,04:00-06:00,2.55,1.33
500112075,06:00-08:00,4.55,1.92
500112075,08:00-10:00,7.37,9.92
500112075,10:00-12:00,12.67,14.17
500112075,12:00-14:00,10.07,11.8
500112075,14:00-16:00,12.17,11.38
500112075,16:00-18:00,12.19,10.3
500112075,18:00-20:00,9.25,12.46
500112075,20:00-22:00,9.35,8.02
500112075,22:00-24:00,6.32,5.16
500112076,00:00-02:00,5.88,4.33
500112076,02:00-04:00,2.32,2.33
500112076,04:00-06:00,1.63,6.25
500112076,06:00-08:00,11.42,14.17
500112076,08:00-10:00,17.67,22.08
500112076,10:00-12:00,24.0,25.83
500112076,12:00-14:00,20.94,25.47
500112076,14:00-16:00,26.07,20.23
500112076,16:00-18:00,32.98,25.75
500112076,18:00-20:00,27.27,20.5
500112076,20:00-22:00,23.57,13.83
500112076,22:00-24:00,20.0,8.28
500112078,00:00-02:00,1.25,1.83
500112078,02:00-04:00,0.08,1.21
500112078,04:00-06:00,0.83,0.38
500112078,06:00-08:00,4.17,0.33
500112078,08:00-10:00,8.39,8.84
500112078,10:00-12:00,6.3,3.68
500112078,12:00-14:00,5.24,4.49
500112078,14:00-16:00,4.39,4.43
500112078,16:00-18:00,4.93,4.67
500112078,18:00-20:00,7.14,5.42
500112078,20:00-22:00,2.93,6.5
500112078,22:00-24:00,5.02,7.74
500112079,00:00-02:00,2.23,3.17
500112079,02:00-04:00,0.36,0.75
500112079,04:00-06:00,0.58,0.42
500112079,06:00-08:00,3.61,4.11
500112079,08:00-10:00,7.36,6.13
500112079,10:00-12:00,7.25,8.89
500112079,12:00-14:00,8.12,7.09
500112079,14:00-16:00,8.86,8.52
500112079,16:00-18:00,7.58,6.99
500112079,18:00-20:00,9.55,7.75
500112079,20:00-22:00,5.09,5.83
500112079,22:00-24:00,4.58,4.94
500112080,00:00-02:00,4.42,2.14
500112080,02:00-04:00,0.67,1.17
500112080,04:00-06:00,0.92,0.42
500112080,06:00-08:00,4.92,2.33
500112080,08:00-10:00,6.58,8.58
500112080,10:00-12:00,8.99,6.67
500112080,12:00-14:00,8.29,4.4
500112080,14:00-16:00,6.9,5.93
500112080,16:00-18:00,7.65,6.92
500112080,18:00-20:00,6.84,8.0
500112080,20:00-22:00,2.83,6.67
500112080,22:00-24:00,3.01,5.77
500112081,00:00-02:00,12.69,9.25
500112081,02:00-04:00,11.16,3.17
500112081,04:00-06:00,4.39,4.58
500112081,06:00-08:00,6.81,12.25
500112081,08:00-10:00,18.0,21.25
500112081,10:00-12:00,30.58,41.01
500112081,12:00-14:00,21.94,34.35
500112081,14:00-16:00,23.82,31.7
500112081,16:00-18:00,33.33,32.34
500112081,18:00-20:00,30.17,32.02
500112081,20:00-22:00,34.08,20.71
500112081,22:00-24:00,24.55,20.59
500112082,00:00-02:00,10.22,9.75
500112082,02:00-04:00,5.9,2.33
500112082,04:00-06:00,2.6,3.42
500112082,06:00-08:00,2.83,6.67
500112082,08:00-10:00,2.67,21.17
500112082,10:00-12:00,11.75,22.73
500112082,12:00-14:00,20.61,24.6
500112082,14:00-16:00,26.91,18.13
500112082,16:00-18:00,28.08,26.0
500112082,18:00-20:00,32.93,22.68
500112082,20:00-22:00,27.26,17.33
500112082,22:00-24:00,12.38,13.89
500112083,00:00-02:00,2.25,3.0
500112083,02:00-04:00,1.08,2.08
500112083,04:00-06:00,1.42,2.65
500112083,06:00-08:00,5.92,3.76
500112083,08:00-10:00,5.75,6.87
500112083,10:00-12:00,12.08,11.11
500112083,12:00-14:00,12.13,11.72
500112083,14:00-16:00,8.86,8.52
500112083,16:00-18:00,9.17,9.0
500112083,18:00-20:00,10.83,11.35
500112083,20:00-22:00,8.92,8.08
500112083,22:00-24:00,6.36,7.7
500112084,00:00-02:00,0.58,1.25
500112084,02:00-04:00,0.0,1.42
500112084,04:00-06:00,0.33,0.75
500112084,06:00-08:00,2.77,2.75
500112084,08:00-10:00,6.33,6.92
500112084,10:00-12:00,9.4,5.92
500112084,12:00-14:00,7.83,5.82
500112084,14:00-16:00,4.12,3.84
500112084,16:00-18:00,6.33,6.92
500112084,18:00-20:00,5.03,6.67
500112084,20:00-22:00,4.44,6.0
500112084,22:00-24:00,4.37,3.85
500112085,00:00-02:00,7.49,3.33
500112085,02:00-04:00,3.53,9.33
500112085,04:00-06:00,4.42,11.08
500112085,06:00-08:00,8.42,9.08
500112085,08:00-10:00,15.08,16.17
500112085,10:00-12:00,12.75,30.63
500112085,12:00-14:00,14.46,25.58
500112085,14:00-16:00,26.32,24.04
500112085,16:00-18:00,30.75,26.98
500112085,18:00-20:00,30.25,29.83
500112085,20:00-22:00,40.12,13.92
500112085,22:00-24:00,19.22,11.3
500112086,00:00-02:00,1.56,3.25
500112086,02:00-04:00,0.25,0.89
500112086,04:00-06:00,1.0,0.61
500112086,06:00-08:00,1.92,1.5
500112086,08:00-10:00,3.33,3.0
500112086,10:00-12:00,3.83,5.08
500112086,12:00-14:00,6.15,5.9
500112086,14:00-16:00,4.43,5.78
500112086,16:00-18:00,5.92,5.59
500112086,18:00-20:00,6.83,6.92
500112086,20:00-22:00,5.75,4.03
500112086,22:00-24:00,5.43,3.43
500112087,00:00-02:00,0.42,0.92
500112087,02:00-04:00,0.08,0.33
500112087,04:00-06:00,0.75,0.37
500112087,06:00-08:00,2.5,2.17
500112087,08:00-10:00,6.84,5.5
500112087,10:00-12:00,6.45,5.17
500112087,12:00-14:00,6.19,4.24
500112087,14:00-16:00,5.56,3.37
500112087,16:00-18:00,5.55,4.62
500112087,18:00-20:00,3.22,4.0
500112087,20:00-22:00,2.49,4.69
500112087,22:00-24:00,2.37,3.3
500112088,00:00-02:00,2.0,2.72
500112088,02:00-04:00,0.33,0.77
500112088,04:00-06:00,1.33,0.75
500112088,06:00-08:00,3.0,1.0
500112088,08:00-10:00,5.92,6.98
500112088,10:00-12:00,7.06,8.02
500112088,12:00-14:00,7.01,3.88
500112088,14:00-16:00,5.47,6.6
500112088,16:00-18:00,7.81,6.35
500112088,18:00-20:00,6.6,6.08
500112088,20:00-22:00,5.68,8.49
500112088,22:00-24:00,6.78,7.41
500112089,00:00-02:00,3.16,1.92
500112089,02:00-04:00,2.34,0.58
500112089,04:00-06:00,2.29,3.42
500112089,06:00-08:00,3.48,3.25
500112089,08:00-10:00,5.26,5.28
500112089,10:00-12:00,7.91,5.78
500112089,12:00-14:00,8.07,11.59
500112089,14:00-16:00,9.63,7.07
500112089,16:00-18:00,10.03,11.25
500112089,18:00-20:00,9.65,10.42
500112089,20:00-22:00,7.17,7.23
500112089,22:00-24:00,7.09,2.76
500112090,00:00-02:00,2.22,3.25
500112090,02:00-04:00,0.73,0.75
500112090,04:00-06:00,1.05,1.25
500112090,06:00-08:00,2.54,2.25
500112090,08:00-10:00,6.99,6.48
500112090,10:00-12:00,8.3,7.5
500112090,12:00-14:00,9.39,9.22
500112090,14:00-16:00,8.08,9.2
500112090,16:00-18:00,9.66,10.35
500112090,18:00-20:00,9.78,7.53
500112090,20:00-22:00,9.64,7.33
500112090,22:00-24:00,8.1,6.28
500112091,00:00-02:00,0.58,0.75
500112091,02:00-04:00,0.28,0.42
500112091,04:00-06:00,0.88,0.25
500112091,06:00-08:00,0.75,1.33
500112091,08:00-10:00,2.74,2.5
500112091,10:00-12:00,3.55,3.29
500112091,12:00-14:00,5.05,3.66
500112091,14:00-16:00,2.71,3.56
500112091,16:00-18:00,4.76,3.53
500112091,18:00-20:00,2.63,2.84
500112091,20:00-22:00,1.94,2.25
500112091,22:00-24:00,2.12,0.44
500112092,00:00-02:00,0.33,1.33
500112092,02:00-04:00,1.25,0.33
500112092,04:00-06:00,0.67,0.33
500112092,06:00-08:00,1.49,1.08
500112092,08:00-10:00,3.89,2.75
500112092,10:00-12:00,4.35,5.08
500112092,12:00-14:00,5.65,2.99
500112092,14:00-16:00,3.43,3.93
500112092,16:00-18:00,5.16,5.08
500112092,18:00-20:00,4.19,5.08
500112092,20:00-22:00,4.05,4.75
500112092,22:00-24:00,3.13,3.63
500112093,00:00-02:00,3.85,2.25
500112093,02:00-04:00,2.48,2.42
500112093,04:00-06:00,0.98,1.33
500112093,06:00-08:00,4.97,6.0
500112093,08:00-10:00,10.06,11.18
500112093,10:00-12:00,11.13,18.78
500112093,12:00-14:00,14.21,19.15
500112093,14:00-16:00,17.26,13.14
500112093,16:00-18:00,18.36,18.55
500112093,18:00-20:00,18.64,17.26
500112093,20:00-22:00,15.25,11.55
500112093,22:00-24:00,7.76,5.77
500112094,00:00-02:00,1.33,1.92
500112094,02:00-04:00,0.5,0.39
500112094,04:00-06:00,1.75,1.03
500112094,06:00-08:00,6.33,4.46
500112094,08:00-10:00,10.91,9.28
500112094,10:00-12:00,11.24,7.58
500112094,12:00-14:00,9.8,7.15
500112094,14:00-16:00,7.95,6.02
500112094,16:00-18:00,10.22,9.52
500112094,18:00-20:00,9.03,11.63
500112094,20:00-22:00,7.75,9.86
500112094,22:00-24:00,3.68,6.95
500112095,00:00-02:00,1.0,1.21
500112095,02:00-04:00,0.67,0.76
500112095,04:00-06:00,0.67,0.33
500112095,06:00-08:00,2.75,0.83
500112095,08:00-10:00,5.0,5.25
500112095,10:00-12:00,7.42,4.42
500112095,12:00-14:00,5.77,5.57
500112095,14:00-16:00,6.39,5.18
500112095,16:00-18:00,6.35,5.83
500112095,18:00-20:00,4.92,5.42
500112095,20:00-22:00,2.28,5.0
500112095,22:00-24:00,2.51,5.2
500112096,00:00-02:00,1.0,1.0
500112096,02:00-04:00,0.0,0.25
500112096,04:00-06:00,1.58,1.0
500112096,06:00-08:00,1.42,2.33
500112096,08:00-10:00,3.42,4.08
500112096,10:00-12:00,5.08,3.25
500112096,12:00-14:00,5.07,4.74
500112096,14:00-16:00,5.69,3.76
500112096,16:00-18:00,7.28,4.67
500112096,18:00-20:00,8.57,5.33
500112096,20:00-22:00,3.46,6.75
500112096,22:00-24:00,2.43,6.61
500112097,00:00-02:00,1.75,3.71
500112097,02:00-04:00,0.58,1.21
500112097,04:00-06:00,1.58,1.29
500112097,06:00-08:00,5.33,4.19
500112097,08:00-10:00,10.11,7.61
500112097,10:00-12:00,13.94,11.41
500112097,12:00-14:00,14.4,12.05
500112097,14:00-16:00,9.39,9.78
500112097,16:00-18:00,12.17,13.94
500112097,18:00-20:00,14.89,14.49
500112097,20:00-22:00,7.79,9.47
500112097,22:00-24:00,7.36,9.08
500112098,00:00-02:00,1.66,2.0
500112098,02:00-04:00,0.5,0.92
500112098,04:00-06:00,1.17,0.42
500112098,06:00-08:00,1.98,1.42
500112098,08:00-10:00,3.38,4.08
500112098,10:00-12:00,4.25,4.75
500112098,12:00-14:00,3.41,3.64
500112098,14:00-16:00,6.02,3.35
500112098,16:00-18:00,3.06,3.17
500112098,18:00-20:00,3.48,4.67
500112098,20:00-22:00,2.53,3.27
500112098,22:00-24:00,1.78,2.37
500112099,00:00-02:00,3.83,5.97
500112099,02:00-04:00,1.83,2.58
500112099,04:00-06:00,3.08,2.13
500112099,06:00-08:00,9.58,8.61
500112099,08:00-10:00,16.17,16.83
500112099,10:00-12:00,20.56,14.31
500112099,12:00-14:00,19.44,16.7
500112099,14:00-16:00,17.8,18.3
500112099,16:00-18:00,20.56,19.25
500112099,18:00-20:00,17.24,19.42
500112099,20:00-22:00,17.01,16.81
500112099,22:00-24:00,14.01,15.58
500112100,00:00-02:00,0.42,2.08
500112100,02:00-04:00,0.08,0.17
500112100,04:00-06:00,1.08,0.33
500112100,06:00-08:00,2.33,0.5
500112100,08:00-10:00,3.75,1.42
500112100,10:00-12:00,6.0,2.92
500112100,12:00-14:00,5.41,2.74
500112100,14:00-16:00,2.62,2.92
500112100,16:00-18:00,4.12,5.08
500112100,18:00-20:00,4.29,4.17
500112100,20:00-22:00,1.5,4.67
500112100,22:00-24:00,1.17,4.44
500112101,00:00-02:00,3.42,3.08
500112101,02:00-04:00,0.92,1.17
500112101,04:00-06:00,1.5,1.33
500112101,06:00-08:00,3.94,3.18
500112101,08:00-10:00,6.72,5.06
500112101,10:00-12:00,8.96,10.96
500112101,12:00-14:00,8.98,10.28
500112101,14:00-16:00,9.96,10.95
500112101,16:00-18:00,11.11,13.22
500112101,18:00-20:00,10.67,14.08
500112101,20:00-22:00,9.92,9.05
500112101,22:00-24:00,5.86,5.75
500112102,00:00-02:00,3.5,4.66
500112102,02:00-04:00,0.42,1.8
500112102,04:00-06:00,1.0,0.85
500112102,06:00-08:00,6.6,2.07
500112102,08:00-10:00,8.47,8.81
500112102,10:00-12:00,10.26,6.89
500112102,12:00-14:00,9.35,6.57
500112102,14:00-16:00,7.91,7.27
500112102,16:00-18:00,10.03,7.58
500112102,18:00-20:00,9.91,11.29
500112102,20:00-22:00,7.74,13.74
500112102,22:00-24:00,8.12,12.76
500112103,00:00-02:00,1.63,1.08
500112103,02:00-04:00,1.42,0.83
500112103,04:00-06:00,0.37,2.0
500112103,06:00-08:00,2.89,3.92
500112103,08:00-10:00,5.0,7.17
500112103,10:00-12:00,6.42,11.17
500112103,12:00-14:00,12.63,16.34
500112103,14:00-16:00,18.6,21.68
500112103,16:00-18:00,21.01,16.25
500112103,18:00-20:00,17.84,12.32
500112103,20:00-22:00,10.0,5.17
500112103,22:00-24:00,6.19,2.85
500112104,00:00-02:00,3.95,3.25
500112104,02:00-04:00,1.98,2.58
500112104,04:00-06:00,0.92,2.28
500112104,06:00-08:00,6.0,7.92
500112104,08:00-10:00,13.07,10.72
500112104,10:00-12:00,14.36,17.91
500112104,12:00-14:00,20.34,24.33
500112104,14:00-16:00,27.07,27.68
500112104,16:00-18:00,28.76,27.42
500112104,18:00-20:00,25.18,23.67
500112104,20:00-22:00,19.69,14.77
500112104,22:00-24:00,11.23,9.37
500112105,00:00-02:00,8.2,2.75
500112105,02:00-04:00,5.39,1.83
500112105,04:00-06:00,4.32,3.83
500112105,06:00-08:00,4.37,3.0
500112105,08:00-10:00,9.45,6.42
500112105,10:00-12:00,10.13,15.13
500112105,12:00-14:00,10.22,20.64
500112105,14:00-16:00,13.96,24.08
500112105,16:00-18:00,20.42,22.19
500112105,18:00-20:00,16.2,15.34
500112105,20:00-22:00,17.18,11.13
500112105,22:00-24:00,8.78,9.12
500112106,00:00-02:00,1.3,3.0
500112106,02:00-04:00,0.75,0.42
500112106,04:00-06:00,0.58,0.25
500112106,06:00-08:00,2.08,1.75
500112106,08:00-10:00,4.58,3.92
500112106,10:00-12:00,3.62,3.25
500112106,12:00-14:00,4.66,7.77
500112106,14:00-16:00,6.26,4.87
500112106,16:00-18:00,6.91,6.56
500112106,18:00-20:00,6.34,10.77
500112106,20:00-22:00,6.03,3.43
500112106,22:00-24:00,4.54,2.43
500112107,00:00-02:00,0.92,0.92
500112107,02:00-04:00,0.0,0.5
500112107,04:00-06:00,0.92,0.5
500112107,06:00-08:00,4.08,1.17
500112107,08:00-10:00,5.87,9.03
500112107,10:00-12:00,8.97,4.98
500112107,12:00-14:00,5.02,3.82
500112107,14:00-16:00,3.84,3.93
500112107,16:00-18:00,5.56,6.33
500112107,18:00-20:00,7.32,7.83
500112107,20:00-22:00,3.72,7.53
500112107,22:00-24:00,4.6,5.72
500112108,00:00-02:00,0.83,1.33
500112108,02:00-04:00,0.42,0.58
500112108,04:00-06:00,0.75,0.67
500112108,06:00-08:00,1.33,0.92
500112108,08:00-10:00,1.5,1.5
500112108,10:00-12:00,2.58,3.33
500112108,12:00-14:00,3.96,2.74
500112108,14:00-16:00,2.85,2.51
500112108,16:00-18:00,3.48,2.0
500112108,18:00-20:00,2.1,3.33
500112108,20:00-22:00,1.42,2.67
500112108,22:00-24:00,1.59,1.92
500112109,00:00-02:00,2.0,2.11
500112109,02:00-04:00,0.42,1.08
500112109,04:00-06:00,1.33,2.33
500112109,06:00-08:00,7.08,2.93
500112109,08:00-10:00,9.58,10.27
500112109,10:00-12:00,11.05,7.17
500112109,12:00-14:00,8.06,7.65
500112109,14:00-16:00,10.89,10.78
500112109,16:00-18:00,11.08,12.47
500112109,18:00-20:00,14.49,15.57
500112109,20:00-22:00,8.42,13.01
500112109,22:00-24:00,8.45,8.82
500112110,00:00-02:00,2.83,4.23
500112110,02:00-04:00,1.25,1.39
500112110,04:00-06:00,3.25,1.17
500112110,06:00-08:00,8.92,4.67
500112110,08:00-10:00,13.48,13.17
500112110,10:00-12:00,16.9,13.42
500112110,12:00-14:00,17.54,14.46
500112110,14:00-16:00,15.04,15.04
500112110,16:00-18:00,14.11,15.83
500112110,18:00-20:00,14.54,17.42
500112110,20:00-22:00,10.5,18.95
500112110,22:00-24:00,11.8,10.25
500112111,00:00-02:00,0.67,1.25
500112111,02:00-04:00,0.33,0.17
500112111,04:00-06:00,1.08,1.0
500112111,06:00-08:00,2.08,0.83
500112111,08:00-10:00,4.25,4.27
500112111,10:00-12:00,7.59,6.08
500112111,12:00-14:00,7.54,6.07
500112111,14:00-16:00,5.61,5.77
500112111,16:00-18:00,7.7,6.0
500112111,18:00-20:00,5.59,6.01
500112111,20:00-22:00,5.19,6.79
500112111,22:00-24:00,1.76,5.02
500112112,00:00-02:00,0.85,1.25
500112112,02:00-04:00,0.74,0.5
500112112,04:00-06:00,0.26,0.67
500112112,06:00-08:00,1.5,1.64
500112112,08:00-10:00,2.25,3.08
500112112,10:00-12:00,5.08,8.77
500112112,12:00-14:00,4.07,8.57
500112112,14:00-16:00,8.52,14.77
500112112,16:00-18:00,9.83,11.3
500112112,18:00-20:00,8.36,6.1
500112112,20:00-22:00,5.84,4.27
500112112,22:00-24:00,2.3,1.76
500112113,00:00-02:00,2.5,1.79
500112113,02:00-04:00,0.58,0.53
500112113,04:00-06:00,1.75,1.75
500112113,06:00-08:00,4.5,1.33
500112113,08:00-10:00,9.15,9.13
500112113,10:00-12:00,9.32,5.92
500112113,12:00-14:00,7.85,6.9
500112113,14:00-16:00,7.88,7.1
500112113,16:00-18:00,7.57,9.0
500112113,18:00-20:00,7.7,8.59
500112113,20:00-22:00,6.42,9.72
500112113,22:00-24:00,4.85,5.8
500112114,00:00-02:00,0.83,1.93
500112114,02:00-04:00,1.33,0.65
500112114,04:00-06:00,1.0,1.19
500112114,06:00-08:00,4.56,2.75
500112114,08:00-10:00,6.55,3.67
500112114,10:00-12:00,6.89,4.75
500112114,12:00-14:00,4.35,4.4
500112114,14:00-16:00,5.1,4.6
500112114,16:00-18:00,5.48,5.42
500112114,18:00-20:00,4.71,7.2
500112114,20:00-22:00,3.25,7.53
500112114,22:00-24:00,3.68,2.8
500112115,00:00-02:00,4.5,5.25
500112115,02:00-04:00,0.92,2.25
500112115,04:00-06:00,1.75,2.71
500112115,06:00-08:00,8.5,4.39
500112115,08:00-10:00,10.99,9.0
500112115,10:00-12:00,11.41,10.72
500112115,12:00-14:00,12.23,10.64
500112115,14:00-16:00,9.59,10.45
500112115,16:00-18:00,14.58,13.72
500112115,18:00-20:00,14.78,15.0
500112115,20:00-22:00,7.98,12.94
500112115,22:00-24:00,8.45,10.24
500112116,00:00-02:00,1.58,2.34
500112116,02:00-04:00,0.0,0.5
500112116,04:00-06:00,0.5,0.52
500112116,06:00-08:00,3.5,0.67
500112116,08:00-10:00,6.58,5.92
500112116,10:00-12:00,6.45,3.5
500112116,12:00-14:00,7.34,3.66
500112116,14:00-16:00,3.79,4.43
500112116,16:00-18:00,6.07,4.58
500112116,18:00-20:00,4.53,4.67
500112116,20:00-22:00,2.64,6.48
500112116,22:00-24:00,3.18,5.06
500112117,00:00-02:00,2.04,0.83
500112117,02:00-04:00,1.57,0.67
500112117,04:00-06:00,1.42,4.04
500112117,06:00-08:00,4.0,4.58
500112117,08:00-10:00,5.33,5.42
500112117,10:00-12:00,5.6,4.92
500112117,12:00-14:00,6.48,8.31
500112117,14:00-16:00,6.69,7.04
500112117,16:00-18:00,7.83,10.19
500112117,18:00-20:00,6.83,5.29
500112117,20:00-22:00,8.08,3.67
500112117,22:00-24:00,2.8,2.09
500112118,00:00-02:00,1.19,0.83
500112118,02:00-04:00,0.58,0.67
500112118,04:00-06:00,0.92,4.52
500112118,06:00-08:00,4.42,5.34
500112118,08:00-10:00,7.33,8.03
500112118,10:00-12:00,8.25,7.54
500112118,12:00-14:00,8.98,8.89
500112118,14:00-16:00,8.94,10.92
500112118,16:00-18:00,14.53,11.9
500112118,18:00-20:00,8.93,10.06
500112118,20:00-22:00,9.58,8.48
500112118,22:00-24:00,6.88,3.68
500112119,00:00-02:00,3.33,4.08
500112119,02:00-04:00,2.29,3.0
500112119,04:00-06:00,1.9,1.08
500112119,06:00-08:00,2.5,4.5
500112119,08:00-10:00,2.75,7.58
500112119,10:00-12:00,4.08,11.77
500112119,12:00-14:00,6.07,12.62
500112119,14:00-16:00,11.53,9.6
500112119,16:00-18:00,11.42,8.98
500112119,18:00-20:00,9.92,8.44
500112119,20:00-22:00,16.95,3.46
500112119,22:00-24:00,12.06,4.94
500112120,00:00-02:00,0.25,0.33
500112120,02:00-04:00,0.17,0.42
500112120,04:00-06:00,0.58,0.17
500112120,06:00-08:00,0.72,1.33
500112120,08:00-10:00,1.08,2.17
500112120,10:00-12:00,1.38,1.42
500112120,12:00-14:00,2.66,1.83
500112120,14:00-16:00,2.97,2.67
500112120,16:00-18:00,2.8,1.58
500112120,18:00-20:00,2.56,3.67
500112120,20:00-22:00,0.5,1.17
500112120,22:00-24:00,0.5,0.33
500112123,00:00-02:00,1.91,1.83
500112123,02:00-04:00,0.33,0.92
500112123,04:00-06:00,1.0,0.67
500112123,06:00-08:00,2.08,2.75
500112123,08:00-10:00,3.53,4.41
500112123,10:00-12:00,6.16,6.82
500112123,12:00-14:00,6.98,8.36
500112123,14:00-16:00,7.33,6.39
500112123,16:00-18:00,9.35,11.63
500112123,18:00-20:00,6.67,10.7
500112123,20:00-22:00,8.75,4.69
500112123,22:00-24:00,5.49,3.35
500112124,00:00-02:00,1.09,1.25
500112124,02:00-04:00,0.7,0.58
500112124,04:00-06:00,0.44,0.75
500112124,06:00-08:00,1.43,1.67
500112124,08:00-10:00,5.54,4.42
500112124,10:00-12:00,6.04,5.08
500112124,12:00-14:00,6.02,4.65
500112124,14:00-16:00,3.37,6.53
500112124,16:00-18:00,5.37,5.06
500112124,18:00-20:00,4.49,4.62
500112124,20:00-22:00,6.51,4.84
500112124,22:00-24:00,4.39,2.76
500112125,00:00-02:00,1.52,1.92
500112125,02:00-04:00,0.25,2.0
500112125,04:00-06:00,0.58,1.08
500112125,06:00-08:00,1.08,3.08
500112125,08:00-10:00,4.67,3.92
500112125,10:00-12:00,4.08,6.08
500112125,12:00-14:00,7.23,5.98
500112125,14:00-16:00,5.65,7.81
500112125,16:00-18:00,6.76,5.27
500112125,18:00-20:00,7.51,6.69
500112125,20:00-22:00,8.77,5.63
500112125,22:00-24:00,8.48,3.26
500112127,00:00-02:00,1.83,2.25
500112127,02:00-04:00,0.92,1.75
500112127,04:00-06:00,2.0,0.5
500112127,06:00-08:00,5.0,4.02
500112127,08:00-10:00,7.38,6.49
500112127,10:00-12:00,12.4,6.67
500112127,12:00-14:00,8.54,8.06
500112127,14:00-16:00,9.31,8.52
500112127,16:00-18:00,7.88,9.0
500112127,18:00-20:00,9.17,11.42
500112127,20:00-22:00,6.33,8.79
500112127,22:00-24:00,4.85,5.17
500112128,00:00-02:00,2.45,2.75
500112128,02:00-04:00,1.31,1.25
500112128,04:00-06:00,0.92,0.25
500112128,06:00-08:00,1.0,3.17
500112128,08:00-10:00,4.25,5.92
500112128,10:00-12:00,8.75,10.92
500112128,12:00-14:00,5.4,8.39
500112128,14:00-16:00,10.03,10.19
500112128,16:00-18:00,15.5,10.58
500112128,18:00-20:00,10.72,6.75
500112128,20:00-22:00,8.24,5.42
500112128,22:00-24:00,7.9,7.11
500112129,00:00-02:00,0.58,1.83
500112129,02:00-04:00,0.75,1.02
500112129,04:00-06:00,1.08,0.58
500112129,06:00-08:00,4.42,1.5
500112129,08:00-10:00,7.33,8.25
500112129,10:00-12:00,7.88,8.71
500112129,12:00-14:00,9.64,11.3
500112129,14:00-16:00,10.11,8.79
500112129,16:00-18:00,10.42,11.24
500112129,18:00-20:00,11.18,10.88
500112129,20:00-22:00,6.5,7.83
500112129,22:00-24:00,5.69,6.96
500112130,00:00-02:00,0.25,0.42
500112130,02:00-04:00,2.17,0.33
500112130,04:00-06:00,0.17,1.0
500112130,06:00-08:00,0.75,2.0
500112130,08:00-10:00,2.42,6.67
500112130,10:00-12:00,5.17,2.83
500112130,12:00-14:00,4.82,6.48
500112130,14:00-16:00,7.77,8.11
500112130,16:00-18:00,12.44,4.42
500112130,18:00-20:00,2.45,3.08
500112130,20:00-22:00,1.39,2.58
500112130,22:00-24:00,0.86,1.09
500112132,00:00-02:00,0.83,0.92
500112132,02:00-04:00,0.17,1.75
500112132,04:00-06:00,0.83,0.67
500112132,06:00-08:00,3.83,1.25
500112132,08:00-10:00,6.85,2.75
500112132,10:00-12:00,7.41,2.67
500112132,12:00-14:00,6.65,4.9
500112132,14:00-16:00,5.45,5.52
500112132,16:00-18:00,6.24,5.75
500112132,18:00-20:00,5.42,6.25
500112132,20:00-22:00,3.63,7.0
500112132,22:00-24:00,1.76,6.03
500112133,00:00-02:00,1.67,1.92
500112133,02:00-04:00,0.42,0.39
500112133,04:00-06:00,0.92,0.58
500112133,06:00-08:00,3.22,2.67
500112133,08:00-10:00,8.34,8.82
500112133,10:00-12:00,9.14,8.39
500112133,12:00-14:00,12.35,9.39
500112133,14:00-16:00,7.13,7.34
500112133,16:00-18:00,10.47,10.01
500112133,18:00-20:00,9.62,12.46
500112133,20:00-22:00,7.5,9.83
500112133,22:00-24:00,4.94,5.67
500112134,00:00-02:00,0.75,0.75
500112134,02:00-04:00,0.5,0.08
500112134,04:00-06:00,0.5,0.25
500112134,06:00-08:00,2.29,2.0
500112134,08:00-10:00,3.2,5.67
500112134,10:00-12:00,4.56,3.83
500112134,12:00-14:00,6.22,3.91
500112134,14:00-16:00,4.51,6.1
500112134,16:00-18:00,7.77,7.08
500112134,18:00-20:00,5.25,6.33
500112134,20:00-22:00,5.25,4.67
500112134,22:00-24:00,3.06,2.01
500113001,00:00-02:00,1.17,1.44
500113001,02:00-04:00,0.67,0.5
500113001,04:00-06:00,1.42,2.48
500113001,06:00-08:00,3.75,2.51
500113001,08:00-10:00,5.5,5.45
500113001,10:00-12:00,6.23,7.44
500113001,12:00-14:00,4.99,6.21
500113001,14:00-16:00,5.68,4.94
500113001,16:00-18:00,6.25,6.86
500113001,18:00-20:00,6.75,7.63
500113001,20:00-22:00,5.67,6.5
500113001,22:00-24:00,5.02,4.27
500113002,00:00-02:00,2.75,2.15
500113002,02:00-04:00,0.75,0.92
500113002,04:00-06:00,2.17,1.15
500113002,06:00-08:00,5.77,2.67
500113002,08:00-10:00,6.75,8.67
500113002,10:00-12:00,6.45,7.76
500113002,12:00-14:00,7.36,8.14
500113002,14:00-16:00,8.76,5.29
500113002,16:00-18:00,7.88,9.75
500113002,18:00-20:00,8.86,9.82
500113002,20:00-22:00,7.58,8.65
500113002,22:00-24:00,3.93,4.63
500113003,00:00-02:00,2.42,3.73
500113003,02:00-04:00,1.58,1.32
500113003,04:00-06:00,2.35,3.18
500113003,06:00-08:00,5.69,4.14
500113003,08:00-10:00,4.73,6.85
500113003,10:00-12:00,5.75,5.91
500113003,12:00-14:00,4.72,4.52
500113003,14:00-16:00,5.06,4.96
500113003,16:00-18:00,6.89,7.28
500113003,18:00-20:00,6.25,6.48
500113003,20:00-22:00,3.24,4.04
500113003,22:00-24:00,3.96,3.53
500113004,00:00-02:00,1.33,2.13
500113004,02:00-04:00,0.42,0.68
500113004,04:00-06:00,1.42,0.17
500113004,06:00-08:00,3.5,3.08
500113004,08:00-10:00,7.92,8.92
500113004,10:00-12:00,8.46,5.86
500113004,12:00-14:00,7.56,6.65
500113004,14:00-16:00,6.7,5.26
500113004,16:00-18:00,7.58,8.92
500113004,18:00-20:00,5.4,8.92
500113004,20:00-22:00,5.33,5.07
500113004,22:00-24:00,2.34,3.19
500113005,00:00-02:00,0.5,1.75
500113005,02:00-04:00,0.0,0.75
500113005,04:00-06:00,0.58,0.67
500113005,06:00-08:00,4.08,3.42
500113005,08:00-10:00,8.42,6.25
500113005,10:00-12:00,9.67,9.0
500113005,12:00-14:00,5.73,7.15
500113005,14:00-16:00,5.68,8.09
500113005,16:00-18:00,10.63,8.83
500113005,18:00-20:00,7.92,6.58
500113005,20:00-22:00,4.92,7.08
500113005,22:00-24:00,2.09,3.18
500113006,00:00-02:00,0.83,0.33
500113006,02:00-04:00,0.33,0.42
500113006,04:00-06:00,0.0,0.67
500113006,06:00-08:00,2.83,2.0
500113006,08:00-10:00,3.17,2.92
500113006,10:00-12:00,3.25,2.83
500113006,12:00-14:00,3.59,4.72
500113006,14:00-16:00,5.47,3.31
500113006,16:00-18:00,5.08,6.0
500113006,18:00-20:00,3.33,5.08
500113006,20:00-22:00,3.67,2.33
500113006,22:00-24:00,0.75,1.67
500113007,00:00-02:00,1.07,1.08
500113007,02:00-04:00,0.25,0.92
500113007,04:00-06:00,0.92,1.58
500113007,06:00-08:00,5.45,5.5
500113007,08:00-10:00,9.67,9.83
500113007,10:00-12:00,9.33,9.17
500113007,12:00-14:00,5.24,4.86
500113007,14:00-16:00,5.88,5.45
500113007,16:00-18:00,7.83,7.33
500113007,18:00-20:00,7.56,5.02
500113007,20:00-22:00,3.35,3.33
500113007,22:00-24:00,1.11,3.26
500113008,00:00-02:00,1.25,3.08
500113008,02:00-04:00,1.5,2.08
500113008,04:00-06:00,3.5,3.13
500113008,06:00-08:00,13.0,12.41
500113008,08:00-10:00,17.55,14.41
500113008,10:00-12:00,14.5,14.08
500113008,12:00-14:00,13.21,12.96
500113008,14:00-16:00,12.49,8.77
500113008,16:00-18:00,13.35,16.08
500113008,18:00-20:00,13.08,17.17
500113008,20:00-22:00,13.45,10.42
500113008,22:00-24:00,4.94,5.77
500113009,00:00-02:00,0.5,0.83
500113009,02:00-04:00,0.75,0.25
500113009,04:00-06:00,1.17,0.75
500113009,06:00-08:00,3.5,3.92
500113009,08:00-10:00,5.08,6.08
500113009,10:00-12:00,5.25,5.17
500113009,12:00-14:00,3.41,2.16
500113009,14:00-16:00,4.93,5.43
500113009,16:00-18:00,6.17,4.75
500113009,18:00-20:00,5.84,6.08
500113009,20:00-22:00,3.2,3.72
500113009,22:00-24:00,2.51,1.78
500113010,00:00-02:00,0.92,0.17
500113010,02:00-04:00,0.39,0.58
500113010,04:00-06:00,0.17,0.75
500113010,06:00-08:00,2.58,5.08
500113010,08:00-10:00,4.08,2.5
500113010,10:00-12:00,4.67,3.84
500113010,12:00-14:00,3.9,3.11
500113010,14:00-16:00,7.47,10.5
500113010,16:00-18:00,12.83,9.5
500113010,18:00-20:00,5.88,7.0
500113010,20:00-22:00,4.45,3.83
500113010,22:00-24:00,3.61,3.1
500113012,00:00-02:00,4.25,4.58
500113012,02:00-04:00,1.17,1.08
500113012,04:00-06:00,2.83,1.5
500113012,06:00-08:00,8.2,4.17
500113012,08:00-10:00,10.24,13.15
500113012,10:00-12:00,15.75,10.54
500113012,12:00-14:00,11.88,10.97
500113012,14:00-16:00,12.26,11.36
500113012,16:00-18:00,14.58,18.55
500113012,18:00-20:00,13.08,14.74
500113012,20:00-22:00,9.25,10.35
500113012,22:00-24:00,3.93,7.08
500113013,00:00-02:00,1.17,2.25
500113013,02:00-04:00,0.25,0.25
500113013,04:00-06:00,0.5,0.42
500113013,06:00-08:00,5.18,2.17
500113013,08:00-10:00,6.64,7.0
500113013,10:00-12:00,8.22,5.75
500113013,12:00-14:00,4.81,6.57
500113013,14:00-16:00,6.73,5.87
500113013,16:00-18:00,9.1,8.72
500113013,18:00-20:00,6.58,8.78
500113013,20:00-22:00,5.42,4.69
500113013,22:00-24:00,3.93,4.35
500113014,00:00-02:00,1.28,1.92
500113014,02:00-04:00,0.67,1.17
500113014,04:00-06:00,0.92,1.58
500113014,06:00-08:00,2.94,2.17
500113014,08:00-10:00,4.92,6.42
500113014,10:00-12:00,5.58,4.17
500113014,12:00-14:00,5.32,4.32
500113014,14:00-16:00,5.68,5.43
500113014,16:00-18:00,7.94,7.75
500113014,18:00-20:00,6.09,7.33
500113014,20:00-22:00,5.95,5.05
500113014,22:00-24:00,3.1,3.18
500113015,00:00-02:00,0.33,1.08
500113015,02:00-04:00,0.33,0.62
500113015,04:00-06:00,2.0,0.9
500113015,06:00-08:00,2.64,2.02
500113015,08:00-10:00,4.33,4.76
500113015,10:00-12:00,4.23,4.6
500113015,12:00-14:00,5.54,4.54
500113015,14:00-16:00,6.02,4.92
500113015,16:00-18:00,7.26,8.4
500113015,18:00-20:00,5.83,7.38
500113015,20:00-22:00,4.03,4.36
500113015,22:00-24:00,2.55,3.62
500113016,00:00-02:00,0.67,1.08
500113016,02:00-04:00,0.08,0.33
500113016,04:00-06:00,0.33,0.17
500113016,06:00-08:00,1.3,1.5
500113016,08:00-10:00,3.25,3.92
500113016,10:00-12:00,2.83,3.93
500113016,12:00-14:00,4.4,4.21
500113016,14:00-16:00,4.15,3.14
500113016,16:00-18:00,4.05,4.0
500113016,18:00-20:00,4.44,2.87
500113016,20:00-22:00,2.39,2.42
500113016,22:00-24:00,1.59,1.51
500113017,00:00-02:00,2.42,1.9
500113017,02:00-04:00,0.5,0.5
500113017,04:00-06:00,0.92,0.58
500113017,06:00-08:00,7.17,2.83
500113017,08:00-10:00,7.57,7.67
500113017,10:00-12:00,7.0,7.17
500113017,12:00-14:00,6.57,7.15
500113017,14:00-16:00,8.19,7.02
500113017,16:00-18:00,7.0,8.58
500113017,18:00-20:00,6.98,9.03
500113017,20:00-22:00,6.0,6.67
500113017,22:00-24:00,2.26,3.76
500113018,00:00-02:00,1.92,3.51
500113018,02:00-04:00,1.25,0.75
500113018,04:00-06:00,0.93,0.97
500113018,06:00-08:00,5.21,3.08
500113018,08:00-10:00,4.85,4.73
500113018,10:00-12:00,4.98,6.32
500113018,12:00-14:00,4.77,4.68
500113018,14:00-16:00,6.19,6.71
500113018,16:00-18:00,8.15,8.68
500113018,18:00-20:00,7.25,7.34
500113018,20:00-22:00,5.25,5.55
500113018,22:00-24:00,3.18,3.79
500113019,00:00-02:00,1.83,4.5
500113019,02:00-04:00,0.33,1.86
500113019,04:00-06:00,2.17,1.76
500113019,06:00-08:00,7.83,4.08
500113019,08:00-10:00,10.84,9.58
500113019,10:00-12:00,8.97,12.36
500113019,12:00-14:00,8.14,8.48
500113019,14:00-16:00,11.36,9.14
500113019,16:00-18:00,10.66,13.34
500113019,18:00-20:00,15.04,13.86
500113019,20:00-22:00,6.33,9.58
500113019,22:00-24:00,8.62,8.31
500113020,00:00-02:00,1.17,1.44
500113020,02:00-04:00,0.17,0.67
500113020,04:00-06:00,0.92,0.75
500113020,06:00-08:00,4.08,3.33
500113020,08:00-10:00,7.36,6.92
500113020,10:00-12:00,7.5,8.8
500113020,12:00-14:00,6.81,6.17
500113020,14:00-16:00,7.41,5.49
500113020,16:00-18:00,6.62,8.18
500113020,18:00-20:00,8.75,10.89
500113020,20:00-22:00,5.5,7.76
500113020,22:00-24:00,3.93,3.5
500113022,00:00-02:00,2.67,3.25
500113022,02:00-04:00,3.42,1.93
500113022,04:00-06:00,2.58,2.08
500113022,06:00-08:00,6.33,7.83
500113022,08:00-10:00,11.38,12.08
500113022,10:00-12:00,15.5,14.25
500113022,12:00-14:00,17.29,15.37
500113022,14:00-16:00,16.13,15.46
500113022,16:00-18:00,19.08,18.33
500113022,18:00-20:00,12.92,17.83
500113022,20:00-22:00,12.33,11.66
500113022,22:00-24:00,6.61,8.42
500113023,00:00-02:00,3.88,5.67
500113023,02:00-04:00,0.5,0.83
500113023,04:00-06:00,1.0,2.08
500113023,06:00-08:00,3.58,3.42
500113023,08:00-10:00,4.25,6.58
500113023,10:00-12:00,9.6,12.83
500113023,12:00-14:00,5.73,6.81
500113023,14:00-16:00,6.69,7.19
500113023,16:00-18:00,10.33,5.67
500113023,18:00-20:00,8.17,4.75
500113023,20:00-22:00,8.71,3.75
500113023,22:00-24:00,5.98,7.95
500113025,00:00-02:00,2.58,4.28
500113025,02:00-04:00,1.5,1.69
500113025,04:00-06:00,3.5,2.27
500113025,06:00-08:00,7.83,5.17
500113025,08:00-10:00,6.1,7.17
500113025,10:00-12:00,8.88,7.42
500113025,12:00-14:00,5.85,8.23
500113025,14:00-16:00,9.36,6.6
500113025,16:00-18:00,9.17,12.82
500113025,18:00-20:00,9.92,9.0
500113025,20:00-22:00,6.25,9.76
500113025,22:00-24:00,5.77,5.49
500113026,00:00-02:00,2.42,2.5
500113026,02:00-04:00,1.08,1.08
500113026,04:00-06:00,1.42,2.42
500113026,06:00-08:00,3.17,5.5
500113026,08:00-10:00,6.72,5.5
500113026,10:00-12:00,6.75,6.58
500113026,12:00-14:00,7.14,5.24
500113026,14:00-16:00,7.6,7.1
500113026,16:00-18:00,12.7,10.58
500113026,18:00-20:00,8.99,10.63
500113026,20:00-22:00,7.75,6.94
500113026,22:00-24:00,4.35,5.61
500113027,00:00-02:00,1.25,1.75
500113027,02:00-04:00,0.08,0.92
500113027,04:00-06:00,1.25,0.67
500113027,06:00-08:00,4.25,2.85
500113027,08:00-10:00,7.5,5.25
500113027,10:00-12:00,5.5,5.0
500113027,12:00-14:00,5.26,4.57
500113027,14:00-16:00,5.77,4.09
500113027,16:00-18:00,6.48,8.09
500113027,18:00-20:00,4.58,5.25
500113027,20:00-22:00,3.5,5.39
500113027,22:00-24:00,4.1,3.05
500113028,00:00-02:00,0.58,1.0
500113028,02:00-04:00,0.42,0.25
500113028,04:00-06:00,0.75,1.0
500113028,06:00-08:00,1.92,1.08
500113028,08:00-10:00,6.0,4.33
500113028,10:00-12:00,7.1,6.33
500113028,12:00-14:00,4.74,4.32
500113028,14:00-16:00,3.93,6.18
500113028,16:00-18:00,6.4,5.42
500113028,18:00-20:00,5.83,6.08
500113028,20:00-22:00,3.67,4.42
500113028,22:00-24:00,2.09,2.85
500113029,00:00-02:00,0.83,1.34
500113029,02:00-04:00,0.92,0.68
500113029,04:00-06:00,1.17,0.25
500113029,06:00-08:00,2.42,1.83
500113029,08:00-10:00,5.21,3.75
500113029,10:00-12:00,4.96,3.0
500113029,12:00-14:00,4.51,3.66
500113029,14:00-16:00,4.96,5.18
500113029,16:00-18:00,4.05,5.17
500113029,18:00-20:00,4.25,6.17
500113029,20:00-22:00,4.5,4.61
500113029,22:00-24:00,3.01,4.06
500113030,00:00-02:00,0.5,0.67
500113030,02:00-04:00,1.08,0.33
500113030,04:00-06:00,1.42,0.17
500113030,06:00-08:00,1.42,1.75
500113030,08:00-10:00,2.83,2.08
500113030,10:00-12:00,3.08,3.33
500113030,12:00-14:00,3.7,3.91
500113030,14:00-16:00,2.01,1.34
500113030,16:00-18:00,2.92,2.5
500113030,18:00-20:00,1.66,1.83
500113030,20:00-22:00,1.95,2.42
500113030,22:00-24:00,0.75,1.51
500113031,00:00-02:00,1.67,2.08
500113031,02:00-04:00,0.0,1.08
500113031,04:00-06:00,2.0,0.33
500113031,06:00-08:00,4.42,3.83
500113031,08:00-10:00,7.66,8.58
500113031,10:00-12:00,6.78,6.76
500113031,12:00-14:00,8.89,5.71
500113031,14:00-16:00,6.97,6.69
500113031,16:00-18:00,10.51,7.83
500113031,18:00-20:00,8.46,9.76
500113031,20:00-22:00,6.9,9.17
500113031,22:00-24:00,6.28,6.36
500113032,00:00-02:00,0.5,0.83
500113032,02:00-04:00,0.08,0.17
500113032,04:00-06:00,0.17,0.25
500113032,06:00-08:00,0.67,1.08
500113032,08:00-10:00,1.67,2.0
500113032,10:00-12:00,2.0,1.5
500113032,12:00-14:00,1.5,1.75
500113032,14:00-16:00,2.51,3.35
500113032,16:00-18:00,2.17,3.13
500113032,18:00-20:00,2.58,1.55
500113032,20:00-22:00,2.43,1.46
500113032,22:00-24:00,1.34,1.09
500113033,00:00-02:00,1.08,1.75
500113033,02:00-04:00,0.58,0.17
500113033,04:00-06:00,0.58,1.17
500113033,06:00-08:00,2.17,1.08
500113033,08:00-10:00,6.33,3.33
500113033,10:00-12:00,6.32,4.75
500113033,12:00-14:00,5.73,4.07
500113033,14:00-16:00,3.71,4.01
500113033,16:00-18:00,6.35,6.67
500113033,18:00-20:00,3.7,7.0
500113033,20:00-22:00,4.83,7.92
500113033,22:00-24:00,5.02,3.09
500113034,00:00-02:00,10.58,6.5
500113034,02:00-04:00,7.42,4.5
500113034,04:00-06:00,4.17,2.67
500113034,06:00-08:00,9.0,8.17
500113034,08:00-10:00,18.92,14.67
500113034,10:00-12:00,23.0,17.83
500113034,12:00-14:00,16.2,22.6
500113034,14:00-16:00,16.38,21.81
500113034,16:00-18:00,17.92,22.5
500113034,18:00-20:00,18.33,21.67
500113034,20:00-22:00,15.17,15.75
500113034,22:00-24:00,13.39,11.8
500113035,00:00-02:00,9.42,6.75
500113035,02:00-04:00,5.67,3.08
500113035,04:00-06:00,2.92,2.33
500113035,06:00-08:00,4.08,5.25
500113035,08:00-10:00,4.67,8.83
500113035,10:00-12:00,9.25,15.36
500113035,12:00-14:00,17.2,17.92
500113035,14:00-16:00,13.2,14.73
500113035,16:00-18:00,20.92,22.3
500113035,18:00-20:00,15.42,17.77
500113035,20:00-22:00,16.42,10.54
500113035,22:00-24:00,11.21,12.55
500113036,00:00-02:00,1.5,1.83
500113036,02:00-04:00,1.0,0.67
500113036,04:00-06:00,2.08,1.67
500113036,06:00-08:00,4.08,2.42
500113036,08:00-10:00,5.75,2.5
500113036,10:00-12:00,5.75,3.5
500113036,12:00-14:00,5.83,3.99
500113036,14:00-16:00,5.81,5.43
500113036,16:00-18:00,7.12,7.17
500113036,18:00-20:00,5.28,6.58
500113036,20:00-22:00,2.75,6.0
500113036,22:00-24:00,2.51,4.77
500113037,00:00-02:00,1.58,1.42
500113037,02:00-04:00,0.42,0.67
500113037,04:00-06:00,0.33,0.75
500113037,06:00-08:00,2.83,1.5
500113037,08:00-10:00,3.5,3.17
500113037,10:00-12:00,4.75,3.67
500113037,12:00-14:00,5.16,4.4
500113037,14:00-16:00,5.18,3.68
500113037,16:00-18:00,4.16,5.58
500113037,18:00-20:00,5.2,6.08
500113037,20:00-22:00,4.08,4.83
500113037,22:00-24:00,2.01,2.43
500113038,00:00-02:00,12.06,5.0
500113038,02:00-04:00,5.28,9.33
500113038,04:00-06:00,3.59,6.5
500113038,06:00-08:00,7.87,7.75
500113038,08:00-10:00,13.99,17.83
500113038,10:00-12:00,14.58,27.83
500113038,12:00-14:00,25.84,28.06
500113038,14:00-16:00,29.58,28.58
500113038,16:00-18:00,34.08,31.83
500113038,18:00-20:00,30.83,27.42
500113038,20:00-22:00,29.5,20.75
500113038,22:00-24:00,19.41,14.56
500113039,00:00-02:00,8.66,9.31
500113039,02:00-04:00,4.39,8.46
500113039,04:00-06:00,4.08,3.17
500113039,06:00-08:00,9.58,9.44
500113039,08:00-10:00,14.0,15.21
500113039,10:00-12:00,22.58,22.81
500113039,12:00-14:00,25.35,27.19
500113039,14:00-16:00,32.45,28.06
500113039,16:00-18:00,33.5,31.25
500113039,18:00-20:00,28.54,31.59
500113039,20:00-22:00,26.17,23.42
500113039,22:00-24:00,20.43,17.19
500113041,00:00-02:00,1.33,0.75
500113041,02:00-04:00,0.75,1.17
500113041,04:00-06:00,1.83,1.33
500113041,06:00-08:00,1.92,5.0
500113041,08:00-10:00,2.92,4.75
500113041,10:00-12:00,4.42,4.58
500113041,12:00-14:00,3.74,3.57
500113041,14:00-16:00,6.1,6.69
500113041,16:00-18:00,8.58,5.58
500113041,18:00-20:00,6.08,5.75
500113041,20:00-22:00,5.17,4.33
500113041,22:00-24:00,3.26,2.93
500113042,00:00-02:00,3.75,4.33
500113042,02:00-04:00,2.92,3.67
500113042,04:00-06:00,4.17,3.08
500113042,06:00-08:00,10.25,8.83
500113042,08:00-10:00,13.92,14.08
500113042,10:00-12:00,19.17,16.42
500113042,12:00-14:00,17.87,18.53
500113042,14:00-16:00,22.43,21.89
500113042,16:00-18:00,22.1,26.67
500113042,18:00-20:00,20.33,26.95
500113042,20:00-22:00,20.08,16.31
500113042,22:00-24:00,8.79,9.67
500113043,00:00-02:00,4.0,4.83
500113043,02:00-04:00,2.58,5.17
500113043,04:00-06:00,3.17,3.42
500113043,06:00-08:00,6.08,5.42
500113043,08:00-10:00,13.42,11.33
500113043,10:00-12:00,15.08,17.43
500113043,12:00-14:00,14.04,13.8
500113043,14:00-16:00,17.8,21.05
500113043,16:00-18:00,21.67,17.83
500113043,18:00-20:00,12.33,17.0
500113043,20:00-22:00,11.75,9.61
500113043,22:00-24:00,3.93,8.49
500113044,00:00-02:00,0.5,0.92
500113044,02:00-04:00,0.17,0.67
500113044,04:00-06:00,0.17,0.75
500113044,06:00-08:00,1.25,1.83
500113044,08:00-10:00,3.17,5.67
500113044,10:00-12:00,4.58,6.08
500113044,12:00-14:00,3.99,4.49
500113044,14:00-16:00,3.01,3.51
500113044,16:00-18:00,4.5,4.5
500113044,18:00-20:00,4.5,3.58
500113044,20:00-22:00,6.0,2.75
500113044,22:00-24:00,3.77,2.85
500113045,00:00-02:00,3.37,6.58
500113045,02:00-04:00,1.0,0.42
500113045,04:00-06:00,1.58,3.08
500113045,06:00-08:00,8.08,15.06
500113045,08:00-10:00,11.92,16.21
500113045,10:00-12:00,12.08,18.32
500113045,12:00-14:00,13.71,14.46
500113045,14:00-16:00,16.96,11.11
500113045,16:00-18:00,19.42,15.25
500113045,18:00-20:00,19.03,14.92
500113045,20:00-22:00,14.75,11.0
500113045,22:00-24:00,10.64,14.23
500113046,00:00-02:00,3.56,4.08
500113046,02:00-04:00,1.17,1.42
500113046,04:00-06:00,2.58,0.67
500113046,06:00-08:00,3.33,5.67
500113046,08:00-10:00,5.33,11.33
500113046,10:00-12:00,9.58,11.71
500113046,12:00-14:00,8.81,11.29
500113046,14:00-16:00,12.53,11.15
500113046,16:00-18:00,14.25,9.39
500113046,18:00-20:00,11.53,7.58
500113046,20:00-22:00,9.9,8.58
500113046,22:00-24:00,7.73,6.03
500113047,00:00-02:00,4.0,4.0
500113047,02:00-04:00,4.67,1.92
500113047,04:00-06:00,2.92,1.42
500113047,06:00-08:00,3.46,3.25
500113047,08:00-10:00,5.68,6.58
500113047,10:00-12:00,6.03,6.25
500113047,12:00-14:00,7.06,6.53
500113047,14:00-16:00,7.27,8.52
500113047,16:00-18:00,10.51,7.5
500113047,18:00-20:00,6.02,8.54
500113047,20:00-22:00,6.83,6.5
500113047,22:00-24:00,5.06,5.52
500113048,00:00-02:00,2.75,2.73
500113048,02:00-04:00,1.92,1.42
500113048,04:00-06:00,2.17,1.58
500113048,06:00-08:00,2.76,2.17
500113048,08:00-10:00,4.92,5.92
500113048,10:00-12:00,4.67,3.79
500113048,12:00-14:00,5.32,5.15
500113048,14:00-16:00,5.17,7.14
500113048,16:00-18:00,9.59,5.64
500113048,18:00-20:00,4.47,6.25
500113048,20:00-22:00,4.12,5.63
500113048,22:00-24:00,4.18,4.64
500113049,00:00-02:00,9.94,9.25
500113049,02:00-04:00,4.61,6.75
500113049,04:00-06:00,3.89,2.83
500113049,06:00-08:00,3.44,6.42
500113049,08:00-10:00,7.93,9.29
500113049,10:00-12:00,11.7,16.22
500113049,12:00-14:00,22.27,22.67
500113049,14:00-16:00,25.74,25.86
500113049,16:00-18:00,25.17,28.92
500113049,18:00-20:00,25.58,26.54
500113049,20:00-22:00,23.3,16.67
500113049,22:00-24:00,12.48,12.13
500113050,00:00-02:00,5.17,4.45
500113050,02:00-04:00,1.67,1.54
500113050,04:00-06:00,3.25,2.6
500113050,06:00-08:00,8.65,4.3
500113050,08:00-10:00,12.17,14.75
500113050,10:00-12:00,15.88,14.33
500113050,12:00-14:00,14.59,12.3
500113050,14:00-16:00,15.91,13.2
500113050,16:00-18:00,16.66,15.92
500113050,18:00-20:00,14.94,14.45
500113050,20:00-22:00,9.7,12.32
500113050,22:00-24:00,7.45,10.98
500113051,00:00-02:00,0.33,1.08
500113051,02:00-04:00,0.0,0.08
500113051,04:00-06:00,1.0,0.83
500113051,06:00-08:00,0.92,2.01
500113051,08:00-10:00,2.67,5.66
500113051,10:00-12:00,4.5,4.24
500113051,12:00-14:00,5.57,5.96
500113051,14:00-16:00,4.51,3.98
500113051,16:00-18:00,5.42,3.11
500113051,18:00-20:00,4.0,5.36
500113051,20:00-22:00,3.08,2.58
500113051,22:00-24:00,2.59,2.26
500113052,00:00-02:00,0.92,2.73
500113052,02:00-04:00,0.83,1.55
500113052,04:00-06:00,0.5,0.69
500113052,06:00-08:00,4.17,4.76
500113052,08:00-10:00,7.23,8.82
500113052,10:00-12:00,10.59,8.02
500113052,12:00-14:00,10.03,10.15
500113052,14:00-16:00,10.69,10.07
500113052,16:00-18:00,8.9,12.46
500113052,18:00-20:00,9.75,8.26
500113052,20:00-22:00,6.96,6.67
500113052,22:00-24:00,4.23,4.88
500113053,00:00-02:00,0.67,0.99
500113053,02:00-04:00,0.17,0.08
500113053,04:00-06:00,0.75,0.5
500113053,06:00-08:00,3.75,0.92
500113053,08:00-10:00,3.58,2.92
500113053,10:00-12:00,3.69,3.08
500113053,12:00-14:00,2.78,2.41
500113053,14:00-16:00,3.23,3.18
500113053,16:00-18:00,2.92,4.03
500113053,18:00-20:00,3.25,4.68
500113053,20:00-22:00,3.25,4.52
500113053,22:00-24:00,2.59,1.76
500113054,00:00-02:00,0.28,1.33
500113054,02:00-04:00,0.33,0.17
500113054,04:00-06:00,0.25,0.25
500113054,06:00-08:00,0.67,0.33
500113054,08:00-10:00,1.17,1.08
500113054,10:00-12:00,2.08,2.0
500113054,12:00-14:00,2.14,1.0
500113054,14:00-16:00,1.29,1.84
500113054,16:00-18:00,4.56,2.17
500113054,18:00-20:00,0.72,1.67
500113054,20:00-22:00,1.22,1.67
500113054,22:00-24:00,0.0,0.92
500113055,00:00-02:00,1.08,1.85
500113055,02:00-04:00,0.42,0.25
500113055,04:00-06:00,1.25,0.17
500113055,06:00-08:00,2.27,1.5
500113055,08:00-10:00,3.5,5.44
500113055,10:00-12:00,6.58,4.25
500113055,12:00-14:00,4.81,5.1
500113055,14:00-16:00,3.8,4.03
500113055,16:00-18:00,6.65,5.75
500113055,18:00-20:00,4.37,4.92
500113055,20:00-22:00,2.08,4.23
500113055,22:00-24:00,4.18,4.47
500113056,00:00-02:00,0.33,1.42
500113056,02:00-04:00,0.25,0.67
500113056,04:00-06:00,0.75,0.17
500113056,06:00-08:00,2.75,1.0
500113056,08:00-10:00,3.58,2.67
500113056,10:00-12:00,4.78,3.67
500113056,12:00-14:00,4.48,3.16
500113056,14:00-16:00,3.88,3.18
500113056,16:00-18:00,3.42,3.25
500113056,18:00-20:00,3.0,4.17
500113056,20:00-22:00,1.33,3.5
500113056,22:00-24:00,2.09,1.78
500113057,00:00-02:00,3.33,3.05
500113057,02:00-04:00,1.42,0.75
500113057,04:00-06:00,3.0,0.83
500113057,06:00-08:00,5.33,3.58
500113057,08:00-10:00,7.42,6.5
500113057,10:00-12:00,8.49,5.25
500113057,12:00-14:00,5.67,6.81
500113057,14:00-16:00,6.96,6.52
500113057,16:00-18:00,7.86,8.0
500113057,18:00-20:00,6.42,7.42
500113057,20:00-22:00,5.0,7.75
500113057,22:00-24:00,3.35,4.52
500113058,00:00-02:00,1.33,1.11
500113058,02:00-04:00,0.0,0.08
500113058,04:00-06:00,2.5,0.5
500113058,06:00-08:00,3.42,2.08
500113058,08:00-10:00,7.25,4.92
500113058,10:00-12:00,7.17,6.08
500113058,12:00-14:00,4.65,5.57
500113058,14:00-16:00,5.35,5.1
500113058,16:00-18:00,6.58,7.5
500113058,18:00-20:00,3.67,6.99
500113058,20:00-22:00,4.5,6.11
500113058,22:00-24:00,6.19,6.03
500113059,00:00-02:00,1.17,1.21
500113059,02:00-04:00,0.42,0.17
500113059,04:00-06:00,0.17,0.67
500113059,06:00-08:00,1.92,1.25
500113059,08:00-10:00,2.21,2.08
500113059,10:00-12:00,2.88,2.25
500113059,12:00-14:00,2.85,3.49
500113059,14:00-16:00,2.01,2.09
500113059,16:00-18:00,3.08,2.5
500113059,18:00-20:00,2.09,2.17
500113059,20:00-22:00,0.83,3.17
500113059,22:00-24:00,1.51,1.59
500113060,00:00-02:00,0.75,1.25
500113060,02:00-04:00,0.42,2.1
500113060,04:00-06:00,0.25,1.07
500113060,06:00-08:00,3.67,3.21
500113060,08:00-10:00,5.67,3.78
500113060,10:00-12:00,5.42,3.94
500113060,12:00-14:00,1.76,0.91
500113060,14:00-16:00,1.14,0.75
500113060,16:00-18:00,0.65,1.67
500113060,18:00-20:00,1.17,1.92
500113060,20:00-22:00,0.92,1.92
500113060,22:00-24:00,1.26,0.75
500113061,00:00-02:00,0.83,0.42
500113061,02:00-04:00,0.5,0.67
500113061,04:00-06:00,3.25,1.5
500113061,06:00-08:00,3.25,3.75
500113061,08:00-10:00,3.75,2.33
500113061,10:00-12:00,2.96,2.58
500113061,12:00-14:00,1.35,2.08
500113061,14:00-16:00,2.01,0.75
500113061,16:00-18:00,1.42,0.5
500113061,18:00-20:00,0.75,0.5
500113061,20:00-22:00,0.75,2.91
500113061,22:00-24:00,1.0,1.34
500113062,00:00-02:00,1.54,1.56
500113062,02:00-04:00,0.25,0.42
500113062,04:00-06:00,0.75,0.75
500113062,06:00-08:00,2.58,0.83
500113062,08:00-10:00,4.86,5.75
500113062,10:00-12:00,5.15,3.52
500113062,12:00-14:00,5.38,6.24
500113062,14:00-16:00,6.29,4.99
500113062,16:00-18:00,6.08,5.83
500113062,18:00-20:00,3.0,4.6
500113062,20:00-22:00,2.25,3.43
500113062,22:00-24:00,1.09,2.53
500113064,00:00-02:00,3.58,2.5
500113064,02:00-04:00,2.08,1.59
500113064,04:00-06:00,1.67,1.92
500113064,06:00-08:00,5.75,5.94
500113064,08:00-10:00,11.17,11.39
500113064,10:00-12:00,13.68,10.44
500113064,12:00-14:00,13.91,15.87
500113064,14:00-16:00,15.72,12.45
500113064,16:00-18:00,15.93,14.67
500113064,18:00-20:00,8.76,14.63
500113064,20:00-22:00,9.0,10.03
500113064,22:00-24:00,4.85,7.23
500113065,00:00-02:00,1.5,1.25
500113065,02:00-04:00,1.58,0.83
500113065,04:00-06:00,1.97,2.0
500113065,06:00-08:00,3.5,4.0
500113065,08:00-10:00,7.17,5.58
500113065,10:00-12:00,8.17,6.5
500113065,12:00-14:00,6.66,5.48
500113065,14:00-16:00,7.85,7.6
500113065,16:00-18:00,10.78,11.0
500113065,18:00-20:00,7.83,10.08
500113065,20:00-22:00,6.08,7.67
500113065,22:00-24:00,3.85,5.27
500113066,00:00-02:00,1.33,1.58
500113066,02:00-04:00,0.42,0.75
500113066,04:00-06:00,1.08,2.08
500113066,06:00-08:00,4.75,6.88
500113066,08:00-10:00,7.83,6.72
500113066,10:00-12:00,7.83,7.56
500113066,12:00-14:00,6.65,6.48
500113066,14:00-16:00,9.61,9.96
500113066,16:00-18:00,13.42,10.83
500113066,18:00-20:00,10.42,10.25
500113066,20:00-22:00,6.75,8.17
500113066,22:00-24:00,4.1,4.69
500113069,00:00-02:00,3.5,2.25
500113069,02:00-04:00,0.33,0.33
500113069,04:00-06:00,1.75,1.42
500113069,06:00-08:00,5.08,4.25
500113069,08:00-10:00,5.92,6.83
500113069,10:00-12:00,6.33,8.17
500113069,12:00-14:00,7.4,7.38
500113069,14:00-16:00,8.6,4.18
500113069,16:00-18:00,10.12,6.67
500113069,18:00-20:00,9.27,9.0
500113069,20:00-22:00,6.7,6.17
500113069,22:00-24:00,5.38,7.36
500113070,00:00-02:00,0.25,1.33
500113070,02:00-04:00,0.17,0.33
500113070,04:00-06:00,0.58,0.75
500113070,06:00-08:00,3.5,2.17
500113070,08:00-10:00,3.0,3.58
500113070,10:00-12:00,1.67,1.08
500113070,12:00-14:00,1.41,0.83
500113070,14:00-16:00,1.17,1.0
500113070,16:00-18:00,2.42,2.08
500113070,18:00-20:00,1.17,2.67
500113070,20:00-22:00,0.75,0.67
500113070,22:00-24:00,0.25,0.5
500113071,00:00-02:00,0.75,1.42
500113071,02:00-04:00,0.25,0.47
500113071,04:00-06:00,0.58,1.56
500113071,06:00-08:00,3.5,4.08
500113071,08:00-10:00,5.31,2.76
500113071,10:00-12:00,6.45,5.1
500113071,12:00-14:00,3.31,4.24
500113071,14:00-16:00,4.06,3.19
500113071,16:00-18:00,3.9,4.81
500113071,18:00-20:00,3.63,3.35
500113071,20:00-22:00,1.83,3.26
500113071,22:00-24:00,1.42,1.54
500113072,00:00-02:00,1.0,1.33
500113072,02:00-04:00,0.42,1.08
500113072,04:00-06:00,1.33,0.83
500113072,06:00-08:00,3.14,2.08
500113072,08:00-10:00,1.94,2.33
500113072,10:00-12:00,3.58,3.92
500113072,12:00-14:00,2.97,2.24
500113072,14:00-16:00,3.09,3.39
500113072,16:00-18:00,3.21,2.69
500113072,18:00-20:00,2.04,2.61
500113072,20:00-22:00,2.75,3.07
500113072,22:00-24:00,2.26,2.17
500113073,00:00-02:00,0.33,1.33
500113073,02:00-04:00,0.67,1.0
500113073,04:00-06:00,1.17,2.08
500113073,06:00-08:00,7.25,7.27
500113073,08:00-10:00,11.92,10.41
500113073,10:00-12:00,11.14,7.78
500113073,12:00-14:00,6.23,4.82
500113073,14:00-16:00,6.42,5.43
500113073,16:00-18:00,6.59,8.0
500113073,18:00-20:00,6.5,7.25
500113073,20:00-22:00,4.0,6.0
500113073,22:00-24:00,4.6,5.45
500113074,00:00-02:00,0.92,1.42
500113074,02:00-04:00,0.33,0.08
500113074,04:00-06:00,0.5,0.92
500113074,06:00-08:00,2.25,1.33
500113074,08:00-10:00,4.52,3.33
500113074,10:00-12:00,4.45,3.83
500113074,12:00-14:00,4.15,4.41
500113074,14:00-16:00,4.51,4.55
500113074,16:00-18:00,4.83,5.0
500113074,18:00-20:00,4.82,4.84
500113074,20:00-22:00,2.58,3.67
500113074,22:00-24:00,2.68,3.24
500113075,00:00-02:00,1.17,0.91
500113075,02:00-04:00,0.67,0.46
500113075,04:00-06:00,0.5,0.61
500113075,06:00-08:00,3.75,1.76
500113075,08:00-10:00,5.68,5.0
500113075,10:00-12:00,6.28,7.45
500113075,12:00-14:00,4.94,5.36
500113075,14:00-16:00,5.36,5.46
500113075,16:00-18:00,7.03,7.2
500113075,18:00-20:00,4.83,4.92
500113075,20:00-22:00,1.5,4.02
500113075,22:00-24:00,3.6,3.01
500113077,00:00-02:00,1.33,2.06
500113077,02:00-04:00,0.5,1.07
500113077,04:00-06:00,1.0,0.51
500113077,06:00-08:00,2.92,2.58
500113077,08:00-10:00,5.08,6.03
500113077,10:00-12:00,3.75,4.42
500113077,12:00-14:00,5.98,4.8
500113077,14:00-16:00,5.6,5.53
500113077,16:00-18:00,6.92,6.83
500113077,18:00-20:00,5.49,5.32
500113077,20:00-22:00,5.06,5.02
500113077,22:00-24:00,2.01,3.16
500113078,00:00-02:00,2.83,2.38
500113078,02:00-04:00,0.58,0.92
500113078,04:00-06:00,2.25,2.86
500113078,06:00-08:00,9.17,8.92
500113078,08:00-10:00,12.92,9.92
500113078,10:00-12:00,13.08,12.33
500113078,12:00-14:00,14.02,14.79
500113078,14:00-16:00,22.4,21.94
500113078,16:00-18:00,24.28,32.92
500113078,18:00-20:00,23.5,24.58
500113078,20:00-22:00,13.0,14.73
500113078,22:00-24:00,7.87,7.56
500113079,00:00-02:00,1.75,2.12
500113079,02:00-04:00,0.5,0.83
500113079,04:00-06:00,2.58,2.68
500113079,06:00-08:00,5.92,3.17
500113079,08:00-10:00,8.23,8.92
500113079,10:00-12:00,8.83,7.42
500113079,12:00-14:00,7.59,6.65
500113079,14:00-16:00,7.99,8.49
500113079,16:00-18:00,11.21,14.35
500113079,18:00-20:00,12.88,12.73
500113079,20:00-22:00,5.67,7.72
500113079,22:00-24:00,7.36,5.52
500113081,00:00-02:00,1.42,0.58
500113081,02:00-04:00,0.5,0.83
500113081,04:00-06:00,2.42,1.17
500113081,06:00-08:00,2.58,1.58
500113081,08:00-10:00,2.58,1.25
500113081,10:00-12:00,3.0,1.75
500113081,12:00-14:00,2.83,2.74
500113081,14:00-16:00,1.0,1.5
500113081,16:00-18:00,1.42,0.92
500113081,18:00-20:00,0.92,2.17
500113081,20:00-22:00,0.83,2.83
500113081,22:00-24:00,0.5,1.84
500113083,00:00-02:00,0.83,0.81
500113083,02:00-04:00,0.17,0.25
500113083,04:00-06:00,0.33,0.51
500113083,06:00-08:00,1.42,0.8
500113083,08:00-10:00,2.49,1.61
500113083,10:00-12:00,3.0,3.5
500113083,12:00-14:00,3.24,2.73
500113083,14:00-16:00,1.84,1.31
500113083,16:00-18:00,2.95,3.05
500113083,18:00-20:00,2.87,2.87
500113083,20:00-22:00,2.0,2.75
500113083,22:00-24:00,2.43,2.3
500113085,00:00-02:00,0.67,1.24
500113085,02:00-04:00,0.25,0.5
500113085,04:00-06:00,0.75,1.67
500113085,06:00-08:00,3.75,0.84
500113085,08:00-10:00,2.75,3.36
500113085,10:00-12:00,4.75,5.43
500113085,12:00-14:00,3.91,3.32
500113085,14:00-16:00,4.68,4.4
500113085,16:00-18:00,4.03,5.89
500113085,18:00-20:00,5.45,4.88
500113085,20:00-22:00,3.5,4.32
500113085,22:00-24:00,3.77,4.1
500113086,00:00-02:00,1.0,1.08
500113086,02:00-04:00,0.25,0.42
500113086,04:00-06:00,1.42,0.72
500113086,06:00-08:00,3.67,2.75
500113086,08:00-10:00,6.5,6.09
500113086,10:00-12:00,7.17,6.5
500113086,12:00-14:00,5.99,9.0
500113086,14:00-16:00,7.52,5.73
500113086,16:00-18:00,7.6,6.92
500113086,18:00-20:00,7.52,8.17
500113086,20:00-22:00,5.11,7.02
500113086,22:00-24:00,3.43,4.13
500113087,00:00-02:00,1.08,1.33
500113087,02:00-04:00,0.0,0.33
500113087,04:00-06:00,0.25,0.71
500113087,06:00-08:00,3.5,2.45
500113087,08:00-10:00,4.58,4.37
500113087,10:00-12:00,5.0,6.27
500113087,12:00-14:00,4.9,5.48
500113087,14:00-16:00,5.77,4.65
500113087,16:00-18:00,7.46,6.42
500113087,18:00-20:00,7.1,8.11
500113087,20:00-22:00,3.33,5.88
500113087,22:00-24:00,4.52,4.08
500113088,00:00-02:00,0.83,2.17
500113088,02:00-04:00,0.42,0.66
500113088,04:00-06:00,0.92,1.42
500113088,06:00-08:00,4.58,2.0
500113088,08:00-10:00,6.55,8.0
500113088,10:00-12:00,5.3,5.33
500113088,12:00-14:00,6.98,5.88
500113088,14:00-16:00,7.09,6.5
500113088,16:00-18:00,8.14,11.43
500113088,18:00-20:00,8.67,8.16
500113088,20:00-22:00,8.25,7.86
500113088,22:00-24:00,4.02,3.51
500113089,00:00-02:00,0.35,0.83
500113089,02:00-04:00,0.25,0.08
500113089,04:00-06:00,0.42,0.08
500113089,06:00-08:00,1.32,3.42
500113089,08:00-10:00,1.42,2.17
500113089,10:00-12:00,2.42,1.92
500113089,12:00-14:00,3.49,2.58
500113089,14:00-16:00,3.84,2.42
500113089,16:00-18:00,3.08,1.75
500113089,18:00-20:00,1.92,2.58
500113089,20:00-22:00,1.67,1.83
500113089,22:00-24:00,1.0,1.51
500113090,00:00-02:00,0.67,0.67
500113090,02:00-04:00,0.17,0.33
500113090,04:00-06:00,0.5,0.75
500113090,06:00-08:00,1.42,2.08
500113090,08:00-10:00,1.83,3.81
500113090,10:00-12:00,5.83,3.15
500113090,12:00-14:00,3.41,5.15
500113090,14:00-16:00,3.76,4.09
500113090,16:00-18:00,5.5,6.02
500113090,18:00-20:00,4.33,4.34
500113090,20:00-22:00,3.25,2.17
500113090,22:00-24:00,1.0,1.59
500113091,00:00-02:00,1.42,2.02
500113091,02:00-04:00,0.25,0.42
500113091,04:00-06:00,0.67,0.5
500113091,06:00-08:00,3.25,2.72
500113091,08:00-10:00,8.17,7.61
500113091,10:00-12:00,9.17,8.08
500113091,12:00-14:00,7.65,8.31
500113091,14:00-16:00,7.02,8.55
500113091,16:00-18:00,14.67,15.31
500113091,18:00-20:00,11.3,10.06
500113091,20:00-22:00,4.85,4.5
500113091,22:00-24:00,2.59,5.32
500113092,00:00-02:00,0.25,0.58
500113092,02:00-04:00,0.67,3.64
500113092,04:00-06:00,2.42,1.2
500113092,06:00-08:00,4.09,2.42
500113092,08:00-10:00,3.25,3.88
500113092,10:00-12:00,3.63,1.5
500113092,12:00-14:00,1.01,1.5
500113092,14:00-16:00,0.17,0.25
500113092,16:00-18:00,1.08,0.58
500113092,18:00-20:00,0.08,0.33
500113092,20:00-22:00,0.17,1.1
500113092,22:00-24:00,0.76,0.43
500113093,00:00-02:00,1.0,0.85
500113093,02:00-04:00,0.17,1.14
500113093,04:00-06:00,1.0,0.43
500113093,06:00-08:00,3.5,1.08
500113093,08:00-10:00,4.42,5.08
500113093,10:00-12:00,5.42,5.83
500113093,12:00-14:00,3.99,1.83
500113093,14:00-16:00,3.51,2.45
500113093,16:00-18:00,3.68,3.17
500113093,18:00-20:00,3.14,4.5
500113093,20:00-22:00,1.33,4.17
500113093,22:00-24:00,2.51,2.32
500113094,00:00-02:00,5.89,4.42
500113094,02:00-04:00,2.05,2.25
500113094,04:00-06:00,3.02,3.17
500113094,06:00-08:00,11.13,17.02
500113094,08:00-10:00,14.43,19.51
500113094,10:00-12:00,15.36,25.21
500113094,12:00-14:00,17.53,20.83
500113094,14:00-16:00,20.72,22.15
500113094,16:00-18:00,25.75,26.19
500113094,18:00-20:00,24.08,19.83
500113094,20:00-22:00,24.52,16.02
500113094,22:00-24:00,23.44,12.13
500113095,00:00-02:00,3.8,3.83
500113095,02:00-04:00,0.63,0.42
500113095,04:00-06:00,0.75,3.17
500113095,06:00-08:00,13.36,18.45
500113095,08:00-10:00,15.17,20.56
500113095,10:00-12:00,17.39,20.27
500113095,12:00-14:00,18.12,21.43
500113095,14:00-16:00,25.43,20.37
500113095,16:00-18:00,28.4,21.08
500113095,18:00-20:00,20.11,15.58
500113095,20:00-22:00,23.38,13.25
500113095,22:00-24:00,23.72,7.36
500113096,00:00-02:00,0.25,0.17
500113096,02:00-04:00,0.5,0.0
500113096,04:00-06:00,0.5,0.67
500113096,06:00-08:00,0.58,0.67
500113096,08:00-10:00,1.67,2.25
500113096,10:00-12:00,2.42,3.38
500113096,12:00-14:00,4.24,4.03
500113096,14:00-16:00,4.94,4.33
500113096,16:00-18:00,5.83,7.6
500113096,18:00-20:00,5.0,6.96
500113096,20:00-22:00,2.83,2.72
500113096,22:00-24:00,0.84,1.07
500113097,00:00-02:00,1.83,1.42
500113097,02:00-04:00,0.08,0.5
500113097,04:00-06:00,1.0,0.17
500113097,06:00-08:00,2.83,1.75
500113097,08:00-10:00,5.67,3.75
500113097,10:00-12:00,4.75,4.58
500113097,12:00-14:00,4.54,3.99
500113097,14:00-16:00,6.34,6.36
500113097,16:00-18:00,7.09,6.5
500113097,18:00-20:00,3.67,4.76
500113097,20:00-22:00,4.17,7.18
500113097,22:00-24:00,3.18,4.59
500113098,00:00-02:00,0.67,0.83
500113098,02:00-04:00,0.58,1.08
500113098,04:00-06:00,1.75,1.67
500113098,06:00-08:00,3.08,4.79
500113098,08:00-10:00,7.33,6.25
500113098,10:00-12:00,8.18,7.26
500113098,12:00-14:00,6.03,5.67
500113098,14:00-16:00,9.24,7.3
500113098,16:00-18:00,10.23,11.26
500113098,18:00-20:00,7.88,7.47
500113098,20:00-22:00,5.85,5.91
500113098,22:00-24:00,2.89,2.47
500113099,00:00-02:00,5.55,3.33
500113099,02:00-04:00,2.03,1.33
500113099,04:00-06:00,2.36,3.01
500113099,06:00-08:00,3.86,2.83
500113099,08:00-10:00,5.43,6.0
500113099,10:00-12:00,8.11,8.08
500113099,12:00-14:00,9.24,10.99
500113099,14:00-16:00,10.64,8.69
500113099,16:00-18:00,11.26,11.92
500113099,18:00-20:00,11.01,10.75
500113099,20:00-22:00,8.4,8.5
500113099,22:00-24:00,7.08,6.09
500113100,00:00-02:00,0.25,0.33
500113100,02:00-04:00,0.0,0.0
500113100,04:00-06:00,0.58,0.25
500113100,06:00-08:00,0.33,0.33
500113100,08:00-10:00,0.33,0.75
500113100,10:00-12:00,1.67,0.5
500113100,12:00-14:00,0.66,0.5
500113100,14:00-16:00,1.67,0.58
500113100,16:00-18:00,1.17,1.08
500113100,18:00-20:00,0.75,0.75
500113100,20:00-22:00,0.42,0.42
500113100,22:00-24:00,0.0,0.25
500113101,00:00-02:00,0.25,1.17
500113101,02:00-04:00,0.08,0.71
500113101,04:00-06:00,0.83,0.3
500113101,06:00-08:00,3.33,1.51
500113101,08:00-10:00,4.7,5.92
500113101,10:00-12:00,4.92,4.67
500113101,12:00-14:00,4.74,3.61
500113101,14:00-16:00,3.82,3.12
500113101,16:00-18:00,4.77,5.15
500113101,18:00-20:00,5.61,5.91
500113101,20:00-22:00,2.58,4.58
500113101,22:00-24:00,1.67,1.84
500119005,00:00-02:00,4.42,5.0
500119005,02:00-04:00,1.83,2.42
500119005,04:00-06:00,2.5,2.71
500119005,06:00-08:00,7.08,2.93
500119005,08:00-10:00,13.29,9.17
500119005,10:00-12:00,16.57,11.75
500119005,12:00-14:00,12.11,10.55
500119005,14:00-16:00,13.17,13.12
500119005,16:00-18:00,12.27,11.67
500119005,18:00-20:00,9.99,13.67
500119005,20:00-22:00,10.11,12.67
500119005,22:00-24:00,10.13,11.46
500119006,00:00-02:00,1.42,4.17
500119006,02:00-04:00,0.5,1.25
500119006,04:00-06:00,0.58,1.58
500119006,06:00-08:00,4.58,0.92
500119006,08:00-10:00,15.17,9.25
500119006,10:00-12:00,10.35,10.0
500119006,12:00-14:00,8.77,7.15
500119006,14:00-16:00,8.66,6.43
500119006,16:00-18:00,6.18,5.83
500119006,18:00-20:00,5.19,7.75
500119006,20:00-22:00,3.37,12.25
500119006,22:00-24:00,3.43,6.78
500119007,00:00-02:00,1.17,2.17
500119007,02:00-04:00,0.67,0.75
500119007,04:00-06:00,0.42,0.58
500119007,06:00-08:00,2.97,0.92
500119007,08:00-10:00,6.64,4.0
500119007,10:00-12:00,7.11,3.75
500119007,12:00-14:00,4.96,3.32
500119007,14:00-16:00,5.96,7.44
500119007,16:00-18:00,8.29,7.25
500119007,18:00-20:00,5.8,10.92
500119007,20:00-22:00,4.42,5.17
500119007,22:00-24:00,4.85,5.91
500119008,00:00-02:00,0.68,0.42
500119008,02:00-04:00,0.0,0.0
500119008,04:00-06:00,0.08,0.83
500119008,06:00-08:00,0.08,0.33
500119008,08:00-10:00,0.75,0.33
500119008,10:00-12:00,0.87,1.08
500119008,12:00-14:00,0.75,0.5
500119008,14:00-16:00,0.84,1.62
500119008,16:00-18:00,1.16,0.4
500119008,18:00-20:00,1.02,2.02
500119008,20:00-22:00,0.25,2.12
500119008,22:00-24:00,2.43,0.1
500119009,00:00-02:00,1.75,3.4
500119009,02:00-04:00,1.58,1.87
500119009,04:00-06:00,2.92,2.69
500119009,06:00-08:00,8.5,5.11
500119009,08:00-10:00,13.28,7.43
500119009,10:00-12:00,15.29,13.42
500119009,12:00-14:00,15.42,15.46
500119009,14:00-16:00,15.24,16.04
500119009,16:00-18:00,18.89,14.67
500119009,18:00-20:00,12.28,16.92
500119009,20:00-22:00,8.67,13.6
500119009,22:00-24:00,8.45,7.89
500119043,00:00-02:00,1.67,7.56
500119043,02:00-04:00,0.92,1.79
500119043,04:00-06:00,0.58,0.21
500119043,06:00-08:00,8.83,0.81
500119043,08:00-10:00,16.17,6.92
500119043,10:00-12:00,19.54,5.92
500119043,12:00-14:00,20.19,9.81
500119043,14:00-16:00,15.37,10.45
500119043,16:00-18:00,19.27,12.58
500119043,18:00-20:00,15.82,21.25
500119043,20:00-22:00,6.83,22.58
500119043,22:00-24:00,5.27,13.25
500119044,00:00-02:00,1.0,0.0
500119044,02:00-04:00,0.3,0.0
500119044,04:00-06:00,0.0,0.0
500119044,06:00-08:00,0.66,1.75
500119044,08:00-10:00,1.5,5.08
500119044,10:00-12:00,4.25,4.0
500119044,12:00-14:00,4.57,6.15
500119044,14:00-16:00,2.84,3.26
500119044,16:00-18:00,7.69,4.0
500119044,18:00-20:00,4.12,5.33
500119044,20:00-22:00,2.9,1.0
500119044,22:00-24:00,2.1,1.42
500119045,00:00-02:00,0.83,0.83
500119045,02:00-04:00,0.6,0.42
500119045,04:00-06:00,0.55,1.17
500119045,06:00-08:00,4.17,5.25
500119045,08:00-10:00,7.0,12.12
500119045,10:00-12:00,9.62,12.72
500119045,12:00-14:00,13.42,17.0
500119045,14:00-16:00,12.97,12.93
500119045,16:00-18:00,12.42,14.79
500119045,18:00-20:00,13.17,13.67
500119045,20:00-22:00,11.08,4.75
500119045,22:00-24:00,3.26,2.01
500119046,00:00-02:00,0.92,0.17
500119046,02:00-04:00,0.33,0.17
500119046,04:00-06:00,0.0,0.0
500119046,06:00-08:00,0.42,1.25
500119046,08:00-10:00,2.08,5.32
500119046,10:00-12:00,4.58,5.06
500119046,12:00-14:00,3.57,9.19
500119046,14:00-16:00,5.77,4.84
500119046,16:00-18:00,6.08,7.02
500119046,18:00-20:00,3.92,3.96
500119046,20:00-22:00,4.92,1.29
500119046,22:00-24:00,3.18,0.42
500119047,00:00-02:00,2.73,1.25
500119047,02:00-04:00,0.59,1.0
500119047,04:00-06:00,0.5,0.0
500119047,06:00-08:00,0.59,0.33
500119047,08:00-10:00,0.56,3.25
500119047,10:00-12:00,2.75,5.67
500119047,12:00-14:00,4.49,5.56
500119047,14:00-16:00,4.01,8.37
500119047,16:00-18:00,9.5,4.45
500119047,18:00-20:00,7.16,5.42
500119047,20:00-22:00,5.36,2.25
500119047,22:00-24:00,1.69,0.42
500119048,00:00-02:00,3.18,1.22
500119048,02:00-04:00,1.2,0.08
500119048,04:00-06:00,0.0,0.25
500119048,06:00-08:00,3.14,1.0
500119048,08:00-10:00,8.06,4.17
500119048,10:00-12:00,6.08,5.67
500119048,12:00-14:00,11.54,9.14
500119048,14:00-16:00,10.52,9.19
500119048,16:00-18:00,8.91,14.17
500119048,18:00-20:00,8.51,8.06
500119048,20:00-22:00,9.28,4.58
500119048,22:00-24:00,7.51,4.69
500119049,00:00-02:00,0.5,0.0
500119049,02:00-04:00,0.0,0.33
500119049,04:00-06:00,0.09,0.42
500119049,06:00-08:00,0.5,0.75
500119049,08:00-10:00,1.75,2.58
500119049,10:00-12:00,2.33,2.42
500119049,12:00-14:00,2.99,5.24
500119049,14:00-16:00,3.18,3.59
500119049,16:00-18:00,6.17,2.92
500119049,18:00-20:00,3.25,3.42
500119049,20:00-22:00,2.17,1.67
500119049,22:00-24:00,0.92,0.33
500119050,00:00-02:00,1.33,0.58
500119050,02:00-04:00,0.08,0.58
500119050,04:00-06:00,0.25,0.42
500119050,06:00-08:00,1.92,3.67
500119050,08:00-10:00,6.25,12.87
500119050,10:00-12:00,10.5,9.24
500119050,12:00-14:00,10.89,16.62
500119050,14:00-16:00,14.46,12.7
500119050,16:00-18:00,15.08,12.85
500119050,18:00-20:00,8.83,6.5
500119050,20:00-22:00,4.58,5.0
500119050,22:00-24:00,3.77,1.0
500119051,00:00-02:00,1.59,1.08
500119051,02:00-04:00,0.17,0.0
500119051,04:00-06:00,0.27,0.25
500119051,06:00-08:00,1.69,3.25
500119051,08:00-10:00,4.63,3.67
500119051,10:00-12:00,4.86,4.25
500119051,12:00-14:00,5.31,5.24
500119051,14:00-16:00,5.72,7.44
500119051,16:00-18:00,7.95,6.08
500119051,18:00-20:00,6.54,4.08
500119051,20:00-22:00,3.22,4.17
500119051,22:00-24:00,1.84,2.59
500119052,00:00-02:00,3.44,0.5
500119052,02:00-04:00,0.5,0.25
500119052,04:00-06:00,0.69,0.25
500119052,06:00-08:00,0.92,2.5
500119052,08:00-10:00,7.0,10.25
500119052,10:00-12:00,15.33,19.14
500119052,12:00-14:00,18.53,17.98
500119052,14:00-16:00,13.79,16.85
500119052,16:00-18:00,17.42,15.74
500119052,18:00-20:00,15.27,10.22
500119052,20:00-22:00,10.14,7.58
500119052,22:00-24:00,5.53,5.94
500119053,00:00-02:00,1.38,0.17
500119053,02:00-04:00,0.39,0.17
500119053,04:00-06:00,0.1,0.08
500119053,06:00-08:00,1.59,1.92
500119053,08:00-10:00,1.92,11.08
500119053,10:00-12:00,5.42,8.0
500119053,12:00-14:00,9.64,10.92
500119053,14:00-16:00,7.52,8.5
500119053,16:00-18:00,14.67,9.0
500119053,18:00-20:00,6.33,5.42
500119053,20:00-22:00,3.75,3.42
500119053,22:00-24:00,4.02,1.59
500119054,00:00-02:00,2.14,0.33
500119054,02:00-04:00,0.79,0.67
500119054,04:00-06:00,0.13,0.42
500119054,06:00-08:00,0.37,1.67
500119054,08:00-10:00,0.78,5.17
500119054,10:00-12:00,2.67,4.58
500119054,12:00-14:00,3.74,6.46
500119054,14:00-16:00,5.26,5.66
500119054,16:00-18:00,9.51,4.09
500119054,18:00-20:00,6.51,5.25
500119054,20:00-22:00,3.5,4.0
500119054,22:00-24:00,4.74,0.67
500119055,00:00-02:00,1.44,3.33
500119055,02:00-04:00,0.2,0.17
500119055,04:00-06:00,0.6,0.5
500119055,06:00-08:00,2.67,3.92
500119055,08:00-10:00,7.67,12.08
500119055,10:00-12:00,9.99,8.0
500119055,12:00-14:00,12.43,15.81
500119055,14:00-16:00,13.29,13.3
500119055,16:00-18:00,15.0,10.38
500119055,18:00-20:00,7.28,8.94
500119055,20:00-22:00,5.6,4.59
500119055,22:00-24:00,5.42,1.59
500119056,00:00-02:00,2.52,2.85
500119056,02:00-04:00,0.58,1.38
500119056,04:00-06:00,0.59,0.27
500119056,06:00-08:00,2.37,0.83
500119056,08:00-10:00,3.45,2.08
500119056,10:00-12:00,4.44,4.67
500119056,12:00-14:00,6.42,4.75
500119056,14:00-16:00,5.29,5.35
500119056,16:00-18:00,6.66,7.14
500119056,18:00-20:00,5.29,5.33
500119056,20:00-22:00,4.0,4.28
500119056,22:00-24:00,4.18,4.23
500119057,00:00-02:00,0.66,0.08
500119057,02:00-04:00,0.0,0.25
500119057,04:00-06:00,0.25,1.5
500119057,06:00-08:00,0.25,0.58
500119057,08:00-10:00,1.75,3.08
500119057,10:00-12:00,3.16,2.5
500119057,12:00-14:00,3.03,4.16
500119057,14:00-16:00,2.61,4.26
500119057,16:00-18:00,4.63,5.17
500119057,18:00-20:00,3.08,1.25
500119057,20:00-22:00,2.45,1.17
500119057,22:00-24:00,2.19,0.33
500119058,00:00-02:00,1.48,0.67
500119058,02:00-04:00,0.0,0.0
500119058,04:00-06:00,0.4,2.83
500119058,06:00-08:00,5.58,10.67
500119058,08:00-10:00,15.58,22.62
500119058,10:00-12:00,11.75,13.06
500119058,12:00-14:00,16.22,11.36
500119058,14:00-16:00,12.53,24.0
500119058,16:00-18:00,22.97,16.57
500119058,18:00-20:00,17.52,15.36
500119058,20:00-22:00,9.32,6.5
500119058,22:00-24:00,5.56,2.01
500119059,00:00-02:00,0.62,1.33
500119059,02:00-04:00,0.93,0.0
500119059,04:00-06:00,0.49,0.17
500119059,06:00-08:00,0.84,0.25
500119059,08:00-10:00,1.58,1.92
500119059,10:00-12:00,3.61,4.83
500119059,12:00-14:00,5.06,5.48
500119059,14:00-16:00,6.37,8.19
500119059,16:00-18:00,7.08,6.08
500119059,18:00-20:00,3.75,1.08
500119059,20:00-22:00,1.94,0.67
500119059,22:00-24:00,2.17,3.01
500119060,00:00-02:00,0.3,0.5
500119060,02:00-04:00,0.3,0.0
500119060,04:00-06:00,0.0,0.17
500119060,06:00-08:00,0.17,0.42
500119060,08:00-10:00,2.59,3.92
500119060,10:00-12:00,4.17,4.43
500119060,12:00-14:00,6.9,8.72
500119060,14:00-16:00,9.69,10.31
500119060,16:00-18:00,9.83,11.53
500119060,18:00-20:00,4.75,3.21
500119060,20:00-22:00,4.23,2.08
500119060,22:00-24:00,4.24,1.37
500119061,00:00-02:00,3.54,1.25
500119061,02:00-04:00,0.35,0.33
500119061,04:00-06:00,0.66,0.92
500119061,06:00-08:00,0.98,3.58
500119061,08:00-10:00,5.0,5.25
500119061,10:00-12:00,7.0,10.08
500119061,12:00-14:00,11.61,10.8
500119061,14:00-16:00,11.41,10.99
500119061,16:00-18:00,13.98,11.33
500119061,18:00-20:00,10.01,10.0
500119061,20:00-22:00,8.65,1.75
500119061,22:00-24:00,5.05,3.93
500119062,00:00-02:00,0.33,0.42
500119062,02:00-04:00,0.08,0.0
500119062,04:00-06:00,0.0,0.0
500119062,06:00-08:00,0.33,0.25
500119062,08:00-10:00,0.84,0.58
500119062,10:00-12:00,0.62,0.92
500119062,12:00-14:00,1.37,1.08
500119062,14:00-16:00,0.94,0.58
500119062,16:00-18:00,2.85,2.08
500119062,18:00-20:00,1.51,2.75
500119062,20:00-22:00,1.42,1.33
500119062,22:00-24:00,1.34,0.92
500119063,00:00-02:00,0.42,0.67
500119063,02:00-04:00,0.08,0.17
500119063,04:00-06:00,0.0,0.0
500119063,06:00-08:00,0.17,0.42
500119063,08:00-10:00,2.33,1.33
500119063,10:00-12:00,4.18,1.0
500119063,12:00-14:00,2.23,4.24
500119063,14:00-16:00,2.34,1.75
500119063,16:00-18:00,1.7,3.5
500119063,18:00-20:00,1.67,0.92
500119063,20:00-22:00,1.75,0.75
500119063,22:00-24:00,2.28,0.84
500119064,00:00-02:00,1.67,2.37
500119064,02:00-04:00,0.17,1.47
500119064,04:00-06:00,2.83,0.26
500119064,06:00-08:00,0.67,0.92
500119064,08:00-10:00,3.25,3.0
500119064,10:00-12:00,12.53,4.08
500119064,12:00-14:00,13.78,6.32
500119064,14:00-16:00,5.42,6.85
500119064,16:00-18:00,9.51,3.92
500119064,18:00-20:00,6.9,4.67
500119064,20:00-22:00,3.01,8.66
500119064,22:00-24:00,4.02,8.07
500119065,00:00-02:00,0.24,0.08
500119065,02:00-04:00,0.0,0.33
500119065,04:00-06:00,0.34,0.42
500119065,06:00-08:00,0.26,1.08
500119065,08:00-10:00,2.27,1.08
500119065,10:00-12:00,3.25,2.17
500119065,12:00-14:00,2.67,2.58
500119065,14:00-16:00,3.38,3.91
500119065,16:00-18:00,3.46,3.44
500119065,18:00-20:00,2.48,1.5
500119065,20:00-22:00,1.61,0.33
500119065,22:00-24:00,0.81,0.33
500119066,00:00-02:00,0.69,0.17
500119066,02:00-04:00,0.34,0.08
500119066,04:00-06:00,0.1,0.67
500119066,06:00-08:00,0.92,2.25
500119066,08:00-10:00,4.08,10.34
500119066,10:00-12:00,7.92,8.13
500119066,12:00-14:00,10.23,10.49
500119066,14:00-16:00,8.85,10.16
500119066,16:00-18:00,10.66,6.68
500119066,18:00-20:00,9.44,8.3
500119066,20:00-22:00,5.12,3.83
500119066,22:00-24:00,2.35,1.67
500119067,00:00-02:00,1.34,1.83
500119067,02:00-04:00,0.34,0.33
500119067,04:00-06:00,0.34,1.08
500119067,06:00-08:00,1.66,2.83
500119067,08:00-10:00,6.25,14.42
500119067,10:00-12:00,12.08,10.74
500119067,12:00-14:00,11.63,14.63
500119067,14:00-16:00,16.91,13.29
500119067,16:00-18:00,18.37,11.17
500119067,18:00-20:00,10.36,9.83
500119067,20:00-22:00,6.11,5.33
500119067,22:00-24:00,4.51,2.76
500119068,00:00-02:00,1.29,1.67
500119068,02:00-04:00,0.46,0.17
500119068,04:00-06:00,0.2,0.5
500119068,06:00-08:00,0.44,1.25
500119068,08:00-10:00,1.92,6.58
500119068,10:00-12:00,3.75,6.08
500119068,12:00-14:00,7.4,7.56
500119068,14:00-16:00,8.61,7.77
500119068,16:00-18:00,13.0,8.0
500119068,18:00-20:00,6.07,5.25
500119068,20:00-22:00,2.73,1.92
500119068,22:00-24:00,3.15,1.26
500119069,00:00-02:00,0.5,0.25
500119069,02:00-04:00,0.33,0.0
500119069,04:00-06:00,0.08,0.0
500119069,06:00-08:00,0.08,0.42
500119069,08:00-10:00,1.68,1.42
500119069,10:00-12:00,0.58,0.58
500119069,12:00-14:00,1.51,1.66
500119069,14:00-16:00,2.72,3.68
500119069,16:00-18:00,2.92,4.17
500119069,18:00-20:00,2.42,2.17
500119069,20:00-22:00,1.83,0.67
500119069,22:00-24:00,0.75,0.33
500119070,00:00-02:00,5.49,7.79
500119070,02:00-04:00,2.25,3.5
500119070,04:00-06:00,2.67,1.25
500119070,06:00-08:00,5.33,2.17
500119070,08:00-10:00,11.26,4.42
500119070,10:00-12:00,8.43,8.58
500119070,12:00-14:00,16.91,14.04
500119070,14:00-16:00,10.94,9.53
500119070,16:00-18:00,11.23,13.33
500119070,18:00-20:00,13.32,16.0
500119070,20:00-22:00,14.74,11.83
500119070,22:00-24:00,12.08,10.96
500119071,00:00-02:00,0.5,0.0
500119071,02:00-04:00,0.12,0.17
500119071,04:00-06:00,0.1,0.92
500119071,06:00-08:00,0.83,0.58
500119071,08:00-10:00,0.92,3.08
500119071,10:00-12:00,1.67,1.17
500119071,12:00-14:00,2.01,1.75
500119071,14:00-16:00,1.74,2.51
500119071,16:00-18:00,3.83,2.08
500119071,18:00-20:00,2.61,3.08
500119071,20:00-22:00,2.74,0.83
500119071,22:00-24:00,1.11,0.5
500119072,00:00-02:00,1.04,0.33
500119072,02:00-04:00,0.18,0.42
500119072,04:00-06:00,0.0,0.17
500119072,06:00-08:00,0.36,0.83
500119072,08:00-10:00,1.17,1.42
500119072,10:00-12:00,2.33,3.33
500119072,12:00-14:00,3.58,5.08
500119072,14:00-16:00,3.84,5.47
500119072,16:00-18:00,5.77,2.84
500119072,18:00-20:00,4.33,3.08
500119072,20:00-22:00,2.46,2.25
500119072,22:00-24:00,2.02,1.34
500119074,00:00-02:00,2.3,0.25
500119074,02:00-04:00,1.0,0.0
500119074,04:00-06:00,0.0,0.33
500119074,06:00-08:00,0.37,0.58
500119074,08:00-10:00,1.24,5.33
500119074,10:00-12:00,4.17,5.81
500119074,12:00-14:00,6.32,10.55
500119074,14:00-16:00,7.44,7.46
500119074,16:00-18:00,8.2,5.6
500119074,18:00-20:00,7.46,3.42
500119074,20:00-22:00,3.63,1.83
500119074,22:00-24:00,3.79,0.67
500119075,00:00-02:00,0.97,0.67
500119075,02:00-04:00,0.71,0.33
500119075,04:00-06:00,0.66,2.33
500119075,06:00-08:00,2.36,5.67
500119075,08:00-10:00,9.83,26.56
500119075,10:00-12:00,28.67,29.53
500119075,12:00-14:00,32.58,34.4
500119075,14:00-16:00,25.99,30.92
500119075,16:00-18:00,41.75,32.9
500119075,18:00-20:00,32.63,26.32
500119075,20:00-22:00,18.68,13.42
500119075,22:00-24:00,5.0,4.52
500119076,00:00-02:00,2.32,3.5
500119076,02:00-04:00,1.37,1.42
500119076,04:00-06:00,0.96,0.25
500119076,06:00-08:00,0.55,0.5
500119076,08:00-10:00,2.08,2.5
500119076,10:00-12:00,3.42,4.5
500119076,12:00-14:00,5.57,8.03
500119076,14:00-16:00,6.43,8.27
500119076,16:00-18:00,8.58,5.02
500119076,18:00-20:00,9.69,6.17
500119076,20:00-22:00,5.24,2.83
500119076,22:00-24:00,4.68,4.94
500119077,00:00-02:00,0.37,0.0
500119077,02:00-04:00,0.0,0.0
500119077,04:00-06:00,0.0,0.42
500119077,06:00-08:00,0.09,1.83
500119077,08:00-10:00,1.0,8.0
500119077,10:00-12:00,2.33,2.25
500119077,12:00-14:00,4.32,5.4
500119077,14:00-16:00,4.6,8.8
500119077,16:00-18:00,7.83,3.83
500119077,18:00-20:00,5.83,2.17
500119077,20:00-22:00,2.08,0.5
500119077,22:00-24:00,2.5,0.33
500119078,00:00-02:00,2.4,0.33
500119078,02:00-04:00,0.45,0.83
500119078,04:00-06:00,0.0,0.58
500119078,06:00-08:00,0.08,0.25
500119078,08:00-10:00,1.33,2.73
500119078,10:00-12:00,1.83,1.19
500119078,12:00-14:00,1.93,4.08
500119078,14:00-16:00,1.92,3.5
500119078,16:00-18:00,3.92,2.16
500119078,18:00-20:00,3.44,2.53
500119078,20:00-22:00,2.49,0.53
500119078,22:00-24:00,1.96,0.17
500119079,00:00-02:00,2.14,1.25
500119079,02:00-04:00,1.03,0.5
500119079,04:00-06:00,0.28,1.08
500119079,06:00-08:00,2.52,3.94
500119079,08:00-10:00,6.16,6.09
500119079,10:00-12:00,7.3,9.36
500119079,12:00-14:00,12.58,13.18
500119079,14:00-16:00,11.53,10.81
500119079,16:00-18:00,10.81,13.79
500119079,18:00-20:00,11.1,11.23
500119079,20:00-22:00,8.88,5.83
500119079,22:00-24:00,4.21,4.02
500119080,00:00-02:00,0.47,0.17
500119080,02:00-04:00,0.12,0.17
500119080,04:00-06:00,0.09,0.25
500119080,06:00-08:00,0.3,0.33
500119080,08:00-10:00,1.62,1.42
500119080,10:00-12:00,2.7,2.17
500119080,12:00-14:00,3.71,3.16
500119080,14:00-16:00,2.35,3.43
500119080,16:00-18:00,3.19,1.86
500119080,18:00-20:00,1.73,1.17
500119080,20:00-22:00,1.01,0.42
500119080,22:00-24:00,0.94,0.5
500119081,00:00-02:00,0.84,0.75
500119081,02:00-04:00,0.16,0.5
500119081,04:00-06:00,0.19,0.58
500119081,06:00-08:00,0.42,0.83
500119081,08:00-10:00,2.6,3.5
500119081,10:00-12:00,6.17,5.33
500119081,12:00-14:00,8.14,6.65
500119081,14:00-16:00,6.31,6.18
500119081,16:00-18:00,9.9,6.33
500119081,18:00-20:00,7.38,6.75
500119081,20:00-22:00,2.83,2.33
500119081,22:00-24:00,2.76,2.59
500119082,00:00-02:00,1.01,0.67
500119082,02:00-04:00,0.19,0.08
500119082,04:00-06:00,0.11,0.33
500119082,06:00-08:00,0.3,0.25
500119082,08:00-10:00,1.2,1.08
500119082,10:00-12:00,1.13,1.25
500119082,12:00-14:00,1.26,1.0
500119082,14:00-16:00,1.57,2.51
500119082,16:00-18:00,1.27,1.96
500119082,18:00-20:00,0.92,0.75
500119082,20:00-22:00,1.33,0.19
500119082,22:00-24:00,1.3,0.0
500119083,00:00-02:00,0.81,0.33
500119083,02:00-04:00,0.19,0.25
500119083,04:00-06:00,0.0,1.58
500119083,06:00-08:00,0.58,1.9
500119083,08:00-10:00,3.28,4.59
500119083,10:00-12:00,3.5,3.44
500119083,12:00-14:00,4.99,6.47
500119083,14:00-16:00,7.34,6.41
500119083,16:00-18:00,6.6,5.45
500119083,18:00-20:00,3.34,2.5
500119083,20:00-22:00,2.44,2.42
500119083,22:00-24:00,1.48,1.76
500119084,00:00-02:00,1.97,2.17
500119084,02:00-04:00,0.63,0.75
500119084,04:00-06:00,0.2,2.0
500119084,06:00-08:00,0.92,1.08
500119084,08:00-10:00,1.25,5.33
500119084,10:00-12:00,8.39,3.5
500119084,12:00-14:00,8.04,5.65
500119084,14:00-16:00,5.39,9.86
500119084,16:00-18:00,10.23,2.83
500119084,18:00-20:00,6.43,5.25
500119084,20:00-22:00,3.23,6.0
500119084,22:00-24:00,5.15,3.43
500119085,00:00-02:00,2.39,0.83
500119085,02:00-04:00,0.24,0.67
500119085,04:00-06:00,0.57,0.75
500119085,06:00-08:00,0.76,0.67
500119085,08:00-10:00,0.97,2.92
500119085,10:00-12:00,6.81,4.74
500119085,12:00-14:00,6.85,7.42
500119085,14:00-16:00,5.51,8.98
500119085,16:00-18:00,9.81,5.34
500119085,18:00-20:00,7.43,5.87
500119085,20:00-22:00,5.26,4.08
500119085,22:00-24:00,3.64,2.01
500119086,00:00-02:00,0.6,0.17
500119086,02:00-04:00,0.09,0.5
500119086,04:00-06:00,0.08,0.17
500119086,06:00-08:00,0.17,1.58
500119086,08:00-10:00,1.08,4.25
500119086,10:00-12:00,5.58,8.08
500119086,12:00-14:00,4.32,12.88
500119086,14:00-16:00,3.01,8.63
500119086,16:00-18:00,13.33,5.21
500119086,18:00-20:00,11.17,4.58
500119086,20:00-22:00,5.75,4.5
500119086,22:00-24:00,4.01,0.5
500119087,00:00-02:00,1.2,0.42
500119087,02:00-04:00,0.59,0.25
500119087,04:00-06:00,0.72,2.25
500119087,06:00-08:00,1.3,2.0
500119087,08:00-10:00,1.92,9.48
500119087,10:00-12:00,10.17,11.82
500119087,12:00-14:00,13.88,15.99
500119087,14:00-16:00,12.7,13.49
500119087,16:00-18:00,17.14,15.18
500119087,18:00-20:00,14.87,6.75
500119087,20:00-22:00,7.4,3.42
500119087,22:00-24:00,3.16,2.18
500119088,00:00-02:00,2.11,3.83
500119088,02:00-04:00,1.17,1.0
500119088,04:00-06:00,0.33,0.5
500119088,06:00-08:00,3.75,1.67
500119088,08:00-10:00,6.0,7.75
500119088,10:00-12:00,10.7,8.0
500119088,12:00-14:00,14.35,15.37
500119088,14:00-16:00,10.72,10.28
500119088,16:00-18:00,14.12,9.83
500119088,18:00-20:00,12.43,13.5
500119088,20:00-22:00,8.93,10.5
500119088,22:00-24:00,4.47,6.46
500119089,00:00-02:00,1.17,1.17
500119089,02:00-04:00,0.2,0.17
500119089,04:00-06:00,0.39,0.67
500119089,06:00-08:00,0.44,0.42
500119089,08:00-10:00,1.06,1.75
500119089,10:00-12:00,5.74,3.67
500119089,12:00-14:00,6.05,7.4
500119089,14:00-16:00,4.76,9.19
500119089,16:00-18:00,10.6,6.18
500119089,18:00-20:00,5.16,4.83
500119089,20:00-22:00,2.54,1.42
500119089,22:00-24:00,2.39,1.51
500119090,00:00-02:00,1.44,1.25
500119090,02:00-04:00,0.88,0.42
500119090,04:00-06:00,0.79,2.58
500119090,06:00-08:00,4.92,8.33
500119090,08:00-10:00,10.17,27.5
500119090,10:00-12:00,22.25,26.56
500119090,12:00-14:00,32.38,23.85
500119090,14:00-16:00,21.89,30.78
500119090,16:00-18:00,33.18,24.05
500119090,18:00-20:00,19.13,14.43
500119090,20:00-22:00,11.42,8.17
500119090,22:00-24:00,2.54,2.09
500119091,00:00-02:00,0.0,0.25
500119091,02:00-04:00,0.0,0.08
500119091,04:00-06:00,0.5,0.0
500119091,06:00-08:00,0.63,0.33
500119091,08:00-10:00,2.09,3.67
500119091,10:00-12:00,4.08,2.25
500119091,12:00-14:00,4.04,1.83
500119091,14:00-16:00,2.21,4.43
500119091,16:00-18:00,4.75,2.08
500119091,18:00-20:00,2.48,2.33
500119091,20:00-22:00,2.05,3.25
500119091,22:00-24:00,1.61,1.81
500119092,00:00-02:00,1.53,1.25
500119092,02:00-04:00,0.69,0.42
500119092,04:00-06:00,0.3,0.25
500119092,06:00-08:00,0.68,1.0
500119092,08:00-10:00,1.58,6.45
500119092,10:00-12:00,4.75,5.56
500119092,12:00-14:00,10.28,6.27
500119092,14:00-16:00,5.14,5.21
500119092,16:00-18:00,8.34,7.21
500119092,18:00-20:00,6.39,5.92
500119092,20:00-22:00,4.79,4.05
500119092,22:00-24:00,3.35,2.43
500119093,00:00-02:00,0.3,0.0
500119093,02:00-04:00,0.0,0.0
500119093,04:00-06:00,0.0,0.08
500119093,06:00-08:00,0.17,0.33
500119093,08:00-10:00,0.68,1.75
500119093,10:00-12:00,0.5,3.5
500119093,12:00-14:00,1.5,3.07
500119093,14:00-16:00,1.5,2.84
500119093,16:00-18:00,2.58,2.08
500119093,18:00-20:00,1.5,1.5
500119093,20:00-22:00,3.25,0.58
500119093,22:00-24:00,2.09,0.5
500119094,00:00-02:00,2.47,1.33
500119094,02:00-04:00,0.33,0.75
500119094,04:00-06:00,0.18,1.25
500119094,06:00-08:00,1.58,1.83
500119094,08:00-10:00,4.39,3.99
500119094,10:00-12:00,4.93,9.67
500119094,12:00-14:00,9.64,9.95
500119094,14:00-16:00,7.6,6.57
500119094,16:00-18:00,8.42,12.97
500119094,18:00-20:00,8.33,10.09
500119094,20:00-22:00,13.64,3.82
500119094,22:00-24:00,7.62,2.43
500119095,00:00-02:00,1.71,1.75
500119095,02:00-04:00,0.8,0.5
500119095,04:00-06:00,0.0,0.5
500119095,06:00-08:00,1.02,0.92
500119095,08:00-10:00,1.09,5.33
500119095,10:00-12:00,5.95,3.33
500119095,12:00-14:00,9.26,5.15
500119095,14:00-16:00,4.38,6.94
500119095,16:00-18:00,8.78,6.75
500119095,18:00-20:00,7.58,7.42
500119095,20:00-22:00,6.46,1.25
500119095,22:00-24:00,4.11,2.18
500119096,00:00-02:00,0.42,2.42
500119096,02:00-04:00,0.33,0.5
500119096,04:00-06:00,0.42,0.08
500119096,06:00-08:00,2.17,0.33
500119096,08:00-10:00,9.25,3.08
500119096,10:00-12:00,8.92,9.0
500119096,12:00-14:00,7.73,5.57
500119096,14:00-16:00,3.84,5.52
500119096,16:00-18:00,4.75,4.25
500119096,18:00-20:00,4.0,4.08
500119096,20:00-22:00,0.83,7.08
500119096,22:00-24:00,1.42,4.85
500119097,00:00-02:00,2.16,0.17
500119097,02:00-04:00,0.5,0.17
500119097,04:00-06:00,0.48,0.08
500119097,06:00-08:00,6.25,4.67
500119097,08:00-10:00,6.09,10.26
500119097,10:00-12:00,8.0,16.5
500119097,12:00-14:00,10.89,20.94
500119097,14:00-16:00,15.38,11.81
500119097,16:00-18:00,10.83,15.39
500119097,18:00-20:00,10.67,9.13
500119097,20:00-22:00,13.17,3.58
500119097,22:00-24:00,9.71,2.59
500119098,00:00-02:00,1.83,0.92
500119098,02:00-04:00,0.77,0.42
500119098,04:00-06:00,0.18,0.33
500119098,06:00-08:00,2.36,1.42
500119098,08:00-10:00,6.16,4.83
500119098,10:00-12:00,7.74,3.5
500119098,12:00-14:00,5.46,11.72
500119098,14:00-16:00,11.57,8.11
500119098,16:00-18:00,8.74,6.25
500119098,18:00-20:00,6.28,8.92
500119098,20:00-22:00,4.6,7.75
500119098,22:00-24:00,7.08,7.28
