sno,time_period,lambda_rent_hr,lambda_return_hr
500101001,00:00-02:00,5.8,5.75
500101001,02:00-04:00,1.07,1.14
500101001,04:00-06:00,0.93,3.3
500101001,06:00-08:00,25.75,22.59
500101001,08:00-10:00,43.18,37.35
500101001,10:00-12:00,29.68,25.1
500101001,12:00-14:00,35.26,31.04
500101001,14:00-16:00,29.96,31.0
500101001,16:00-18:00,37.81,44.96
500101001,18:00-20:00,41.19,35.04
500101001,20:00-22:00,28.78,30.58
500101001,22:00-24:00,22.31,19.64
500101002,00:00-02:00,3.15,4.14
500101002,02:00-04:00,0.66,1.52
500101002,04:00-06:00,1.11,1.61
500101002,06:00-08:00,7.86,4.39
500101002,08:00-10:00,13.78,9.52
500101002,10:00-12:00,12.37,9.5
500101002,12:00-14:00,15.53,12.5
500101002,14:00-16:00,12.12,12.05
500101002,16:00-18:00,12.98,19.22
500101002,18:00-20:00,19.64,16.11
500101002,20:00-22:00,15.3,14.04
500101002,22:00-24:00,8.47,7.37
500101003,00:00-02:00,0.71,1.1
500101003,02:00-04:00,0.11,0.13
500101003,04:00-06:00,0.77,0.25
500101003,06:00-08:00,7.25,5.97
500101003,08:00-10:00,12.87,9.53
500101003,10:00-12:00,8.43,6.0
500101003,12:00-14:00,8.96,11.67
500101003,14:00-16:00,7.51,6.49
500101003,16:00-18:00,11.44,11.03
500101003,18:00-20:00,8.23,9.95
500101003,20:00-22:00,5.0,5.81
500101003,22:00-24:00,2.03,3.82
500101004,00:00-02:00,1.37,1.68
500101004,02:00-04:00,0.61,0.39
500101004,04:00-06:00,1.08,0.43
500101004,06:00-08:00,4.31,2.51
500101004,08:00-10:00,5.34,4.2
500101004,10:00-12:00,6.96,9.31
500101004,12:00-14:00,15.27,15.82
500101004,14:00-16:00,7.83,6.98
500101004,16:00-18:00,9.6,14.81
500101004,18:00-20:00,16.69,16.42
500101004,20:00-22:00,7.49,9.23
500101004,22:00-24:00,3.16,5.58
500101005,00:00-02:00,1.7,3.39
500101005,02:00-04:00,0.27,0.58
500101005,04:00-06:00,0.98,0.33
500101005,06:00-08:00,7.11,7.9
500101005,08:00-10:00,17.12,14.91
500101005,10:00-12:00,15.06,17.52
500101005,12:00-14:00,25.99,25.14
500101005,14:00-16:00,12.13,11.61
500101005,16:00-18:00,18.77,20.5
500101005,18:00-20:00,24.8,21.52
500101005,20:00-22:00,10.17,10.74
500101005,22:00-24:00,6.47,7.64
500101006,00:00-02:00,1.63,1.8
500101006,02:00-04:00,0.64,0.56
500101006,04:00-06:00,0.45,0.83
500101006,06:00-08:00,4.3,2.39
500101006,08:00-10:00,8.94,8.77
500101006,10:00-12:00,8.21,8.54
500101006,12:00-14:00,13.22,13.55
500101006,14:00-16:00,8.6,7.15
500101006,16:00-18:00,8.68,17.46
500101006,18:00-20:00,15.6,12.87
500101006,20:00-22:00,8.89,6.51
500101006,22:00-24:00,4.57,4.69
500101007,00:00-02:00,0.94,1.63
500101007,02:00-04:00,0.3,0.55
500101007,04:00-06:00,0.87,0.43
500101007,06:00-08:00,3.63,1.26
500101007,08:00-10:00,6.09,4.49
500101007,10:00-12:00,6.05,7.63
500101007,12:00-14:00,12.26,10.91
500101007,14:00-16:00,5.57,4.49
500101007,16:00-18:00,7.95,10.48
500101007,18:00-20:00,12.18,12.59
500101007,20:00-22:00,7.56,6.81
500101007,22:00-24:00,3.63,5.33
500101008,00:00-02:00,1.38,0.88
500101008,02:00-04:00,0.26,0.2
500101008,04:00-06:00,0.92,0.76
500101008,06:00-08:00,3.94,2.58
500101008,08:00-10:00,4.82,4.73
500101008,10:00-12:00,6.11,5.38
500101008,12:00-14:00,7.5,9.87
500101008,14:00-16:00,6.36,5.62
500101008,16:00-18:00,6.47,10.02
500101008,18:00-20:00,7.61,10.5
500101008,20:00-22:00,6.45,5.68
500101008,22:00-24:00,4.45,3.4
500101009,00:00-02:00,0.82,0.78
500101009,02:00-04:00,0.1,0.27
500101009,04:00-06:00,0.24,0.57
500101009,06:00-08:00,2.62,1.43
500101009,08:00-10:00,5.78,6.63
500101009,10:00-12:00,8.57,10.93
500101009,12:00-14:00,17.22,18.58
500101009,14:00-16:00,10.79,9.75
500101009,16:00-18:00,10.67,18.18
500101009,18:00-20:00,14.95,20.21
500101009,20:00-22:00,11.2,7.87
500101009,22:00-24:00,3.53,2.89
500101010,00:00-02:00,1.62,2.4
500101010,02:00-04:00,0.65,0.73
500101010,04:00-06:00,0.65,0.64
500101010,06:00-08:00,5.45,4.25
500101010,08:00-10:00,11.93,10.94
500101010,10:00-12:00,12.7,14.71
500101010,12:00-14:00,21.41,22.95
500101010,14:00-16:00,15.32,14.17
500101010,16:00-18:00,14.06,24.48
500101010,18:00-20:00,17.56,22.85
500101010,20:00-22:00,17.09,11.61
500101010,22:00-24:00,8.27,6.65
500101012,00:00-02:00,1.12,0.74
500101012,02:00-04:00,0.19,0.46
500101012,04:00-06:00,0.33,0.26
500101012,06:00-08:00,3.78,3.26
500101012,08:00-10:00,7.29,5.91
500101012,10:00-12:00,6.55,5.4
500101012,12:00-14:00,8.28,7.59
500101012,14:00-16:00,6.82,6.44
500101012,16:00-18:00,8.0,9.41
500101012,18:00-20:00,7.62,9.13
500101012,20:00-22:00,5.66,6.13
500101012,22:00-24:00,2.98,2.99
500101013,00:00-02:00,1.31,1.46
500101013,02:00-04:00,0.2,0.32
500101013,04:00-06:00,0.55,1.02
500101013,06:00-08:00,4.42,3.96
500101013,08:00-10:00,10.71,11.26
500101013,10:00-12:00,9.55,8.78
500101013,12:00-14:00,12.24,13.25
500101013,14:00-16:00,9.78,9.87
500101013,16:00-18:00,11.93,15.48
500101013,18:00-20:00,10.92,13.8
500101013,20:00-22:00,9.1,8.88
500101013,22:00-24:00,4.47,4.51
500101014,00:00-02:00,3.21,3.54
500101014,02:00-04:00,1.44,1.2
500101014,04:00-06:00,1.38,1.29
500101014,06:00-08:00,6.8,6.98
500101014,08:00-10:00,14.3,11.64
500101014,10:00-12:00,14.11,13.45
500101014,12:00-14:00,17.71,18.69
500101014,14:00-16:00,13.94,13.49
500101014,16:00-18:00,17.11,21.81
500101014,18:00-20:00,18.15,21.43
500101014,20:00-22:00,14.18,14.47
500101014,22:00-24:00,8.89,7.36
500101015,00:00-02:00,0.19,0.45
500101015,02:00-04:00,0.18,0.11
500101015,04:00-06:00,0.18,0.18
500101015,06:00-08:00,2.75,2.46
500101015,08:00-10:00,4.4,6.09
500101015,10:00-12:00,3.86,5.7
500101015,12:00-14:00,4.84,5.09
500101015,14:00-16:00,3.9,4.53
500101015,16:00-18:00,8.71,4.95
500101015,18:00-20:00,5.27,4.0
500101015,20:00-22:00,2.7,3.39
500101015,22:00-24:00,1.88,2.14
500101016,00:00-02:00,0.95,0.99
500101016,02:00-04:00,0.25,0.44
500101016,04:00-06:00,0.43,0.61
500101016,06:00-08:00,2.95,2.53
500101016,08:00-10:00,7.12,5.4
500101016,10:00-12:00,7.05,5.36
500101016,12:00-14:00,8.49,7.25
500101016,14:00-16:00,6.06,4.87
500101016,16:00-18:00,6.65,8.68
500101016,18:00-20:00,8.2,8.45
500101016,20:00-22:00,6.14,5.57
500101016,22:00-24:00,3.03,3.51
500101018,00:00-02:00,0.47,1.35
500101018,02:00-04:00,0.27,0.66
500101018,04:00-06:00,0.89,0.17
500101018,06:00-08:00,4.33,2.77
500101018,08:00-10:00,6.95,5.14
500101018,10:00-12:00,8.5,8.09
500101018,12:00-14:00,11.25,11.93
500101018,14:00-16:00,8.12,8.35
500101018,16:00-18:00,8.44,13.03
500101018,18:00-20:00,9.29,11.64
500101018,20:00-22:00,8.84,9.9
500101018,22:00-24:00,4.99,5.74
500101019,00:00-02:00,1.6,2.99
500101019,02:00-04:00,0.34,0.53
500101019,04:00-06:00,1.02,0.33
500101019,06:00-08:00,8.42,4.25
500101019,08:00-10:00,13.17,17.76
500101019,10:00-12:00,13.95,12.03
500101019,12:00-14:00,16.08,14.82
500101019,14:00-16:00,10.92,10.54
500101019,16:00-18:00,13.8,12.16
500101019,18:00-20:00,14.18,12.88
500101019,20:00-22:00,9.1,9.73
500101019,22:00-24:00,5.27,8.79
500101021,00:00-02:00,0.57,0.35
500101021,02:00-04:00,0.28,0.34
500101021,04:00-06:00,0.99,0.86
500101021,06:00-08:00,4.32,3.18
500101021,08:00-10:00,8.82,5.6
500101021,10:00-12:00,8.65,7.78
500101021,12:00-14:00,12.56,11.04
500101021,14:00-16:00,8.53,9.32
500101021,16:00-18:00,11.02,16.21
500101021,18:00-20:00,11.3,14.03
500101021,20:00-22:00,7.52,6.86
500101021,22:00-24:00,3.66,1.91
500101022,00:00-02:00,10.42,7.59
500101022,02:00-04:00,1.56,4.73
500101022,04:00-06:00,1.19,5.21
500101022,06:00-08:00,34.02,30.16
500101022,08:00-10:00,43.66,30.55
500101022,10:00-12:00,37.15,42.15
500101022,12:00-14:00,56.6,53.1
500101022,14:00-16:00,48.08,54.83
500101022,16:00-18:00,57.15,72.94
500101022,18:00-20:00,55.77,58.79
500101022,20:00-22:00,47.95,40.3
500101022,22:00-24:00,36.1,31.34
500101023,00:00-02:00,2.73,1.79
500101023,02:00-04:00,0.83,4.77
500101023,04:00-06:00,1.28,2.82
500101023,06:00-08:00,7.41,6.5
500101023,08:00-10:00,14.44,14.32
500101023,10:00-12:00,11.53,11.47
500101023,12:00-14:00,17.81,19.27
500101023,14:00-16:00,15.01,12.71
500101023,16:00-18:00,18.91,20.92
500101023,18:00-20:00,17.22,23.42
500101023,20:00-22:00,22.19,10.55
500101023,22:00-24:00,8.62,6.81
500101024,00:00-02:00,1.27,0.99
500101024,02:00-04:00,0.51,0.32
500101024,04:00-06:00,0.22,0.52
500101024,06:00-08:00,1.37,8.0
500101024,08:00-10:00,11.89,20.15
500101024,10:00-12:00,10.74,13.53
500101024,12:00-14:00,17.17,17.4
500101024,14:00-16:00,13.91,11.45
500101024,16:00-18:00,26.04,14.43
500101024,18:00-20:00,15.09,11.9
500101024,20:00-22:00,8.24,6.34
500101024,22:00-24:00,4.4,2.64
500101025,00:00-02:00,1.08,1.3
500101025,02:00-04:00,0.25,0.36
500101025,04:00-06:00,0.91,0.45
500101025,06:00-08:00,4.5,11.73
500101025,08:00-10:00,23.25,36.76
500101025,10:00-12:00,23.26,23.16
500101025,12:00-14:00,26.31,27.74
500101025,14:00-16:00,25.43,14.92
500101025,16:00-18:00,33.36,23.46
500101025,18:00-20:00,15.05,13.34
500101025,20:00-22:00,8.89,9.93
500101025,22:00-24:00,5.05,5.51
500101026,00:00-02:00,1.65,1.3
500101026,02:00-04:00,0.57,0.11
500101026,04:00-06:00,0.46,0.39
500101026,06:00-08:00,2.7,5.06
500101026,08:00-10:00,5.0,4.61
500101026,10:00-12:00,6.88,5.94
500101026,12:00-14:00,7.93,6.33
500101026,14:00-16:00,5.02,4.9
500101026,16:00-18:00,14.21,4.85
500101026,18:00-20:00,7.96,6.29
500101026,20:00-22:00,6.85,8.95
500101026,22:00-24:00,3.24,5.82
500101027,00:00-02:00,8.11,8.46
500101027,02:00-04:00,2.54,1.93
500101027,04:00-06:00,3.75,1.26
500101027,06:00-08:00,10.14,9.27
500101027,08:00-10:00,16.1,16.82
500101027,10:00-12:00,17.82,16.69
500101027,12:00-14:00,25.23,25.79
500101027,14:00-16:00,20.64,19.99
500101027,16:00-18:00,34.76,20.58
500101027,18:00-20:00,34.77,33.47
500101027,20:00-22:00,26.14,31.59
500101027,22:00-24:00,18.02,24.27
500101028,00:00-02:00,0.85,0.67
500101028,02:00-04:00,0.37,0.32
500101028,04:00-06:00,0.35,1.52
500101028,06:00-08:00,7.92,8.6
500101028,08:00-10:00,8.39,13.25
500101028,10:00-12:00,8.79,8.57
500101028,12:00-14:00,10.0,11.24
500101028,14:00-16:00,8.48,8.29
500101028,16:00-18:00,17.28,12.87
500101028,18:00-20:00,9.11,6.62
500101028,20:00-22:00,4.54,5.07
500101028,22:00-24:00,2.72,2.91
500101029,00:00-02:00,0.47,0.33
500101029,02:00-04:00,0.23,0.2
500101029,04:00-06:00,0.37,0.55
500101029,06:00-08:00,1.97,3.55
500101029,08:00-10:00,4.37,7.32
500101029,10:00-12:00,7.31,7.5
500101029,12:00-14:00,5.94,6.65
500101029,14:00-16:00,5.7,4.19
500101029,16:00-18:00,10.2,4.41
500101029,18:00-20:00,5.25,3.98
500101029,20:00-22:00,2.04,1.8
500101029,22:00-24:00,1.2,1.12
500101030,00:00-02:00,1.51,2.5
500101030,02:00-04:00,0.46,0.47
500101030,04:00-06:00,0.92,0.19
500101030,06:00-08:00,4.05,2.74
500101030,08:00-10:00,7.95,10.15
500101030,10:00-12:00,12.32,9.48
500101030,12:00-14:00,10.99,10.37
500101030,14:00-16:00,7.59,7.85
500101030,16:00-18:00,12.29,8.06
500101030,18:00-20:00,6.93,5.29
500101030,20:00-22:00,2.57,3.53
500101030,22:00-24:00,2.41,6.91
500101031,00:00-02:00,1.7,3.86
500101031,02:00-04:00,0.5,0.97
500101031,04:00-06:00,1.18,0.4
500101031,06:00-08:00,7.07,4.79
500101031,08:00-10:00,16.66,12.06
500101031,10:00-12:00,13.49,8.36
500101031,12:00-14:00,15.77,16.47
500101031,14:00-16:00,14.0,11.74
500101031,16:00-18:00,16.47,11.34
500101031,18:00-20:00,12.54,12.85
500101031,20:00-22:00,6.51,13.04
500101031,22:00-24:00,4.44,9.57
500101032,00:00-02:00,4.01,7.02
500101032,02:00-04:00,0.84,2.04
500101032,04:00-06:00,2.07,1.09
500101032,06:00-08:00,16.48,3.04
500101032,08:00-10:00,27.87,13.55
500101032,10:00-12:00,22.58,13.29
500101032,12:00-14:00,39.24,31.08
500101032,14:00-16:00,26.53,26.75
500101032,16:00-18:00,34.25,28.62
500101032,18:00-20:00,31.14,34.03
500101032,20:00-22:00,11.57,31.45
500101032,22:00-24:00,6.67,14.97
500101033,00:00-02:00,5.28,12.93
500101033,02:00-04:00,2.89,4.09
500101033,04:00-06:00,3.09,1.94
500101033,06:00-08:00,8.34,3.13
500101033,08:00-10:00,22.51,13.12
500101033,10:00-12:00,18.91,9.04
500101033,12:00-14:00,26.56,17.08
500101033,14:00-16:00,20.69,19.51
500101033,16:00-18:00,21.59,14.23
500101033,18:00-20:00,18.45,18.2
500101033,20:00-22:00,9.81,21.34
500101033,22:00-24:00,20.96,25.46
500101034,00:00-02:00,0.84,1.28
500101034,02:00-04:00,0.17,0.42
500101034,04:00-06:00,0.62,0.27
500101034,06:00-08:00,2.66,7.37
500101034,08:00-10:00,8.82,12.12
500101034,10:00-12:00,12.04,9.8
500101034,12:00-14:00,12.45,14.05
500101034,14:00-16:00,10.5,8.6
500101034,16:00-18:00,13.92,7.93
500101034,18:00-20:00,10.48,6.22
500101034,20:00-22:00,5.91,3.77
500101034,22:00-24:00,3.5,4.41
500101035,00:00-02:00,1.69,0.75
500101035,02:00-04:00,0.81,0.61
500101035,04:00-06:00,0.02,0.55
500101035,06:00-08:00,2.27,4.16
500101035,08:00-10:00,6.58,9.12
500101035,10:00-12:00,9.73,6.11
500101035,12:00-14:00,10.51,11.92
500101035,14:00-16:00,8.06,9.26
500101035,16:00-18:00,14.03,8.22
500101035,18:00-20:00,7.9,8.84
500101035,20:00-22:00,4.87,5.03
500101035,22:00-24:00,3.73,2.49
500101036,00:00-02:00,0.2,0.52
500101036,02:00-04:00,0.11,0.11
500101036,04:00-06:00,0.08,0.34
500101036,06:00-08:00,0.78,1.41
500101036,08:00-10:00,4.01,5.71
500101036,10:00-12:00,3.82,5.57
500101036,12:00-14:00,7.45,5.57
500101036,14:00-16:00,4.73,3.93
500101036,16:00-18:00,5.75,3.88
500101036,18:00-20:00,4.49,4.23
500101036,20:00-22:00,2.81,1.68
500101036,22:00-24:00,1.33,1.27
500101037,00:00-02:00,1.23,2.29
500101037,02:00-04:00,0.54,0.87
500101037,04:00-06:00,0.82,0.62
500101037,06:00-08:00,3.07,1.78
500101037,08:00-10:00,8.89,7.18
500101037,10:00-12:00,8.41,8.67
500101037,12:00-14:00,8.88,8.55
500101037,14:00-16:00,6.35,6.24
500101037,16:00-18:00,9.32,6.18
500101037,18:00-20:00,8.35,8.72
500101037,20:00-22:00,8.56,8.45
500101037,22:00-24:00,5.22,5.99
500101038,00:00-02:00,1.12,0.38
500101038,02:00-04:00,0.28,0.41
500101038,04:00-06:00,0.17,1.07
500101038,06:00-08:00,1.42,1.8
500101038,08:00-10:00,8.01,12.03
500101038,10:00-12:00,9.52,13.86
500101038,12:00-14:00,17.71,17.14
500101038,14:00-16:00,12.81,12.12
500101038,16:00-18:00,14.93,11.33
500101038,18:00-20:00,12.21,10.61
500101038,20:00-22:00,8.73,3.82
500101038,22:00-24:00,3.9,2.37
500101039,00:00-02:00,0.91,0.42
500101039,02:00-04:00,0.13,0.3
500101039,04:00-06:00,0.44,1.0
500101039,06:00-08:00,0.74,3.68
500101039,08:00-10:00,6.82,10.97
500101039,10:00-12:00,6.1,7.27
500101039,12:00-14:00,8.08,7.52
500101039,14:00-16:00,5.03,5.38
500101039,16:00-18:00,11.3,7.51
500101039,18:00-20:00,7.44,5.71
500101039,20:00-22:00,4.61,2.09
500101039,22:00-24:00,2.31,1.27
500101040,00:00-02:00,1.2,1.04
500101040,02:00-04:00,0.31,0.16
500101040,04:00-06:00,0.21,0.57
500101040,06:00-08:00,1.4,2.55
500101040,08:00-10:00,4.59,7.67
500101040,10:00-12:00,6.09,7.85
500101040,12:00-14:00,5.81,5.95
500101040,14:00-16:00,4.47,6.17
500101040,16:00-18:00,6.61,5.28
500101040,18:00-20:00,5.17,6.65
500101040,20:00-22:00,6.59,2.76
500101040,22:00-24:00,5.21,4.6
500101041,00:00-02:00,1.93,1.86
500101041,02:00-04:00,0.75,1.93
500101041,04:00-06:00,0.66,1.64
500101041,06:00-08:00,3.85,4.2
500101041,08:00-10:00,11.84,11.29
500101041,10:00-12:00,8.47,7.91
500101041,12:00-14:00,10.04,10.24
500101041,14:00-16:00,8.1,10.33
500101041,16:00-18:00,13.18,12.74
500101041,18:00-20:00,8.52,11.68
500101041,20:00-22:00,11.41,7.3
500101041,22:00-24:00,7.92,4.51
500101042,00:00-02:00,2.73,7.06
500101042,02:00-04:00,1.29,3.21
500101042,04:00-06:00,1.23,2.6
500101042,06:00-08:00,6.2,6.56
500101042,08:00-10:00,16.96,11.17
500101042,10:00-12:00,15.96,7.18
500101042,12:00-14:00,24.16,13.93
500101042,14:00-16:00,15.31,11.19
500101042,16:00-18:00,16.19,11.76
500101042,18:00-20:00,14.24,12.45
500101042,20:00-22:00,7.92,14.72
500101042,22:00-24:00,5.69,14.34
500101091,00:00-02:00,0.73,2.04
500101091,02:00-04:00,0.2,0.5
500101091,04:00-06:00,0.45,1.04
500101091,06:00-08:00,4.3,4.3
500101091,08:00-10:00,9.57,9.06
500101091,10:00-12:00,8.18,7.48
500101091,12:00-14:00,10.01,9.16
500101091,14:00-16:00,7.47,5.74
500101091,16:00-18:00,11.79,7.88
500101091,18:00-20:00,8.42,7.43
500101091,20:00-22:00,6.44,8.73
500101091,22:00-24:00,3.7,6.92
500101092,00:00-02:00,0.14,0.71
500101092,02:00-04:00,0.0,0.16
500101092,04:00-06:00,0.36,0.11
500101092,06:00-08:00,2.71,2.52
500101092,08:00-10:00,4.9,8.14
500101092,10:00-12:00,5.38,4.72
500101092,12:00-14:00,6.0,6.25
500101092,14:00-16:00,4.46,2.91
500101092,16:00-18:00,7.52,3.49
500101092,18:00-20:00,4.49,3.43
500101092,20:00-22:00,1.36,2.64
500101092,22:00-24:00,0.91,2.12
500101093,00:00-02:00,0.11,0.82
500101093,02:00-04:00,0.18,0.43
500101093,04:00-06:00,0.1,0.14
500101093,06:00-08:00,2.19,2.36
500101093,08:00-10:00,6.16,7.43
500101093,10:00-12:00,7.12,4.83
500101093,12:00-14:00,5.62,8.14
500101093,14:00-16:00,6.11,7.93
500101093,16:00-18:00,9.64,6.6
500101093,18:00-20:00,8.09,5.92
500101093,20:00-22:00,4.91,2.39
500101093,22:00-24:00,1.63,1.02
500101094,00:00-02:00,0.61,1.45
500101094,02:00-04:00,0.14,0.39
500101094,04:00-06:00,0.39,0.4
500101094,06:00-08:00,5.28,3.78
500101094,08:00-10:00,9.57,6.65
500101094,10:00-12:00,6.68,5.88
500101094,12:00-14:00,7.84,7.01
500101094,14:00-16:00,6.1,5.27
500101094,16:00-18:00,8.07,10.07
500101094,18:00-20:00,10.57,10.96
500101094,20:00-22:00,7.22,8.08
500101094,22:00-24:00,4.28,4.72
500101095,00:00-02:00,0.42,1.63
500101095,02:00-04:00,0.8,0.41
500101095,04:00-06:00,0.7,0.57
500101095,06:00-08:00,4.55,13.69
500101095,08:00-10:00,13.02,11.31
500101095,10:00-12:00,11.63,8.18
500101095,12:00-14:00,13.71,6.0
500101095,14:00-16:00,10.39,6.78
500101095,16:00-18:00,15.11,8.34
500101095,18:00-20:00,6.15,7.36
500101095,20:00-22:00,3.85,7.5
500101095,22:00-24:00,0.96,5.76
500101097,00:00-02:00,1.06,1.53
500101097,02:00-04:00,0.64,1.05
500101097,04:00-06:00,1.18,1.48
500101097,06:00-08:00,6.68,1.16
500101097,08:00-10:00,10.64,2.93
500101097,10:00-12:00,6.11,4.41
500101097,12:00-14:00,4.42,2.95
500101097,14:00-16:00,4.63,2.96
500101097,16:00-18:00,4.28,5.96
500101097,18:00-20:00,3.48,8.27
500101097,20:00-22:00,2.32,7.27
500101097,22:00-24:00,3.1,6.03
500101098,00:00-02:00,0.05,0.33
500101098,02:00-04:00,0.55,0.16
500101098,04:00-06:00,0.48,0.02
500101098,06:00-08:00,4.18,2.64
500101098,08:00-10:00,4.94,3.11
500101098,10:00-12:00,3.37,2.39
500101098,12:00-14:00,3.52,3.25
500101098,14:00-16:00,2.03,3.14
500101098,16:00-18:00,3.84,3.06
500101098,18:00-20:00,2.69,3.34
500101098,20:00-22:00,1.16,2.59
500101098,22:00-24:00,0.34,2.09
500101099,00:00-02:00,2.31,4.18
500101099,02:00-04:00,0.3,0.94
500101099,04:00-06:00,1.57,1.84
500101099,06:00-08:00,15.02,8.25
500101099,08:00-10:00,17.17,11.3
500101099,10:00-12:00,13.18,10.22
500101099,12:00-14:00,15.21,12.15
500101099,14:00-16:00,11.34,9.92
500101099,16:00-18:00,14.88,20.49
500101099,18:00-20:00,20.08,20.36
500101099,20:00-22:00,10.25,14.25
500101099,22:00-24:00,7.15,8.81
500101100,00:00-02:00,0.92,1.81
500101100,02:00-04:00,1.57,0.89
500101100,04:00-06:00,1.77,1.0
500101100,06:00-08:00,5.3,5.11
500101100,08:00-10:00,10.92,9.64
500101100,10:00-12:00,9.61,6.34
500101100,12:00-14:00,6.92,5.91
500101100,14:00-16:00,6.84,5.0
500101100,16:00-18:00,7.89,7.81
500101100,18:00-20:00,7.4,9.5
500101100,20:00-22:00,5.09,7.65
500101100,22:00-24:00,3.98,5.94
500101101,00:00-02:00,4.17,6.62
500101101,02:00-04:00,0.76,2.43
500101101,04:00-06:00,2.68,4.25
500101101,06:00-08:00,25.02,23.3
500101101,08:00-10:00,32.97,31.8
500101101,10:00-12:00,21.71,21.29
500101101,12:00-14:00,25.73,26.04
500101101,14:00-16:00,23.39,20.61
500101101,16:00-18:00,30.18,29.9
500101101,18:00-20:00,29.73,25.79
500101101,20:00-22:00,22.95,22.95
500101101,22:00-24:00,15.37,17.71
500101102,00:00-02:00,1.87,1.74
500101102,02:00-04:00,0.23,0.8
500101102,04:00-06:00,0.82,1.0
500101102,06:00-08:00,6.32,1.55
500101102,08:00-10:00,9.48,7.97
500101102,10:00-12:00,6.85,5.12
500101102,12:00-14:00,7.39,7.34
500101102,14:00-16:00,4.57,5.32
500101102,16:00-18:00,7.06,6.34
500101102,18:00-20:00,6.37,7.27
500101102,20:00-22:00,4.52,5.29
500101102,22:00-24:00,3.07,4.52
500101103,00:00-02:00,2.9,2.99
500101103,02:00-04:00,0.32,0.2
500101103,04:00-06:00,1.39,1.0
500101103,06:00-08:00,9.23,5.07
500101103,08:00-10:00,14.34,7.32
500101103,10:00-12:00,7.16,5.43
500101103,12:00-14:00,7.72,6.02
500101103,14:00-16:00,5.53,5.48
500101103,16:00-18:00,7.59,12.08
500101103,18:00-20:00,13.47,13.15
500101103,20:00-22:00,5.93,9.65
500101103,22:00-24:00,2.64,7.43
500101104,00:00-02:00,1.42,1.79
500101104,02:00-04:00,0.26,0.14
500101104,04:00-06:00,0.2,0.53
500101104,06:00-08:00,11.16,9.32
500101104,08:00-10:00,18.51,13.51
500101104,10:00-12:00,13.21,8.79
500101104,12:00-14:00,13.51,10.71
500101104,14:00-16:00,12.68,12.28
500101104,16:00-18:00,16.01,20.36
500101104,18:00-20:00,15.81,16.2
500101104,20:00-22:00,11.32,13.87
500101104,22:00-24:00,9.23,6.13
500101105,00:00-02:00,2.89,2.78
500101105,02:00-04:00,2.04,0.73
500101105,04:00-06:00,0.7,1.07
500101105,06:00-08:00,5.61,6.98
500101105,08:00-10:00,12.82,13.68
500101105,10:00-12:00,12.72,12.7
500101105,12:00-14:00,14.77,16.06
500101105,14:00-16:00,13.79,13.21
500101105,16:00-18:00,17.78,17.88
500101105,18:00-20:00,15.57,14.77
500101105,20:00-22:00,12.59,10.68
500101105,22:00-24:00,6.85,6.53
500101107,00:00-02:00,4.3,4.49
500101107,02:00-04:00,1.25,1.93
500101107,04:00-06:00,2.23,1.03
500101107,06:00-08:00,12.65,7.81
500101107,08:00-10:00,19.45,17.59
500101107,10:00-12:00,18.51,17.61
500101107,12:00-14:00,21.41,24.25
500101107,14:00-16:00,18.82,18.7
500101107,16:00-18:00,24.05,22.24
500101107,18:00-20:00,22.93,26.5
500101107,20:00-22:00,19.83,24.06
500101107,22:00-24:00,13.94,17.57
500101108,00:00-02:00,1.77,3.71
500101108,02:00-04:00,1.32,0.68
500101108,04:00-06:00,1.5,0.82
500101108,06:00-08:00,9.32,7.43
500101108,08:00-10:00,16.43,13.8
500101108,10:00-12:00,14.39,12.15
500101108,12:00-14:00,16.27,16.58
500101108,14:00-16:00,13.14,14.0
500101108,16:00-18:00,18.05,18.05
500101108,18:00-20:00,17.83,20.02
500101108,20:00-22:00,12.18,14.92
500101108,22:00-24:00,7.22,9.63
500101109,00:00-02:00,3.97,4.11
500101109,02:00-04:00,1.03,1.24
500101109,04:00-06:00,1.34,1.17
500101109,06:00-08:00,10.92,10.87
500101109,08:00-10:00,28.26,36.43
500101109,10:00-12:00,26.71,27.29
500101109,12:00-14:00,28.43,32.49
500101109,14:00-16:00,26.29,21.58
500101109,16:00-18:00,25.76,19.58
500101109,18:00-20:00,20.95,25.04
500101109,20:00-22:00,20.2,18.3
500101109,22:00-24:00,12.59,11.8
500101110,00:00-02:00,3.88,4.19
500101110,02:00-04:00,1.79,3.36
500101110,04:00-06:00,2.13,3.8
500101110,06:00-08:00,16.17,7.59
500101110,08:00-10:00,19.69,17.75
500101110,10:00-12:00,20.59,21.45
500101110,12:00-14:00,25.33,25.13
500101110,14:00-16:00,17.91,20.67
500101110,16:00-18:00,22.52,30.33
500101110,18:00-20:00,26.89,24.89
500101110,20:00-22:00,25.33,21.35
500101110,22:00-24:00,15.16,12.36
500101113,00:00-02:00,2.73,4.31
500101113,02:00-04:00,0.75,1.54
500101113,04:00-06:00,2.52,2.02
500101113,06:00-08:00,16.8,6.32
500101113,08:00-10:00,22.63,20.12
500101113,10:00-12:00,20.87,18.57
500101113,12:00-14:00,20.51,25.77
500101113,14:00-16:00,19.63,22.28
500101113,16:00-18:00,28.19,24.05
500101113,18:00-20:00,19.33,23.45
500101113,20:00-22:00,18.1,16.89
500101113,22:00-24:00,5.81,13.79
500101114,00:00-02:00,2.08,2.14
500101114,02:00-04:00,0.75,0.91
500101114,04:00-06:00,1.23,2.09
500101114,06:00-08:00,9.05,12.0
500101114,08:00-10:00,16.93,21.43
500101114,10:00-12:00,18.51,15.81
500101114,12:00-14:00,18.46,16.09
500101114,14:00-16:00,15.52,18.55
500101114,16:00-18:00,22.19,16.04
500101114,18:00-20:00,13.86,13.52
500101114,20:00-22:00,10.79,10.16
500101114,22:00-24:00,5.04,6.33
500101115,00:00-02:00,1.93,2.59
500101115,02:00-04:00,1.29,0.73
500101115,04:00-06:00,2.55,2.16
500101115,06:00-08:00,9.41,17.07
500101115,08:00-10:00,16.48,21.96
500101115,10:00-12:00,17.24,15.85
500101115,12:00-14:00,20.92,21.37
500101115,14:00-16:00,16.54,16.36
500101115,16:00-18:00,30.35,17.56
500101115,18:00-20:00,16.75,21.79
500101115,20:00-22:00,16.32,11.84
500101115,22:00-24:00,7.29,7.56
500101116,00:00-02:00,2.83,2.88
500101116,02:00-04:00,0.73,2.4
500101116,04:00-06:00,1.77,1.01
500101116,06:00-08:00,13.25,10.26
500101116,08:00-10:00,17.71,9.41
500101116,10:00-12:00,11.22,14.32
500101116,12:00-14:00,13.61,16.98
500101116,14:00-16:00,15.64,12.55
500101116,16:00-18:00,18.41,16.88
500101116,18:00-20:00,14.59,21.72
500101116,20:00-22:00,15.2,14.07
500101116,22:00-24:00,6.88,7.98
500101118,00:00-02:00,1.09,1.19
500101118,02:00-04:00,0.2,0.39
500101118,04:00-06:00,0.68,0.34
500101118,06:00-08:00,5.11,4.61
500101118,08:00-10:00,7.08,9.24
500101118,10:00-12:00,8.42,7.37
500101118,12:00-14:00,9.5,10.84
500101118,14:00-16:00,7.99,6.28
500101118,16:00-18:00,11.29,10.6
500101118,18:00-20:00,9.99,10.97
500101118,20:00-22:00,7.87,6.62
500101118,22:00-24:00,3.93,3.85
500101119,00:00-02:00,1.89,1.66
500101119,02:00-04:00,0.95,0.27
500101119,04:00-06:00,0.7,0.18
500101119,06:00-08:00,4.41,3.3
500101119,08:00-10:00,7.63,5.55
500101119,10:00-12:00,4.82,4.66
500101119,12:00-14:00,6.15,5.91
500101119,14:00-16:00,4.03,3.41
500101119,16:00-18:00,6.81,6.26
500101119,18:00-20:00,6.08,8.61
500101119,20:00-22:00,4.96,7.01
500101119,22:00-24:00,3.12,3.29
500101120,00:00-02:00,1.32,0.52
500101120,02:00-04:00,0.8,0.18
500101120,04:00-06:00,0.73,0.34
500101120,06:00-08:00,4.39,6.43
500101120,08:00-10:00,8.25,10.39
500101120,10:00-12:00,7.0,6.27
500101120,12:00-14:00,9.92,12.38
500101120,14:00-16:00,9.1,6.23
500101120,16:00-18:00,10.77,8.47
500101120,18:00-20:00,8.39,10.54
500101120,20:00-22:00,5.93,4.05
500101120,22:00-24:00,3.36,2.5
500101122,00:00-02:00,0.09,0.45
500101122,02:00-04:00,0.02,0.2
500101122,04:00-06:00,0.23,0.16
500101122,06:00-08:00,4.0,1.73
500101122,08:00-10:00,8.54,7.11
500101122,10:00-12:00,4.52,3.28
500101122,12:00-14:00,4.87,4.95
500101122,14:00-16:00,4.34,5.07
500101122,16:00-18:00,5.0,2.06
500101122,18:00-20:00,3.73,2.75
500101122,20:00-22:00,2.07,1.66
500101122,22:00-24:00,0.61,2.23
500101123,00:00-02:00,0.31,0.45
500101123,02:00-04:00,0.41,0.18
500101123,04:00-06:00,0.48,0.43
500101123,06:00-08:00,4.07,7.68
500101123,08:00-10:00,24.52,26.53
500101123,10:00-12:00,9.66,10.32
500101123,12:00-14:00,10.01,13.29
500101123,14:00-16:00,10.26,9.92
500101123,16:00-18:00,18.48,11.48
500101123,18:00-20:00,8.84,6.45
500101123,20:00-22:00,3.81,5.02
500101123,22:00-24:00,1.91,2.5
500101124,00:00-02:00,1.97,1.47
500101124,02:00-04:00,0.54,0.8
500101124,04:00-06:00,1.02,1.75
500101124,06:00-08:00,6.24,6.64
500101124,08:00-10:00,11.12,12.63
500101124,10:00-12:00,11.12,10.32
500101124,12:00-14:00,12.35,11.72
500101124,14:00-16:00,9.91,10.39
500101124,16:00-18:00,14.44,13.54
500101124,18:00-20:00,13.39,12.38
500101124,20:00-22:00,10.74,11.44
500101124,22:00-24:00,8.99,6.78
500101125,00:00-02:00,6.11,6.04
500101125,02:00-04:00,1.12,2.7
500101125,04:00-06:00,2.93,2.95
500101125,06:00-08:00,17.12,12.1
500101125,08:00-10:00,20.16,14.99
500101125,10:00-12:00,16.97,14.62
500101125,12:00-14:00,17.89,14.22
500101125,14:00-16:00,12.13,13.83
500101125,16:00-18:00,15.89,22.83
500101125,18:00-20:00,27.93,27.61
500101125,20:00-22:00,17.44,19.37
500101125,22:00-24:00,11.59,11.95
500101126,00:00-02:00,4.76,3.92
500101126,02:00-04:00,1.41,3.63
500101126,04:00-06:00,1.94,1.48
500101126,06:00-08:00,9.63,6.41
500101126,08:00-10:00,15.88,11.52
500101126,10:00-12:00,14.38,11.04
500101126,12:00-14:00,12.47,10.02
500101126,14:00-16:00,8.58,9.55
500101126,16:00-18:00,12.68,15.03
500101126,18:00-20:00,17.3,17.63
500101126,20:00-22:00,14.59,15.05
500101126,22:00-24:00,11.98,10.75
500101127,00:00-02:00,3.13,2.57
500101127,02:00-04:00,1.18,6.16
500101127,04:00-06:00,1.34,2.07
500101127,06:00-08:00,6.95,4.91
500101127,08:00-10:00,12.48,18.22
500101127,10:00-12:00,16.04,14.14
500101127,12:00-14:00,14.31,19.47
500101127,14:00-16:00,17.22,12.12
500101127,16:00-18:00,20.01,11.05
500101127,18:00-20:00,14.01,13.79
500101127,20:00-22:00,10.54,11.23
500101127,22:00-24:00,6.03,7.63
500101128,00:00-02:00,1.46,2.26
500101128,02:00-04:00,1.07,2.07
500101128,04:00-06:00,0.95,2.34
500101128,06:00-08:00,7.07,4.91
500101128,08:00-10:00,15.93,11.45
500101128,10:00-12:00,11.53,10.25
500101128,12:00-14:00,13.94,13.7
500101128,14:00-16:00,11.57,10.44
500101128,16:00-18:00,14.33,18.29
500101128,18:00-20:00,15.24,15.29
500101128,20:00-22:00,11.04,10.82
500101128,22:00-24:00,6.59,7.97
500101129,00:00-02:00,1.27,1.14
500101129,02:00-04:00,0.36,0.67
500101129,04:00-06:00,0.34,1.41
500101129,06:00-08:00,10.73,7.58
500101129,08:00-10:00,13.52,13.94
500101129,10:00-12:00,12.28,10.84
500101129,12:00-14:00,13.38,12.54
500101129,14:00-16:00,10.25,10.74
500101129,16:00-18:00,16.95,16.26
500101129,18:00-20:00,13.01,13.07
500101129,20:00-22:00,7.0,10.51
500101129,22:00-24:00,4.12,5.32
500101130,00:00-02:00,1.84,2.15
500101130,02:00-04:00,0.36,0.6
500101130,04:00-06:00,1.14,0.17
500101130,06:00-08:00,7.36,3.32
500101130,08:00-10:00,11.12,6.64
500101130,10:00-12:00,8.96,7.29
500101130,12:00-14:00,8.13,9.18
500101130,14:00-16:00,8.55,9.49
500101130,16:00-18:00,11.47,12.7
500101130,18:00-20:00,10.23,13.96
500101130,20:00-22:00,6.55,10.09
500101130,22:00-24:00,3.98,5.07
500101131,00:00-02:00,1.7,1.86
500101131,02:00-04:00,0.43,1.23
500101131,04:00-06:00,1.82,1.52
500101131,06:00-08:00,5.7,8.09
500101131,08:00-10:00,8.48,14.77
500101131,10:00-12:00,10.05,9.52
500101131,12:00-14:00,14.13,11.92
500101131,14:00-16:00,10.0,9.41
500101131,16:00-18:00,14.18,8.88
500101131,18:00-20:00,10.45,9.68
500101131,20:00-22:00,6.8,5.41
500101131,22:00-24:00,3.64,2.64
500101132,00:00-02:00,0.58,0.9
500101132,02:00-04:00,0.14,0.23
500101132,04:00-06:00,0.73,0.55
500101132,06:00-08:00,4.57,9.41
500101132,08:00-10:00,8.77,9.66
500101132,10:00-12:00,9.09,7.59
500101132,12:00-14:00,9.61,11.72
500101132,14:00-16:00,9.03,9.85
500101132,16:00-18:00,15.44,10.15
500101132,18:00-20:00,11.95,8.02
500101132,20:00-22:00,6.57,5.3
500101132,22:00-24:00,1.52,2.71
500101133,00:00-02:00,1.4,2.38
500101133,02:00-04:00,0.57,4.31
500101133,04:00-06:00,0.5,2.31
500101133,06:00-08:00,11.32,6.91
500101133,08:00-10:00,12.72,13.7
500101133,10:00-12:00,12.12,12.72
500101133,12:00-14:00,14.72,16.73
500101133,14:00-16:00,16.3,15.94
500101133,16:00-18:00,19.38,20.42
500101133,18:00-20:00,18.24,16.45
500101133,20:00-22:00,11.61,8.34
500101133,22:00-24:00,4.98,4.53
500101134,00:00-02:00,4.53,3.9
500101134,02:00-04:00,0.76,0.86
500101134,04:00-06:00,0.55,3.46
500101134,06:00-08:00,18.7,16.06
500101134,08:00-10:00,27.53,24.74
500101134,10:00-12:00,24.26,18.58
500101134,12:00-14:00,26.81,22.71
500101134,14:00-16:00,23.04,19.5
500101134,16:00-18:00,30.49,28.5
500101134,18:00-20:00,27.95,24.89
500101134,20:00-22:00,24.13,20.01
500101134,22:00-24:00,15.7,10.25
500101135,00:00-02:00,1.62,1.34
500101135,02:00-04:00,0.89,0.61
500101135,04:00-06:00,1.15,0.59
500101135,06:00-08:00,4.37,15.34
500101135,08:00-10:00,12.73,13.35
500101135,10:00-12:00,16.72,9.9
500101135,12:00-14:00,14.08,13.32
500101135,14:00-16:00,13.06,15.45
500101135,16:00-18:00,23.01,14.05
500101135,18:00-20:00,12.36,13.02
500101135,20:00-22:00,10.44,9.57
500101135,22:00-24:00,5.32,3.76
500101136,00:00-02:00,1.07,2.5
500101136,02:00-04:00,0.61,1.05
500101136,04:00-06:00,1.07,0.82
500101136,06:00-08:00,5.67,6.96
500101136,08:00-10:00,12.76,10.42
500101136,10:00-12:00,10.51,9.15
500101136,12:00-14:00,12.68,13.67
500101136,14:00-16:00,9.82,8.46
500101136,16:00-18:00,14.5,10.96
500101136,18:00-20:00,12.24,11.22
500101136,20:00-22:00,8.58,7.89
500101136,22:00-24:00,4.86,4.4
500101137,00:00-02:00,3.37,1.74
500101137,02:00-04:00,1.26,4.07
500101137,04:00-06:00,1.21,3.32
500101137,06:00-08:00,6.57,8.24
500101137,08:00-10:00,14.57,15.33
500101137,10:00-12:00,13.36,18.79
500101137,12:00-14:00,17.06,21.34
500101137,14:00-16:00,18.38,18.59
500101137,16:00-18:00,23.96,21.97
500101137,18:00-20:00,21.83,21.39
500101137,20:00-22:00,19.35,10.45
500101137,22:00-24:00,9.61,4.89
500101138,00:00-02:00,1.95,1.84
500101138,02:00-04:00,0.48,0.59
500101138,04:00-06:00,1.42,1.3
500101138,06:00-08:00,9.07,15.92
500101138,08:00-10:00,14.04,17.46
500101138,10:00-12:00,14.7,14.26
500101138,12:00-14:00,16.36,16.08
500101138,14:00-16:00,14.15,14.61
500101138,16:00-18:00,21.39,14.24
500101138,18:00-20:00,14.82,14.54
500101138,20:00-22:00,8.48,6.55
500101138,22:00-24:00,4.54,4.17
500101139,00:00-02:00,2.91,2.85
500101139,02:00-04:00,0.89,4.41
500101139,04:00-06:00,3.18,1.84
500101139,06:00-08:00,10.19,4.61
500101139,08:00-10:00,16.13,16.11
500101139,10:00-12:00,16.01,14.59
500101139,12:00-14:00,16.86,18.67
500101139,14:00-16:00,15.23,17.72
500101139,16:00-18:00,19.91,16.01
500101139,18:00-20:00,16.38,15.72
500101139,20:00-22:00,12.46,11.09
500101139,22:00-24:00,5.22,8.19
500101140,00:00-02:00,0.85,0.9
500101140,02:00-04:00,0.43,0.39
500101140,04:00-06:00,0.14,0.2
500101140,06:00-08:00,5.18,9.5
500101140,08:00-10:00,5.91,6.53
500101140,10:00-12:00,4.86,4.56
500101140,12:00-14:00,5.74,5.17
500101140,14:00-16:00,4.87,5.5
500101140,16:00-18:00,12.94,7.42
500101140,18:00-20:00,7.04,6.68
500101140,20:00-22:00,5.57,3.23
500101140,22:00-24:00,1.69,1.25
500101141,00:00-02:00,2.73,2.22
500101141,02:00-04:00,0.66,1.41
500101141,04:00-06:00,1.43,1.61
500101141,06:00-08:00,14.76,10.07
500101141,08:00-10:00,17.57,14.21
500101141,10:00-12:00,13.11,12.58
500101141,12:00-14:00,15.54,16.38
500101141,14:00-16:00,14.37,13.63
500101141,16:00-18:00,16.41,20.97
500101141,18:00-20:00,17.86,17.79
500101141,20:00-22:00,12.55,10.8
500101141,22:00-24:00,7.07,8.67
500101142,00:00-02:00,2.73,1.72
500101142,02:00-04:00,1.91,0.68
500101142,04:00-06:00,0.84,0.57
500101142,06:00-08:00,5.43,4.55
500101142,08:00-10:00,8.32,11.22
500101142,10:00-12:00,8.92,6.67
500101142,12:00-14:00,8.53,10.48
500101142,14:00-16:00,9.66,7.2
500101142,16:00-18:00,10.85,7.61
500101142,18:00-20:00,10.28,10.09
500101142,20:00-22:00,6.87,9.0
500101142,22:00-24:00,5.47,7.2
500101143,00:00-02:00,2.59,1.19
500101143,02:00-04:00,0.61,0.23
500101143,04:00-06:00,0.77,0.39
500101143,06:00-08:00,2.74,2.43
500101143,08:00-10:00,6.73,8.54
500101143,10:00-12:00,7.92,6.1
500101143,12:00-14:00,8.1,9.1
500101143,14:00-16:00,6.05,6.21
500101143,16:00-18:00,9.51,6.74
500101143,18:00-20:00,8.21,9.37
500101143,20:00-22:00,4.72,5.7
500101143,22:00-24:00,2.57,3.69
500101144,00:00-02:00,2.8,2.33
500101144,02:00-04:00,0.75,9.43
500101144,04:00-06:00,1.48,4.87
500101144,06:00-08:00,13.5,13.01
500101144,08:00-10:00,28.53,17.77
500101144,10:00-12:00,17.59,16.37
500101144,12:00-14:00,16.71,23.72
500101144,14:00-16:00,18.12,22.01
500101144,16:00-18:00,25.15,26.35
500101144,18:00-20:00,24.77,21.58
500101144,20:00-22:00,19.74,14.91
500101144,22:00-24:00,10.28,7.76
500101145,00:00-02:00,2.11,2.45
500101145,02:00-04:00,0.86,0.84
500101145,04:00-06:00,1.55,1.02
500101145,06:00-08:00,5.63,4.27
500101145,08:00-10:00,11.12,11.74
500101145,10:00-12:00,9.25,8.66
500101145,12:00-14:00,10.78,10.98
500101145,14:00-16:00,9.42,8.83
500101145,16:00-18:00,11.41,11.83
500101145,18:00-20:00,11.09,11.88
500101145,20:00-22:00,8.75,9.38
500101145,22:00-24:00,5.67,4.69
500101146,00:00-02:00,2.71,3.16
500101146,02:00-04:00,0.39,0.89
500101146,04:00-06:00,1.52,2.02
500101146,06:00-08:00,8.92,6.5
500101146,08:00-10:00,11.04,9.57
500101146,10:00-12:00,8.05,7.9
500101146,12:00-14:00,9.44,8.9
500101146,14:00-16:00,7.42,9.03
500101146,16:00-18:00,12.68,14.73
500101146,18:00-20:00,13.36,12.8
500101146,20:00-22:00,7.74,7.7
500101146,22:00-24:00,6.09,4.65
500101147,00:00-02:00,2.23,1.65
500101147,02:00-04:00,0.57,0.73
500101147,04:00-06:00,0.84,1.23
500101147,06:00-08:00,5.1,4.61
500101147,08:00-10:00,8.05,6.85
500101147,10:00-12:00,7.78,10.65
500101147,12:00-14:00,9.96,10.36
500101147,14:00-16:00,8.48,8.67
500101147,16:00-18:00,9.21,13.22
500101147,18:00-20:00,11.54,12.04
500101147,20:00-22:00,10.01,5.97
500101147,22:00-24:00,5.93,3.3
500101148,00:00-02:00,1.25,2.45
500101148,02:00-04:00,2.36,1.79
500101148,04:00-06:00,1.21,1.32
500101148,06:00-08:00,6.64,16.87
500101148,08:00-10:00,16.41,12.48
500101148,10:00-12:00,14.63,10.63
500101148,12:00-14:00,14.31,13.56
500101148,14:00-16:00,13.02,11.53
500101148,16:00-18:00,23.11,15.61
500101148,18:00-20:00,15.03,15.65
500101148,20:00-22:00,9.51,10.59
500101148,22:00-24:00,3.39,6.56
500101149,00:00-02:00,0.76,1.32
500101149,02:00-04:00,0.19,3.88
500101149,04:00-06:00,0.25,1.73
500101149,06:00-08:00,4.11,2.27
500101149,08:00-10:00,9.5,5.3
500101149,10:00-12:00,5.24,4.0
500101149,12:00-14:00,5.19,4.66
500101149,14:00-16:00,5.58,4.73
500101149,16:00-18:00,7.01,6.1
500101149,18:00-20:00,6.26,6.93
500101149,20:00-22:00,4.26,3.23
500101149,22:00-24:00,2.41,2.3
500101150,00:00-02:00,3.51,2.85
500101150,02:00-04:00,1.35,6.07
500101150,04:00-06:00,0.82,3.57
500101150,06:00-08:00,15.03,8.14
500101150,08:00-10:00,20.57,18.55
500101150,10:00-12:00,17.97,17.88
500101150,12:00-14:00,18.98,19.79
500101150,14:00-16:00,18.39,17.54
500101150,16:00-18:00,22.41,22.41
500101150,18:00-20:00,21.96,18.92
500101150,20:00-22:00,15.6,11.84
500101150,22:00-24:00,10.42,10.88
500101151,00:00-02:00,2.24,2.85
500101151,02:00-04:00,0.48,1.02
500101151,04:00-06:00,1.14,2.66
500101151,06:00-08:00,7.36,7.07
500101151,08:00-10:00,14.82,9.75
500101151,10:00-12:00,10.15,7.5
500101151,12:00-14:00,12.33,10.77
500101151,14:00-16:00,9.88,9.26
500101151,16:00-18:00,15.79,13.1
500101151,18:00-20:00,12.86,13.58
500101151,20:00-22:00,9.93,9.17
500101151,22:00-24:00,5.8,6.44
500101152,00:00-02:00,1.34,1.91
500101152,02:00-04:00,0.61,2.98
500101152,04:00-06:00,0.57,2.64
500101152,06:00-08:00,11.79,7.09
500101152,08:00-10:00,14.37,10.91
500101152,10:00-12:00,10.15,11.04
500101152,12:00-14:00,11.4,10.61
500101152,14:00-16:00,10.04,9.05
500101152,16:00-18:00,13.19,16.17
500101152,18:00-20:00,15.21,15.89
500101152,20:00-22:00,11.78,8.36
500101152,22:00-24:00,7.06,5.46
500101153,00:00-02:00,2.61,2.43
500101153,02:00-04:00,1.06,2.52
500101153,04:00-06:00,1.39,2.89
500101153,06:00-08:00,6.18,4.92
500101153,08:00-10:00,7.78,7.03
500101153,10:00-12:00,8.68,12.49
500101153,12:00-14:00,13.06,15.61
500101153,14:00-16:00,13.02,13.95
500101153,16:00-18:00,13.77,17.39
500101153,18:00-20:00,13.74,17.07
500101153,20:00-22:00,14.66,11.71
500101153,22:00-24:00,8.41,6.46
500101154,00:00-02:00,2.78,2.51
500101154,02:00-04:00,2.09,1.91
500101154,04:00-06:00,0.91,2.16
500101154,06:00-08:00,6.31,2.45
500101154,08:00-10:00,9.19,7.82
500101154,10:00-12:00,7.72,6.91
500101154,12:00-14:00,8.49,9.63
500101154,14:00-16:00,9.0,9.03
500101154,16:00-18:00,9.05,12.87
500101154,18:00-20:00,11.52,14.54
500101154,20:00-22:00,9.12,8.03
500101154,22:00-24:00,5.09,4.06
500101155,00:00-02:00,2.18,2.03
500101155,02:00-04:00,0.36,0.48
500101155,04:00-06:00,0.76,2.41
500101155,06:00-08:00,16.97,16.4
500101155,08:00-10:00,24.76,20.47
500101155,10:00-12:00,19.84,16.25
500101155,12:00-14:00,21.69,20.79
500101155,14:00-16:00,18.81,19.85
500101155,16:00-18:00,25.21,24.76
500101155,18:00-20:00,23.26,22.44
500101155,20:00-22:00,17.54,18.38
500101155,22:00-24:00,10.71,7.86
500101156,00:00-02:00,2.88,2.24
500101156,02:00-04:00,1.16,2.89
500101156,04:00-06:00,1.48,3.8
500101156,06:00-08:00,14.29,10.29
500101156,08:00-10:00,18.88,13.44
500101156,10:00-12:00,16.3,15.72
500101156,12:00-14:00,18.73,20.26
500101156,14:00-16:00,16.59,18.98
500101156,16:00-18:00,25.71,21.43
500101156,18:00-20:00,18.74,18.36
500101156,20:00-22:00,14.05,15.86
500101156,22:00-24:00,10.55,10.88
500101157,00:00-02:00,1.67,1.0
500101157,02:00-04:00,0.14,0.39
500101157,04:00-06:00,0.91,0.14
500101157,06:00-08:00,5.39,3.0
500101157,08:00-10:00,8.22,6.34
500101157,10:00-12:00,7.34,7.22
500101157,12:00-14:00,8.0,9.51
500101157,14:00-16:00,8.21,7.96
500101157,16:00-18:00,10.17,9.12
500101157,18:00-20:00,9.2,9.9
500101157,20:00-22:00,6.97,7.94
500101157,22:00-24:00,2.91,4.62
500101158,00:00-02:00,1.41,1.26
500101158,02:00-04:00,0.61,0.5
500101158,04:00-06:00,0.57,0.65
500101158,06:00-08:00,5.13,1.98
500101158,08:00-10:00,9.01,6.48
500101158,10:00-12:00,7.64,7.7
500101158,12:00-14:00,8.2,8.02
500101158,14:00-16:00,6.48,7.36
500101158,16:00-18:00,7.46,9.08
500101158,18:00-20:00,9.34,9.1
500101158,20:00-22:00,6.21,7.66
500101158,22:00-24:00,2.98,4.6
500101159,00:00-02:00,1.29,0.87
500101159,02:00-04:00,0.83,3.32
500101159,04:00-06:00,1.11,3.71
500101159,06:00-08:00,6.14,1.8
500101159,08:00-10:00,8.84,7.64
500101159,10:00-12:00,7.75,11.31
500101159,12:00-14:00,12.34,15.57
500101159,14:00-16:00,11.06,11.63
500101159,16:00-18:00,13.59,14.75
500101159,18:00-20:00,14.34,15.59
500101159,20:00-22:00,13.61,7.63
500101159,22:00-24:00,5.44,3.02
500101160,00:00-02:00,4.3,3.18
500101160,02:00-04:00,1.73,1.45
500101160,04:00-06:00,2.24,3.68
500101160,06:00-08:00,6.36,5.61
500101160,08:00-10:00,10.44,11.72
500101160,10:00-12:00,10.53,14.32
500101160,12:00-14:00,12.82,16.88
500101160,14:00-16:00,13.93,16.34
500101160,16:00-18:00,17.51,20.57
500101160,18:00-20:00,15.19,21.08
500101160,20:00-22:00,15.49,12.35
500101160,22:00-24:00,10.01,7.2
500101161,00:00-02:00,4.34,2.95
500101161,02:00-04:00,1.85,3.02
500101161,04:00-06:00,1.65,2.65
500101161,06:00-08:00,11.76,7.14
500101161,08:00-10:00,16.54,15.87
500101161,10:00-12:00,12.51,15.93
500101161,12:00-14:00,16.49,20.21
500101161,14:00-16:00,17.35,20.19
500101161,16:00-18:00,21.45,22.89
500101161,18:00-20:00,19.47,23.0
500101161,20:00-22:00,15.99,12.61
500101161,22:00-24:00,10.4,7.82
500101163,00:00-02:00,3.73,3.47
500101163,02:00-04:00,1.02,0.99
500101163,04:00-06:00,1.41,1.94
500101163,06:00-08:00,10.64,7.43
500101163,08:00-10:00,16.76,12.59
500101163,10:00-12:00,13.71,12.19
500101163,12:00-14:00,14.66,14.21
500101163,14:00-16:00,12.48,12.88
500101163,16:00-18:00,16.08,19.03
500101163,18:00-20:00,18.48,20.11
500101163,20:00-22:00,13.02,14.55
500101163,22:00-24:00,6.89,8.81
500101165,00:00-02:00,1.44,1.8
500101165,02:00-04:00,0.52,0.43
500101165,04:00-06:00,1.34,0.93
500101165,06:00-08:00,6.7,5.26
500101165,08:00-10:00,9.99,5.83
500101165,10:00-12:00,7.0,5.84
500101165,12:00-14:00,7.42,7.29
500101165,14:00-16:00,5.88,6.14
500101165,16:00-18:00,7.86,10.1
500101165,18:00-20:00,13.14,12.0
500101165,20:00-22:00,6.35,7.89
500101165,22:00-24:00,2.66,4.35
500101166,00:00-02:00,1.46,3.04
500101166,02:00-04:00,0.34,0.59
500101166,04:00-06:00,0.91,3.21
500101166,06:00-08:00,8.89,5.39
500101166,08:00-10:00,20.59,19.47
500101166,10:00-12:00,18.52,13.22
500101166,12:00-14:00,19.41,19.54
500101166,14:00-16:00,15.01,12.67
500101166,16:00-18:00,19.92,21.49
500101166,18:00-20:00,18.28,15.2
500101166,20:00-22:00,10.56,10.23
500101166,22:00-24:00,6.19,14.68
500101167,00:00-02:00,5.09,4.43
500101167,02:00-04:00,1.51,4.59
500101167,04:00-06:00,1.03,3.25
500101167,06:00-08:00,15.83,16.14
500101167,08:00-10:00,25.25,23.46
500101167,10:00-12:00,19.86,21.23
500101167,12:00-14:00,26.08,27.08
500101167,14:00-16:00,21.97,23.22
500101167,16:00-18:00,25.33,28.51
500101167,18:00-20:00,26.95,29.08
500101167,20:00-22:00,28.1,18.31
500101167,22:00-24:00,14.41,10.16
500101168,00:00-02:00,3.41,1.56
500101168,02:00-04:00,0.58,0.57
500101168,04:00-06:00,2.19,1.0
500101168,06:00-08:00,6.4,17.08
500101168,08:00-10:00,21.55,20.69
500101168,10:00-12:00,22.2,18.65
500101168,12:00-14:00,16.46,21.44
500101168,14:00-16:00,19.85,18.91
500101168,16:00-18:00,22.9,15.66
500101168,18:00-20:00,15.61,13.52
500101168,20:00-22:00,9.15,7.77
500101168,22:00-24:00,5.06,5.44
500101169,00:00-02:00,7.24,7.23
500101169,02:00-04:00,2.35,10.68
500101169,04:00-06:00,4.07,3.64
500101169,06:00-08:00,20.0,20.14
500101169,08:00-10:00,30.0,23.75
500101169,10:00-12:00,23.48,21.06
500101169,12:00-14:00,27.34,26.88
500101169,14:00-16:00,22.74,22.04
500101169,16:00-18:00,31.29,32.52
500101169,18:00-20:00,32.52,35.93
500101169,20:00-22:00,29.0,23.77
500101169,22:00-24:00,18.54,19.01
500101170,00:00-02:00,3.13,3.62
500101170,02:00-04:00,0.8,0.64
500101170,04:00-06:00,2.8,0.91
500101170,06:00-08:00,15.3,11.7
500101170,08:00-10:00,21.89,19.66
500101170,10:00-12:00,18.28,16.36
500101170,12:00-14:00,17.17,16.83
500101170,14:00-16:00,15.79,14.78
500101170,16:00-18:00,17.68,23.64
500101170,18:00-20:00,23.59,21.19
500101170,20:00-22:00,14.0,18.4
500101170,22:00-24:00,7.85,12.41
500101171,00:00-02:00,2.29,1.51
500101171,02:00-04:00,0.34,0.41
500101171,04:00-06:00,1.07,1.14
500101171,06:00-08:00,9.41,11.83
500101171,08:00-10:00,16.31,20.22
500101171,10:00-12:00,14.81,14.21
500101171,12:00-14:00,16.78,18.37
500101171,14:00-16:00,14.55,14.02
500101171,16:00-18:00,19.52,17.44
500101171,18:00-20:00,15.61,15.83
500101171,20:00-22:00,10.94,8.76
500101171,22:00-24:00,6.2,5.73
500101172,00:00-02:00,4.48,4.62
500101172,02:00-04:00,1.64,7.11
500101172,04:00-06:00,2.55,3.07
500101172,06:00-08:00,17.2,12.29
500101172,08:00-10:00,21.88,17.35
500101172,10:00-12:00,16.76,17.43
500101172,12:00-14:00,19.38,19.03
500101172,14:00-16:00,17.91,16.36
500101172,16:00-18:00,21.86,25.79
500101172,18:00-20:00,22.83,22.77
500101172,20:00-22:00,17.51,15.14
500101172,22:00-24:00,11.49,12.2
500101173,00:00-02:00,1.14,0.68
500101173,02:00-04:00,0.14,0.07
500101173,04:00-06:00,0.32,0.75
500101173,06:00-08:00,11.41,14.08
500101173,08:00-10:00,28.43,28.86
500101173,10:00-12:00,13.12,14.61
500101173,12:00-14:00,13.16,16.38
500101173,14:00-16:00,11.91,11.19
500101173,16:00-18:00,20.62,20.22
500101173,18:00-20:00,14.57,8.51
500101173,20:00-22:00,5.19,3.39
500101173,22:00-24:00,2.82,2.05
500101174,00:00-02:00,5.59,4.35
500101174,02:00-04:00,1.64,1.62
500101174,04:00-06:00,2.3,1.43
500101174,06:00-08:00,12.64,12.34
500101174,08:00-10:00,21.29,18.03
500101174,10:00-12:00,15.92,15.56
500101174,12:00-14:00,19.06,19.61
500101174,14:00-16:00,16.16,15.53
500101174,16:00-18:00,20.0,23.71
500101174,18:00-20:00,19.92,22.33
500101174,20:00-22:00,17.45,16.88
500101174,22:00-24:00,8.56,10.28
500101175,00:00-02:00,0.38,1.3
500101175,02:00-04:00,0.59,0.57
500101175,04:00-06:00,0.48,1.11
500101175,06:00-08:00,1.95,3.55
500101175,08:00-10:00,5.95,9.36
500101175,10:00-12:00,6.38,6.26
500101175,12:00-14:00,9.02,10.0
500101175,14:00-16:00,6.48,6.06
500101175,16:00-18:00,11.77,6.62
500101175,18:00-20:00,6.09,8.57
500101175,20:00-22:00,7.82,4.88
500101175,22:00-24:00,2.05,1.91
500101176,00:00-02:00,0.24,1.01
500101176,02:00-04:00,0.16,0.25
500101176,04:00-06:00,0.66,0.15
500101176,06:00-08:00,1.39,0.45
500101176,08:00-10:00,3.54,1.4
500101176,10:00-12:00,3.25,1.86
500101176,12:00-14:00,2.87,3.14
500101176,14:00-16:00,2.51,2.48
500101176,16:00-18:00,2.69,2.34
500101176,18:00-20:00,2.83,4.2
500101176,20:00-22:00,1.35,2.59
500101176,22:00-24:00,0.93,1.43
500101177,00:00-02:00,1.3,2.07
500101177,02:00-04:00,1.12,1.62
500101177,04:00-06:00,1.41,1.43
500101177,06:00-08:00,4.32,2.02
500101177,08:00-10:00,7.64,5.52
500101177,10:00-12:00,6.37,7.02
500101177,12:00-14:00,9.05,10.67
500101177,14:00-16:00,7.77,7.7
500101177,16:00-18:00,9.46,11.53
500101177,18:00-20:00,9.11,11.84
500101177,20:00-22:00,8.46,7.94
500101177,22:00-24:00,6.14,5.32
500101179,00:00-02:00,4.94,6.44
500101179,02:00-04:00,1.14,3.64
500101179,04:00-06:00,2.14,2.3
500101179,06:00-08:00,20.09,15.81
500101179,08:00-10:00,30.77,28.33
500101179,10:00-12:00,26.13,30.5
500101179,12:00-14:00,32.14,31.61
500101179,14:00-16:00,28.16,29.69
500101179,16:00-18:00,31.63,40.45
500101179,18:00-20:00,33.07,33.85
500101179,20:00-22:00,31.02,26.22
500101179,22:00-24:00,15.73,16.5
500101180,00:00-02:00,1.48,1.9
500101180,02:00-04:00,0.46,0.91
500101180,04:00-06:00,0.84,0.18
500101180,06:00-08:00,5.36,1.86
500101180,08:00-10:00,7.52,7.98
500101180,10:00-12:00,6.42,7.95
500101180,12:00-14:00,7.43,9.27
500101180,14:00-16:00,6.86,7.21
500101180,16:00-18:00,9.08,9.95
500101180,18:00-20:00,10.53,11.09
500101180,20:00-22:00,7.65,8.12
500101180,22:00-24:00,5.48,5.46
500101181,00:00-02:00,6.57,2.35
500101181,02:00-04:00,0.95,0.41
500101181,04:00-06:00,0.47,2.14
500101181,06:00-08:00,25.33,17.14
500101181,08:00-10:00,38.59,19.36
500101181,10:00-12:00,24.91,21.61
500101181,12:00-14:00,34.73,40.84
500101181,14:00-16:00,31.87,30.7
500101181,16:00-18:00,32.18,61.59
500101181,18:00-20:00,39.94,44.58
500101181,20:00-22:00,32.66,24.71
500101181,22:00-24:00,23.3,13.43
500101182,00:00-02:00,1.53,1.6
500101182,02:00-04:00,0.72,0.82
500101182,04:00-06:00,0.72,1.61
500101182,06:00-08:00,2.78,1.8
500101182,08:00-10:00,5.39,8.41
500101182,10:00-12:00,7.37,7.63
500101182,12:00-14:00,8.85,10.85
500101182,14:00-16:00,8.65,6.72
500101182,16:00-18:00,10.31,6.9
500101182,18:00-20:00,8.04,7.22
500101182,20:00-22:00,5.28,4.82
500101182,22:00-24:00,4.18,2.82
500101184,00:00-02:00,2.12,1.89
500101184,02:00-04:00,0.53,0.61
500101184,04:00-06:00,0.65,1.57
500101184,06:00-08:00,4.31,5.74
500101184,08:00-10:00,11.31,8.81
500101184,10:00-12:00,12.08,11.68
500101184,12:00-14:00,19.51,20.82
500101184,14:00-16:00,14.9,13.77
500101184,16:00-18:00,15.3,20.87
500101184,18:00-20:00,18.06,19.78
500101184,20:00-22:00,14.48,9.99
500101184,22:00-24:00,6.31,4.94
500101185,00:00-02:00,0.94,1.66
500101185,02:00-04:00,0.16,0.62
500101185,04:00-06:00,1.16,0.15
500101185,06:00-08:00,7.03,5.76
500101185,08:00-10:00,18.68,10.41
500101185,10:00-12:00,9.71,7.59
500101185,12:00-14:00,11.2,10.95
500101185,14:00-16:00,9.82,8.87
500101185,16:00-18:00,13.03,15.49
500101185,18:00-20:00,10.54,13.08
500101185,20:00-22:00,8.45,10.0
500101185,22:00-24:00,4.19,6.91
500101186,00:00-02:00,1.71,3.47
500101186,02:00-04:00,1.32,1.91
500101186,04:00-06:00,0.8,0.7
500101186,06:00-08:00,7.52,4.66
500101186,08:00-10:00,12.83,11.38
500101186,10:00-12:00,11.83,10.45
500101186,12:00-14:00,12.37,13.16
500101186,14:00-16:00,11.78,11.48
500101186,16:00-18:00,15.7,13.5
500101186,18:00-20:00,14.26,14.22
500101186,20:00-22:00,8.97,9.18
500101186,22:00-24:00,6.34,6.24
500101187,00:00-02:00,0.49,1.27
500101187,02:00-04:00,0.09,0.14
500101187,04:00-06:00,0.57,0.86
500101187,06:00-08:00,5.52,3.14
500101187,08:00-10:00,6.42,4.59
500101187,10:00-12:00,5.27,4.73
500101187,12:00-14:00,5.36,3.71
500101187,14:00-16:00,3.03,3.71
500101187,16:00-18:00,5.46,5.41
500101187,18:00-20:00,5.48,7.24
500101187,20:00-22:00,3.32,5.59
500101187,22:00-24:00,1.57,2.53
500101188,00:00-02:00,0.16,0.77
500101188,02:00-04:00,0.16,0.14
500101188,04:00-06:00,0.5,0.2
500101188,06:00-08:00,4.18,2.53
500101188,08:00-10:00,6.33,7.48
500101188,10:00-12:00,4.62,1.98
500101188,12:00-14:00,3.65,2.89
500101188,14:00-16:00,2.75,3.68
500101188,16:00-18:00,6.09,3.52
500101188,18:00-20:00,3.34,3.52
500101188,20:00-22:00,2.01,3.05
500101188,22:00-24:00,0.41,2.27
500101189,00:00-02:00,0.12,0.54
500101189,02:00-04:00,0.05,0.16
500101189,04:00-06:00,0.45,0.2
500101189,06:00-08:00,3.49,10.6
500101189,08:00-10:00,7.6,7.85
500101189,10:00-12:00,7.81,4.56
500101189,12:00-14:00,7.39,6.0
500101189,14:00-16:00,6.5,6.3
500101189,16:00-18:00,12.12,6.71
500101189,18:00-20:00,5.97,6.32
500101189,20:00-22:00,4.44,3.11
500101189,22:00-24:00,1.35,1.55
500101190,00:00-02:00,1.2,2.58
500101190,02:00-04:00,0.39,0.49
500101190,04:00-06:00,2.39,0.56
500101190,06:00-08:00,12.6,9.64
500101190,08:00-10:00,18.63,14.3
500101190,10:00-12:00,12.56,13.09
500101190,12:00-14:00,17.5,18.2
500101190,14:00-16:00,12.54,11.99
500101190,16:00-18:00,15.43,18.95
500101190,18:00-20:00,18.06,17.63
500101190,20:00-22:00,11.62,14.35
500101190,22:00-24:00,6.92,9.4
500101191,00:00-02:00,0.09,0.31
500101191,02:00-04:00,0.03,0.11
500101191,04:00-06:00,0.27,1.3
500101191,06:00-08:00,7.99,14.75
500101191,08:00-10:00,19.46,16.84
500101191,10:00-12:00,16.23,14.43
500101191,12:00-14:00,14.89,16.61
500101191,14:00-16:00,15.78,18.49
500101191,16:00-18:00,22.97,16.57
500101191,18:00-20:00,17.24,17.78
500101191,20:00-22:00,16.45,11.78
500101191,22:00-24:00,2.98,1.5
500101192,00:00-02:00,2.26,3.25
500101192,02:00-04:00,1.41,1.52
500101192,04:00-06:00,1.57,1.36
500101192,06:00-08:00,8.77,6.57
500101192,08:00-10:00,14.54,17.38
500101192,10:00-12:00,13.21,10.54
500101192,12:00-14:00,14.33,12.5
500101192,14:00-16:00,10.52,12.44
500101192,16:00-18:00,15.5,12.04
500101192,18:00-20:00,14.25,13.93
500101192,20:00-22:00,10.8,8.8
500101192,22:00-24:00,5.35,8.74
500101193,00:00-02:00,1.86,6.15
500101193,02:00-04:00,0.61,2.54
500101193,04:00-06:00,1.89,1.0
500101193,06:00-08:00,5.41,1.06
500101193,08:00-10:00,24.26,11.98
500101193,10:00-12:00,24.51,9.95
500101193,12:00-14:00,14.72,9.41
500101193,14:00-16:00,13.07,12.1
500101193,16:00-18:00,9.72,4.84
500101193,18:00-20:00,6.95,4.18
500101193,20:00-22:00,2.02,13.2
500101193,22:00-24:00,10.24,21.54
500101194,00:00-02:00,0.55,1.18
500101194,02:00-04:00,0.25,0.02
500101194,04:00-06:00,0.32,0.55
500101194,06:00-08:00,4.84,12.66
500101194,08:00-10:00,7.68,9.22
500101194,10:00-12:00,7.98,5.4
500101194,12:00-14:00,10.18,10.9
500101194,14:00-16:00,7.55,8.58
500101194,16:00-18:00,18.13,8.71
500101194,18:00-20:00,11.94,10.56
500101194,20:00-22:00,7.57,3.11
500101194,22:00-24:00,1.3,1.14
500101196,00:00-02:00,2.36,1.98
500101196,02:00-04:00,1.11,0.59
500101196,04:00-06:00,1.0,1.11
500101196,06:00-08:00,3.73,3.48
500101196,08:00-10:00,9.77,8.55
500101196,10:00-12:00,9.37,7.91
500101196,12:00-14:00,10.02,11.15
500101196,14:00-16:00,9.24,8.57
500101196,16:00-18:00,10.49,12.23
500101196,18:00-20:00,11.33,13.31
500101196,20:00-22:00,8.61,8.69
500101196,22:00-24:00,6.24,4.78
500101197,00:00-02:00,1.24,1.01
500101197,02:00-04:00,0.64,0.61
500101197,04:00-06:00,0.32,1.8
500101197,06:00-08:00,3.35,0.95
500101197,08:00-10:00,2.19,2.05
500101197,10:00-12:00,2.89,4.87
500101197,12:00-14:00,5.14,6.33
500101197,14:00-16:00,5.33,5.57
500101197,16:00-18:00,6.28,7.81
500101197,18:00-20:00,5.75,7.63
500101197,20:00-22:00,6.71,3.18
500101197,22:00-24:00,3.05,2.89
500101198,00:00-02:00,3.0,2.1
500101198,02:00-04:00,1.1,0.84
500101198,04:00-06:00,1.11,1.09
500101198,06:00-08:00,4.5,2.84
500101198,08:00-10:00,9.3,9.16
500101198,10:00-12:00,10.05,13.23
500101198,12:00-14:00,10.27,13.1
500101198,14:00-16:00,10.96,11.5
500101198,16:00-18:00,10.35,14.85
500101198,18:00-20:00,12.36,14.73
500101198,20:00-22:00,13.37,8.67
500101198,22:00-24:00,8.3,6.2
500101199,00:00-02:00,2.29,2.55
500101199,02:00-04:00,0.83,1.15
500101199,04:00-06:00,1.41,1.0
500101199,06:00-08:00,7.98,5.77
500101199,08:00-10:00,16.87,14.6
500101199,10:00-12:00,15.44,12.76
500101199,12:00-14:00,15.54,16.12
500101199,14:00-16:00,14.08,15.29
500101199,16:00-18:00,18.25,15.72
500101199,18:00-20:00,14.13,17.16
500101199,20:00-22:00,9.59,14.16
500101199,22:00-24:00,5.64,8.39
500101200,00:00-02:00,0.97,1.11
500101200,02:00-04:00,0.23,0.36
500101200,04:00-06:00,0.43,0.77
500101200,06:00-08:00,4.82,3.55
500101200,08:00-10:00,8.06,6.96
500101200,10:00-12:00,5.54,4.59
500101200,12:00-14:00,5.96,6.09
500101200,14:00-16:00,4.75,4.86
500101200,16:00-18:00,7.16,7.99
500101200,18:00-20:00,9.22,9.02
500101200,20:00-22:00,5.58,5.25
500101200,22:00-24:00,2.78,4.39
500101201,00:00-02:00,1.5,1.67
500101201,02:00-04:00,0.5,0.52
500101201,04:00-06:00,0.89,0.55
500101201,06:00-08:00,6.21,10.0
500101201,08:00-10:00,15.53,12.73
500101201,10:00-12:00,12.95,10.25
500101201,12:00-14:00,16.24,15.88
500101201,14:00-16:00,12.66,14.06
500101201,16:00-18:00,20.22,15.67
500101201,18:00-20:00,16.3,15.4
500101201,20:00-22:00,12.1,11.27
500101201,22:00-24:00,7.01,5.78
500101202,00:00-02:00,0.43,1.34
500101202,02:00-04:00,0.07,0.14
500101202,04:00-06:00,0.57,0.43
500101202,06:00-08:00,4.3,7.17
500101202,08:00-10:00,8.15,8.1
500101202,10:00-12:00,8.01,7.97
500101202,12:00-14:00,10.3,9.89
500101202,14:00-16:00,6.59,8.13
500101202,16:00-18:00,10.96,6.65
500101202,18:00-20:00,7.74,6.72
500101202,20:00-22:00,5.55,3.94
500101202,22:00-24:00,3.12,1.71
500101203,00:00-02:00,0.71,0.57
500101203,02:00-04:00,0.16,0.27
500101203,04:00-06:00,0.84,0.8
500101203,06:00-08:00,3.2,7.89
500101203,08:00-10:00,8.34,12.32
500101203,10:00-12:00,9.63,8.8
500101203,12:00-14:00,11.95,11.31
500101203,14:00-16:00,9.37,7.77
500101203,16:00-18:00,12.72,8.91
500101203,18:00-20:00,8.47,8.97
500101203,20:00-22:00,4.75,3.8
500101203,22:00-24:00,2.34,2.89
500101204,00:00-02:00,1.3,1.25
500101204,02:00-04:00,0.37,0.39
500101204,04:00-06:00,1.01,0.23
500101204,06:00-08:00,3.7,3.77
500101204,08:00-10:00,8.64,13.71
500101204,10:00-12:00,7.35,7.87
500101204,12:00-14:00,9.3,9.08
500101204,14:00-16:00,7.64,6.83
500101204,16:00-18:00,12.22,9.18
500101204,18:00-20:00,8.89,7.85
500101204,20:00-22:00,7.49,5.22
500101204,22:00-24:00,3.91,3.58
500101205,00:00-02:00,2.17,1.34
500101205,02:00-04:00,0.52,0.23
500101205,04:00-06:00,1.19,1.02
500101205,06:00-08:00,3.51,3.09
500101205,08:00-10:00,5.78,11.46
500101205,10:00-12:00,8.42,6.3
500101205,12:00-14:00,8.59,9.05
500101205,14:00-16:00,6.56,6.72
500101205,16:00-18:00,8.67,6.97
500101205,18:00-20:00,8.92,7.56
500101205,20:00-22:00,3.92,5.08
500101205,22:00-24:00,3.71,3.46
500101206,00:00-02:00,2.98,7.53
500101206,02:00-04:00,1.27,3.57
500101206,04:00-06:00,0.66,1.77
500101206,06:00-08:00,12.18,9.82
500101206,08:00-10:00,23.38,18.89
500101206,10:00-12:00,16.89,13.62
500101206,12:00-14:00,22.73,22.56
500101206,14:00-16:00,15.89,17.56
500101206,16:00-18:00,26.47,20.69
500101206,18:00-20:00,19.77,20.26
500101206,20:00-22:00,18.04,16.3
500101206,22:00-24:00,8.48,8.44
500101207,00:00-02:00,2.36,1.9
500101207,02:00-04:00,0.77,0.5
500101207,04:00-06:00,0.68,0.86
500101207,06:00-08:00,8.52,6.24
500101207,08:00-10:00,15.3,11.02
500101207,10:00-12:00,12.98,10.54
500101207,12:00-14:00,13.45,10.29
500101207,14:00-16:00,11.48,11.03
500101207,16:00-18:00,14.62,18.11
500101207,18:00-20:00,17.56,14.78
500101207,20:00-22:00,10.89,12.2
500101207,22:00-24:00,6.2,7.43
500101208,00:00-02:00,1.24,1.05
500101208,02:00-04:00,0.25,0.56
500101208,04:00-06:00,0.44,0.51
500101208,06:00-08:00,5.52,3.63
500101208,08:00-10:00,7.86,6.29
500101208,10:00-12:00,7.84,8.13
500101208,12:00-14:00,9.58,9.13
500101208,14:00-16:00,7.42,8.17
500101208,16:00-18:00,9.84,12.73
500101208,18:00-20:00,11.99,10.52
500101208,20:00-22:00,8.21,7.81
500101208,22:00-24:00,3.53,3.54
500101209,00:00-02:00,1.13,0.82
500101209,02:00-04:00,1.99,0.23
500101209,04:00-06:00,0.18,0.77
500101209,06:00-08:00,2.03,7.43
500101209,08:00-10:00,6.94,19.69
500101209,10:00-12:00,13.77,18.67
500101209,12:00-14:00,15.77,15.79
500101209,14:00-16:00,11.55,8.91
500101209,16:00-18:00,21.48,10.96
500101209,18:00-20:00,12.55,10.69
500101209,20:00-22:00,10.06,4.5
500101209,22:00-24:00,4.81,2.46
500101210,00:00-02:00,1.37,1.04
500101210,02:00-04:00,0.25,0.48
500101210,04:00-06:00,0.95,0.36
500101210,06:00-08:00,2.68,8.91
500101210,08:00-10:00,6.3,11.55
500101210,10:00-12:00,12.22,8.57
500101210,12:00-14:00,12.72,12.86
500101210,14:00-16:00,10.52,8.7
500101210,16:00-18:00,14.1,8.02
500101210,18:00-20:00,8.57,7.43
500101210,20:00-22:00,4.68,4.93
500101210,22:00-24:00,2.52,3.32
500101211,00:00-02:00,2.57,1.53
500101211,02:00-04:00,0.23,0.52
500101211,04:00-06:00,1.07,0.48
500101211,06:00-08:00,4.8,2.45
500101211,08:00-10:00,8.56,7.59
500101211,10:00-12:00,8.05,7.7
500101211,12:00-14:00,8.43,9.41
500101211,14:00-16:00,7.87,7.47
500101211,16:00-18:00,10.16,10.1
500101211,18:00-20:00,8.73,11.11
500101211,20:00-22:00,6.39,7.79
500101211,22:00-24:00,4.48,4.26
500101212,00:00-02:00,2.89,3.98
500101212,02:00-04:00,1.0,1.05
500101212,04:00-06:00,1.49,0.95
500101212,06:00-08:00,8.1,7.53
500101212,08:00-10:00,12.92,15.33
500101212,10:00-12:00,11.11,11.56
500101212,12:00-14:00,13.64,14.43
500101212,14:00-16:00,11.86,10.68
500101212,16:00-18:00,14.11,16.47
500101212,18:00-20:00,15.13,16.64
500101212,20:00-22:00,12.36,9.15
500101212,22:00-24:00,8.69,5.63
500101213,00:00-02:00,0.38,1.25
500101213,02:00-04:00,0.3,0.11
500101213,04:00-06:00,1.59,0.61
500101213,06:00-08:00,3.36,3.27
500101213,08:00-10:00,6.61,6.92
500101213,10:00-12:00,5.28,5.02
500101213,12:00-14:00,5.16,5.57
500101213,14:00-16:00,4.57,5.03
500101213,16:00-18:00,10.21,7.31
500101213,18:00-20:00,6.65,7.1
500101213,20:00-22:00,4.18,4.43
500101213,22:00-24:00,2.02,2.3
500101214,00:00-02:00,0.97,1.04
500101214,02:00-04:00,0.56,0.55
500101214,04:00-06:00,1.75,0.8
500101214,06:00-08:00,4.97,8.68
500101214,08:00-10:00,8.58,9.94
500101214,10:00-12:00,8.57,8.31
500101214,12:00-14:00,9.88,11.51
500101214,14:00-16:00,8.69,8.09
500101214,16:00-18:00,12.96,9.78
500101214,18:00-20:00,9.56,8.91
500101214,20:00-22:00,6.61,3.7
500101214,22:00-24:00,2.35,2.14
500101215,00:00-02:00,1.56,1.34
500101215,02:00-04:00,0.36,0.82
500101215,04:00-06:00,1.32,0.55
500101215,06:00-08:00,5.92,3.2
500101215,08:00-10:00,9.05,8.24
500101215,10:00-12:00,8.38,7.75
500101215,12:00-14:00,8.53,9.35
500101215,14:00-16:00,7.64,8.47
500101215,16:00-18:00,7.56,10.66
500101215,18:00-20:00,11.12,11.91
500101215,20:00-22:00,9.01,7.23
500101215,22:00-24:00,3.1,4.73
500101216,00:00-02:00,0.71,1.05
500101216,02:00-04:00,0.05,0.17
500101216,04:00-06:00,0.23,0.07
500101216,06:00-08:00,6.73,4.21
500101216,08:00-10:00,12.71,9.45
500101216,10:00-12:00,8.4,8.54
500101216,12:00-14:00,8.39,9.43
500101216,14:00-16:00,7.07,7.12
500101216,16:00-18:00,11.16,10.86
500101216,18:00-20:00,9.7,11.91
500101216,20:00-22:00,5.56,8.74
500101216,22:00-24:00,4.87,4.49
500101217,00:00-02:00,3.68,7.35
500101217,02:00-04:00,0.93,2.14
500101217,04:00-06:00,0.64,1.43
500101217,06:00-08:00,11.19,8.27
500101217,08:00-10:00,18.73,18.73
500101217,10:00-12:00,17.41,12.25
500101217,12:00-14:00,18.67,18.43
500101217,14:00-16:00,16.24,15.55
500101217,16:00-18:00,22.7,22.1
500101217,18:00-20:00,21.35,19.47
500101217,20:00-22:00,16.75,13.01
500101217,22:00-24:00,10.13,6.71
500101218,00:00-02:00,1.25,2.19
500101218,02:00-04:00,0.64,0.65
500101218,04:00-06:00,1.91,1.42
500101218,06:00-08:00,11.92,4.95
500101218,08:00-10:00,10.23,6.98
500101218,10:00-12:00,7.97,6.38
500101218,12:00-14:00,8.28,6.84
500101218,14:00-16:00,5.74,5.55
500101218,16:00-18:00,7.43,11.37
500101218,18:00-20:00,13.56,13.08
500101218,20:00-22:00,8.82,11.03
500101218,22:00-24:00,5.17,6.36
500101219,00:00-02:00,0.21,0.67
500101219,02:00-04:00,0.11,0.12
500101219,04:00-06:00,0.86,0.08
500101219,06:00-08:00,1.7,0.87
500101219,08:00-10:00,3.23,3.02
500101219,10:00-12:00,2.94,1.81
500101219,12:00-14:00,1.96,2.27
500101219,14:00-16:00,2.14,1.84
500101219,16:00-18:00,3.02,3.11
500101219,18:00-20:00,2.13,2.43
500101219,20:00-22:00,1.13,1.94
500101219,22:00-24:00,0.59,1.81
500101221,00:00-02:00,4.88,3.35
500101221,02:00-04:00,1.58,3.5
500101221,04:00-06:00,1.14,2.21
500101221,06:00-08:00,6.3,3.45
500101221,08:00-10:00,11.42,17.08
500101221,10:00-12:00,13.29,17.11
500101221,12:00-14:00,19.35,19.43
500101221,14:00-16:00,17.91,19.46
500101221,16:00-18:00,17.5,22.25
500101221,18:00-20:00,19.67,22.32
500101221,20:00-22:00,16.39,11.55
500101221,22:00-24:00,6.95,5.78
500101222,00:00-02:00,2.32,1.39
500101222,02:00-04:00,0.75,0.75
500101222,04:00-06:00,1.28,0.64
500101222,06:00-08:00,5.02,5.0
500101222,08:00-10:00,9.29,13.06
500101222,10:00-12:00,10.31,11.43
500101222,12:00-14:00,13.09,13.72
500101222,14:00-16:00,12.02,11.53
500101222,16:00-18:00,12.17,12.66
500101222,18:00-20:00,11.89,13.72
500101222,20:00-22:00,8.98,6.26
500101222,22:00-24:00,4.77,3.86
500101223,00:00-02:00,2.7,2.45
500101223,02:00-04:00,0.55,0.55
500101223,04:00-06:00,1.51,1.31
500101223,06:00-08:00,4.97,3.34
500101223,08:00-10:00,9.89,8.09
500101223,10:00-12:00,7.52,5.05
500101223,12:00-14:00,8.17,7.63
500101223,14:00-16:00,6.64,6.92
500101223,16:00-18:00,9.42,10.6
500101223,18:00-20:00,12.55,13.79
500101223,20:00-22:00,8.29,9.0
500101223,22:00-24:00,3.89,4.59
500101224,00:00-02:00,2.05,1.83
500101224,02:00-04:00,0.66,0.28
500101224,04:00-06:00,0.68,0.52
500101224,06:00-08:00,4.88,5.06
500101224,08:00-10:00,8.57,5.82
500101224,10:00-12:00,7.78,6.44
500101224,12:00-14:00,9.14,8.88
500101224,14:00-16:00,6.96,7.74
500101224,16:00-18:00,8.72,10.13
500101224,18:00-20:00,12.29,12.5
500101224,20:00-22:00,7.65,7.51
500101224,22:00-24:00,3.68,5.13
500101225,00:00-02:00,0.92,0.6
500101225,02:00-04:00,0.18,0.3
500101225,04:00-06:00,0.59,0.18
500101225,06:00-08:00,6.62,3.64
500101225,08:00-10:00,8.5,7.61
500101225,10:00-12:00,6.99,8.05
500101225,12:00-14:00,8.47,7.39
500101225,14:00-16:00,6.11,7.1
500101225,16:00-18:00,9.06,9.9
500101225,18:00-20:00,9.96,9.59
500101225,20:00-22:00,5.99,6.22
500101225,22:00-24:00,2.73,4.06
500101226,00:00-02:00,2.47,2.33
500101226,02:00-04:00,0.25,0.35
500101226,04:00-06:00,1.68,2.18
500101226,06:00-08:00,13.13,6.83
500101226,08:00-10:00,14.7,10.98
500101226,10:00-12:00,9.87,7.41
500101226,12:00-14:00,8.6,8.31
500101226,14:00-16:00,5.74,6.41
500101226,16:00-18:00,9.57,13.54
500101226,18:00-20:00,19.22,18.6
500101226,20:00-22:00,8.48,12.32
500101226,22:00-24:00,5.1,6.4
500101227,00:00-02:00,1.05,0.42
500101227,02:00-04:00,0.59,2.32
500101227,04:00-06:00,0.91,2.41
500101227,06:00-08:00,2.34,2.48
500101227,08:00-10:00,6.88,4.95
500101227,10:00-12:00,3.29,4.67
500101227,12:00-14:00,5.05,6.98
500101227,14:00-16:00,5.46,5.66
500101227,16:00-18:00,5.48,7.84
500101227,18:00-20:00,7.69,6.66
500101227,20:00-22:00,5.6,3.57
500101227,22:00-24:00,3.38,1.32
500101228,00:00-02:00,1.33,1.37
500101228,02:00-04:00,0.59,0.25
500101228,04:00-06:00,0.74,0.82
500101228,06:00-08:00,4.2,6.51
500101228,08:00-10:00,7.94,12.14
500101228,10:00-12:00,10.1,9.71
500101228,12:00-14:00,9.9,11.69
500101228,14:00-16:00,8.85,7.87
500101228,16:00-18:00,12.95,9.82
500101228,18:00-20:00,8.35,7.37
500101228,20:00-22:00,5.48,4.24
500101228,22:00-24:00,2.24,2.14
500101229,00:00-02:00,4.85,4.41
500101229,02:00-04:00,1.18,1.53
500101229,04:00-06:00,1.34,0.75
500101229,06:00-08:00,7.12,3.45
500101229,08:00-10:00,13.02,12.67
500101229,10:00-12:00,15.02,15.36
500101229,12:00-14:00,19.16,23.01
500101229,14:00-16:00,15.91,16.97
500101229,16:00-18:00,21.14,21.47
500101229,18:00-20:00,18.5,24.03
500101229,20:00-22:00,17.53,18.05
500101229,22:00-24:00,12.43,13.37
500101230,00:00-02:00,2.92,2.59
500101230,02:00-04:00,1.0,1.13
500101230,04:00-06:00,1.8,0.61
500101230,06:00-08:00,6.21,4.14
500101230,08:00-10:00,9.52,6.8
500101230,10:00-12:00,10.78,9.31
500101230,12:00-14:00,11.6,11.94
500101230,14:00-16:00,8.19,9.37
500101230,16:00-18:00,11.55,16.3
500101230,18:00-20:00,14.34,15.14
500101230,20:00-22:00,11.57,12.59
500101230,22:00-24:00,6.46,7.11
500101231,00:00-02:00,0.64,1.5
500101231,02:00-04:00,0.52,0.17
500101231,04:00-06:00,1.3,0.12
500101231,06:00-08:00,6.33,2.3
500101231,08:00-10:00,10.58,6.48
500101231,10:00-12:00,5.48,3.0
500101231,12:00-14:00,5.53,3.95
500101231,14:00-16:00,3.61,3.8
500101231,16:00-18:00,6.16,6.3
500101231,18:00-20:00,4.31,7.54
500101231,20:00-22:00,2.67,6.68
500101231,22:00-24:00,1.0,3.92
500101232,00:00-02:00,3.52,3.34
500101232,02:00-04:00,0.61,0.73
500101232,04:00-06:00,0.93,1.62
500101232,06:00-08:00,9.47,10.36
500101232,08:00-10:00,18.3,16.81
500101232,10:00-12:00,15.88,16.52
500101232,12:00-14:00,18.6,19.24
500101232,14:00-16:00,17.03,17.03
500101232,16:00-18:00,19.63,21.52
500101232,18:00-20:00,20.8,21.1
500101232,20:00-22:00,17.85,14.48
500101232,22:00-24:00,11.51,10.46
500101233,00:00-02:00,2.6,1.93
500101233,02:00-04:00,0.96,1.16
500101233,04:00-06:00,1.02,2.07
500101233,06:00-08:00,6.7,3.93
500101233,08:00-10:00,8.81,8.66
500101233,10:00-12:00,7.59,10.05
500101233,12:00-14:00,10.04,12.23
500101233,14:00-16:00,10.22,11.96
500101233,16:00-18:00,14.07,16.89
500101233,18:00-20:00,14.83,15.03
500101233,20:00-22:00,14.47,7.52
500101233,22:00-24:00,6.68,4.78
500101234,00:00-02:00,0.19,0.67
500101234,02:00-04:00,0.05,0.42
500101234,04:00-06:00,0.89,0.35
500101234,06:00-08:00,3.34,5.27
500101234,08:00-10:00,8.2,5.72
500101234,10:00-12:00,6.66,5.58
500101234,12:00-14:00,6.84,6.7
500101234,14:00-16:00,4.54,4.42
500101234,16:00-18:00,10.55,7.49
500101234,18:00-20:00,6.98,8.96
500101234,20:00-22:00,5.06,5.0
500101234,22:00-24:00,1.85,2.89
500101235,00:00-02:00,1.41,1.64
500101235,02:00-04:00,0.35,0.73
500101235,04:00-06:00,0.34,0.6
500101235,06:00-08:00,5.75,3.18
500101235,08:00-10:00,8.79,9.32
500101235,10:00-12:00,9.55,8.55
500101235,12:00-14:00,9.42,9.51
500101235,14:00-16:00,7.75,8.28
500101235,16:00-18:00,9.23,11.8
500101235,18:00-20:00,11.43,11.2
500101235,20:00-22:00,8.03,6.97
500101235,22:00-24:00,4.68,4.66
500101236,00:00-02:00,1.25,2.29
500101236,02:00-04:00,0.34,1.01
500101236,04:00-06:00,0.8,0.63
500101236,06:00-08:00,4.76,1.52
500101236,08:00-10:00,7.54,6.39
500101236,10:00-12:00,6.84,5.08
500101236,12:00-14:00,5.55,4.52
500101236,14:00-16:00,5.35,4.78
500101236,16:00-18:00,6.76,7.43
500101236,18:00-20:00,8.02,9.88
500101236,20:00-22:00,5.24,7.61
500101236,22:00-24:00,6.35,6.57
500101237,00:00-02:00,1.37,1.39
500101237,02:00-04:00,0.27,0.25
500101237,04:00-06:00,0.73,0.34
500101237,06:00-08:00,3.77,8.34
500101237,08:00-10:00,7.17,12.18
500101237,10:00-12:00,10.4,9.15
500101237,12:00-14:00,12.46,13.35
500101237,14:00-16:00,9.58,8.55
500101237,16:00-18:00,13.29,8.41
500101237,18:00-20:00,9.88,8.77
500101237,20:00-22:00,6.13,5.2
500101237,22:00-24:00,3.23,2.46
500101238,00:00-02:00,1.28,1.37
500101238,02:00-04:00,0.25,0.14
500101238,04:00-06:00,0.49,0.41
500101238,06:00-08:00,3.14,7.77
500101238,08:00-10:00,6.55,9.63
500101238,10:00-12:00,8.25,8.22
500101238,12:00-14:00,11.15,9.67
500101238,14:00-16:00,7.62,8.56
500101238,16:00-18:00,14.44,9.09
500101238,18:00-20:00,11.11,9.92
500101238,20:00-22:00,5.85,4.44
500101238,22:00-24:00,2.9,1.96
500101239,00:00-02:00,1.25,1.47
500101239,02:00-04:00,0.2,0.69
500101239,04:00-06:00,0.5,0.96
500101239,06:00-08:00,4.1,2.63
500101239,08:00-10:00,10.16,7.52
500101239,10:00-12:00,7.72,6.09
500101239,12:00-14:00,6.44,5.93
500101239,14:00-16:00,5.9,6.37
500101239,16:00-18:00,8.39,10.23
500101239,18:00-20:00,10.78,10.97
500101239,20:00-22:00,5.02,7.77
500101239,22:00-24:00,3.19,4.0
500101240,00:00-02:00,0.71,1.21
500101240,02:00-04:00,0.14,0.24
500101240,04:00-06:00,1.23,0.17
500101240,06:00-08:00,9.91,5.43
500101240,08:00-10:00,12.1,7.23
500101240,10:00-12:00,7.06,4.16
500101240,12:00-14:00,7.3,6.82
500101240,14:00-16:00,6.08,7.03
500101240,16:00-18:00,8.7,12.27
500101240,18:00-20:00,10.71,13.2
500101240,20:00-22:00,5.43,10.25
500101240,22:00-24:00,5.35,5.25
500101241,00:00-02:00,0.87,1.22
500101241,02:00-04:00,0.5,0.62
500101241,04:00-06:00,0.91,0.27
500101241,06:00-08:00,7.57,6.64
500101241,08:00-10:00,15.27,14.75
500101241,10:00-12:00,13.3,11.34
500101241,12:00-14:00,12.97,14.72
500101241,14:00-16:00,11.91,11.49
500101241,16:00-18:00,14.27,10.94
500101241,18:00-20:00,12.04,11.87
500101241,20:00-22:00,7.53,6.49
500101241,22:00-24:00,3.7,5.8
500101242,00:00-02:00,1.31,1.7
500101242,02:00-04:00,0.48,0.85
500101242,04:00-06:00,1.78,1.17
500101242,06:00-08:00,5.92,3.42
500101242,08:00-10:00,9.22,6.86
500101242,10:00-12:00,7.55,5.05
500101242,12:00-14:00,7.85,6.54
500101242,14:00-16:00,4.86,5.37
500101242,16:00-18:00,6.24,10.52
500101242,18:00-20:00,10.08,8.9
500101242,20:00-22:00,5.79,8.01
500101242,22:00-24:00,4.83,5.17
500101243,00:00-02:00,1.53,1.45
500101243,02:00-04:00,0.68,0.52
500101243,04:00-06:00,0.8,0.98
500101243,06:00-08:00,9.21,6.33
500101243,08:00-10:00,12.38,11.43
500101243,10:00-12:00,9.95,9.05
500101243,12:00-14:00,11.75,12.81
500101243,14:00-16:00,8.85,9.33
500101243,16:00-18:00,13.26,10.85
500101243,18:00-20:00,12.57,11.63
500101243,20:00-22:00,7.25,7.89
500101243,22:00-24:00,3.24,5.05
500101244,00:00-02:00,1.08,1.64
500101244,02:00-04:00,0.25,0.49
500101244,04:00-06:00,1.18,0.4
500101244,06:00-08:00,5.1,3.26
500101244,08:00-10:00,8.87,7.15
500101244,10:00-12:00,6.13,5.32
500101244,12:00-14:00,6.86,6.65
500101244,14:00-16:00,5.13,5.78
500101244,16:00-18:00,9.15,10.27
500101244,18:00-20:00,9.38,11.82
500101244,20:00-22:00,5.52,7.76
500101244,22:00-24:00,2.21,3.13
500101245,00:00-02:00,0.14,0.07
500101245,02:00-04:00,0.07,0.02
500101245,04:00-06:00,0.07,0.14
500101245,06:00-08:00,0.32,2.7
500101245,08:00-10:00,2.8,3.58
500101245,10:00-12:00,2.75,2.46
500101245,12:00-14:00,3.25,3.16
500101245,14:00-16:00,3.53,2.0
500101245,16:00-18:00,2.26,1.3
500101245,18:00-20:00,1.32,1.7
500101245,20:00-22:00,0.48,0.57
500101245,22:00-24:00,0.36,0.14
500101246,00:00-02:00,1.48,2.29
500101246,02:00-04:00,0.59,1.14
500101246,04:00-06:00,1.11,1.67
500101246,06:00-08:00,6.89,4.66
500101246,08:00-10:00,9.61,6.09
500101246,10:00-12:00,8.62,7.91
500101246,12:00-14:00,11.37,11.79
500101246,14:00-16:00,9.99,10.87
500101246,16:00-18:00,13.99,14.98
500101246,18:00-20:00,15.56,13.24
500101246,20:00-22:00,8.97,9.32
500101246,22:00-24:00,5.12,6.67
500101247,00:00-02:00,0.71,0.52
500101247,02:00-04:00,0.47,4.09
500101247,04:00-06:00,0.42,2.98
500101247,06:00-08:00,4.13,1.05
500101247,08:00-10:00,5.99,4.52
500101247,10:00-12:00,4.72,4.5
500101247,12:00-14:00,6.91,7.15
500101247,14:00-16:00,8.11,7.12
500101247,16:00-18:00,7.91,9.59
500101247,18:00-20:00,8.78,9.83
500101247,20:00-22:00,8.82,3.81
500101247,22:00-24:00,3.81,1.89
500101248,00:00-02:00,0.8,2.28
500101248,02:00-04:00,0.25,0.25
500101248,04:00-06:00,0.64,0.53
500101248,06:00-08:00,7.86,4.49
500101248,08:00-10:00,13.48,11.45
500101248,10:00-12:00,11.83,9.07
500101248,12:00-14:00,11.91,11.9
500101248,14:00-16:00,10.01,9.25
500101248,16:00-18:00,12.16,11.46
500101248,18:00-20:00,11.43,12.83
500101248,20:00-22:00,8.05,11.98
500101248,22:00-24:00,5.05,7.32
500101250,00:00-02:00,0.21,0.8
500101250,02:00-04:00,0.14,0.23
500101250,04:00-06:00,0.23,1.48
500101250,06:00-08:00,4.69,3.73
500101250,08:00-10:00,6.03,7.0
500101250,10:00-12:00,6.45,5.54
500101250,12:00-14:00,6.55,6.41
500101250,14:00-16:00,5.6,5.52
500101250,16:00-18:00,8.31,7.25
500101250,18:00-20:00,7.28,7.72
500101250,20:00-22:00,6.69,5.75
500101250,22:00-24:00,2.69,2.0
500101251,00:00-02:00,3.04,3.16
500101251,02:00-04:00,1.19,4.13
500101251,04:00-06:00,1.3,2.98
500101251,06:00-08:00,14.87,9.55
500101251,08:00-10:00,19.39,15.34
500101251,10:00-12:00,13.62,15.4
500101251,12:00-14:00,17.8,19.13
500101251,14:00-16:00,16.81,18.58
500101251,16:00-18:00,21.73,25.92
500101251,18:00-20:00,24.13,23.13
500101251,20:00-22:00,19.7,14.66
500101251,22:00-24:00,9.53,7.74
500101252,00:00-02:00,1.75,1.61
500101252,02:00-04:00,0.42,0.57
500101252,04:00-06:00,1.14,0.55
500101252,06:00-08:00,5.21,5.18
500101252,08:00-10:00,11.51,12.31
500101252,10:00-12:00,11.01,11.85
500101252,12:00-14:00,12.94,15.35
500101252,14:00-16:00,8.53,9.47
500101252,16:00-18:00,11.15,12.5
500101252,18:00-20:00,9.35,12.59
500101252,20:00-22:00,10.89,8.92
500101252,22:00-24:00,5.83,6.16
500101253,00:00-02:00,2.88,2.25
500101253,02:00-04:00,0.18,0.93
500101253,04:00-06:00,1.09,0.36
500101253,06:00-08:00,7.74,8.96
500101253,08:00-10:00,11.7,9.0
500101253,10:00-12:00,8.57,7.39
500101253,12:00-14:00,9.95,9.31
500101253,14:00-16:00,7.35,8.69
500101253,16:00-18:00,16.42,10.53
500101253,18:00-20:00,11.04,10.95
500101253,20:00-22:00,7.53,8.8
500101253,22:00-24:00,5.85,6.18
500101254,00:00-02:00,1.34,1.23
500101254,02:00-04:00,0.11,0.23
500101254,04:00-06:00,1.16,0.8
500101254,06:00-08:00,5.0,12.59
500101254,08:00-10:00,10.14,10.2
500101254,10:00-12:00,11.01,8.02
500101254,12:00-14:00,12.2,9.43
500101254,14:00-16:00,8.72,10.16
500101254,16:00-18:00,18.72,10.41
500101254,18:00-20:00,12.21,12.02
500101254,20:00-22:00,9.19,8.96
500101254,22:00-24:00,2.31,4.19
500101255,00:00-02:00,1.96,1.84
500101255,02:00-04:00,0.2,0.53
500101255,04:00-06:00,0.89,0.32
500101255,06:00-08:00,7.59,4.05
500101255,08:00-10:00,12.88,12.36
500101255,10:00-12:00,10.66,13.76
500101255,12:00-14:00,12.93,14.47
500101255,14:00-16:00,11.28,10.54
500101255,16:00-18:00,14.97,14.24
500101255,18:00-20:00,10.97,15.04
500101255,20:00-22:00,9.52,9.13
500101255,22:00-24:00,4.58,5.71
500101256,00:00-02:00,0.52,0.68
500101256,02:00-04:00,0.32,0.07
500101256,04:00-06:00,0.27,0.09
500101256,06:00-08:00,2.86,5.93
500101256,08:00-10:00,6.62,9.03
500101256,10:00-12:00,7.79,4.43
500101256,12:00-14:00,6.96,7.27
500101256,14:00-16:00,4.22,4.6
500101256,16:00-18:00,7.24,4.49
500101256,18:00-20:00,3.71,3.98
500101256,20:00-22:00,2.52,3.42
500101256,22:00-24:00,2.75,2.48
500101257,00:00-02:00,1.63,0.82
500101257,02:00-04:00,0.36,0.34
500101257,04:00-06:00,1.39,0.32
500101257,06:00-08:00,8.53,3.73
500101257,08:00-10:00,12.65,8.91
500101257,10:00-12:00,8.5,7.13
500101257,12:00-14:00,8.2,6.16
500101257,14:00-16:00,5.83,5.53
500101257,16:00-18:00,8.66,9.75
500101257,18:00-20:00,7.67,10.46
500101257,20:00-22:00,6.5,8.83
500101257,22:00-24:00,2.07,3.62
500101258,00:00-02:00,0.71,0.97
500101258,02:00-04:00,0.75,0.48
500101258,04:00-06:00,0.84,1.11
500101258,06:00-08:00,5.98,8.16
500101258,08:00-10:00,8.8,8.93
500101258,10:00-12:00,8.84,9.03
500101258,12:00-14:00,12.1,10.77
500101258,14:00-16:00,8.61,8.93
500101258,16:00-18:00,14.11,11.45
500101258,18:00-20:00,8.96,12.15
500101258,20:00-22:00,8.67,5.28
500101258,22:00-24:00,2.55,3.44
500101259,00:00-02:00,1.04,1.5
500101259,02:00-04:00,0.32,0.28
500101259,04:00-06:00,0.59,0.31
500101259,06:00-08:00,5.19,3.43
500101259,08:00-10:00,8.36,5.39
500101259,10:00-12:00,6.64,5.84
500101259,12:00-14:00,8.91,8.69
500101259,14:00-16:00,6.61,8.03
500101259,16:00-18:00,10.23,10.57
500101259,18:00-20:00,8.19,10.38
500101259,20:00-22:00,5.13,7.73
500101259,22:00-24:00,2.94,6.43
500101260,00:00-02:00,0.54,1.15
500101260,02:00-04:00,0.11,0.05
500101260,04:00-06:00,0.09,0.34
500101260,06:00-08:00,1.36,0.43
500101260,08:00-10:00,2.57,1.84
500101260,10:00-12:00,2.3,1.7
500101260,12:00-14:00,2.25,1.7
500101260,14:00-16:00,1.38,1.91
500101260,16:00-18:00,2.28,1.67
500101260,18:00-20:00,2.06,1.93
500101260,20:00-22:00,0.87,2.0
500101260,22:00-24:00,0.69,1.36
500101261,00:00-02:00,0.57,0.43
500101261,02:00-04:00,0.09,0.25
500101261,04:00-06:00,0.23,0.34
500101261,06:00-08:00,4.02,2.52
500101261,08:00-10:00,8.07,5.21
500101261,10:00-12:00,6.73,5.03
500101261,12:00-14:00,5.05,4.93
500101261,14:00-16:00,4.21,4.28
500101261,16:00-18:00,4.71,7.3
500101261,18:00-20:00,6.69,5.18
500101261,20:00-22:00,3.11,4.48
500101261,22:00-24:00,1.23,2.07
500101262,00:00-02:00,0.33,0.19
500101262,02:00-04:00,1.2,0.34
500101262,04:00-06:00,0.61,0.43
500101262,06:00-08:00,3.14,9.84
500101262,08:00-10:00,7.18,6.96
500101262,10:00-12:00,5.45,2.71
500101262,12:00-14:00,8.66,8.63
500101262,14:00-16:00,3.09,3.23
500101262,16:00-18:00,11.08,4.8
500101262,18:00-20:00,3.7,5.0
500101262,20:00-22:00,1.32,1.45
500101262,22:00-24:00,1.09,2.12
500101264,00:00-02:00,1.02,0.99
500101264,02:00-04:00,0.18,0.43
500101264,04:00-06:00,0.34,0.25
500101264,06:00-08:00,3.31,9.0
500101264,08:00-10:00,5.98,5.04
500101264,10:00-12:00,6.33,4.84
500101264,12:00-14:00,7.45,7.42
500101264,14:00-16:00,6.52,6.08
500101264,16:00-18:00,13.96,9.34
500101264,18:00-20:00,8.32,9.33
500101264,20:00-22:00,6.82,4.64
500101264,22:00-24:00,2.77,1.5
500101265,00:00-02:00,0.87,1.18
500101265,02:00-04:00,0.07,0.44
500101265,04:00-06:00,0.64,0.21
500101265,06:00-08:00,5.28,3.27
500101265,08:00-10:00,9.41,6.71
500101265,10:00-12:00,6.3,6.46
500101265,12:00-14:00,6.92,7.68
500101265,14:00-16:00,6.12,5.57
500101265,16:00-18:00,7.36,9.66
500101265,18:00-20:00,9.62,11.98
500101265,20:00-22:00,5.5,6.96
500101265,22:00-24:00,3.19,3.81
500101266,00:00-02:00,1.59,1.46
500101266,02:00-04:00,0.62,0.59
500101266,04:00-06:00,0.6,0.95
500101266,06:00-08:00,3.22,12.0
500101266,08:00-10:00,6.81,7.03
500101266,10:00-12:00,11.34,8.88
500101266,12:00-14:00,13.81,14.17
500101266,14:00-16:00,12.32,8.22
500101266,16:00-18:00,18.31,9.43
500101266,18:00-20:00,14.73,9.81
500101266,20:00-22:00,7.77,6.32
500101266,22:00-24:00,4.93,4.1
500101267,00:00-02:00,0.35,0.21
500101267,02:00-04:00,0.07,0.07
500101267,04:00-06:00,0.16,0.23
500101267,06:00-08:00,2.09,0.77
500101267,08:00-10:00,2.72,1.7
500101267,10:00-12:00,2.46,2.36
500101267,12:00-14:00,2.24,2.39
500101267,14:00-16:00,1.78,1.91
500101267,16:00-18:00,2.24,2.05
500101267,18:00-20:00,1.91,3.01
500101267,20:00-22:00,1.16,2.12
500101267,22:00-24:00,0.64,0.81
500101268,00:00-02:00,0.84,1.34
500101268,02:00-04:00,0.64,0.2
500101268,04:00-06:00,0.25,0.09
500101268,06:00-08:00,2.68,2.76
500101268,08:00-10:00,7.11,7.85
500101268,10:00-12:00,6.79,5.97
500101268,12:00-14:00,7.22,7.07
500101268,14:00-16:00,6.48,5.82
500101268,16:00-18:00,8.96,7.98
500101268,18:00-20:00,7.76,6.63
500101268,20:00-22:00,5.05,5.41
500101268,22:00-24:00,2.46,2.46
500101269,00:00-02:00,0.31,0.54
500101269,02:00-04:00,0.02,0.11
500101269,04:00-06:00,0.14,0.57
500101269,06:00-08:00,5.39,6.61
500101269,08:00-10:00,8.89,7.89
500101269,10:00-12:00,5.29,4.66
500101269,12:00-14:00,4.91,3.86
500101269,14:00-16:00,3.12,5.34
500101269,16:00-18:00,11.13,3.36
500101269,18:00-20:00,4.31,4.45
500101269,20:00-22:00,2.84,2.39
500101269,22:00-24:00,0.99,1.02
500101270,00:00-02:00,1.11,1.4
500101270,02:00-04:00,0.3,0.51
500101270,04:00-06:00,0.75,0.31
500101270,06:00-08:00,3.43,2.59
500101270,08:00-10:00,6.81,8.67
500101270,10:00-12:00,7.37,6.97
500101270,12:00-14:00,9.27,11.03
500101270,14:00-16:00,6.33,6.07
500101270,16:00-18:00,9.89,9.41
500101270,18:00-20:00,8.19,10.22
500101270,20:00-22:00,6.43,6.19
500101270,22:00-24:00,3.07,3.38
500101271,00:00-02:00,1.15,1.19
500101271,02:00-04:00,0.23,0.74
500101271,04:00-06:00,0.32,0.58
500101271,06:00-08:00,5.43,3.33
500101271,08:00-10:00,9.15,8.94
500101271,10:00-12:00,7.76,8.64
500101271,12:00-14:00,10.84,10.91
500101271,14:00-16:00,7.32,7.24
500101271,16:00-18:00,9.53,11.73
500101271,18:00-20:00,9.88,13.37
500101271,20:00-22:00,8.1,7.17
500101271,22:00-24:00,3.27,4.02
500101272,00:00-02:00,0.35,0.59
500101272,02:00-04:00,0.05,0.23
500101272,04:00-06:00,0.14,0.07
500101272,06:00-08:00,1.61,2.05
500101272,08:00-10:00,5.41,1.53
500101272,10:00-12:00,3.02,3.34
500101272,12:00-14:00,3.34,4.23
500101272,14:00-16:00,3.34,3.37
500101272,16:00-18:00,6.18,5.25
500101272,18:00-20:00,3.87,5.61
500101272,20:00-22:00,2.55,2.94
500101272,22:00-24:00,1.32,1.26
500101273,00:00-02:00,0.45,0.63
500101273,02:00-04:00,0.34,0.19
500101273,04:00-06:00,0.35,0.05
500101273,06:00-08:00,2.09,0.89
500101273,08:00-10:00,2.83,1.84
500101273,10:00-12:00,2.78,2.72
500101273,12:00-14:00,2.61,2.57
500101273,14:00-16:00,2.14,2.0
500101273,16:00-18:00,3.16,1.83
500101273,18:00-20:00,2.82,3.11
500101273,20:00-22:00,1.79,2.01
500101273,22:00-24:00,1.1,1.78
500101274,00:00-02:00,1.25,1.58
500101274,02:00-04:00,0.34,1.05
500101274,04:00-06:00,1.21,1.14
500101274,06:00-08:00,4.86,1.64
500101274,08:00-10:00,11.74,2.84
500101274,10:00-12:00,5.81,3.27
500101274,12:00-14:00,5.07,5.23
500101274,14:00-16:00,4.58,6.89
500101274,16:00-18:00,5.53,10.6
500101274,18:00-20:00,5.13,8.21
500101274,20:00-22:00,3.82,5.47
500101274,22:00-24:00,1.57,2.91
500101276,00:00-02:00,4.2,2.9
500101276,02:00-04:00,1.49,1.05
500101276,04:00-06:00,0.88,1.07
500101276,06:00-08:00,4.5,7.36
500101276,08:00-10:00,15.32,8.53
500101276,10:00-12:00,17.73,19.09
500101276,12:00-14:00,33.34,31.88
500101276,14:00-16:00,21.66,20.39
500101276,16:00-18:00,27.27,39.82
500101276,18:00-20:00,36.21,36.36
500101276,20:00-22:00,23.14,24.37
500101276,22:00-24:00,13.53,9.44
500103001,00:00-02:00,1.15,2.14
500103001,02:00-04:00,0.45,0.52
500103001,04:00-06:00,2.32,0.59
500103001,06:00-08:00,7.11,2.3
500103001,08:00-10:00,6.86,6.52
500103001,10:00-12:00,3.98,2.39
500103001,12:00-14:00,3.11,2.98
500103001,14:00-16:00,4.05,3.59
500103001,16:00-18:00,4.89,8.2
500103001,18:00-20:00,9.0,9.65
500103001,20:00-22:00,6.45,7.62
500103001,22:00-24:00,2.19,5.28
500103002,00:00-02:00,1.23,1.27
500103002,02:00-04:00,0.21,6.16
500103002,04:00-06:00,1.16,2.43
500103002,06:00-08:00,9.61,1.95
500103002,08:00-10:00,7.22,6.23
500103002,10:00-12:00,6.43,3.93
500103002,12:00-14:00,4.97,5.66
500103002,14:00-16:00,6.14,5.53
500103002,16:00-18:00,9.3,8.45
500103002,18:00-20:00,7.88,7.66
500103002,20:00-22:00,5.28,3.68
500103002,22:00-24:00,1.68,2.85
500103003,00:00-02:00,0.31,0.44
500103003,02:00-04:00,0.11,0.05
500103003,04:00-06:00,0.98,0.09
500103003,06:00-08:00,3.15,0.89
500103003,08:00-10:00,2.48,3.41
500103003,10:00-12:00,2.2,1.69
500103003,12:00-14:00,1.7,2.07
500103003,14:00-16:00,2.33,1.55
500103003,16:00-18:00,2.28,3.82
500103003,18:00-20:00,4.36,3.65
500103003,20:00-22:00,1.61,3.07
500103003,22:00-24:00,0.96,2.07
500103004,00:00-02:00,1.86,2.34
500103004,02:00-04:00,0.48,1.02
500103004,04:00-06:00,2.39,1.24
500103004,06:00-08:00,13.09,7.36
500103004,08:00-10:00,13.98,14.17
500103004,10:00-12:00,10.18,7.59
500103004,12:00-14:00,10.19,8.18
500103004,14:00-16:00,8.91,9.44
500103004,16:00-18:00,11.08,15.26
500103004,18:00-20:00,18.56,18.67
500103004,20:00-22:00,9.43,13.69
500103004,22:00-24:00,5.99,7.74
500103005,00:00-02:00,1.93,1.91
500103005,02:00-04:00,0.55,2.07
500103005,04:00-06:00,2.71,1.0
500103005,06:00-08:00,10.59,6.59
500103005,08:00-10:00,14.76,11.86
500103005,10:00-12:00,9.69,7.57
500103005,12:00-14:00,9.22,8.18
500103005,14:00-16:00,7.84,7.57
500103005,16:00-18:00,11.24,14.5
500103005,18:00-20:00,12.95,14.86
500103005,20:00-22:00,9.42,11.92
500103005,22:00-24:00,5.39,6.81
500103006,00:00-02:00,0.78,0.62
500103006,02:00-04:00,0.09,0.33
500103006,04:00-06:00,1.09,0.3
500103006,06:00-08:00,3.91,2.95
500103006,08:00-10:00,5.78,3.61
500103006,10:00-12:00,5.55,3.5
500103006,12:00-14:00,4.28,3.86
500103006,14:00-16:00,3.53,3.41
500103006,16:00-18:00,4.89,5.44
500103006,18:00-20:00,5.55,6.17
500103006,20:00-22:00,2.96,3.51
500103006,22:00-24:00,1.75,3.02
500103007,00:00-02:00,0.97,1.14
500103007,02:00-04:00,0.2,0.41
500103007,04:00-06:00,0.87,0.34
500103007,06:00-08:00,3.68,2.02
500103007,08:00-10:00,4.78,6.12
500103007,10:00-12:00,4.11,4.08
500103007,12:00-14:00,5.35,5.55
500103007,14:00-16:00,4.83,5.78
500103007,16:00-18:00,7.81,6.19
500103007,18:00-20:00,6.87,7.05
500103007,20:00-22:00,3.6,4.13
500103007,22:00-24:00,1.98,3.06
500103008,00:00-02:00,0.52,1.04
500103008,02:00-04:00,0.11,1.52
500103008,04:00-06:00,0.43,1.46
500103008,06:00-08:00,10.45,4.5
500103008,08:00-10:00,9.86,8.43
500103008,10:00-12:00,8.49,7.27
500103008,12:00-14:00,8.5,7.52
500103008,14:00-16:00,8.52,9.07
500103008,16:00-18:00,11.36,11.92
500103008,18:00-20:00,11.51,14.58
500103008,20:00-22:00,11.27,6.25
500103008,22:00-24:00,1.54,5.01
500103009,00:00-02:00,6.04,4.08
500103009,02:00-04:00,2.27,5.25
500103009,04:00-06:00,2.5,8.3
500103009,06:00-08:00,29.34,25.86
500103009,08:00-10:00,29.43,30.16
500103009,10:00-12:00,20.0,25.99
500103009,12:00-14:00,27.88,26.53
500103009,14:00-16:00,31.09,27.66
500103009,16:00-18:00,39.43,42.67
500103009,18:00-20:00,37.68,30.22
500103009,20:00-22:00,28.13,22.39
500103009,22:00-24:00,16.33,14.82
500103010,00:00-02:00,1.74,0.8
500103010,02:00-04:00,2.64,0.25
500103010,04:00-06:00,1.98,0.55
500103010,06:00-08:00,5.57,4.02
500103010,08:00-10:00,7.05,6.57
500103010,10:00-12:00,4.99,3.18
500103010,12:00-14:00,3.35,4.68
500103010,14:00-16:00,4.31,4.44
500103010,16:00-18:00,6.96,5.46
500103010,18:00-20:00,4.69,7.02
500103010,20:00-22:00,2.55,6.7
500103010,22:00-24:00,2.85,3.87
500103011,00:00-02:00,0.02,0.12
500103011,02:00-04:00,0.0,0.09
500103011,04:00-06:00,0.0,0.14
500103011,06:00-08:00,0.68,16.13
500103011,08:00-10:00,8.89,6.98
500103011,10:00-12:00,5.61,5.93
500103011,12:00-14:00,5.12,3.27
500103011,14:00-16:00,3.36,3.64
500103011,16:00-18:00,21.59,3.06
500103011,18:00-20:00,1.45,3.07
500103011,20:00-22:00,0.64,0.8
500103011,22:00-24:00,0.12,0.5
500103012,00:00-02:00,0.14,0.38
500103012,02:00-04:00,0.18,1.11
500103012,04:00-06:00,0.48,0.43
500103012,06:00-08:00,5.34,0.91
500103012,08:00-10:00,2.91,1.61
500103012,10:00-12:00,1.92,1.86
500103012,12:00-14:00,1.94,0.95
500103012,14:00-16:00,1.59,1.3
500103012,16:00-18:00,3.16,3.45
500103012,18:00-20:00,2.09,3.73
500103012,20:00-22:00,1.14,2.93
500103012,22:00-24:00,0.2,1.3
500103013,00:00-02:00,0.47,0.92
500103013,02:00-04:00,0.14,1.02
500103013,04:00-06:00,0.57,0.39
500103013,06:00-08:00,3.96,4.55
500103013,08:00-10:00,5.7,4.57
500103013,10:00-12:00,3.77,3.91
500103013,12:00-14:00,4.66,4.02
500103013,14:00-16:00,3.39,3.99
500103013,16:00-18:00,6.47,6.41
500103013,18:00-20:00,5.61,6.47
500103013,20:00-22:00,4.11,3.82
500103013,22:00-24:00,2.49,1.32
500103019,00:00-02:00,1.06,1.02
500103019,02:00-04:00,0.49,0.5
500103019,04:00-06:00,0.27,0.27
500103019,06:00-08:00,2.51,1.82
500103019,08:00-10:00,4.26,2.48
500103019,10:00-12:00,3.55,2.93
500103019,12:00-14:00,4.83,3.43
500103019,14:00-16:00,4.03,3.05
500103019,16:00-18:00,6.37,6.17
500103019,18:00-20:00,6.95,7.86
500103019,20:00-22:00,5.12,5.67
500103019,22:00-24:00,3.54,2.98
500103020,00:00-02:00,1.13,2.36
500103020,02:00-04:00,1.54,1.33
500103020,04:00-06:00,1.23,0.6
500103020,06:00-08:00,7.09,2.57
500103020,08:00-10:00,9.06,4.8
500103020,10:00-12:00,6.57,5.04
500103020,12:00-14:00,7.04,6.68
500103020,14:00-16:00,7.07,5.75
500103020,16:00-18:00,7.23,8.86
500103020,18:00-20:00,7.05,10.31
500103020,20:00-22:00,5.29,7.82
500103020,22:00-24:00,2.45,4.53
500103021,00:00-02:00,1.32,1.76
500103021,02:00-04:00,1.77,0.92
500103021,04:00-06:00,2.27,0.49
500103021,06:00-08:00,8.73,3.16
500103021,08:00-10:00,9.52,11.27
500103021,10:00-12:00,8.43,7.77
500103021,12:00-14:00,9.8,10.16
500103021,14:00-16:00,9.4,9.29
500103021,16:00-18:00,12.8,13.8
500103021,18:00-20:00,10.71,13.26
500103021,20:00-22:00,7.04,9.49
500103021,22:00-24:00,4.17,5.01
500103022,00:00-02:00,0.66,0.88
500103022,02:00-04:00,0.41,0.14
500103022,04:00-06:00,1.0,0.07
500103022,06:00-08:00,3.59,2.25
500103022,08:00-10:00,4.09,3.86
500103022,10:00-12:00,5.49,3.77
500103022,12:00-14:00,4.32,3.73
500103022,14:00-16:00,4.01,3.18
500103022,16:00-18:00,4.89,5.33
500103022,18:00-20:00,4.7,4.83
500103022,20:00-22:00,3.42,3.7
500103022,22:00-24:00,1.34,2.0
500103023,00:00-02:00,1.14,4.31
500103023,02:00-04:00,0.93,1.93
500103023,04:00-06:00,0.76,3.35
500103023,06:00-08:00,5.95,3.64
500103023,08:00-10:00,8.06,6.18
500103023,10:00-12:00,7.55,6.0
500103023,12:00-14:00,7.13,5.5
500103023,14:00-16:00,6.71,5.66
500103023,16:00-18:00,8.12,8.22
500103023,18:00-20:00,9.23,7.86
500103023,20:00-22:00,5.05,4.59
500103023,22:00-24:00,2.89,3.69
500103024,00:00-02:00,1.75,1.48
500103024,02:00-04:00,0.24,5.18
500103024,04:00-06:00,0.45,2.48
500103024,06:00-08:00,8.1,9.23
500103024,08:00-10:00,17.36,8.3
500103024,10:00-12:00,11.07,8.38
500103024,12:00-14:00,10.35,10.22
500103024,14:00-16:00,10.84,10.35
500103024,16:00-18:00,15.46,11.31
500103024,18:00-20:00,12.38,11.65
500103024,20:00-22:00,9.26,7.39
500103024,22:00-24:00,5.97,6.12
500103025,00:00-02:00,1.72,2.24
500103025,02:00-04:00,0.23,1.77
500103025,04:00-06:00,0.55,0.59
500103025,06:00-08:00,6.14,8.85
500103025,08:00-10:00,13.65,9.02
500103025,10:00-12:00,9.24,7.59
500103025,12:00-14:00,9.95,7.59
500103025,14:00-16:00,9.45,7.8
500103025,16:00-18:00,12.63,10.14
500103025,18:00-20:00,13.54,11.84
500103025,20:00-22:00,9.54,9.14
500103025,22:00-24:00,6.53,4.94
500103026,00:00-02:00,0.66,0.64
500103026,02:00-04:00,0.0,0.09
500103026,04:00-06:00,0.08,0.39
500103026,06:00-08:00,7.64,8.25
500103026,08:00-10:00,8.3,8.05
500103026,10:00-12:00,4.9,4.56
500103026,12:00-14:00,6.74,4.0
500103026,14:00-16:00,4.76,3.78
500103026,16:00-18:00,8.5,5.34
500103026,18:00-20:00,8.82,5.52
500103026,20:00-22:00,4.94,3.3
500103026,22:00-24:00,3.58,2.03
500103027,00:00-02:00,2.5,2.88
500103027,02:00-04:00,1.25,0.8
500103027,04:00-06:00,1.5,2.73
500103027,06:00-08:00,11.2,14.02
500103027,08:00-10:00,18.64,20.89
500103027,10:00-12:00,19.38,16.58
500103027,12:00-14:00,17.63,16.63
500103027,14:00-16:00,15.72,14.01
500103027,16:00-18:00,18.98,18.16
500103027,18:00-20:00,16.7,15.63
500103027,20:00-22:00,11.55,10.77
500103027,22:00-24:00,7.03,8.56
500103028,00:00-02:00,2.22,3.25
500103028,02:00-04:00,0.61,0.64
500103028,04:00-06:00,0.7,2.61
500103028,06:00-08:00,11.3,12.39
500103028,08:00-10:00,22.24,19.11
500103028,10:00-12:00,19.3,14.77
500103028,12:00-14:00,19.8,22.56
500103028,14:00-16:00,22.9,22.68
500103028,16:00-18:00,29.52,23.82
500103028,18:00-20:00,21.97,25.65
500103028,20:00-22:00,16.06,15.09
500103028,22:00-24:00,10.29,8.99
500103029,00:00-02:00,1.92,1.77
500103029,02:00-04:00,0.39,1.06
500103029,04:00-06:00,0.98,0.4
500103029,06:00-08:00,5.07,3.38
500103029,08:00-10:00,7.94,8.02
500103029,10:00-12:00,7.33,7.25
500103029,12:00-14:00,8.67,8.17
500103029,14:00-16:00,7.39,7.41
500103029,16:00-18:00,10.14,12.1
500103029,18:00-20:00,9.96,12.06
500103029,20:00-22:00,7.89,7.15
500103029,22:00-24:00,4.74,5.84
500103030,00:00-02:00,3.75,2.49
500103030,02:00-04:00,3.23,0.86
500103030,04:00-06:00,2.3,0.7
500103030,06:00-08:00,8.09,10.11
500103030,08:00-10:00,20.26,23.73
500103030,10:00-12:00,20.54,25.38
500103030,12:00-14:00,25.07,26.34
500103030,14:00-16:00,22.86,23.95
500103030,16:00-18:00,26.9,26.18
500103030,18:00-20:00,20.78,16.66
500103030,20:00-22:00,10.34,9.45
500103030,22:00-24:00,4.21,6.36
500103031,00:00-02:00,1.23,1.31
500103031,02:00-04:00,0.18,0.68
500103031,04:00-06:00,1.09,0.6
500103031,06:00-08:00,6.36,4.14
500103031,08:00-10:00,6.72,4.07
500103031,10:00-12:00,6.13,4.82
500103031,12:00-14:00,6.71,5.77
500103031,14:00-16:00,6.71,6.1
500103031,16:00-18:00,7.95,8.09
500103031,18:00-20:00,8.67,10.7
500103031,20:00-22:00,6.57,7.23
500103031,22:00-24:00,2.53,4.58
500103032,00:00-02:00,0.39,0.21
500103032,02:00-04:00,0.07,0.14
500103032,04:00-06:00,0.45,0.39
500103032,06:00-08:00,2.1,2.2
500103032,08:00-10:00,4.9,4.59
500103032,10:00-12:00,3.64,3.07
500103032,12:00-14:00,4.54,4.5
500103032,14:00-16:00,4.06,3.02
500103032,16:00-18:00,4.91,3.15
500103032,18:00-20:00,3.45,3.2
500103032,20:00-22:00,1.67,2.18
500103032,22:00-24:00,0.79,1.42
500103033,00:00-02:00,1.47,1.13
500103033,02:00-04:00,0.87,0.36
500103033,04:00-06:00,1.0,0.82
500103033,06:00-08:00,2.43,3.2
500103033,08:00-10:00,4.88,6.09
500103033,10:00-12:00,4.69,4.54
500103033,12:00-14:00,6.13,5.32
500103033,14:00-16:00,5.79,5.71
500103033,16:00-18:00,8.8,6.94
500103033,18:00-20:00,7.71,6.68
500103033,20:00-22:00,4.84,4.43
500103033,22:00-24:00,3.09,3.57
500103034,00:00-02:00,4.08,4.13
500103034,02:00-04:00,0.68,2.24
500103034,04:00-06:00,2.48,1.43
500103034,06:00-08:00,11.6,6.61
500103034,08:00-10:00,15.35,16.24
500103034,10:00-12:00,14.41,12.79
500103034,12:00-14:00,15.48,18.05
500103034,14:00-16:00,17.13,18.32
500103034,16:00-18:00,20.55,19.75
500103034,18:00-20:00,20.06,21.62
500103034,20:00-22:00,14.52,16.41
500103034,22:00-24:00,11.56,11.16
500103035,00:00-02:00,1.91,1.98
500103035,02:00-04:00,0.32,0.64
500103035,04:00-06:00,1.98,0.96
500103035,06:00-08:00,11.78,4.65
500103035,08:00-10:00,12.44,11.07
500103035,10:00-12:00,9.05,6.43
500103035,12:00-14:00,9.2,7.2
500103035,14:00-16:00,8.35,7.69
500103035,16:00-18:00,9.88,14.73
500103035,18:00-20:00,15.12,13.51
500103035,20:00-22:00,7.07,11.74
500103035,22:00-24:00,5.37,6.31
500103036,00:00-02:00,0.5,0.61
500103036,02:00-04:00,0.29,0.2
500103036,04:00-06:00,1.45,0.86
500103036,06:00-08:00,2.59,3.98
500103036,08:00-10:00,5.72,7.82
500103036,10:00-12:00,6.64,4.74
500103036,12:00-14:00,6.36,4.73
500103036,14:00-16:00,5.79,4.46
500103036,16:00-18:00,6.07,5.46
500103036,18:00-20:00,7.28,5.66
500103036,20:00-22:00,5.17,4.84
500103036,22:00-24:00,2.43,2.19
500103037,00:00-02:00,2.77,3.44
500103037,02:00-04:00,1.69,3.59
500103037,04:00-06:00,1.84,3.55
500103037,06:00-08:00,10.95,13.81
500103037,08:00-10:00,18.76,12.51
500103037,10:00-12:00,13.88,16.29
500103037,12:00-14:00,17.19,17.2
500103037,14:00-16:00,16.07,17.55
500103037,16:00-18:00,22.18,25.17
500103037,18:00-20:00,22.3,20.3
500103037,20:00-22:00,16.11,13.49
500103037,22:00-24:00,11.33,9.67
500103038,00:00-02:00,2.63,2.25
500103038,02:00-04:00,0.8,0.77
500103038,04:00-06:00,1.07,0.84
500103038,06:00-08:00,6.78,4.47
500103038,08:00-10:00,6.81,4.78
500103038,10:00-12:00,5.35,5.38
500103038,12:00-14:00,6.8,7.22
500103038,14:00-16:00,7.2,7.23
500103038,16:00-18:00,8.18,10.39
500103038,18:00-20:00,11.86,11.55
500103038,20:00-22:00,7.46,9.62
500103038,22:00-24:00,4.49,5.02
500103039,00:00-02:00,1.99,0.94
500103039,02:00-04:00,1.43,0.3
500103039,04:00-06:00,1.69,0.39
500103039,06:00-08:00,4.2,8.52
500103039,08:00-10:00,6.77,8.18
500103039,10:00-12:00,7.57,5.62
500103039,12:00-14:00,8.29,8.04
500103039,14:00-16:00,6.92,6.46
500103039,16:00-18:00,12.42,6.56
500103039,18:00-20:00,6.93,8.25
500103039,20:00-22:00,4.44,5.63
500103039,22:00-24:00,2.76,4.1
500103040,00:00-02:00,1.32,1.74
500103040,02:00-04:00,0.48,0.8
500103040,04:00-06:00,1.8,2.07
500103040,06:00-08:00,11.48,7.07
500103040,08:00-10:00,11.07,7.11
500103040,10:00-12:00,9.58,7.45
500103040,12:00-14:00,8.63,9.25
500103040,14:00-16:00,7.62,8.48
500103040,16:00-18:00,12.15,11.83
500103040,18:00-20:00,9.95,11.75
500103040,20:00-22:00,7.8,9.14
500103040,22:00-24:00,2.73,6.06
500103041,00:00-02:00,1.27,1.46
500103041,02:00-04:00,0.66,0.43
500103041,04:00-06:00,0.5,0.34
500103041,06:00-08:00,2.9,1.77
500103041,08:00-10:00,3.17,2.78
500103041,10:00-12:00,2.73,1.25
500103041,12:00-14:00,2.45,1.98
500103041,14:00-16:00,2.52,2.41
500103041,16:00-18:00,4.44,5.02
500103041,18:00-20:00,4.0,4.98
500103041,20:00-22:00,3.64,4.09
500103041,22:00-24:00,1.57,2.48
500103042,00:00-02:00,0.33,0.52
500103042,02:00-04:00,0.2,0.18
500103042,04:00-06:00,0.44,1.8
500103042,06:00-08:00,7.81,8.32
500103042,08:00-10:00,12.56,11.47
500103042,10:00-12:00,12.53,11.28
500103042,12:00-14:00,12.97,13.18
500103042,14:00-16:00,11.34,11.68
500103042,16:00-18:00,14.56,12.56
500103042,18:00-20:00,11.88,14.12
500103042,20:00-22:00,11.34,8.47
500103042,22:00-24:00,2.95,2.53
500103043,00:00-02:00,1.52,1.91
500103043,02:00-04:00,0.37,0.43
500103043,04:00-06:00,0.86,0.52
500103043,06:00-08:00,6.93,5.59
500103043,08:00-10:00,8.8,9.43
500103043,10:00-12:00,13.13,11.92
500103043,12:00-14:00,15.34,14.88
500103043,14:00-16:00,15.17,14.44
500103043,16:00-18:00,16.32,16.1
500103043,18:00-20:00,15.93,16.69
500103043,20:00-22:00,15.31,12.91
500103043,22:00-24:00,9.18,8.14
500103044,00:00-02:00,8.22,6.98
500103044,02:00-04:00,2.43,2.64
500103044,04:00-06:00,2.86,4.82
500103044,06:00-08:00,12.95,12.75
500103044,08:00-10:00,16.1,14.43
500103044,10:00-12:00,15.65,21.53
500103044,12:00-14:00,25.38,23.96
500103044,14:00-16:00,31.67,33.48
500103044,16:00-18:00,36.82,38.38
500103044,18:00-20:00,34.72,34.33
500103044,20:00-22:00,31.66,29.63
500103044,22:00-24:00,18.96,16.8
500103045,00:00-02:00,2.0,1.93
500103045,02:00-04:00,0.91,0.99
500103045,04:00-06:00,2.8,1.53
500103045,06:00-08:00,8.33,5.59
500103045,08:00-10:00,11.38,9.07
500103045,10:00-12:00,8.65,7.82
500103045,12:00-14:00,8.61,8.45
500103045,14:00-16:00,8.9,8.42
500103045,16:00-18:00,11.11,12.11
500103045,18:00-20:00,10.95,14.11
500103045,20:00-22:00,9.7,9.6
500103045,22:00-24:00,5.46,6.85
500103046,00:00-02:00,0.84,1.53
500103046,02:00-04:00,0.14,0.36
500103046,04:00-06:00,0.39,0.73
500103046,06:00-08:00,4.43,3.57
500103046,08:00-10:00,5.42,4.09
500103046,10:00-12:00,5.02,2.66
500103046,12:00-14:00,5.01,4.11
500103046,14:00-16:00,4.06,4.05
500103046,16:00-18:00,7.66,4.73
500103046,18:00-20:00,5.24,5.38
500103046,20:00-22:00,3.94,4.36
500103046,22:00-24:00,2.47,2.44
500103047,00:00-02:00,1.12,1.67
500103047,02:00-04:00,0.23,0.52
500103047,04:00-06:00,1.15,0.59
500103047,06:00-08:00,3.43,9.93
500103047,08:00-10:00,7.35,9.19
500103047,10:00-12:00,9.9,5.43
500103047,12:00-14:00,9.32,7.63
500103047,14:00-16:00,6.79,5.94
500103047,16:00-18:00,12.08,6.69
500103047,18:00-20:00,8.08,6.2
500103047,20:00-22:00,5.05,4.3
500103047,22:00-24:00,4.2,2.78
500103048,00:00-02:00,3.72,2.12
500103048,02:00-04:00,0.75,1.75
500103048,04:00-06:00,1.94,2.77
500103048,06:00-08:00,7.47,5.73
500103048,08:00-10:00,11.74,8.93
500103048,10:00-12:00,9.91,9.61
500103048,12:00-14:00,9.58,11.09
500103048,14:00-16:00,11.36,11.88
500103048,16:00-18:00,14.74,15.19
500103048,18:00-20:00,15.22,15.93
500103048,20:00-22:00,11.47,10.59
500103048,22:00-24:00,9.39,7.99
500103049,00:00-02:00,2.23,2.01
500103049,02:00-04:00,1.11,0.8
500103049,04:00-06:00,0.95,0.57
500103049,06:00-08:00,3.88,4.14
500103049,08:00-10:00,6.04,5.25
500103049,10:00-12:00,7.12,7.27
500103049,12:00-14:00,9.25,8.62
500103049,14:00-16:00,8.62,7.49
500103049,16:00-18:00,11.29,11.9
500103049,18:00-20:00,10.86,12.26
500103049,20:00-22:00,10.38,7.19
500103049,22:00-24:00,4.35,5.26
500103050,00:00-02:00,3.98,2.07
500103050,02:00-04:00,0.68,1.66
500103050,04:00-06:00,1.18,1.25
500103050,06:00-08:00,9.39,5.27
500103050,08:00-10:00,12.24,8.02
500103050,10:00-12:00,9.21,9.29
500103050,12:00-14:00,9.77,9.38
500103050,14:00-16:00,8.05,9.26
500103050,16:00-18:00,14.34,17.97
500103050,18:00-20:00,14.97,19.65
500103050,20:00-22:00,12.7,13.45
500103050,22:00-24:00,9.83,8.36
500103051,00:00-02:00,4.96,2.99
500103051,02:00-04:00,2.08,1.91
500103051,04:00-06:00,2.37,3.82
500103051,06:00-08:00,7.89,9.23
500103051,08:00-10:00,12.29,12.41
500103051,10:00-12:00,12.07,13.39
500103051,12:00-14:00,14.46,15.24
500103051,14:00-16:00,13.99,13.55
500103051,16:00-18:00,16.51,18.63
500103051,18:00-20:00,16.39,14.86
500103051,20:00-22:00,12.8,11.61
500103051,22:00-24:00,9.04,6.99
500103052,00:00-02:00,1.9,1.41
500103052,02:00-04:00,0.44,1.48
500103052,04:00-06:00,0.54,1.52
500103052,06:00-08:00,3.96,3.45
500103052,08:00-10:00,5.04,5.02
500103052,10:00-12:00,5.86,5.25
500103052,12:00-14:00,6.34,5.41
500103052,14:00-16:00,6.35,4.23
500103052,16:00-18:00,9.58,6.21
500103052,18:00-20:00,9.02,7.68
500103052,20:00-22:00,7.04,5.57
500103052,22:00-24:00,4.0,3.23
500103053,00:00-02:00,3.58,3.42
500103053,02:00-04:00,0.69,1.18
500103053,04:00-06:00,1.46,1.68
500103053,06:00-08:00,11.51,12.46
500103053,08:00-10:00,16.73,18.19
500103053,10:00-12:00,15.6,18.69
500103053,12:00-14:00,19.37,22.24
500103053,14:00-16:00,20.78,20.87
500103053,16:00-18:00,23.84,24.53
500103053,18:00-20:00,25.18,24.27
500103053,20:00-22:00,19.37,14.35
500103053,22:00-24:00,12.63,10.11
500103054,00:00-02:00,2.19,3.38
500103054,02:00-04:00,1.14,1.32
500103054,04:00-06:00,2.3,1.33
500103054,06:00-08:00,8.47,5.9
500103054,08:00-10:00,10.93,9.68
500103054,10:00-12:00,9.79,10.0
500103054,12:00-14:00,10.92,12.27
500103054,14:00-16:00,12.34,11.49
500103054,16:00-18:00,11.61,13.21
500103054,18:00-20:00,12.84,11.99
500103054,20:00-22:00,7.27,8.47
500103054,22:00-24:00,5.61,6.23
500103055,00:00-02:00,1.37,1.45
500103055,02:00-04:00,0.91,0.5
500103055,04:00-06:00,1.22,0.89
500103055,06:00-08:00,4.2,2.91
500103055,08:00-10:00,7.91,7.89
500103055,10:00-12:00,7.19,6.63
500103055,12:00-14:00,8.31,9.07
500103055,14:00-16:00,7.9,7.83
500103055,16:00-18:00,10.56,7.95
500103055,18:00-20:00,8.55,10.43
500103055,20:00-22:00,7.05,7.4
500103055,22:00-24:00,3.77,4.24
500103056,00:00-02:00,0.8,0.65
500103056,02:00-04:00,0.14,0.22
500103056,04:00-06:00,0.39,0.23
500103056,06:00-08:00,2.37,1.65
500103056,08:00-10:00,4.86,2.97
500103056,10:00-12:00,2.87,3.16
500103056,12:00-14:00,3.56,3.1
500103056,14:00-16:00,2.71,2.75
500103056,16:00-18:00,4.28,4.9
500103056,18:00-20:00,5.27,5.27
500103056,20:00-22:00,2.32,3.41
500103056,22:00-24:00,1.51,2.52
500103057,00:00-02:00,1.21,2.03
500103057,02:00-04:00,0.34,1.36
500103057,04:00-06:00,0.22,1.55
500103057,06:00-08:00,7.41,15.33
500103057,08:00-10:00,18.0,17.84
500103057,10:00-12:00,8.75,11.99
500103057,12:00-14:00,11.79,10.13
500103057,14:00-16:00,13.24,9.64
500103057,16:00-18:00,19.67,19.47
500103057,18:00-20:00,18.07,11.2
500103057,20:00-22:00,12.85,9.2
500103057,22:00-24:00,6.48,3.78
500103058,00:00-02:00,1.48,2.05
500103058,02:00-04:00,0.39,1.77
500103058,04:00-06:00,1.93,1.34
500103058,06:00-08:00,10.26,5.3
500103058,08:00-10:00,14.17,10.38
500103058,10:00-12:00,11.63,8.02
500103058,12:00-14:00,11.01,10.47
500103058,14:00-16:00,9.35,8.98
500103058,16:00-18:00,11.5,12.15
500103058,18:00-20:00,11.34,15.41
500103058,20:00-22:00,9.64,12.47
500103058,22:00-24:00,4.07,5.74
500103059,00:00-02:00,2.36,1.81
500103059,02:00-04:00,1.05,0.57
500103059,04:00-06:00,1.09,4.64
500103059,06:00-08:00,3.91,7.49
500103059,08:00-10:00,8.09,6.74
500103059,10:00-12:00,6.77,6.1
500103059,12:00-14:00,7.95,7.71
500103059,14:00-16:00,8.2,7.46
500103059,16:00-18:00,9.23,12.12
500103059,18:00-20:00,9.38,8.97
500103059,20:00-22:00,7.13,6.03
500103059,22:00-24:00,5.58,4.01
500103060,00:00-02:00,0.84,1.23
500103060,02:00-04:00,0.18,0.48
500103060,04:00-06:00,0.68,0.34
500103060,06:00-08:00,4.21,7.16
500103060,08:00-10:00,7.74,9.2
500103060,10:00-12:00,9.65,7.43
500103060,12:00-14:00,9.07,7.11
500103060,14:00-16:00,6.54,6.0
500103060,16:00-18:00,7.8,6.42
500103060,18:00-20:00,7.56,5.7
500103060,20:00-22:00,5.21,4.05
500103060,22:00-24:00,2.39,1.87
500103061,00:00-02:00,0.59,0.85
500103061,02:00-04:00,0.27,0.34
500103061,04:00-06:00,0.59,0.26
500103061,06:00-08:00,5.04,2.62
500103061,08:00-10:00,4.7,3.61
500103061,10:00-12:00,4.02,2.23
500103061,12:00-14:00,4.03,3.54
500103061,14:00-16:00,2.48,3.5
500103061,16:00-18:00,5.11,3.91
500103061,18:00-20:00,4.2,5.13
500103061,20:00-22:00,1.97,3.98
500103061,22:00-24:00,0.93,1.54
500103062,00:00-02:00,1.04,1.12
500103062,02:00-04:00,0.59,0.46
500103062,04:00-06:00,1.09,0.48
500103062,06:00-08:00,4.85,3.03
500103062,08:00-10:00,5.69,5.95
500103062,10:00-12:00,5.77,4.42
500103062,12:00-14:00,5.87,5.86
500103062,14:00-16:00,4.89,4.91
500103062,16:00-18:00,7.02,6.27
500103062,18:00-20:00,6.51,6.14
500103062,20:00-22:00,3.56,5.13
500103062,22:00-24:00,2.23,2.62
500103063,00:00-02:00,0.73,0.76
500103063,02:00-04:00,0.49,0.09
500103063,04:00-06:00,0.89,0.53
500103063,06:00-08:00,4.52,3.18
500103063,08:00-10:00,6.66,6.0
500103063,10:00-12:00,6.33,7.27
500103063,12:00-14:00,6.55,5.75
500103063,14:00-16:00,5.5,5.1
500103063,16:00-18:00,7.82,7.83
500103063,18:00-20:00,7.13,7.43
500103063,20:00-22:00,3.74,4.54
500103063,22:00-24:00,1.57,2.45
500103064,00:00-02:00,1.04,1.1
500103064,02:00-04:00,0.36,0.47
500103064,04:00-06:00,1.14,0.57
500103064,06:00-08:00,5.29,3.89
500103064,08:00-10:00,7.31,7.11
500103064,10:00-12:00,7.64,6.0
500103064,12:00-14:00,7.4,7.29
500103064,14:00-16:00,6.36,6.83
500103064,16:00-18:00,8.85,8.67
500103064,18:00-20:00,7.6,8.39
500103064,20:00-22:00,4.66,6.38
500103064,22:00-24:00,3.35,3.7
500103065,00:00-02:00,1.13,1.08
500103065,02:00-04:00,0.2,0.32
500103065,04:00-06:00,1.14,0.3
500103065,06:00-08:00,9.06,6.73
500103065,08:00-10:00,12.18,13.26
500103065,10:00-12:00,8.9,8.76
500103065,12:00-14:00,7.84,8.38
500103065,14:00-16:00,5.57,6.39
500103065,16:00-18:00,12.07,11.01
500103065,18:00-20:00,8.84,10.7
500103065,20:00-22:00,6.56,7.3
500103065,22:00-24:00,2.78,3.83
500103066,00:00-02:00,1.41,1.31
500103066,02:00-04:00,0.41,0.4
500103066,04:00-06:00,0.98,0.96
500103066,06:00-08:00,6.47,4.17
500103066,08:00-10:00,9.7,10.78
500103066,10:00-12:00,6.58,6.16
500103066,12:00-14:00,7.98,8.62
500103066,14:00-16:00,6.0,6.53
500103066,16:00-18:00,10.91,9.15
500103066,18:00-20:00,9.14,10.1
500103066,20:00-22:00,5.95,7.77
500103066,22:00-24:00,3.66,4.65
500103068,00:00-02:00,1.01,0.88
500103068,02:00-04:00,0.43,0.32
500103068,04:00-06:00,0.82,0.09
500103068,06:00-08:00,7.09,8.62
500103068,08:00-10:00,10.99,5.75
500103068,10:00-12:00,4.97,3.34
500103068,12:00-14:00,4.73,5.45
500103068,14:00-16:00,3.95,4.62
500103068,16:00-18:00,10.28,6.92
500103068,18:00-20:00,4.88,7.39
500103068,20:00-22:00,3.12,5.76
500103068,22:00-24:00,0.91,2.64
500103069,00:00-02:00,1.09,0.92
500103069,02:00-04:00,0.67,0.33
500103069,04:00-06:00,1.03,1.33
500103069,06:00-08:00,4.65,4.35
500103069,08:00-10:00,6.83,5.61
500103069,10:00-12:00,6.94,6.09
500103069,12:00-14:00,7.83,7.5
500103069,14:00-16:00,7.43,6.87
500103069,16:00-18:00,9.27,9.69
500103069,18:00-20:00,10.03,9.94
500103069,20:00-22:00,6.76,8.61
500103069,22:00-24:00,5.51,3.97
500103070,00:00-02:00,0.8,1.0
500103070,02:00-04:00,0.11,0.47
500103070,04:00-06:00,1.34,0.44
500103070,06:00-08:00,5.83,2.09
500103070,08:00-10:00,7.15,7.72
500103070,10:00-12:00,4.99,3.11
500103070,12:00-14:00,4.89,4.09
500103070,14:00-16:00,4.69,4.25
500103070,16:00-18:00,6.8,6.37
500103070,18:00-20:00,5.11,6.68
500103070,20:00-22:00,3.41,5.53
500103070,22:00-24:00,1.8,2.63
500103071,00:00-02:00,1.03,1.06
500103071,02:00-04:00,0.37,0.18
500103071,04:00-06:00,0.23,0.16
500103071,06:00-08:00,2.32,2.05
500103071,08:00-10:00,4.5,8.45
500103071,10:00-12:00,5.63,3.48
500103071,12:00-14:00,5.86,6.65
500103071,14:00-16:00,5.38,5.08
500103071,16:00-18:00,8.5,5.7
500103071,18:00-20:00,6.6,6.18
500103071,20:00-22:00,5.01,3.07
500103071,22:00-24:00,1.88,2.41
500103072,00:00-02:00,1.55,1.06
500103072,02:00-04:00,0.18,0.52
500103072,04:00-06:00,0.53,0.8
500103072,06:00-08:00,4.72,3.02
500103072,08:00-10:00,5.58,4.82
500103072,10:00-12:00,6.38,5.03
500103072,12:00-14:00,6.82,6.11
500103072,14:00-16:00,5.84,4.89
500103072,16:00-18:00,7.91,8.85
500103072,18:00-20:00,8.58,9.83
500103072,20:00-22:00,6.39,4.78
500103072,22:00-24:00,2.59,3.05
500103073,00:00-02:00,0.75,1.21
500103073,02:00-04:00,0.43,0.45
500103073,04:00-06:00,1.18,0.82
500103073,06:00-08:00,5.07,3.85
500103073,08:00-10:00,5.67,4.38
500103073,10:00-12:00,5.95,3.68
500103073,12:00-14:00,5.3,4.25
500103073,14:00-16:00,4.27,4.28
500103073,16:00-18:00,6.77,7.31
500103073,18:00-20:00,5.54,6.15
500103073,20:00-22:00,4.7,5.07
500103073,22:00-24:00,2.1,4.18
500103074,00:00-02:00,0.16,0.64
500103074,02:00-04:00,0.07,0.25
500103074,04:00-06:00,0.57,0.23
500103074,06:00-08:00,2.48,2.23
500103074,08:00-10:00,4.27,4.5
500103074,10:00-12:00,3.06,1.79
500103074,12:00-14:00,2.37,1.57
500103074,14:00-16:00,1.77,1.8
500103074,16:00-18:00,3.88,3.15
500103074,18:00-20:00,2.6,3.68
500103074,20:00-22:00,1.05,1.89
500103074,22:00-24:00,0.5,0.8
500103075,00:00-02:00,0.15,0.57
500103075,02:00-04:00,0.07,0.07
500103075,04:00-06:00,0.16,0.25
500103075,06:00-08:00,0.91,2.23
500103075,08:00-10:00,1.23,1.57
500103075,10:00-12:00,1.48,1.34
500103075,12:00-14:00,2.21,1.34
500103075,14:00-16:00,3.0,2.71
500103075,16:00-18:00,5.06,2.65
500103075,18:00-20:00,2.38,3.04
500103075,20:00-22:00,1.79,1.7
500103075,22:00-24:00,0.67,0.48
500103076,00:00-02:00,0.97,0.34
500103076,02:00-04:00,0.27,0.18
500103076,04:00-06:00,0.25,0.39
500103076,06:00-08:00,1.5,1.03
500103076,08:00-10:00,2.0,1.89
500103076,10:00-12:00,1.68,2.25
500103076,12:00-14:00,2.16,2.76
500103076,14:00-16:00,2.37,2.85
500103076,16:00-18:00,4.59,2.95
500103076,18:00-20:00,3.04,3.86
500103076,20:00-22:00,1.55,1.93
500103076,22:00-24:00,1.07,1.0
500103077,00:00-02:00,0.29,0.49
500103077,02:00-04:00,0.07,0.39
500103077,04:00-06:00,0.14,1.27
500103077,06:00-08:00,2.49,1.48
500103077,08:00-10:00,4.69,2.8
500103077,10:00-12:00,3.84,3.54
500103077,12:00-14:00,3.48,2.91
500103077,14:00-16:00,2.86,2.18
500103077,16:00-18:00,3.96,2.99
500103077,18:00-20:00,3.17,3.79
500103077,20:00-22:00,2.52,2.82
500103077,22:00-24:00,1.25,1.82
500103078,00:00-02:00,0.12,0.24
500103078,02:00-04:00,0.18,0.14
500103078,04:00-06:00,0.73,0.14
500103078,06:00-08:00,0.86,7.81
500103078,08:00-10:00,4.16,2.98
500103078,10:00-12:00,3.22,1.98
500103078,12:00-14:00,2.73,2.25
500103078,14:00-16:00,3.34,3.59
500103078,16:00-18:00,9.71,2.88
500103078,18:00-20:00,1.68,2.5
500103078,20:00-22:00,1.1,1.2
500103078,22:00-24:00,0.54,0.82
500103079,00:00-02:00,0.67,0.82
500103079,02:00-04:00,0.12,0.39
500103079,04:00-06:00,0.28,0.32
500103079,06:00-08:00,4.86,5.61
500103079,08:00-10:00,8.48,7.62
500103079,10:00-12:00,5.62,6.14
500103079,12:00-14:00,5.57,6.03
500103079,14:00-16:00,5.46,4.96
500103079,16:00-18:00,9.71,7.66
500103079,18:00-20:00,8.0,6.93
500103079,20:00-22:00,5.16,4.41
500103079,22:00-24:00,2.77,2.23
500103080,00:00-02:00,0.31,0.2
500103080,02:00-04:00,0.2,0.05
500103080,04:00-06:00,0.36,0.05
500103080,06:00-08:00,3.68,1.42
500103080,08:00-10:00,4.02,2.96
500103080,10:00-12:00,3.57,3.39
500103080,12:00-14:00,3.15,3.43
500103080,14:00-16:00,2.79,2.87
500103080,16:00-18:00,4.05,4.72
500103080,18:00-20:00,4.09,3.74
500103080,20:00-22:00,1.49,2.69
500103080,22:00-24:00,1.05,1.63
500103081,00:00-02:00,0.87,0.74
500103081,02:00-04:00,0.32,0.46
500103081,04:00-06:00,0.73,0.65
500103081,06:00-08:00,3.27,1.68
500103081,08:00-10:00,4.92,3.26
500103081,10:00-12:00,4.28,3.32
500103081,12:00-14:00,4.08,4.2
500103081,14:00-16:00,4.46,2.79
500103081,16:00-18:00,4.29,5.63
500103081,18:00-20:00,4.51,4.84
500103081,20:00-22:00,2.54,3.45
500103081,22:00-24:00,1.27,1.9
500103082,00:00-02:00,2.3,2.36
500103082,02:00-04:00,0.4,0.52
500103082,04:00-06:00,0.65,2.66
500103082,06:00-08:00,9.68,11.83
500103082,08:00-10:00,17.6,16.48
500103082,10:00-12:00,13.64,12.65
500103082,12:00-14:00,16.62,16.73
500103082,14:00-16:00,14.41,14.1
500103082,16:00-18:00,18.51,17.49
500103082,18:00-20:00,18.99,17.08
500103082,20:00-22:00,13.61,12.25
500103082,22:00-24:00,7.53,6.58
500103083,00:00-02:00,0.4,0.99
500103083,02:00-04:00,0.16,0.32
500103083,04:00-06:00,0.41,0.49
500103083,06:00-08:00,4.04,1.18
500103083,08:00-10:00,6.13,2.68
500103083,10:00-12:00,3.35,2.04
500103083,12:00-14:00,3.65,2.39
500103083,14:00-16:00,3.19,2.89
500103083,16:00-18:00,4.1,5.25
500103083,18:00-20:00,3.99,6.38
500103083,20:00-22:00,2.26,4.14
500103083,22:00-24:00,1.68,2.34
500103084,00:00-02:00,2.16,2.73
500103084,02:00-04:00,0.52,1.23
500103084,04:00-06:00,0.59,2.57
500103084,06:00-08:00,9.33,12.14
500103084,08:00-10:00,12.36,11.07
500103084,10:00-12:00,6.86,7.82
500103084,12:00-14:00,8.13,8.96
500103084,14:00-16:00,9.05,5.8
500103084,16:00-18:00,11.22,9.62
500103084,18:00-20:00,12.42,7.86
500103084,20:00-22:00,8.35,4.8
500103084,22:00-24:00,7.04,4.73
500103085,00:00-02:00,0.68,0.63
500103085,02:00-04:00,0.07,0.32
500103085,04:00-06:00,0.5,0.16
500103085,06:00-08:00,3.86,1.7
500103085,08:00-10:00,5.43,4.65
500103085,10:00-12:00,3.42,3.39
500103085,12:00-14:00,3.65,3.72
500103085,14:00-16:00,3.4,3.6
500103085,16:00-18:00,5.99,5.44
500103085,18:00-20:00,5.37,6.42
500103085,20:00-22:00,2.75,3.48
500103085,22:00-24:00,1.37,1.82
500103086,00:00-02:00,0.54,0.78
500103086,02:00-04:00,0.07,0.05
500103086,04:00-06:00,0.14,0.73
500103086,06:00-08:00,3.41,3.62
500103086,08:00-10:00,6.53,6.89
500103086,10:00-12:00,5.86,4.45
500103086,12:00-14:00,6.21,6.7
500103086,14:00-16:00,6.7,6.91
500103086,16:00-18:00,9.53,6.07
500103086,18:00-20:00,7.09,5.43
500103086,20:00-22:00,5.12,4.1
500103086,22:00-24:00,3.52,2.78
500103087,00:00-02:00,0.26,0.92
500103087,02:00-04:00,0.09,0.32
500103087,04:00-06:00,0.41,0.52
500103087,06:00-08:00,3.85,2.89
500103087,08:00-10:00,3.87,3.8
500103087,10:00-12:00,4.3,2.5
500103087,12:00-14:00,3.35,3.0
500103087,14:00-16:00,2.74,2.84
500103087,16:00-18:00,5.38,4.0
500103087,18:00-20:00,4.66,3.59
500103087,20:00-22:00,2.24,2.32
500103087,22:00-24:00,1.14,1.84
500103088,00:00-02:00,0.71,1.11
500103088,02:00-04:00,0.26,0.23
500103088,04:00-06:00,0.17,0.3
500103088,06:00-08:00,1.28,0.82
500103088,08:00-10:00,1.77,1.82
500103088,10:00-12:00,2.25,2.98
500103088,12:00-14:00,2.79,3.0
500103088,14:00-16:00,3.41,2.55
500103088,16:00-18:00,3.32,3.4
500103088,18:00-20:00,3.76,2.95
500103088,20:00-22:00,2.71,2.52
500103088,22:00-24:00,1.55,1.27
500103089,00:00-02:00,0.64,0.57
500103089,02:00-04:00,0.27,0.19
500103089,04:00-06:00,0.25,0.16
500103089,06:00-08:00,2.57,0.49
500103089,08:00-10:00,2.64,3.17
500103089,10:00-12:00,1.91,2.67
500103089,12:00-14:00,2.93,2.16
500103089,14:00-16:00,2.83,3.35
500103089,16:00-18:00,4.93,5.94
500103089,18:00-20:00,4.27,3.8
500103089,20:00-22:00,2.88,3.49
500103089,22:00-24:00,1.28,1.8
500104001,00:00-02:00,0.97,1.34
500104001,02:00-04:00,0.14,0.41
500104001,04:00-06:00,1.66,1.54
500104001,06:00-08:00,5.27,4.14
500104001,08:00-10:00,6.96,3.75
500104001,10:00-12:00,4.92,3.82
500104001,12:00-14:00,4.96,4.95
500104001,14:00-16:00,3.73,3.91
500104001,16:00-18:00,6.8,9.69
500104001,18:00-20:00,10.77,10.85
500104001,20:00-22:00,6.64,7.32
500104001,22:00-24:00,2.14,3.63
500104002,00:00-02:00,0.49,1.2
500104002,02:00-04:00,0.23,0.32
500104002,04:00-06:00,0.86,0.52
500104002,06:00-08:00,3.16,2.68
500104002,08:00-10:00,3.88,3.17
500104002,10:00-12:00,2.38,1.94
500104002,12:00-14:00,2.69,2.29
500104002,14:00-16:00,3.19,2.71
500104002,16:00-18:00,4.42,6.34
500104002,18:00-20:00,7.17,5.74
500104002,20:00-22:00,3.95,4.66
500104002,22:00-24:00,2.05,3.1
500104003,00:00-02:00,0.68,3.23
500104003,02:00-04:00,0.39,0.64
500104003,04:00-06:00,1.64,1.75
500104003,06:00-08:00,11.73,5.96
500104003,08:00-10:00,14.21,8.59
500104003,10:00-12:00,9.23,5.95
500104003,12:00-14:00,8.24,5.68
500104003,14:00-16:00,6.55,6.37
500104003,16:00-18:00,8.76,13.5
500104003,18:00-20:00,15.73,13.71
500104003,20:00-22:00,10.5,10.82
500104003,22:00-24:00,3.14,8.17
500104004,00:00-02:00,1.93,6.54
500104004,02:00-04:00,1.27,0.75
500104004,04:00-06:00,3.96,1.43
500104004,06:00-08:00,25.14,13.02
500104004,08:00-10:00,20.09,12.52
500104004,10:00-12:00,11.7,7.72
500104004,12:00-14:00,11.86,11.34
500104004,14:00-16:00,9.46,10.85
500104004,16:00-18:00,13.31,19.63
500104004,18:00-20:00,21.9,21.38
500104004,20:00-22:00,14.36,17.59
500104004,22:00-24:00,3.8,12.34
500104005,00:00-02:00,0.58,0.4
500104005,02:00-04:00,0.23,0.14
500104005,04:00-06:00,0.8,0.09
500104005,06:00-08:00,1.46,4.32
500104005,08:00-10:00,2.8,2.34
500104005,10:00-12:00,3.22,2.16
500104005,12:00-14:00,2.83,2.34
500104005,14:00-16:00,2.38,2.05
500104005,16:00-18:00,6.28,2.97
500104005,18:00-20:00,3.06,2.84
500104005,20:00-22:00,1.63,2.16
500104005,22:00-24:00,0.64,1.87
500104006,00:00-02:00,0.87,0.96
500104006,02:00-04:00,0.23,0.16
500104006,04:00-06:00,0.55,0.61
500104006,06:00-08:00,4.7,2.52
500104006,08:00-10:00,5.53,4.14
500104006,10:00-12:00,5.67,4.48
500104006,12:00-14:00,4.24,4.61
500104006,14:00-16:00,4.52,4.21
500104006,16:00-18:00,5.62,5.92
500104006,18:00-20:00,7.04,8.6
500104006,20:00-22:00,5.91,6.84
500104006,22:00-24:00,3.05,3.82
500104007,00:00-02:00,1.08,4.05
500104007,02:00-04:00,0.52,0.75
500104007,04:00-06:00,0.61,1.14
500104007,06:00-08:00,9.29,4.72
500104007,08:00-10:00,9.57,9.77
500104007,10:00-12:00,11.72,11.83
500104007,12:00-14:00,13.4,12.52
500104007,14:00-16:00,13.4,12.62
500104007,16:00-18:00,17.18,19.32
500104007,18:00-20:00,15.68,14.43
500104007,20:00-22:00,12.92,9.32
500104007,22:00-24:00,5.11,6.92
500104008,00:00-02:00,0.48,1.2
500104008,02:00-04:00,0.14,0.18
500104008,04:00-06:00,0.3,0.86
500104008,06:00-08:00,2.48,4.5
500104008,08:00-10:00,4.14,6.84
500104008,10:00-12:00,6.54,7.18
500104008,12:00-14:00,7.11,9.81
500104008,14:00-16:00,8.64,11.09
500104008,16:00-18:00,16.21,12.46
500104008,18:00-20:00,10.85,11.7
500104008,20:00-22:00,14.9,5.11
500104008,22:00-24:00,3.02,2.25
500104009,00:00-02:00,0.85,1.58
500104009,02:00-04:00,0.39,0.3
500104009,04:00-06:00,1.43,1.71
500104009,06:00-08:00,8.05,12.48
500104009,08:00-10:00,14.86,17.69
500104009,10:00-12:00,12.65,9.38
500104009,12:00-14:00,12.86,12.52
500104009,14:00-16:00,9.47,10.68
500104009,16:00-18:00,20.13,12.06
500104009,18:00-20:00,10.9,11.18
500104009,20:00-22:00,6.94,8.48
500104009,22:00-24:00,3.51,3.82
500104010,00:00-02:00,1.67,1.39
500104010,02:00-04:00,1.16,0.55
500104010,04:00-06:00,1.57,0.39
500104010,06:00-08:00,4.94,9.39
500104010,08:00-10:00,15.68,18.67
500104010,10:00-12:00,14.4,17.27
500104010,12:00-14:00,10.2,12.39
500104010,14:00-16:00,11.9,12.49
500104010,16:00-18:00,20.56,15.59
500104010,18:00-20:00,12.77,15.02
500104010,20:00-22:00,17.02,7.93
500104010,22:00-24:00,6.89,3.62
500104012,00:00-02:00,0.45,1.74
500104012,02:00-04:00,0.23,0.34
500104012,04:00-06:00,0.48,0.64
500104012,06:00-08:00,3.71,2.77
500104012,08:00-10:00,4.48,4.5
500104012,10:00-12:00,5.45,6.86
500104012,12:00-14:00,8.02,9.24
500104012,14:00-16:00,7.4,8.75
500104012,16:00-18:00,11.07,13.01
500104012,18:00-20:00,11.65,9.23
500104012,20:00-22:00,8.38,4.18
500104012,22:00-24:00,2.22,3.05
500104013,00:00-02:00,0.26,0.45
500104013,02:00-04:00,0.3,0.41
500104013,04:00-06:00,0.23,0.16
500104013,06:00-08:00,3.76,2.32
500104013,08:00-10:00,4.23,3.1
500104013,10:00-12:00,3.47,3.75
500104013,12:00-14:00,3.68,4.42
500104013,14:00-16:00,3.29,2.93
500104013,16:00-18:00,5.9,4.27
500104013,18:00-20:00,4.3,4.75
500104013,20:00-22:00,3.62,3.82
500104013,22:00-24:00,1.41,2.32
500104014,00:00-02:00,1.23,1.2
500104014,02:00-04:00,0.23,0.45
500104014,04:00-06:00,1.5,0.66
500104014,06:00-08:00,13.13,5.5
500104014,08:00-10:00,11.21,7.23
500104014,10:00-12:00,8.3,6.47
500104014,12:00-14:00,7.89,7.16
500104014,14:00-16:00,9.07,8.53
500104014,16:00-18:00,11.03,13.5
500104014,18:00-20:00,9.22,13.4
500104014,20:00-22:00,8.51,9.43
500104014,22:00-24:00,3.19,6.99
500104015,00:00-02:00,0.47,0.59
500104015,02:00-04:00,0.07,0.25
500104015,04:00-06:00,0.23,0.43
500104015,06:00-08:00,3.65,2.91
500104015,08:00-10:00,4.33,2.28
500104015,10:00-12:00,2.43,2.07
500104015,12:00-14:00,1.97,1.76
500104015,14:00-16:00,1.98,2.01
500104015,16:00-18:00,2.68,3.87
500104015,18:00-20:00,4.91,3.9
500104015,20:00-22:00,2.61,3.95
500104015,22:00-24:00,1.34,2.0
500104016,00:00-02:00,0.42,0.78
500104016,02:00-04:00,0.72,0.91
500104016,04:00-06:00,0.59,2.43
500104016,06:00-08:00,3.16,5.16
500104016,08:00-10:00,6.36,5.08
500104016,10:00-12:00,4.9,3.64
500104016,12:00-14:00,4.07,4.36
500104016,14:00-16:00,4.73,5.31
500104016,16:00-18:00,8.16,5.34
500104016,18:00-20:00,4.92,4.61
500104016,20:00-22:00,3.05,2.2
500104016,22:00-24:00,2.25,1.05
500104018,00:00-02:00,1.06,1.76
500104018,02:00-04:00,0.25,0.34
500104018,04:00-06:00,0.64,0.82
500104018,06:00-08:00,8.31,6.58
500104018,08:00-10:00,8.44,7.17
500104018,10:00-12:00,7.26,7.1
500104018,12:00-14:00,7.46,6.36
500104018,14:00-16:00,5.71,6.38
500104018,16:00-18:00,11.0,12.92
500104018,18:00-20:00,10.8,12.12
500104018,20:00-22:00,7.96,8.54
500104018,22:00-24:00,6.32,6.36
500104019,00:00-02:00,0.73,1.29
500104019,02:00-04:00,0.09,0.48
500104019,04:00-06:00,0.14,0.11
500104019,06:00-08:00,8.27,5.51
500104019,08:00-10:00,7.34,3.37
500104019,10:00-12:00,5.04,3.81
500104019,12:00-14:00,5.46,4.0
500104019,14:00-16:00,4.0,3.92
500104019,16:00-18:00,6.13,5.32
500104019,18:00-20:00,5.05,7.51
500104019,20:00-22:00,3.75,4.02
500104019,22:00-24:00,2.64,4.01
500104020,00:00-02:00,1.68,2.85
500104020,02:00-04:00,0.2,0.59
500104020,04:00-06:00,0.75,0.34
500104020,06:00-08:00,6.39,5.82
500104020,08:00-10:00,7.94,9.0
500104020,10:00-12:00,7.32,6.54
500104020,12:00-14:00,7.57,7.63
500104020,14:00-16:00,6.59,6.76
500104020,16:00-18:00,10.53,10.87
500104020,18:00-20:00,10.51,8.19
500104020,20:00-22:00,6.47,5.93
500104020,22:00-24:00,4.94,3.98
500104021,00:00-02:00,0.57,1.18
500104021,02:00-04:00,0.27,0.05
500104021,04:00-06:00,1.16,0.52
500104021,06:00-08:00,15.49,6.98
500104021,08:00-10:00,10.2,4.84
500104021,10:00-12:00,6.02,4.04
500104021,12:00-14:00,5.66,5.84
500104021,14:00-16:00,5.53,5.69
500104021,16:00-18:00,4.77,10.21
500104021,18:00-20:00,9.43,8.31
500104021,20:00-22:00,4.18,7.66
500104021,22:00-24:00,1.32,5.42
500104022,00:00-02:00,0.26,0.41
500104022,02:00-04:00,0.11,0.39
500104022,04:00-06:00,1.66,0.93
500104022,06:00-08:00,9.29,4.77
500104022,08:00-10:00,3.07,2.2
500104022,10:00-12:00,2.29,2.39
500104022,12:00-14:00,2.12,2.11
500104022,14:00-16:00,2.71,2.09
500104022,16:00-18:00,3.46,7.09
500104022,18:00-20:00,6.46,3.88
500104022,20:00-22:00,3.66,5.89
500104022,22:00-24:00,0.73,2.82
500104023,00:00-02:00,1.23,2.85
500104023,02:00-04:00,0.27,0.36
500104023,04:00-06:00,1.25,0.86
500104023,06:00-08:00,12.1,7.76
500104023,08:00-10:00,10.67,7.37
500104023,10:00-12:00,8.4,7.52
500104023,12:00-14:00,8.37,5.75
500104023,14:00-16:00,5.84,6.35
500104023,16:00-18:00,8.04,14.13
500104023,18:00-20:00,15.18,12.72
500104023,20:00-22:00,7.36,9.02
500104023,22:00-24:00,4.69,6.33
500104024,00:00-02:00,0.64,1.89
500104024,02:00-04:00,0.32,0.5
500104024,04:00-06:00,5.14,2.3
500104024,06:00-08:00,8.14,3.84
500104024,08:00-10:00,6.16,4.3
500104024,10:00-12:00,4.23,2.89
500104024,12:00-14:00,4.88,4.2
500104024,14:00-16:00,3.51,3.18
500104024,16:00-18:00,4.54,6.49
500104024,18:00-20:00,6.75,7.25
500104024,20:00-22:00,3.86,6.05
500104024,22:00-24:00,2.28,4.68
500104025,00:00-02:00,0.33,1.13
500104025,02:00-04:00,0.48,0.65
500104025,04:00-06:00,1.21,1.34
500104025,06:00-08:00,7.85,4.72
500104025,08:00-10:00,6.77,4.55
500104025,10:00-12:00,4.35,3.54
500104025,12:00-14:00,5.51,4.98
500104025,14:00-16:00,4.73,3.78
500104025,16:00-18:00,7.45,8.62
500104025,18:00-20:00,9.81,10.72
500104025,20:00-22:00,6.41,6.38
500104025,22:00-24:00,3.05,4.2
500104026,00:00-02:00,0.55,1.84
500104026,02:00-04:00,0.25,0.36
500104026,04:00-06:00,0.55,1.75
500104026,06:00-08:00,5.19,3.14
500104026,08:00-10:00,8.83,6.52
500104026,10:00-12:00,5.77,4.59
500104026,12:00-14:00,5.79,5.67
500104026,14:00-16:00,4.37,3.78
500104026,16:00-18:00,7.29,6.94
500104026,18:00-20:00,6.05,7.0
500104026,20:00-22:00,4.41,4.2
500104026,22:00-24:00,3.7,3.48
500104027,00:00-02:00,1.24,0.78
500104027,02:00-04:00,0.7,0.23
500104027,04:00-06:00,0.55,0.39
500104027,06:00-08:00,5.54,10.63
500104027,08:00-10:00,8.2,8.98
500104027,10:00-12:00,5.97,3.49
500104027,12:00-14:00,4.57,4.86
500104027,14:00-16:00,3.57,4.55
500104027,16:00-18:00,11.88,7.78
500104027,18:00-20:00,7.91,9.34
500104027,20:00-22:00,6.46,4.2
500104027,22:00-24:00,3.23,2.48
500104028,00:00-02:00,2.15,2.55
500104028,02:00-04:00,0.25,0.27
500104028,04:00-06:00,0.41,0.11
500104028,06:00-08:00,5.42,6.0
500104028,08:00-10:00,5.33,5.89
500104028,10:00-12:00,3.92,4.54
500104028,12:00-14:00,5.43,5.11
500104028,14:00-16:00,5.99,4.34
500104028,16:00-18:00,10.0,10.94
500104028,18:00-20:00,10.22,6.79
500104028,20:00-22:00,6.89,5.59
500104028,22:00-24:00,7.08,5.17
500104029,00:00-02:00,0.4,0.42
500104029,02:00-04:00,0.0,0.05
500104029,04:00-06:00,0.55,0.48
500104029,06:00-08:00,2.7,5.7
500104029,08:00-10:00,4.79,5.24
500104029,10:00-12:00,2.98,1.96
500104029,12:00-14:00,3.54,3.34
500104029,14:00-16:00,3.85,4.47
500104029,16:00-18:00,8.1,2.97
500104029,18:00-20:00,2.17,3.45
500104029,20:00-22:00,1.99,1.73
500104029,22:00-24:00,1.11,0.34
500104030,00:00-02:00,1.22,0.66
500104030,02:00-04:00,0.25,0.0
500104030,04:00-06:00,0.41,0.02
500104030,06:00-08:00,0.27,2.77
500104030,08:00-10:00,0.7,5.36
500104030,10:00-12:00,1.05,1.96
500104030,12:00-14:00,1.82,3.27
500104030,14:00-16:00,1.57,2.42
500104030,16:00-18:00,4.41,1.53
500104030,18:00-20:00,2.79,1.76
500104030,20:00-22:00,3.93,0.64
500104030,22:00-24:00,3.14,0.36
500104031,00:00-02:00,2.32,2.62
500104031,02:00-04:00,0.68,0.25
500104031,04:00-06:00,0.82,3.0
500104031,06:00-08:00,17.09,32.83
500104031,08:00-10:00,34.18,34.79
500104031,10:00-12:00,18.27,21.5
500104031,12:00-14:00,16.29,18.02
500104031,14:00-16:00,18.47,13.97
500104031,16:00-18:00,25.05,25.02
500104031,18:00-20:00,35.06,29.45
500104031,20:00-22:00,22.22,13.11
500104031,22:00-24:00,15.03,7.24
500104032,00:00-02:00,1.15,0.98
500104032,02:00-04:00,0.57,0.3
500104032,04:00-06:00,1.07,0.43
500104032,06:00-08:00,6.3,1.98
500104032,08:00-10:00,5.59,3.48
500104032,10:00-12:00,4.76,3.84
500104032,12:00-14:00,4.05,5.04
500104032,14:00-16:00,4.76,3.75
500104032,16:00-18:00,5.62,6.33
500104032,18:00-20:00,5.33,6.16
500104032,20:00-22:00,3.22,5.23
500104032,22:00-24:00,1.62,3.83
500104033,00:00-02:00,0.28,0.87
500104033,02:00-04:00,0.14,0.18
500104033,04:00-06:00,0.86,0.23
500104033,06:00-08:00,7.04,3.99
500104033,08:00-10:00,5.87,3.75
500104033,10:00-12:00,5.38,3.23
500104033,12:00-14:00,5.04,4.59
500104033,14:00-16:00,3.97,4.09
500104033,16:00-18:00,4.32,6.46
500104033,18:00-20:00,6.71,7.09
500104033,20:00-22:00,4.21,4.73
500104033,22:00-24:00,1.64,3.1
500104034,00:00-02:00,1.15,2.33
500104034,02:00-04:00,0.61,0.32
500104034,04:00-06:00,0.39,1.46
500104034,06:00-08:00,5.88,4.57
500104034,08:00-10:00,5.23,6.25
500104034,10:00-12:00,6.28,7.39
500104034,12:00-14:00,7.57,8.46
500104034,14:00-16:00,6.8,6.19
500104034,16:00-18:00,7.38,11.16
500104034,18:00-20:00,9.26,7.64
500104034,20:00-22:00,6.16,4.5
500104034,22:00-24:00,4.48,2.0
500104035,00:00-02:00,1.63,2.9
500104035,02:00-04:00,0.57,0.3
500104035,04:00-06:00,1.61,1.41
500104035,06:00-08:00,10.28,9.92
500104035,08:00-10:00,16.76,15.63
500104035,10:00-12:00,13.46,12.09
500104035,12:00-14:00,13.18,15.15
500104035,14:00-16:00,13.06,12.92
500104035,16:00-18:00,18.13,20.29
500104035,18:00-20:00,14.63,18.3
500104035,20:00-22:00,14.0,11.91
500104035,22:00-24:00,7.77,5.6
500104036,00:00-02:00,0.75,0.64
500104036,02:00-04:00,0.36,0.3
500104036,04:00-06:00,0.95,3.68
500104036,06:00-08:00,4.89,9.16
500104036,08:00-10:00,3.25,7.0
500104036,10:00-12:00,2.59,2.5
500104036,12:00-14:00,3.73,2.66
500104036,14:00-16:00,4.03,3.64
500104036,16:00-18:00,17.14,4.48
500104036,18:00-20:00,3.93,5.38
500104036,20:00-22:00,3.67,3.5
500104036,22:00-24:00,1.28,1.32
500104037,00:00-02:00,0.52,0.28
500104037,02:00-04:00,0.32,0.02
500104037,04:00-06:00,0.18,0.09
500104037,06:00-08:00,1.71,2.93
500104037,08:00-10:00,2.82,5.86
500104037,10:00-12:00,5.09,5.56
500104037,12:00-14:00,3.95,4.62
500104037,14:00-16:00,4.77,4.41
500104037,16:00-18:00,8.94,5.71
500104037,18:00-20:00,3.84,3.07
500104037,20:00-22:00,1.85,2.07
500104037,22:00-24:00,1.07,0.27
500104038,00:00-02:00,0.59,0.47
500104038,02:00-04:00,0.94,0.07
500104038,04:00-06:00,0.67,0.75
500104038,06:00-08:00,3.64,8.66
500104038,08:00-10:00,5.89,10.98
500104038,10:00-12:00,6.2,6.03
500104038,12:00-14:00,9.23,9.22
500104038,14:00-16:00,7.55,8.49
500104038,16:00-18:00,19.78,8.22
500104038,18:00-20:00,5.51,5.23
500104038,20:00-22:00,3.27,3.34
500104038,22:00-24:00,1.11,0.82
500104039,00:00-02:00,2.0,2.95
500104039,02:00-04:00,1.09,0.89
500104039,04:00-06:00,1.71,1.11
500104039,06:00-08:00,7.48,5.93
500104039,08:00-10:00,8.84,8.46
500104039,10:00-12:00,9.81,12.56
500104039,12:00-14:00,11.2,10.22
500104039,14:00-16:00,11.89,9.37
500104039,16:00-18:00,15.28,15.51
500104039,18:00-20:00,10.95,13.92
500104039,20:00-22:00,8.77,7.45
500104039,22:00-24:00,4.19,5.02
500104040,00:00-02:00,0.67,0.94
500104040,02:00-04:00,0.09,0.2
500104040,04:00-06:00,0.45,0.95
500104040,06:00-08:00,3.0,2.61
500104040,08:00-10:00,4.22,6.43
500104040,10:00-12:00,3.91,4.43
500104040,12:00-14:00,6.15,7.13
500104040,14:00-16:00,5.39,5.11
500104040,16:00-18:00,6.05,11.29
500104040,18:00-20:00,7.47,5.41
500104040,20:00-22:00,6.58,3.89
500104040,22:00-24:00,4.07,1.68
500104041,00:00-02:00,3.0,1.91
500104041,02:00-04:00,0.31,0.93
500104041,04:00-06:00,0.6,2.21
500104041,06:00-08:00,15.36,14.55
500104041,08:00-10:00,15.95,23.26
500104041,10:00-12:00,13.43,15.99
500104041,12:00-14:00,16.95,18.66
500104041,14:00-16:00,15.88,18.25
500104041,16:00-18:00,15.87,26.66
500104041,18:00-20:00,21.56,17.88
500104041,20:00-22:00,18.38,12.43
500104041,22:00-24:00,9.77,5.39
500104042,00:00-02:00,1.44,1.65
500104042,02:00-04:00,0.36,0.32
500104042,04:00-06:00,0.43,0.39
500104042,06:00-08:00,1.98,4.32
500104042,08:00-10:00,4.73,6.05
500104042,10:00-12:00,5.64,3.86
500104042,12:00-14:00,6.66,5.91
500104042,14:00-16:00,4.45,4.25
500104042,16:00-18:00,6.76,6.08
500104042,18:00-20:00,5.23,5.45
500104042,20:00-22:00,4.06,4.32
500104042,22:00-24:00,3.98,1.32
500104043,00:00-02:00,0.14,0.31
500104043,02:00-04:00,0.34,0.05
500104043,04:00-06:00,0.53,0.09
500104043,06:00-08:00,7.95,9.66
500104043,08:00-10:00,7.14,10.58
500104043,10:00-12:00,4.67,4.34
500104043,12:00-14:00,5.56,5.14
500104043,14:00-16:00,4.86,5.3
500104043,16:00-18:00,14.14,8.78
500104043,18:00-20:00,4.97,4.79
500104043,20:00-22:00,2.31,1.77
500104043,22:00-24:00,0.94,0.93
500104044,00:00-02:00,1.13,1.53
500104044,02:00-04:00,0.2,0.16
500104044,04:00-06:00,0.45,0.98
500104044,06:00-08:00,6.82,12.94
500104044,08:00-10:00,13.11,10.98
500104044,10:00-12:00,10.06,10.91
500104044,12:00-14:00,9.95,10.34
500104044,14:00-16:00,10.02,9.91
500104044,16:00-18:00,18.81,13.66
500104044,18:00-20:00,10.71,13.75
500104044,20:00-22:00,14.37,7.77
500104044,22:00-24:00,5.94,6.01
500104045,00:00-02:00,0.64,0.35
500104045,02:00-04:00,0.45,0.23
500104045,04:00-06:00,0.82,0.14
500104045,06:00-08:00,3.27,7.83
500104045,08:00-10:00,4.64,3.8
500104045,10:00-12:00,3.62,3.32
500104045,12:00-14:00,3.64,2.54
500104045,14:00-16:00,3.5,3.73
500104045,16:00-18:00,6.63,3.17
500104045,18:00-20:00,3.28,3.23
500104045,20:00-22:00,1.37,1.93
500104045,22:00-24:00,0.91,1.23
500104046,00:00-02:00,3.63,3.13
500104046,02:00-04:00,0.72,0.39
500104046,04:00-06:00,0.51,3.3
500104046,06:00-08:00,28.77,31.0
500104046,08:00-10:00,29.19,26.58
500104046,10:00-12:00,17.72,18.54
500104046,12:00-14:00,19.39,18.08
500104046,14:00-16:00,18.65,17.53
500104046,16:00-18:00,29.39,26.95
500104046,18:00-20:00,23.25,19.06
500104046,20:00-22:00,19.96,16.82
500104046,22:00-24:00,15.13,13.58
500104047,00:00-02:00,0.49,1.13
500104047,02:00-04:00,0.34,0.09
500104047,04:00-06:00,0.68,0.25
500104047,06:00-08:00,2.64,1.91
500104047,08:00-10:00,2.57,2.44
500104047,10:00-12:00,2.53,1.8
500104047,12:00-14:00,2.41,2.63
500104047,14:00-16:00,3.03,1.99
500104047,16:00-18:00,4.8,3.31
500104047,18:00-20:00,3.02,3.36
500104047,20:00-22:00,1.57,3.16
500104047,22:00-24:00,0.66,1.95
500104048,00:00-02:00,0.05,0.24
500104048,02:00-04:00,0.84,0.14
500104048,04:00-06:00,0.7,0.8
500104048,06:00-08:00,0.84,2.11
500104048,08:00-10:00,1.25,2.27
500104048,10:00-12:00,1.7,2.0
500104048,12:00-14:00,1.73,2.62
500104048,14:00-16:00,3.57,2.5
500104048,16:00-18:00,5.35,1.12
500104048,18:00-20:00,0.92,1.89
500104048,20:00-22:00,0.4,0.5
500104048,22:00-24:00,0.18,0.55
500104050,00:00-02:00,0.09,0.64
500104050,02:00-04:00,0.05,0.02
500104050,04:00-06:00,0.09,0.02
500104050,06:00-08:00,0.75,0.95
500104050,08:00-10:00,1.41,0.75
500104050,10:00-12:00,1.69,1.45
500104050,12:00-14:00,1.36,1.14
500104050,14:00-16:00,1.94,1.8
500104050,16:00-18:00,4.41,2.22
500104050,18:00-20:00,1.82,1.98
500104050,20:00-22:00,0.97,1.91
500104050,22:00-24:00,0.45,1.09
500104051,00:00-02:00,1.01,1.49
500104051,02:00-04:00,0.45,0.45
500104051,04:00-06:00,0.73,0.86
500104051,06:00-08:00,4.18,2.72
500104051,08:00-10:00,3.95,3.27
500104051,10:00-12:00,3.43,3.91
500104051,12:00-14:00,3.79,3.52
500104051,14:00-16:00,4.14,3.05
500104051,16:00-18:00,4.9,5.73
500104051,18:00-20:00,6.4,8.38
500104051,20:00-22:00,5.0,4.39
500104051,22:00-24:00,2.34,2.78
500104052,00:00-02:00,0.16,0.42
500104052,02:00-04:00,0.0,0.14
500104052,04:00-06:00,0.14,0.16
500104052,06:00-08:00,1.25,0.41
500104052,08:00-10:00,1.66,0.34
500104052,10:00-12:00,0.41,0.3
500104052,12:00-14:00,0.56,0.61
500104052,14:00-16:00,0.96,0.68
500104052,16:00-18:00,0.84,1.32
500104052,18:00-20:00,1.24,2.0
500104052,20:00-22:00,1.32,1.6
500104052,22:00-24:00,0.46,0.98
500104053,00:00-02:00,0.64,0.65
500104053,02:00-04:00,0.11,0.14
500104053,04:00-06:00,0.32,0.23
500104053,06:00-08:00,2.11,1.18
500104053,08:00-10:00,1.8,2.18
500104053,10:00-12:00,2.0,1.17
500104053,12:00-14:00,1.77,1.26
500104053,14:00-16:00,1.62,1.91
500104053,16:00-18:00,2.68,2.26
500104053,18:00-20:00,2.73,3.53
500104053,20:00-22:00,2.09,2.69
500104053,22:00-24:00,0.68,1.03
500104054,00:00-02:00,0.68,0.94
500104054,02:00-04:00,0.82,0.36
500104054,04:00-06:00,1.11,1.23
500104054,06:00-08:00,4.25,1.32
500104054,08:00-10:00,3.23,2.68
500104054,10:00-12:00,2.47,1.68
500104054,12:00-14:00,2.35,1.68
500104054,14:00-16:00,3.14,2.64
500104054,16:00-18:00,3.71,6.85
500104054,18:00-20:00,6.28,6.91
500104054,20:00-22:00,4.98,5.02
500104054,22:00-24:00,1.62,3.03
500104055,00:00-02:00,1.28,1.67
500104055,02:00-04:00,0.05,0.32
500104055,04:00-06:00,0.3,0.25
500104055,06:00-08:00,4.46,8.98
500104055,08:00-10:00,9.43,11.6
500104055,10:00-12:00,7.41,10.75
500104055,12:00-14:00,10.0,11.71
500104055,14:00-16:00,14.08,10.72
500104055,16:00-18:00,17.16,13.18
500104055,18:00-20:00,17.47,17.05
500104055,20:00-22:00,12.11,7.33
500104055,22:00-24:00,4.94,1.53
500104056,00:00-02:00,1.32,1.04
500104056,02:00-04:00,0.45,0.39
500104056,04:00-06:00,0.91,0.5
500104056,06:00-08:00,2.7,2.59
500104056,08:00-10:00,3.55,3.22
500104056,10:00-12:00,3.07,3.11
500104056,12:00-14:00,3.12,2.73
500104056,14:00-16:00,3.33,2.68
500104056,16:00-18:00,4.47,7.73
500104056,18:00-20:00,6.34,6.79
500104056,20:00-22:00,5.82,4.95
500104056,22:00-24:00,1.97,3.29
500104057,00:00-02:00,0.59,0.66
500104057,02:00-04:00,0.18,0.41
500104057,04:00-06:00,0.36,0.45
500104057,06:00-08:00,1.85,0.5
500104057,08:00-10:00,1.68,1.73
500104057,10:00-12:00,1.97,1.66
500104057,12:00-14:00,1.96,1.92
500104057,14:00-16:00,2.08,2.01
500104057,16:00-18:00,1.98,3.85
500104057,18:00-20:00,5.02,4.28
500104057,20:00-22:00,3.25,3.41
500104057,22:00-24:00,0.96,1.61
500104058,00:00-02:00,0.54,0.45
500104058,02:00-04:00,0.23,0.14
500104058,04:00-06:00,0.93,0.25
500104058,06:00-08:00,2.66,0.86
500104058,08:00-10:00,1.77,1.73
500104058,10:00-12:00,1.52,1.14
500104058,12:00-14:00,1.64,1.66
500104058,14:00-16:00,1.71,1.66
500104058,16:00-18:00,2.03,2.88
500104058,18:00-20:00,2.79,3.45
500104058,20:00-22:00,1.45,2.48
500104058,22:00-24:00,0.86,1.38
500104059,00:00-02:00,0.78,1.47
500104059,02:00-04:00,0.55,0.11
500104059,04:00-06:00,0.7,0.8
500104059,06:00-08:00,5.12,3.55
500104059,08:00-10:00,5.3,3.16
500104059,10:00-12:00,3.98,3.84
500104059,12:00-14:00,3.93,4.16
500104059,14:00-16:00,4.01,4.46
500104059,16:00-18:00,6.0,6.81
500104059,18:00-20:00,7.09,7.4
500104059,20:00-22:00,4.94,5.67
500104059,22:00-24:00,2.89,3.16
500104060,00:00-02:00,1.18,1.07
500104060,02:00-04:00,1.23,0.33
500104060,04:00-06:00,0.91,0.48
500104060,06:00-08:00,4.14,2.16
500104060,08:00-10:00,4.03,2.32
500104060,10:00-12:00,2.79,3.18
500104060,12:00-14:00,3.66,2.41
500104060,14:00-16:00,3.91,3.28
500104060,16:00-18:00,3.62,7.7
500104060,18:00-20:00,6.84,7.08
500104060,20:00-22:00,5.46,6.35
500104060,22:00-24:00,2.05,3.94
500104061,00:00-02:00,0.14,0.52
500104061,02:00-04:00,0.11,0.02
500104061,04:00-06:00,0.25,0.45
500104061,06:00-08:00,1.64,1.34
500104061,08:00-10:00,1.14,1.77
500104061,10:00-12:00,2.61,2.59
500104061,12:00-14:00,1.74,2.76
500104061,14:00-16:00,2.85,1.87
500104061,16:00-18:00,4.62,1.35
500104061,18:00-20:00,1.74,2.25
500104061,20:00-22:00,0.98,1.25
500104061,22:00-24:00,0.46,1.23
500104062,00:00-02:00,0.45,0.71
500104062,02:00-04:00,0.18,0.2
500104062,04:00-06:00,0.11,0.25
500104062,06:00-08:00,2.41,4.55
500104062,08:00-10:00,3.73,3.07
500104062,10:00-12:00,2.52,2.25
500104062,12:00-14:00,3.24,3.04
500104062,14:00-16:00,1.84,2.87
500104062,16:00-18:00,7.27,3.07
500104062,18:00-20:00,3.33,2.95
500104062,20:00-22:00,1.85,2.95
500104062,22:00-24:00,1.7,1.46
500104063,00:00-02:00,0.12,0.49
500104063,02:00-04:00,0.09,0.09
500104063,04:00-06:00,0.09,0.23
500104063,06:00-08:00,2.05,1.18
500104063,08:00-10:00,2.32,2.16
500104063,10:00-12:00,1.51,1.09
500104063,12:00-14:00,1.61,1.54
500104063,14:00-16:00,1.87,1.87
500104063,16:00-18:00,2.4,2.74
500104063,18:00-20:00,1.87,2.34
500104063,20:00-22:00,2.17,1.53
500104063,22:00-24:00,0.91,1.63
500104064,00:00-02:00,0.68,0.63
500104064,02:00-04:00,0.34,0.14
500104064,04:00-06:00,0.36,0.5
500104064,06:00-08:00,3.8,2.09
500104064,08:00-10:00,2.55,1.36
500104064,10:00-12:00,1.32,1.11
500104064,12:00-14:00,1.2,1.11
500104064,14:00-16:00,1.64,1.52
500104064,16:00-18:00,2.28,2.9
500104064,18:00-20:00,2.24,3.52
500104064,20:00-22:00,2.05,1.66
500104064,22:00-24:00,0.71,2.37
500104065,00:00-02:00,0.66,0.94
500104065,02:00-04:00,0.36,0.43
500104065,04:00-06:00,0.82,1.32
500104065,06:00-08:00,3.78,2.77
500104065,08:00-10:00,3.73,4.44
500104065,10:00-12:00,5.64,5.25
500104065,12:00-14:00,5.93,5.75
500104065,14:00-16:00,8.63,8.54
500104065,16:00-18:00,10.22,9.71
500104065,18:00-20:00,8.88,8.03
500104065,20:00-22:00,6.18,5.75
500104065,22:00-24:00,1.96,2.3
500104066,00:00-02:00,0.0,0.16
500104066,02:00-04:00,0.05,0.11
500104066,04:00-06:00,0.41,0.3
500104066,06:00-08:00,0.43,0.3
500104066,08:00-10:00,0.61,1.05
500104066,10:00-12:00,0.48,0.3
500104066,12:00-14:00,0.85,0.57
500104066,14:00-16:00,0.98,1.27
500104066,16:00-18:00,1.86,1.46
500104066,18:00-20:00,1.49,1.07
500104066,20:00-22:00,0.95,0.86
500104066,22:00-24:00,0.16,0.75
500104067,00:00-02:00,0.45,0.33
500104067,02:00-04:00,0.34,0.27
500104067,04:00-06:00,0.02,0.05
500104067,06:00-08:00,0.59,0.39
500104067,08:00-10:00,0.61,0.53
500104067,10:00-12:00,0.68,0.51
500104067,12:00-14:00,1.05,0.46
500104067,14:00-16:00,1.3,0.84
500104067,16:00-18:00,1.12,2.15
500104067,18:00-20:00,1.36,1.18
500104067,20:00-22:00,1.36,1.37
500104067,22:00-24:00,0.41,0.94
500104068,00:00-02:00,0.07,0.45
500104068,02:00-04:00,0.02,0.02
500104068,04:00-06:00,0.27,0.2
500104068,06:00-08:00,0.75,1.07
500104068,08:00-10:00,1.23,0.91
500104068,10:00-12:00,1.14,1.25
500104068,12:00-14:00,1.09,1.16
500104068,14:00-16:00,2.16,1.59
500104068,16:00-18:00,3.98,2.56
500104068,18:00-20:00,2.0,2.57
500104068,20:00-22:00,0.7,1.14
500104068,22:00-24:00,0.46,0.43
500104069,00:00-02:00,0.12,0.02
500104069,02:00-04:00,0.09,0.0
500104069,04:00-06:00,0.05,0.09
500104069,06:00-08:00,0.11,0.89
500104069,08:00-10:00,0.23,0.2
500104069,10:00-12:00,0.27,0.52
500104069,12:00-14:00,0.52,0.52
500104069,14:00-16:00,0.77,1.01
500104069,16:00-18:00,1.94,0.82
500104069,18:00-20:00,0.68,0.95
500104069,20:00-22:00,0.48,0.3
500104069,22:00-24:00,0.43,0.23
500104070,00:00-02:00,0.59,0.68
500104070,02:00-04:00,0.23,0.2
500104070,04:00-06:00,0.75,0.43
500104070,06:00-08:00,2.36,2.64
500104070,08:00-10:00,3.37,3.59
500104070,10:00-12:00,3.86,3.98
500104070,12:00-14:00,4.38,4.8
500104070,14:00-16:00,5.91,5.87
500104070,16:00-18:00,7.58,6.83
500104070,18:00-20:00,5.84,5.48
500104070,20:00-22:00,3.17,3.25
500104070,22:00-24:00,1.91,1.48
500104071,00:00-02:00,0.33,0.79
500104071,02:00-04:00,0.11,0.28
500104071,04:00-06:00,0.91,0.2
500104071,06:00-08:00,10.69,6.6
500104071,08:00-10:00,10.83,7.79
500104071,10:00-12:00,9.03,7.29
500104071,12:00-14:00,9.73,8.77
500104071,14:00-16:00,7.31,8.35
500104071,16:00-18:00,11.0,14.56
500104071,18:00-20:00,13.28,14.19
500104071,20:00-22:00,9.26,10.04
500104071,22:00-24:00,2.71,5.96
500104072,00:00-02:00,1.15,2.34
500104072,02:00-04:00,0.43,0.3
500104072,04:00-06:00,1.61,0.36
500104072,06:00-08:00,11.08,7.48
500104072,08:00-10:00,13.58,11.99
500104072,10:00-12:00,10.76,8.0
500104072,12:00-14:00,8.42,7.52
500104072,14:00-16:00,7.7,6.82
500104072,16:00-18:00,9.86,15.6
500104072,18:00-20:00,15.68,13.9
500104072,20:00-22:00,9.48,11.5
500104072,22:00-24:00,4.05,7.52
500104073,00:00-02:00,0.61,2.53
500104073,02:00-04:00,0.36,0.59
500104073,04:00-06:00,1.64,0.27
500104073,06:00-08:00,8.38,4.07
500104073,08:00-10:00,11.72,12.53
500104073,10:00-12:00,8.21,5.75
500104073,12:00-14:00,7.12,7.2
500104073,14:00-16:00,6.38,6.46
500104073,16:00-18:00,8.7,11.12
500104073,18:00-20:00,15.61,14.35
500104073,20:00-22:00,10.13,11.5
500104073,22:00-24:00,4.51,6.17
500104074,00:00-02:00,0.78,1.91
500104074,02:00-04:00,0.09,0.73
500104074,04:00-06:00,0.68,0.52
500104074,06:00-08:00,9.36,2.93
500104074,08:00-10:00,6.82,7.18
500104074,10:00-12:00,6.75,5.2
500104074,12:00-14:00,5.43,5.32
500104074,14:00-16:00,4.71,5.37
500104074,16:00-18:00,7.67,10.05
500104074,18:00-20:00,7.18,7.89
500104074,20:00-22:00,5.32,6.25
500104074,22:00-24:00,3.44,4.44
500104075,00:00-02:00,0.68,0.92
500104075,02:00-04:00,0.09,0.11
500104075,04:00-06:00,0.8,0.18
500104075,06:00-08:00,5.22,5.23
500104075,08:00-10:00,5.43,9.8
500104075,10:00-12:00,5.66,4.84
500104075,12:00-14:00,7.61,6.07
500104075,14:00-16:00,6.14,5.85
500104075,16:00-18:00,11.37,8.03
500104075,18:00-20:00,6.98,7.86
500104075,20:00-22:00,5.23,5.05
500104075,22:00-24:00,2.03,2.73
500104076,00:00-02:00,0.29,0.54
500104076,02:00-04:00,0.07,0.11
500104076,04:00-06:00,0.18,0.91
500104076,06:00-08:00,0.77,2.39
500104076,08:00-10:00,5.28,4.52
500104076,10:00-12:00,4.22,3.84
500104076,12:00-14:00,4.92,5.32
500104076,14:00-16:00,3.85,3.57
500104076,16:00-18:00,6.86,4.91
500104076,18:00-20:00,3.32,3.0
500104076,20:00-22:00,2.37,1.43
500104076,22:00-24:00,0.89,1.48
500104077,00:00-02:00,0.33,0.94
500104077,02:00-04:00,0.11,0.41
500104077,04:00-06:00,0.32,1.8
500104077,06:00-08:00,2.21,1.77
500104077,08:00-10:00,4.27,4.82
500104077,10:00-12:00,4.13,2.95
500104077,12:00-14:00,4.08,5.54
500104077,14:00-16:00,5.42,6.6
500104077,16:00-18:00,9.37,3.2
500104077,18:00-20:00,5.2,4.27
500104077,20:00-22:00,3.34,2.66
500104077,22:00-24:00,2.2,1.93
500104078,00:00-02:00,1.96,2.02
500104078,02:00-04:00,0.36,0.3
500104078,04:00-06:00,1.16,0.34
500104078,06:00-08:00,3.07,0.73
500104078,08:00-10:00,3.03,3.77
500104078,10:00-12:00,3.05,3.24
500104078,12:00-14:00,3.23,3.01
500104078,14:00-16:00,3.57,2.97
500104078,16:00-18:00,4.33,7.33
500104078,18:00-20:00,8.02,6.94
500104078,20:00-22:00,5.23,6.06
500104078,22:00-24:00,2.79,3.78
500104079,00:00-02:00,0.14,0.39
500104079,02:00-04:00,0.27,0.25
500104079,04:00-06:00,0.77,0.8
500104079,06:00-08:00,3.18,1.86
500104079,08:00-10:00,3.79,2.7
500104079,10:00-12:00,2.39,2.2
500104079,12:00-14:00,2.12,2.07
500104079,14:00-16:00,1.83,2.12
500104079,16:00-18:00,2.77,3.89
500104079,18:00-20:00,4.95,4.29
500104079,20:00-22:00,3.06,4.04
500104079,22:00-24:00,1.27,2.02
500104080,00:00-02:00,0.33,0.16
500104080,02:00-04:00,0.11,0.09
500104080,04:00-06:00,0.23,0.25
500104080,06:00-08:00,0.75,0.36
500104080,08:00-10:00,0.52,0.41
500104080,10:00-12:00,0.45,0.2
500104080,12:00-14:00,0.89,0.41
500104080,14:00-16:00,0.96,0.48
500104080,16:00-18:00,0.94,1.85
500104080,18:00-20:00,1.55,1.54
500104080,20:00-22:00,0.91,1.17
500104080,22:00-24:00,0.36,0.77
500104081,00:00-02:00,0.07,0.47
500104081,02:00-04:00,0.07,0.3
500104081,04:00-06:00,0.82,0.51
500104081,06:00-08:00,8.1,4.73
500104081,08:00-10:00,5.54,3.14
500104081,10:00-12:00,4.46,3.27
500104081,12:00-14:00,4.95,4.32
500104081,14:00-16:00,4.41,4.55
500104081,16:00-18:00,6.66,6.83
500104081,18:00-20:00,5.51,6.51
500104081,20:00-22:00,4.3,6.27
500104081,22:00-24:00,1.75,2.6
500104082,00:00-02:00,1.56,2.5
500104082,02:00-04:00,0.73,1.37
500104082,04:00-06:00,1.86,1.55
500104082,06:00-08:00,6.9,3.51
500104082,08:00-10:00,5.44,4.16
500104082,10:00-12:00,5.41,4.36
500104082,12:00-14:00,5.75,5.47
500104082,14:00-16:00,4.77,4.78
500104082,16:00-18:00,8.31,11.2
500104082,18:00-20:00,11.08,11.48
500104082,20:00-22:00,7.34,8.3
500104082,22:00-24:00,4.31,5.0
500104083,00:00-02:00,0.26,0.31
500104083,02:00-04:00,0.0,0.11
500104083,04:00-06:00,0.18,0.34
500104083,06:00-08:00,2.14,4.1
500104083,08:00-10:00,4.05,1.66
500104083,10:00-12:00,2.89,2.14
500104083,12:00-14:00,2.05,2.59
500104083,14:00-16:00,2.3,2.21
500104083,16:00-18:00,4.64,3.7
500104083,18:00-20:00,2.05,2.48
500104083,20:00-22:00,1.42,1.84
500104083,22:00-24:00,0.86,0.5
500104084,00:00-02:00,0.49,0.8
500104084,02:00-04:00,0.25,0.16
500104084,04:00-06:00,1.14,1.27
500104084,06:00-08:00,6.66,4.61
500104084,08:00-10:00,5.73,3.88
500104084,10:00-12:00,5.05,4.57
500104084,12:00-14:00,5.27,4.48
500104084,14:00-16:00,5.45,5.12
500104084,16:00-18:00,6.51,9.03
500104084,18:00-20:00,6.91,6.75
500104084,20:00-22:00,5.15,6.12
500104084,22:00-24:00,2.74,2.83
500104085,00:00-02:00,0.75,1.58
500104085,02:00-04:00,0.3,1.09
500104085,04:00-06:00,1.8,2.95
500104085,06:00-08:00,8.48,4.94
500104085,08:00-10:00,9.54,6.55
500104085,10:00-12:00,6.49,5.54
500104085,12:00-14:00,7.31,6.26
500104085,14:00-16:00,6.22,6.48
500104085,16:00-18:00,9.85,11.02
500104085,18:00-20:00,8.7,9.07
500104085,20:00-22:00,5.95,7.44
500104085,22:00-24:00,2.32,3.98
500104086,00:00-02:00,0.02,0.09
500104086,02:00-04:00,0.05,0.07
500104086,04:00-06:00,0.09,0.05
500104086,06:00-08:00,1.85,0.48
500104086,08:00-10:00,1.29,1.75
500104086,10:00-12:00,1.53,1.24
500104086,12:00-14:00,1.21,0.93
500104086,14:00-16:00,1.17,1.66
500104086,16:00-18:00,1.84,1.03
500104086,18:00-20:00,0.92,1.18
500104086,20:00-22:00,0.89,1.09
500104086,22:00-24:00,0.33,0.82
500104087,00:00-02:00,2.23,1.25
500104087,02:00-04:00,0.89,0.3
500104087,04:00-06:00,0.76,0.55
500104087,06:00-08:00,2.98,8.5
500104087,08:00-10:00,7.52,7.39
500104087,10:00-12:00,3.41,4.91
500104087,12:00-14:00,5.77,6.33
500104087,14:00-16:00,5.3,6.48
500104087,16:00-18:00,13.05,13.61
500104087,18:00-20:00,10.93,9.25
500104087,20:00-22:00,9.8,5.83
500104087,22:00-24:00,6.43,3.92
500104088,00:00-02:00,1.89,1.51
500104088,02:00-04:00,0.66,0.61
500104088,04:00-06:00,1.5,0.77
500104088,06:00-08:00,5.25,3.43
500104088,08:00-10:00,5.58,2.77
500104088,10:00-12:00,4.7,4.32
500104088,12:00-14:00,4.97,4.48
500104088,14:00-16:00,5.69,4.89
500104088,16:00-18:00,7.72,10.64
500104088,18:00-20:00,8.62,8.25
500104088,20:00-22:00,6.93,6.93
500104088,22:00-24:00,3.59,6.92
500104089,00:00-02:00,0.1,2.07
500104089,02:00-04:00,0.3,0.57
500104089,04:00-06:00,0.18,0.64
500104089,06:00-08:00,2.93,1.09
500104089,08:00-10:00,2.81,1.86
500104089,10:00-12:00,1.56,1.66
500104089,12:00-14:00,1.98,2.14
500104089,14:00-16:00,2.23,2.41
500104089,16:00-18:00,3.1,2.58
500104089,18:00-20:00,3.21,2.64
500104089,20:00-22:00,2.32,3.05
500104089,22:00-24:00,2.0,0.96
500104090,00:00-02:00,0.75,0.73
500104090,02:00-04:00,1.98,0.14
500104090,04:00-06:00,1.16,0.34
500104090,06:00-08:00,2.02,1.48
500104090,08:00-10:00,3.18,2.5
500104090,10:00-12:00,3.66,2.14
500104090,12:00-14:00,2.63,3.0
500104090,14:00-16:00,4.0,2.98
500104090,16:00-18:00,5.02,5.57
500104090,18:00-20:00,3.57,6.27
500104090,20:00-22:00,2.89,3.61
500104090,22:00-24:00,1.48,2.98
500104091,00:00-02:00,1.65,3.82
500104091,02:00-04:00,0.41,0.59
500104091,04:00-06:00,0.43,3.34
500104091,06:00-08:00,15.51,15.16
500104091,08:00-10:00,20.12,20.98
500104091,10:00-12:00,9.04,11.45
500104091,12:00-14:00,12.72,14.24
500104091,14:00-16:00,13.24,12.21
500104091,16:00-18:00,21.0,22.27
500104091,18:00-20:00,18.26,13.74
500104091,20:00-22:00,14.85,8.7
500104091,22:00-24:00,8.11,4.07
500104092,00:00-02:00,0.16,0.92
500104092,02:00-04:00,0.32,0.16
500104092,04:00-06:00,0.41,0.45
500104092,06:00-08:00,2.32,1.16
500104092,08:00-10:00,1.88,1.49
500104092,10:00-12:00,2.16,1.65
500104092,12:00-14:00,2.21,1.36
500104092,14:00-16:00,1.52,1.57
500104092,16:00-18:00,1.66,2.36
500104092,18:00-20:00,2.45,2.45
500104092,20:00-22:00,1.87,1.82
500104092,22:00-24:00,0.8,1.63
500104094,00:00-02:00,0.61,0.45
500104094,02:00-04:00,0.2,0.36
500104094,04:00-06:00,0.27,0.23
500104094,06:00-08:00,1.16,0.8
500104094,08:00-10:00,2.01,1.03
500104094,10:00-12:00,1.43,1.68
500104094,12:00-14:00,1.43,1.26
500104094,14:00-16:00,1.64,1.02
500104094,16:00-18:00,1.33,3.6
500104094,18:00-20:00,3.02,2.7
500104094,20:00-22:00,1.7,1.52
500104094,22:00-24:00,0.59,1.01
500104095,00:00-02:00,0.19,0.54
500104095,02:00-04:00,0.59,0.2
500104095,04:00-06:00,0.75,0.43
500104095,06:00-08:00,2.93,0.8
500104095,08:00-10:00,2.89,1.52
500104095,10:00-12:00,2.19,1.23
500104095,12:00-14:00,1.9,2.0
500104095,14:00-16:00,1.86,1.43
500104095,16:00-18:00,3.08,4.66
500104095,18:00-20:00,2.98,5.57
500104095,20:00-22:00,4.45,3.39
500104095,22:00-24:00,0.8,2.21
500104096,00:00-02:00,0.99,1.5
500104096,02:00-04:00,0.09,0.25
500104096,04:00-06:00,1.11,0.16
500104096,06:00-08:00,2.14,1.34
500104096,08:00-10:00,1.61,1.64
500104096,10:00-12:00,2.0,2.25
500104096,12:00-14:00,2.43,1.91
500104096,14:00-16:00,2.41,1.98
500104096,16:00-18:00,3.04,5.36
500104096,18:00-20:00,5.59,4.98
500104096,20:00-22:00,3.67,3.35
500104096,22:00-24:00,1.79,2.46
500104097,00:00-02:00,0.9,0.73
500104097,02:00-04:00,0.2,0.25
500104097,04:00-06:00,0.66,0.27
500104097,06:00-08:00,2.3,1.69
500104097,08:00-10:00,1.76,2.02
500104097,10:00-12:00,1.71,1.78
500104097,12:00-14:00,1.88,1.73
500104097,14:00-16:00,1.82,1.7
500104097,16:00-18:00,2.58,4.22
500104097,18:00-20:00,4.11,3.95
500104097,20:00-22:00,3.02,3.29
500104097,22:00-24:00,0.99,1.73
500104098,00:00-02:00,1.18,2.17
500104098,02:00-04:00,0.2,0.36
500104098,04:00-06:00,0.57,1.46
500104098,06:00-08:00,5.02,6.59
500104098,08:00-10:00,8.65,8.01
500104098,10:00-12:00,7.9,7.8
500104098,12:00-14:00,8.47,9.68
500104098,14:00-16:00,7.33,6.58
500104098,16:00-18:00,10.93,9.34
500104098,18:00-20:00,10.44,10.19
500104098,20:00-22:00,8.49,6.36
500104098,22:00-24:00,4.23,2.89
500104099,00:00-02:00,1.72,2.38
500104099,02:00-04:00,1.38,1.09
500104099,04:00-06:00,0.48,1.0
500104099,06:00-08:00,2.82,1.91
500104099,08:00-10:00,1.75,2.43
500104099,10:00-12:00,2.53,2.16
500104099,12:00-14:00,2.74,3.25
500104099,14:00-16:00,2.11,2.58
500104099,16:00-18:00,2.95,4.29
500104099,18:00-20:00,3.86,4.66
500104099,20:00-22:00,4.14,2.51
500104099,22:00-24:00,3.61,2.09
500104100,00:00-02:00,1.46,1.05
500104100,02:00-04:00,0.18,0.2
500104100,04:00-06:00,0.41,0.52
500104100,06:00-08:00,1.52,0.93
500104100,08:00-10:00,1.97,2.45
500104100,10:00-12:00,1.91,2.27
500104100,12:00-14:00,2.41,2.55
500104100,14:00-16:00,3.01,2.15
500104100,16:00-18:00,3.34,4.83
500104100,18:00-20:00,4.9,5.1
500104100,20:00-22:00,3.63,3.29
500104100,22:00-24:00,1.33,2.43
500104101,00:00-02:00,0.31,0.4
500104101,02:00-04:00,0.2,0.27
500104101,04:00-06:00,0.73,0.25
500104101,06:00-08:00,2.17,1.05
500104101,08:00-10:00,2.26,2.0
500104101,10:00-12:00,1.23,1.54
500104101,12:00-14:00,1.6,1.29
500104101,14:00-16:00,1.72,1.21
500104101,16:00-18:00,2.03,3.93
500104101,18:00-20:00,3.41,3.75
500104101,20:00-22:00,3.21,2.63
500104101,22:00-24:00,1.19,1.93
500104102,00:00-02:00,0.59,1.18
500104102,02:00-04:00,0.09,0.05
500104102,04:00-06:00,0.3,0.2
500104102,06:00-08:00,3.66,4.48
500104102,08:00-10:00,5.05,3.3
500104102,10:00-12:00,3.7,4.04
500104102,12:00-14:00,3.87,4.27
500104102,14:00-16:00,4.5,4.55
500104102,16:00-18:00,6.98,6.06
500104102,18:00-20:00,4.75,5.33
500104102,20:00-22:00,4.03,2.94
500104102,22:00-24:00,1.9,2.5
500104103,00:00-02:00,0.38,0.97
500104103,02:00-04:00,0.2,0.45
500104103,04:00-06:00,0.77,0.3
500104103,06:00-08:00,2.72,1.18
500104103,08:00-10:00,2.95,2.3
500104103,10:00-12:00,2.92,2.52
500104103,12:00-14:00,3.09,3.07
500104103,14:00-16:00,3.08,2.72
500104103,16:00-18:00,3.44,3.56
500104103,18:00-20:00,2.91,2.91
500104103,20:00-22:00,2.7,1.93
500104103,22:00-24:00,1.26,2.6
500104104,00:00-02:00,1.05,2.66
500104104,02:00-04:00,0.6,0.09
500104104,04:00-06:00,1.62,1.09
500104104,06:00-08:00,4.29,5.32
500104104,08:00-10:00,10.73,11.01
500104104,10:00-12:00,8.77,9.04
500104104,12:00-14:00,8.13,9.82
500104104,14:00-16:00,8.78,6.74
500104104,16:00-18:00,12.82,10.89
500104104,18:00-20:00,11.72,11.67
500104104,20:00-22:00,9.02,6.36
500104104,22:00-24:00,4.54,2.53
500104105,00:00-02:00,1.06,2.1
500104105,02:00-04:00,0.57,0.77
500104105,04:00-06:00,0.11,0.34
500104105,06:00-08:00,2.5,1.27
500104105,08:00-10:00,2.75,3.2
500104105,10:00-12:00,2.68,3.0
500104105,12:00-14:00,3.44,4.68
500104105,14:00-16:00,4.02,3.05
500104105,16:00-18:00,4.48,5.3
500104105,18:00-20:00,4.83,5.41
500104105,20:00-22:00,4.83,2.55
500104105,22:00-24:00,2.52,2.23
500104106,00:00-02:00,0.38,1.39
500104106,02:00-04:00,0.41,0.25
500104106,04:00-06:00,1.11,0.95
500104106,06:00-08:00,5.14,3.12
500104106,08:00-10:00,5.69,4.8
500104106,10:00-12:00,3.63,4.11
500104106,12:00-14:00,4.05,3.96
500104106,14:00-16:00,4.38,3.44
500104106,16:00-18:00,5.48,6.57
500104106,18:00-20:00,5.66,6.35
500104106,20:00-22:00,3.94,3.8
500104106,22:00-24:00,2.56,2.69
500104107,00:00-02:00,1.98,0.68
500104107,02:00-04:00,0.34,0.36
500104107,04:00-06:00,0.64,1.27
500104107,06:00-08:00,9.57,11.91
500104107,08:00-10:00,9.5,11.68
500104107,10:00-12:00,7.07,9.38
500104107,12:00-14:00,9.34,12.13
500104107,14:00-16:00,10.42,9.24
500104107,16:00-18:00,12.67,20.39
500104107,18:00-20:00,14.02,10.36
500104107,20:00-22:00,12.93,5.27
500104107,22:00-24:00,6.52,2.07
500104108,00:00-02:00,4.77,4.19
500104108,02:00-04:00,0.5,0.27
500104108,04:00-06:00,1.26,5.32
500104108,06:00-08:00,26.54,33.27
500104108,08:00-10:00,34.23,33.48
500104108,10:00-12:00,23.7,24.54
500104108,12:00-14:00,27.63,25.74
500104108,14:00-16:00,27.77,22.34
500104108,16:00-18:00,35.88,35.8
500104108,18:00-20:00,32.33,28.67
500104108,20:00-22:00,28.59,24.84
500104108,22:00-24:00,24.44,16.64
500104109,00:00-02:00,0.38,1.06
500104109,02:00-04:00,0.25,0.39
500104109,04:00-06:00,0.7,0.43
500104109,06:00-08:00,1.77,2.02
500104109,08:00-10:00,2.23,4.04
500104109,10:00-12:00,3.48,3.2
500104109,12:00-14:00,3.84,3.75
500104109,14:00-16:00,3.04,2.05
500104109,16:00-18:00,4.41,1.96
500104109,18:00-20:00,2.18,2.2
500104109,20:00-22:00,1.61,1.73
500104109,22:00-24:00,0.94,1.07
500104110,00:00-02:00,0.49,0.47
500104110,02:00-04:00,0.11,0.18
500104110,04:00-06:00,0.34,0.75
500104110,06:00-08:00,3.25,1.2
500104110,08:00-10:00,1.58,1.58
500104110,10:00-12:00,1.11,1.14
500104110,12:00-14:00,1.59,1.07
500104110,14:00-16:00,1.85,1.89
500104110,16:00-18:00,2.35,4.51
500104110,18:00-20:00,4.31,4.21
500104110,20:00-22:00,3.36,3.4
500104110,22:00-24:00,0.73,1.26
500104111,00:00-02:00,0.35,0.73
500104111,02:00-04:00,0.14,0.51
500104111,04:00-06:00,0.61,0.86
500104111,06:00-08:00,5.93,4.79
500104111,08:00-10:00,6.35,4.19
500104111,10:00-12:00,3.92,3.36
500104111,12:00-14:00,4.14,3.27
500104111,14:00-16:00,2.41,3.05
500104111,16:00-18:00,5.96,6.05
500104111,18:00-20:00,7.05,8.47
500104111,20:00-22:00,5.32,6.28
500104111,22:00-24:00,2.64,3.12
500104112,00:00-02:00,0.86,0.73
500104112,02:00-04:00,0.09,0.14
500104112,04:00-06:00,0.23,1.25
500104112,06:00-08:00,5.27,10.88
500104112,08:00-10:00,8.64,9.69
500104112,10:00-12:00,5.61,7.93
500104112,12:00-14:00,6.25,7.2
500104112,14:00-16:00,7.57,5.62
500104112,16:00-18:00,11.31,9.54
500104112,18:00-20:00,11.1,9.81
500104112,20:00-22:00,8.25,4.41
500104112,22:00-24:00,3.68,2.0
500104113,00:00-02:00,0.49,0.59
500104113,02:00-04:00,0.16,0.07
500104113,04:00-06:00,0.43,0.8
500104113,06:00-08:00,7.93,5.66
500104113,08:00-10:00,9.35,7.87
500104113,10:00-12:00,9.18,8.96
500104113,12:00-14:00,9.38,9.22
500104113,14:00-16:00,8.18,7.23
500104113,16:00-18:00,10.02,11.66
500104113,18:00-20:00,10.27,9.74
500104113,20:00-22:00,7.37,7.83
500104113,22:00-24:00,4.39,5.36
500104114,00:00-02:00,2.05,0.54
500104114,02:00-04:00,0.39,0.27
500104114,04:00-06:00,0.84,0.7
500104114,06:00-08:00,5.34,9.19
500104114,08:00-10:00,9.87,8.74
500104114,10:00-12:00,5.96,6.26
500104114,12:00-14:00,5.84,5.79
500104114,14:00-16:00,5.05,6.62
500104114,16:00-18:00,10.68,6.36
500104114,18:00-20:00,6.65,6.5
500104114,20:00-22:00,4.29,4.02
500104114,22:00-24:00,3.5,4.34
500104115,00:00-02:00,1.2,0.88
500104115,02:00-04:00,0.43,0.39
500104115,04:00-06:00,0.64,0.68
500104115,06:00-08:00,6.55,8.55
500104115,08:00-10:00,8.72,9.01
500104115,10:00-12:00,8.36,6.75
500104115,12:00-14:00,7.69,9.76
500104115,14:00-16:00,6.33,5.79
500104115,16:00-18:00,12.64,7.2
500104115,18:00-20:00,5.89,5.36
500104115,20:00-22:00,4.18,4.79
500104115,22:00-24:00,2.53,2.76
500104116,00:00-02:00,0.52,0.94
500104116,02:00-04:00,0.07,0.25
500104116,04:00-06:00,0.64,0.89
500104116,06:00-08:00,5.41,3.48
500104116,08:00-10:00,5.69,4.36
500104116,10:00-12:00,5.56,5.85
500104116,12:00-14:00,4.5,5.62
500104116,14:00-16:00,5.79,5.76
500104116,16:00-18:00,6.88,7.59
500104116,18:00-20:00,7.82,7.82
500104116,20:00-22:00,6.38,4.32
500104116,22:00-24:00,2.38,3.6
500104117,00:00-02:00,0.42,0.47
500104117,02:00-04:00,0.14,0.14
500104117,04:00-06:00,0.7,0.27
500104117,06:00-08:00,3.43,0.8
500104117,08:00-10:00,2.36,1.3
500104117,10:00-12:00,1.14,0.95
500104117,12:00-14:00,1.53,2.07
500104117,14:00-16:00,1.87,2.55
500104117,16:00-18:00,3.33,3.89
500104117,18:00-20:00,2.96,3.43
500104117,20:00-22:00,1.95,2.91
500104117,22:00-24:00,1.23,2.06
500104118,00:00-02:00,0.14,0.59
500104118,02:00-04:00,0.05,0.48
500104118,04:00-06:00,1.11,0.45
500104118,06:00-08:00,0.61,0.98
500104118,08:00-10:00,1.35,0.7
500104118,10:00-12:00,0.84,0.84
500104118,12:00-14:00,1.14,1.23
500104118,14:00-16:00,1.31,1.05
500104118,16:00-18:00,1.63,1.64
500104118,18:00-20:00,1.64,1.6
500104118,20:00-22:00,1.11,1.07
500104118,22:00-24:00,0.41,0.64
500104119,00:00-02:00,0.33,1.06
500104119,02:00-04:00,0.0,0.3
500104119,04:00-06:00,0.18,0.16
500104119,06:00-08:00,3.77,1.24
500104119,08:00-10:00,5.06,3.98
500104119,10:00-12:00,3.91,3.5
500104119,12:00-14:00,3.89,3.61
500104119,14:00-16:00,3.33,3.69
500104119,16:00-18:00,4.82,5.64
500104119,18:00-20:00,4.15,5.94
500104119,20:00-22:00,4.37,2.95
500104119,22:00-24:00,1.93,2.53
500104120,00:00-02:00,0.85,0.8
500104120,02:00-04:00,0.36,0.52
500104120,04:00-06:00,0.61,0.66
500104120,06:00-08:00,7.05,4.59
500104120,08:00-10:00,7.8,6.25
500104120,10:00-12:00,5.87,4.34
500104120,12:00-14:00,5.37,5.04
500104120,14:00-16:00,4.76,4.36
500104120,16:00-18:00,7.68,7.17
500104120,18:00-20:00,6.74,7.4
500104120,20:00-22:00,4.97,4.8
500104120,22:00-24:00,3.13,3.66
500104121,00:00-02:00,0.88,2.24
500104121,02:00-04:00,0.41,0.55
500104121,04:00-06:00,0.39,0.57
500104121,06:00-08:00,4.25,2.16
500104121,08:00-10:00,4.55,4.73
500104121,10:00-12:00,4.7,4.68
500104121,12:00-14:00,4.95,5.0
500104121,14:00-16:00,3.26,4.17
500104121,16:00-18:00,6.06,7.34
500104121,18:00-20:00,7.09,5.62
500104121,20:00-22:00,5.54,4.2
500104121,22:00-24:00,2.87,2.89
500104122,00:00-02:00,0.61,0.61
500104122,02:00-04:00,0.18,0.14
500104122,04:00-06:00,0.05,0.3
500104122,06:00-08:00,0.92,1.09
500104122,08:00-10:00,0.64,0.7
500104122,10:00-12:00,0.93,1.47
500104122,12:00-14:00,0.95,1.21
500104122,14:00-16:00,1.48,1.5
500104122,16:00-18:00,2.72,1.77
500104122,18:00-20:00,2.1,1.54
500104122,20:00-22:00,0.85,0.89
500104122,22:00-24:00,0.64,0.57
500104123,00:00-02:00,0.31,0.42
500104123,02:00-04:00,0.09,0.05
500104123,04:00-06:00,0.3,0.18
500104123,06:00-08:00,2.55,1.59
500104123,08:00-10:00,5.0,2.55
500104123,10:00-12:00,2.59,1.48
500104123,12:00-14:00,2.67,3.45
500104123,14:00-16:00,2.19,3.14
500104123,16:00-18:00,3.54,2.74
500104123,18:00-20:00,3.66,4.5
500104123,20:00-22:00,2.47,3.94
500104123,22:00-24:00,1.71,2.14
500104124,00:00-02:00,1.08,1.65
500104124,02:00-04:00,0.34,0.16
500104124,04:00-06:00,0.98,1.07
500104124,06:00-08:00,4.5,2.73
500104124,08:00-10:00,4.56,3.57
500104124,10:00-12:00,4.44,4.36
500104124,12:00-14:00,3.79,4.27
500104124,14:00-16:00,4.57,4.09
500104124,16:00-18:00,6.86,5.97
500104124,18:00-20:00,4.79,7.18
500104124,20:00-22:00,4.14,3.67
500104124,22:00-24:00,2.46,3.32
500104125,00:00-02:00,0.73,1.37
500104125,02:00-04:00,0.36,0.39
500104125,04:00-06:00,0.75,0.11
500104125,06:00-08:00,3.14,2.75
500104125,08:00-10:00,6.12,6.37
500104125,10:00-12:00,5.88,5.42
500104125,12:00-14:00,6.55,6.54
500104125,14:00-16:00,5.67,6.28
500104125,16:00-18:00,8.11,8.94
500104125,18:00-20:00,8.49,8.19
500104125,20:00-22:00,6.14,5.37
500104125,22:00-24:00,3.01,3.14
500104126,00:00-02:00,0.54,0.8
500104126,02:00-04:00,0.14,0.52
500104126,04:00-06:00,1.07,1.05
500104126,06:00-08:00,8.17,3.27
500104126,08:00-10:00,5.78,5.2
500104126,10:00-12:00,4.37,2.75
500104126,12:00-14:00,3.96,3.77
500104126,14:00-16:00,3.08,3.66
500104126,16:00-18:00,5.84,8.98
500104126,18:00-20:00,8.18,6.72
500104126,20:00-22:00,3.84,4.75
500104126,22:00-24:00,1.59,3.88
500104128,00:00-02:00,0.75,1.28
500104128,02:00-04:00,0.02,0.05
500104128,04:00-06:00,1.23,0.84
500104128,06:00-08:00,9.39,7.76
500104128,08:00-10:00,11.06,11.27
500104128,10:00-12:00,11.48,10.45
500104128,12:00-14:00,7.83,9.2
500104128,14:00-16:00,7.64,7.6
500104128,16:00-18:00,12.16,12.53
500104128,18:00-20:00,11.81,13.27
500104128,20:00-22:00,7.4,9.41
500104128,22:00-24:00,4.73,5.1
500104129,00:00-02:00,0.02,0.05
500104129,02:00-04:00,0.0,0.0
500104129,04:00-06:00,0.07,0.11
500104129,06:00-08:00,1.7,0.39
500104129,08:00-10:00,1.78,0.66
500104129,10:00-12:00,0.96,0.8
500104129,12:00-14:00,1.06,1.54
500104129,14:00-16:00,0.76,1.25
500104129,16:00-18:00,1.11,1.37
500104129,18:00-20:00,0.8,1.61
500104129,20:00-22:00,0.5,0.82
500104129,22:00-24:00,0.0,0.14
500104130,00:00-02:00,0.05,0.31
500104130,02:00-04:00,0.0,0.2
500104130,04:00-06:00,0.5,0.27
500104130,06:00-08:00,1.73,3.02
500104130,08:00-10:00,3.91,1.41
500104130,10:00-12:00,1.87,1.11
500104130,12:00-14:00,1.78,1.64
500104130,14:00-16:00,1.05,1.41
500104130,16:00-18:00,3.87,2.72
500104130,18:00-20:00,2.26,3.45
500104130,20:00-22:00,2.14,2.12
500104130,22:00-24:00,0.77,1.91
500104131,00:00-02:00,0.35,0.53
500104131,02:00-04:00,0.09,0.14
500104131,04:00-06:00,0.43,0.25
500104131,06:00-08:00,0.55,0.52
500104131,08:00-10:00,1.91,0.48
500104131,10:00-12:00,0.64,0.43
500104131,12:00-14:00,0.82,0.52
500104131,14:00-16:00,0.8,0.57
500104131,16:00-18:00,0.88,1.35
500104131,18:00-20:00,1.55,1.69
500104131,20:00-22:00,0.57,1.3
500104131,22:00-24:00,0.52,1.35
500104132,00:00-02:00,0.73,1.28
500104132,02:00-04:00,0.45,0.39
500104132,04:00-06:00,0.91,0.27
500104132,06:00-08:00,6.61,2.66
500104132,08:00-10:00,6.16,4.27
500104132,10:00-12:00,5.39,4.04
500104132,12:00-14:00,3.86,3.95
500104132,14:00-16:00,3.92,3.82
500104132,16:00-18:00,5.73,7.12
500104132,18:00-20:00,6.68,7.42
500104132,20:00-22:00,4.87,6.18
500104132,22:00-24:00,3.73,4.87
500104133,00:00-02:00,0.19,0.48
500104133,02:00-04:00,0.05,0.02
500104133,04:00-06:00,0.09,0.0
500104133,06:00-08:00,0.84,0.8
500104133,08:00-10:00,2.53,0.8
500104133,10:00-12:00,1.59,0.77
500104133,12:00-14:00,1.42,1.23
500104133,14:00-16:00,1.33,0.5
500104133,16:00-18:00,2.08,1.46
500104133,18:00-20:00,1.59,2.27
500104133,20:00-22:00,0.62,1.59
500104133,22:00-24:00,0.32,2.33
500104134,00:00-02:00,0.43,0.59
500104134,02:00-04:00,0.23,0.5
500104134,04:00-06:00,0.18,0.93
500104134,06:00-08:00,1.57,1.0
500104134,08:00-10:00,2.05,2.2
500104134,10:00-12:00,2.2,1.57
500104134,12:00-14:00,2.26,2.25
500104134,14:00-16:00,2.16,2.16
500104134,16:00-18:00,3.58,3.72
500104134,18:00-20:00,2.53,2.79
500104134,20:00-22:00,2.1,1.32
500104134,22:00-24:00,1.19,0.77
500104135,00:00-02:00,0.54,1.16
500104135,02:00-04:00,0.3,0.23
500104135,04:00-06:00,0.45,0.36
500104135,06:00-08:00,7.53,4.0
500104135,08:00-10:00,6.78,4.65
500104135,10:00-12:00,3.28,5.19
500104135,12:00-14:00,3.93,4.49
500104135,14:00-16:00,5.5,4.59
500104135,16:00-18:00,6.13,6.27
500104135,18:00-20:00,5.08,6.12
500104135,20:00-22:00,4.05,4.69
500104135,22:00-24:00,1.62,2.54
500104136,00:00-02:00,0.35,0.75
500104136,02:00-04:00,0.07,0.34
500104136,04:00-06:00,0.14,0.52
500104136,06:00-08:00,0.86,0.59
500104136,08:00-10:00,0.88,0.77
500104136,10:00-12:00,1.9,0.93
500104136,12:00-14:00,1.51,1.43
500104136,14:00-16:00,1.3,2.03
500104136,16:00-18:00,2.57,2.05
500104136,18:00-20:00,1.63,1.78
500104136,20:00-22:00,1.22,0.93
500104136,22:00-24:00,0.66,0.57
500104137,00:00-02:00,0.25,0.54
500104137,02:00-04:00,0.39,0.5
500104137,04:00-06:00,0.59,0.84
500104137,06:00-08:00,2.75,2.78
500104137,08:00-10:00,2.05,1.2
500104137,10:00-12:00,1.71,1.77
500104137,12:00-14:00,0.9,1.29
500104137,14:00-16:00,2.05,2.21
500104137,16:00-18:00,4.6,3.18
500104137,18:00-20:00,2.36,2.29
500104137,20:00-22:00,1.05,0.82
500104137,22:00-24:00,0.44,1.09
500104138,00:00-02:00,0.24,0.26
500104138,02:00-04:00,0.05,0.14
500104138,04:00-06:00,0.0,0.0
500104138,06:00-08:00,0.11,0.27
500104138,08:00-10:00,0.39,0.18
500104138,10:00-12:00,0.23,0.32
500104138,12:00-14:00,0.3,0.25
500104138,14:00-16:00,0.57,0.34
500104138,16:00-18:00,1.0,0.75
500104138,18:00-20:00,0.43,0.52
500104138,20:00-22:00,0.48,0.52
500104138,22:00-24:00,0.61,0.66
500104139,00:00-02:00,1.15,0.88
500104139,02:00-04:00,0.07,0.1
500104139,04:00-06:00,1.48,0.25
500104139,06:00-08:00,5.72,4.74
500104139,08:00-10:00,6.63,5.29
500104139,10:00-12:00,5.35,4.99
500104139,12:00-14:00,4.23,4.23
500104139,14:00-16:00,5.27,4.84
500104139,16:00-18:00,6.73,6.95
500104139,18:00-20:00,6.75,7.59
500104139,20:00-22:00,4.53,5.79
500104139,22:00-24:00,2.39,3.61
500104140,00:00-02:00,3.1,2.38
500104140,02:00-04:00,0.7,1.5
500104140,04:00-06:00,1.0,0.36
500104140,06:00-08:00,3.84,1.36
500104140,08:00-10:00,4.62,4.09
500104140,10:00-12:00,4.29,4.77
500104140,12:00-14:00,5.36,6.23
500104140,14:00-16:00,4.97,5.8
500104140,16:00-18:00,7.45,11.02
500104140,18:00-20:00,7.11,8.01
500104140,20:00-22:00,7.66,5.36
500104140,22:00-24:00,4.96,3.48
500104141,00:00-02:00,0.47,1.93
500104141,02:00-04:00,0.39,0.52
500104141,04:00-06:00,0.59,0.34
500104141,06:00-08:00,4.6,3.0
500104141,08:00-10:00,5.17,4.8
500104141,10:00-12:00,4.67,6.09
500104141,12:00-14:00,5.61,6.55
500104141,14:00-16:00,6.84,6.51
500104141,16:00-18:00,8.16,10.22
500104141,18:00-20:00,8.47,7.63
500104141,20:00-22:00,6.99,4.81
500104141,22:00-24:00,2.33,3.32
500104142,00:00-02:00,3.42,1.97
500104142,02:00-04:00,0.66,0.39
500104142,04:00-06:00,0.73,0.14
500104142,06:00-08:00,2.94,4.32
500104142,08:00-10:00,8.19,10.67
500104142,10:00-12:00,7.77,7.36
500104142,12:00-14:00,6.63,6.97
500104142,14:00-16:00,8.98,7.48
500104142,16:00-18:00,11.95,6.85
500104142,18:00-20:00,5.99,5.61
500104142,20:00-22:00,5.02,4.94
500104142,22:00-24:00,3.38,6.35
500104143,00:00-02:00,0.24,0.34
500104143,02:00-04:00,0.11,0.18
500104143,04:00-06:00,0.23,0.02
500104143,06:00-08:00,2.09,0.89
500104143,08:00-10:00,2.9,0.86
500104143,10:00-12:00,2.58,0.7
500104143,12:00-14:00,1.7,1.79
500104143,14:00-16:00,1.72,1.11
500104143,16:00-18:00,2.41,2.51
500104143,18:00-20:00,1.11,2.75
500104143,20:00-22:00,0.7,2.39
500104143,22:00-24:00,0.41,2.02
500104144,00:00-02:00,0.78,0.83
500104144,02:00-04:00,0.11,0.18
500104144,04:00-06:00,0.98,1.32
500104144,06:00-08:00,5.91,4.21
500104144,08:00-10:00,6.23,6.26
500104144,10:00-12:00,6.36,5.2
500104144,12:00-14:00,5.47,5.61
500104144,14:00-16:00,5.18,5.48
500104144,16:00-18:00,7.97,9.24
500104144,18:00-20:00,9.49,8.66
500104144,20:00-22:00,6.39,7.38
500104144,22:00-24:00,3.19,4.01
500104145,00:00-02:00,0.07,0.75
500104145,02:00-04:00,0.05,0.16
500104145,04:00-06:00,0.2,0.09
500104145,06:00-08:00,1.3,0.66
500104145,08:00-10:00,2.22,0.95
500104145,10:00-12:00,1.67,1.68
500104145,12:00-14:00,1.23,0.86
500104145,14:00-16:00,1.58,1.82
500104145,16:00-18:00,1.85,1.03
500104145,18:00-20:00,1.3,1.68
500104145,20:00-22:00,0.99,1.43
500104145,22:00-24:00,0.25,0.86
500104146,00:00-02:00,0.07,0.35
500104146,02:00-04:00,0.07,0.0
500104146,04:00-06:00,0.5,0.36
500104146,06:00-08:00,0.32,0.89
500104146,08:00-10:00,0.61,0.34
500104146,10:00-12:00,0.5,0.3
500104146,12:00-14:00,1.03,0.89
500104146,14:00-16:00,0.89,0.66
500104146,16:00-18:00,1.04,1.0
500104146,18:00-20:00,1.35,1.39
500104146,20:00-22:00,0.27,0.52
500104146,22:00-24:00,0.2,0.18
500104147,00:00-02:00,0.16,0.75
500104147,02:00-04:00,0.32,0.25
500104147,04:00-06:00,0.41,0.36
500104147,06:00-08:00,1.95,1.52
500104147,08:00-10:00,2.36,2.34
500104147,10:00-12:00,2.16,1.41
500104147,12:00-14:00,2.44,2.48
500104147,14:00-16:00,2.32,2.37
500104147,16:00-18:00,4.8,1.9
500104147,18:00-20:00,2.1,3.84
500104147,20:00-22:00,1.73,2.52
500104147,22:00-24:00,1.19,1.68
500104148,00:00-02:00,0.45,0.61
500104148,02:00-04:00,0.11,0.35
500104148,04:00-06:00,3.09,1.2
500104148,06:00-08:00,2.39,2.82
500104148,08:00-10:00,4.64,5.13
500104148,10:00-12:00,4.58,4.22
500104148,12:00-14:00,3.43,4.37
500104148,14:00-16:00,3.96,3.54
500104148,16:00-18:00,4.76,5.68
500104148,18:00-20:00,5.79,6.36
500104148,20:00-22:00,3.26,3.51
500104148,22:00-24:00,2.31,2.43
500104149,00:00-02:00,0.26,1.51
500104149,02:00-04:00,0.14,0.2
500104149,04:00-06:00,0.18,0.05
500104149,06:00-08:00,2.5,3.73
500104149,08:00-10:00,3.5,2.19
500104149,10:00-12:00,2.63,1.73
500104149,12:00-14:00,2.83,2.16
500104149,14:00-16:00,2.12,2.12
500104149,16:00-18:00,3.31,3.1
500104149,18:00-20:00,2.93,2.43
500104149,20:00-22:00,1.82,1.73
500104149,22:00-24:00,1.27,1.82
500104150,00:00-02:00,0.57,0.41
500104150,02:00-04:00,0.05,0.09
500104150,04:00-06:00,0.68,0.41
500104150,06:00-08:00,1.07,1.12
500104150,08:00-10:00,2.25,0.86
500104150,10:00-12:00,1.57,1.32
500104150,12:00-14:00,1.07,0.8
500104150,14:00-16:00,0.98,0.86
500104150,16:00-18:00,1.67,2.22
500104150,18:00-20:00,1.41,1.65
500104150,20:00-22:00,0.86,1.55
500104150,22:00-24:00,0.23,1.08
500104151,00:00-02:00,0.35,0.71
500104151,02:00-04:00,0.11,0.27
500104151,04:00-06:00,0.34,0.43
500104151,06:00-08:00,2.8,2.93
500104151,08:00-10:00,3.77,3.62
500104151,10:00-12:00,2.95,2.05
500104151,12:00-14:00,4.04,3.23
500104151,14:00-16:00,2.41,2.66
500104151,16:00-18:00,6.01,3.65
500104151,18:00-20:00,3.22,4.29
500104151,20:00-22:00,3.15,4.22
500104151,22:00-24:00,1.6,2.71
500104152,00:00-02:00,0.0,0.07
500104152,02:00-04:00,0.07,0.02
500104152,04:00-06:00,0.23,0.07
500104152,06:00-08:00,1.32,0.16
500104152,08:00-10:00,1.36,1.3
500104152,10:00-12:00,1.55,1.57
500104152,12:00-14:00,1.65,1.57
500104152,14:00-16:00,1.89,1.32
500104152,16:00-18:00,1.33,1.23
500104152,18:00-20:00,0.96,1.09
500104152,20:00-22:00,0.86,1.16
500104152,22:00-24:00,0.31,0.68
500104153,00:00-02:00,0.28,1.25
500104153,02:00-04:00,0.07,0.05
500104153,04:00-06:00,0.7,0.39
500104153,06:00-08:00,3.79,2.41
500104153,08:00-10:00,4.68,2.56
500104153,10:00-12:00,3.13,2.29
500104153,12:00-14:00,3.26,2.77
500104153,14:00-16:00,2.52,2.55
500104153,16:00-18:00,2.64,4.03
500104153,18:00-20:00,6.11,6.7
500104153,20:00-22:00,4.03,4.91
500104153,22:00-24:00,2.37,3.39
500104154,00:00-02:00,0.02,0.07
500104154,02:00-04:00,0.0,0.05
500104154,04:00-06:00,0.0,0.0
500104154,06:00-08:00,0.07,0.0
500104154,08:00-10:00,0.0,0.07
500104154,10:00-12:00,0.25,0.18
500104154,12:00-14:00,0.11,0.05
500104154,14:00-16:00,0.18,0.11
500104154,16:00-18:00,0.3,0.21
500104154,18:00-20:00,0.34,0.32
500104154,20:00-22:00,0.11,0.09
500104154,22:00-24:00,0.02,0.18
500105001,00:00-02:00,1.98,4.22
500105001,02:00-04:00,0.52,0.94
500105001,04:00-06:00,1.89,1.55
500105001,06:00-08:00,12.95,6.86
500105001,08:00-10:00,17.86,18.65
500105001,10:00-12:00,17.7,14.4
500105001,12:00-14:00,16.82,13.99
500105001,14:00-16:00,12.99,16.81
500105001,16:00-18:00,21.61,23.56
500105001,18:00-20:00,20.34,24.37
500105001,20:00-22:00,18.45,21.04
500105001,22:00-24:00,14.29,10.4
500105002,00:00-02:00,2.23,2.19
500105002,02:00-04:00,0.21,0.57
500105002,04:00-06:00,1.07,1.43
500105002,06:00-08:00,7.03,7.91
500105002,08:00-10:00,11.55,10.85
500105002,10:00-12:00,9.68,9.05
500105002,12:00-14:00,12.08,11.2
500105002,14:00-16:00,10.01,10.51
500105002,16:00-18:00,14.3,14.8
500105002,18:00-20:00,16.66,15.67
500105002,20:00-22:00,11.34,10.02
500105002,22:00-24:00,6.62,6.81
500105003,00:00-02:00,1.26,2.07
500105003,02:00-04:00,0.32,1.05
500105003,04:00-06:00,0.95,1.07
500105003,06:00-08:00,6.39,8.92
500105003,08:00-10:00,12.77,8.81
500105003,10:00-12:00,7.22,9.58
500105003,12:00-14:00,8.45,9.26
500105003,14:00-16:00,7.96,9.74
500105003,16:00-18:00,12.54,11.19
500105003,18:00-20:00,12.68,11.82
500105003,20:00-22:00,9.49,7.16
500105003,22:00-24:00,5.31,4.53
500105004,00:00-02:00,1.41,1.42
500105004,02:00-04:00,0.61,0.33
500105004,04:00-06:00,1.32,0.57
500105004,06:00-08:00,9.93,3.8
500105004,08:00-10:00,8.32,6.45
500105004,10:00-12:00,6.53,5.77
500105004,12:00-14:00,7.27,7.61
500105004,14:00-16:00,6.07,6.87
500105004,16:00-18:00,9.59,12.38
500105004,18:00-20:00,9.61,11.33
500105004,20:00-22:00,5.2,9.24
500105004,22:00-24:00,3.16,3.52
500105005,00:00-02:00,2.43,1.53
500105005,02:00-04:00,0.13,1.2
500105005,04:00-06:00,0.53,1.36
500105005,06:00-08:00,11.4,18.26
500105005,08:00-10:00,21.28,22.7
500105005,10:00-12:00,14.75,16.41
500105005,12:00-14:00,15.79,15.96
500105005,14:00-16:00,13.6,13.24
500105005,16:00-18:00,21.32,19.48
500105005,18:00-20:00,23.0,18.19
500105005,20:00-22:00,17.7,11.98
500105005,22:00-24:00,10.69,6.4
500105006,00:00-02:00,0.94,0.51
500105006,02:00-04:00,0.02,0.2
500105006,04:00-06:00,0.32,0.32
500105006,06:00-08:00,5.79,3.83
500105006,08:00-10:00,6.43,7.51
500105006,10:00-12:00,5.71,5.11
500105006,12:00-14:00,6.68,7.52
500105006,14:00-16:00,5.0,4.84
500105006,16:00-18:00,10.19,7.4
500105006,18:00-20:00,6.91,8.13
500105006,20:00-22:00,5.33,6.25
500105006,22:00-24:00,2.53,3.18
500105007,00:00-02:00,1.81,2.52
500105007,02:00-04:00,0.33,0.52
500105007,04:00-06:00,0.58,1.61
500105007,06:00-08:00,4.75,10.23
500105007,08:00-10:00,10.36,16.09
500105007,10:00-12:00,11.9,12.74
500105007,12:00-14:00,10.9,10.12
500105007,14:00-16:00,9.55,10.58
500105007,16:00-18:00,19.74,11.19
500105007,18:00-20:00,14.62,12.97
500105007,20:00-22:00,13.48,7.27
500105007,22:00-24:00,6.45,5.55
500105008,00:00-02:00,1.39,1.74
500105008,02:00-04:00,0.25,0.82
500105008,04:00-06:00,0.57,0.98
500105008,06:00-08:00,7.43,4.68
500105008,08:00-10:00,8.16,6.11
500105008,10:00-12:00,7.21,6.68
500105008,12:00-14:00,7.7,7.5
500105008,14:00-16:00,6.29,6.28
500105008,16:00-18:00,9.41,9.75
500105008,18:00-20:00,9.38,9.2
500105008,20:00-22:00,6.06,8.41
500105008,22:00-24:00,3.6,3.69
500105009,00:00-02:00,1.96,0.73
500105009,02:00-04:00,0.23,0.1
500105009,04:00-06:00,0.73,0.68
500105009,06:00-08:00,5.96,2.8
500105009,08:00-10:00,7.27,7.43
500105009,10:00-12:00,5.97,5.73
500105009,12:00-14:00,6.17,5.15
500105009,14:00-16:00,5.59,5.91
500105009,16:00-18:00,9.89,11.16
500105009,18:00-20:00,9.86,11.5
500105009,20:00-22:00,5.77,8.68
500105009,22:00-24:00,3.44,3.56
500105010,00:00-02:00,0.35,0.58
500105010,02:00-04:00,0.05,0.09
500105010,04:00-06:00,1.34,0.3
500105010,06:00-08:00,9.16,4.32
500105010,08:00-10:00,8.05,6.2
500105010,10:00-12:00,6.61,3.45
500105010,12:00-14:00,4.86,3.2
500105010,14:00-16:00,3.28,3.59
500105010,16:00-18:00,4.2,8.47
500105010,18:00-20:00,8.13,9.0
500105010,20:00-22:00,4.11,6.58
500105010,22:00-24:00,2.46,3.21
500105011,00:00-02:00,0.52,0.59
500105011,02:00-04:00,0.18,0.28
500105011,04:00-06:00,0.8,0.46
500105011,06:00-08:00,8.7,6.69
500105011,08:00-10:00,9.9,8.36
500105011,10:00-12:00,6.64,3.77
500105011,12:00-14:00,5.39,4.85
500105011,14:00-16:00,4.22,4.16
500105011,16:00-18:00,8.06,9.0
500105011,18:00-20:00,9.21,9.53
500105011,20:00-22:00,5.05,7.06
500105011,22:00-24:00,2.91,3.87
500105012,00:00-02:00,0.52,0.73
500105012,02:00-04:00,0.0,0.16
500105012,04:00-06:00,0.86,0.14
500105012,06:00-08:00,7.46,2.93
500105012,08:00-10:00,5.94,4.48
500105012,10:00-12:00,4.9,3.04
500105012,12:00-14:00,3.82,2.93
500105012,14:00-16:00,3.68,2.71
500105012,16:00-18:00,5.04,7.17
500105012,18:00-20:00,5.06,8.68
500105012,20:00-22:00,3.68,5.06
500105012,22:00-24:00,1.12,2.23
500105013,00:00-02:00,0.75,1.09
500105013,02:00-04:00,0.27,0.55
500105013,04:00-06:00,0.27,0.75
500105013,06:00-08:00,6.73,2.53
500105013,08:00-10:00,9.63,5.53
500105013,10:00-12:00,6.52,5.66
500105013,12:00-14:00,6.43,4.63
500105013,14:00-16:00,4.44,4.75
500105013,16:00-18:00,5.85,7.58
500105013,18:00-20:00,7.42,8.85
500105013,20:00-22:00,4.95,7.33
500105013,22:00-24:00,3.44,3.93
500105014,00:00-02:00,1.53,1.41
500105014,02:00-04:00,0.75,0.56
500105014,04:00-06:00,0.77,0.83
500105014,06:00-08:00,4.18,3.8
500105014,08:00-10:00,6.42,6.0
500105014,10:00-12:00,7.01,7.77
500105014,12:00-14:00,7.16,6.7
500105014,14:00-16:00,5.54,5.94
500105014,16:00-18:00,8.93,9.62
500105014,18:00-20:00,9.39,8.1
500105014,20:00-22:00,7.16,6.83
500105014,22:00-24:00,3.08,4.13
500105015,00:00-02:00,1.49,2.68
500105015,02:00-04:00,0.93,1.12
500105015,04:00-06:00,0.8,0.56
500105015,06:00-08:00,2.43,2.94
500105015,08:00-10:00,6.82,7.47
500105015,10:00-12:00,8.88,5.68
500105015,12:00-14:00,10.18,11.56
500105015,14:00-16:00,7.98,6.57
500105015,16:00-18:00,11.38,7.16
500105015,18:00-20:00,8.91,8.77
500105015,20:00-22:00,5.85,6.99
500105015,22:00-24:00,3.59,4.59
500105016,00:00-02:00,0.64,1.47
500105016,02:00-04:00,0.11,0.22
500105016,04:00-06:00,1.36,0.7
500105016,06:00-08:00,11.58,3.1
500105016,08:00-10:00,12.98,8.98
500105016,10:00-12:00,10.32,8.38
500105016,12:00-14:00,9.13,7.82
500105016,14:00-16:00,8.34,7.55
500105016,16:00-18:00,10.94,12.54
500105016,18:00-20:00,11.89,13.96
500105016,20:00-22:00,8.0,10.81
500105016,22:00-24:00,2.44,5.89
500105017,00:00-02:00,0.97,1.41
500105017,02:00-04:00,0.18,0.23
500105017,04:00-06:00,0.34,1.59
500105017,06:00-08:00,4.25,4.09
500105017,08:00-10:00,6.52,6.56
500105017,10:00-12:00,6.92,6.67
500105017,12:00-14:00,5.62,5.54
500105017,14:00-16:00,6.11,5.77
500105017,16:00-18:00,7.46,7.1
500105017,18:00-20:00,6.84,6.16
500105017,20:00-22:00,6.15,3.8
500105017,22:00-24:00,2.57,2.46
500105018,00:00-02:00,2.22,2.73
500105018,02:00-04:00,0.84,0.57
500105018,04:00-06:00,0.39,1.36
500105018,06:00-08:00,2.34,4.57
500105018,08:00-10:00,5.3,11.3
500105018,10:00-12:00,6.57,10.58
500105018,12:00-14:00,10.65,9.6
500105018,14:00-16:00,9.8,8.63
500105018,16:00-18:00,13.5,7.43
500105018,18:00-20:00,9.0,8.77
500105018,20:00-22:00,7.8,6.23
500105018,22:00-24:00,6.17,4.05
500105019,00:00-02:00,3.22,0.99
500105019,02:00-04:00,0.1,0.59
500105019,04:00-06:00,0.52,1.39
500105019,06:00-08:00,3.18,3.93
500105019,08:00-10:00,7.06,5.82
500105019,10:00-12:00,5.44,6.27
500105019,12:00-14:00,7.14,8.7
500105019,14:00-16:00,7.3,7.85
500105019,16:00-18:00,9.82,7.56
500105019,18:00-20:00,7.22,5.16
500105019,20:00-22:00,5.15,3.25
500105019,22:00-24:00,3.2,4.23
500105020,00:00-02:00,2.28,1.04
500105020,02:00-04:00,0.2,0.48
500105020,04:00-06:00,0.42,1.02
500105020,06:00-08:00,2.9,4.23
500105020,08:00-10:00,4.88,5.73
500105020,10:00-12:00,4.05,4.54
500105020,12:00-14:00,5.49,6.0
500105020,14:00-16:00,6.4,5.12
500105020,16:00-18:00,7.44,7.01
500105020,18:00-20:00,7.5,5.41
500105020,20:00-22:00,4.93,4.3
500105020,22:00-24:00,3.52,2.05
500105021,00:00-02:00,0.81,0.57
500105021,02:00-04:00,0.14,0.23
500105021,04:00-06:00,0.28,0.18
500105021,06:00-08:00,1.9,1.66
500105021,08:00-10:00,3.06,2.95
500105021,10:00-12:00,1.85,2.2
500105021,12:00-14:00,2.0,2.0
500105021,14:00-16:00,1.87,1.87
500105021,16:00-18:00,4.55,3.17
500105021,18:00-20:00,3.69,3.98
500105021,20:00-22:00,2.89,2.55
500105021,22:00-24:00,1.69,1.3
500105022,00:00-02:00,1.32,0.9
500105022,02:00-04:00,0.3,0.36
500105022,04:00-06:00,1.13,1.93
500105022,06:00-08:00,3.4,5.73
500105022,08:00-10:00,7.59,7.49
500105022,10:00-12:00,7.34,5.0
500105022,12:00-14:00,5.13,6.93
500105022,14:00-16:00,6.38,6.37
500105022,16:00-18:00,9.9,8.36
500105022,18:00-20:00,8.41,6.82
500105022,20:00-22:00,7.96,6.3
500105022,22:00-24:00,2.53,3.28
500105023,00:00-02:00,0.72,0.73
500105023,02:00-04:00,0.08,0.27
500105023,04:00-06:00,0.17,1.32
500105023,06:00-08:00,5.43,12.9
500105023,08:00-10:00,12.55,11.35
500105023,10:00-12:00,4.89,6.77
500105023,12:00-14:00,7.45,7.36
500105023,14:00-16:00,7.28,4.94
500105023,16:00-18:00,15.71,10.28
500105023,18:00-20:00,12.39,6.93
500105023,20:00-22:00,7.49,3.77
500105023,22:00-24:00,4.45,2.48
500105024,00:00-02:00,0.28,0.57
500105024,02:00-04:00,0.11,0.18
500105024,04:00-06:00,1.86,0.82
500105024,06:00-08:00,4.04,4.14
500105024,08:00-10:00,6.92,4.89
500105024,10:00-12:00,6.2,4.82
500105024,12:00-14:00,6.53,6.57
500105024,14:00-16:00,4.82,4.96
500105024,16:00-18:00,7.72,7.01
500105024,18:00-20:00,7.24,8.06
500105024,20:00-22:00,5.63,5.36
500105024,22:00-24:00,1.28,3.68
500105025,00:00-02:00,0.68,1.23
500105025,02:00-04:00,0.18,0.18
500105025,04:00-06:00,0.93,1.5
500105025,06:00-08:00,3.64,4.39
500105025,08:00-10:00,5.45,4.66
500105025,10:00-12:00,4.57,3.84
500105025,12:00-14:00,4.5,3.61
500105025,14:00-16:00,4.3,3.68
500105025,16:00-18:00,6.06,5.2
500105025,18:00-20:00,5.73,4.99
500105025,20:00-22:00,2.71,3.86
500105025,22:00-24:00,1.39,2.41
500105026,00:00-02:00,0.85,1.62
500105026,02:00-04:00,0.09,0.36
500105026,04:00-06:00,0.77,0.27
500105026,06:00-08:00,3.45,3.23
500105026,08:00-10:00,3.92,5.82
500105026,10:00-12:00,5.15,4.58
500105026,12:00-14:00,4.89,4.0
500105026,14:00-16:00,4.0,3.85
500105026,16:00-18:00,6.23,4.25
500105026,18:00-20:00,3.93,3.95
500105026,20:00-22:00,3.66,2.85
500105026,22:00-24:00,2.92,2.45
500105027,00:00-02:00,0.9,1.61
500105027,02:00-04:00,0.23,0.45
500105027,04:00-06:00,0.8,0.58
500105027,06:00-08:00,6.63,0.82
500105027,08:00-10:00,6.89,3.68
500105027,10:00-12:00,4.28,2.91
500105027,12:00-14:00,3.92,2.34
500105027,14:00-16:00,3.36,2.41
500105027,16:00-18:00,4.11,6.51
500105027,18:00-20:00,3.53,6.79
500105027,20:00-22:00,2.41,6.0
500105027,22:00-24:00,2.87,3.49
500105028,00:00-02:00,1.04,1.56
500105028,02:00-04:00,0.25,0.27
500105028,04:00-06:00,0.27,0.25
500105028,06:00-08:00,3.27,2.77
500105028,08:00-10:00,4.95,8.64
500105028,10:00-12:00,5.63,7.11
500105028,12:00-14:00,7.89,6.68
500105028,14:00-16:00,7.98,4.98
500105028,16:00-18:00,9.06,4.23
500105028,18:00-20:00,5.12,4.82
500105028,20:00-22:00,4.35,3.59
500105028,22:00-24:00,2.2,3.37
500105029,00:00-02:00,0.38,1.06
500105029,02:00-04:00,0.3,0.39
500105029,04:00-06:00,0.8,0.23
500105029,06:00-08:00,4.13,1.91
500105029,08:00-10:00,4.84,4.2
500105029,10:00-12:00,3.58,4.07
500105029,12:00-14:00,3.63,4.43
500105029,14:00-16:00,4.7,3.17
500105029,16:00-18:00,5.61,6.97
500105029,18:00-20:00,6.0,6.46
500105029,20:00-22:00,4.98,6.12
500105029,22:00-24:00,2.73,2.61
500105030,00:00-02:00,0.66,1.04
500105030,02:00-04:00,0.21,0.43
500105030,04:00-06:00,0.18,0.27
500105030,06:00-08:00,2.32,3.82
500105030,08:00-10:00,5.36,5.58
500105030,10:00-12:00,4.45,3.34
500105030,12:00-14:00,4.56,5.05
500105030,14:00-16:00,3.98,2.5
500105030,16:00-18:00,6.05,4.66
500105030,18:00-20:00,4.27,4.91
500105030,20:00-22:00,3.68,3.23
500105030,22:00-24:00,1.54,1.46
500105031,00:00-02:00,1.77,1.98
500105031,02:00-04:00,0.39,0.54
500105031,04:00-06:00,1.64,0.7
500105031,06:00-08:00,4.41,1.68
500105031,08:00-10:00,5.31,4.18
500105031,10:00-12:00,4.13,4.13
500105031,12:00-14:00,3.75,3.7
500105031,14:00-16:00,3.36,4.07
500105031,16:00-18:00,6.2,5.71
500105031,18:00-20:00,5.68,6.27
500105031,20:00-22:00,4.39,5.68
500105031,22:00-24:00,2.46,3.69
500105032,00:00-02:00,0.61,1.01
500105032,02:00-04:00,0.32,0.27
500105032,04:00-06:00,0.7,0.59
500105032,06:00-08:00,3.69,1.95
500105032,08:00-10:00,4.51,3.45
500105032,10:00-12:00,4.77,4.29
500105032,12:00-14:00,4.47,4.95
500105032,14:00-16:00,3.63,4.23
500105032,16:00-18:00,7.12,7.67
500105032,18:00-20:00,6.01,5.74
500105032,20:00-22:00,4.7,4.11
500105032,22:00-24:00,1.25,2.34
500105033,00:00-02:00,0.57,0.8
500105033,02:00-04:00,0.15,0.27
500105033,04:00-06:00,0.9,0.25
500105033,06:00-08:00,3.11,7.05
500105033,08:00-10:00,3.59,4.41
500105033,10:00-12:00,4.27,3.61
500105033,12:00-14:00,4.93,4.0
500105033,14:00-16:00,3.66,2.87
500105033,16:00-18:00,10.42,4.64
500105033,18:00-20:00,4.59,4.91
500105033,20:00-22:00,4.15,3.91
500105033,22:00-24:00,1.87,1.82
500105034,00:00-02:00,0.03,0.21
500105034,02:00-04:00,0.0,0.0
500105034,04:00-06:00,0.02,0.18
500105034,06:00-08:00,0.89,2.14
500105034,08:00-10:00,0.64,1.73
500105034,10:00-12:00,0.8,1.31
500105034,12:00-14:00,1.57,1.17
500105034,14:00-16:00,3.32,1.27
500105034,16:00-18:00,2.41,1.94
500105034,18:00-20:00,2.38,1.66
500105034,20:00-22:00,0.72,0.36
500105034,22:00-24:00,0.08,0.07
500105035,00:00-02:00,0.61,0.73
500105035,02:00-04:00,0.07,0.11
500105035,04:00-06:00,0.43,0.3
500105035,06:00-08:00,3.3,4.02
500105035,08:00-10:00,4.4,8.99
500105035,10:00-12:00,6.07,6.96
500105035,12:00-14:00,6.27,4.86
500105035,14:00-16:00,5.4,4.73
500105035,16:00-18:00,8.6,5.24
500105035,18:00-20:00,5.47,4.73
500105035,20:00-22:00,4.1,3.09
500105035,22:00-24:00,1.65,1.64
500105036,00:00-02:00,0.54,1.81
500105036,02:00-04:00,0.29,0.91
500105036,04:00-06:00,0.96,1.21
500105036,06:00-08:00,3.82,1.68
500105036,08:00-10:00,2.93,1.45
500105036,10:00-12:00,2.69,1.66
500105036,12:00-14:00,2.64,1.57
500105036,14:00-16:00,1.74,1.87
500105036,16:00-18:00,2.91,2.03
500105036,18:00-20:00,2.54,2.04
500105036,20:00-22:00,2.6,2.14
500105036,22:00-24:00,1.66,4.39
500105037,00:00-02:00,0.21,0.33
500105037,02:00-04:00,0.02,0.07
500105037,04:00-06:00,0.48,0.5
500105037,06:00-08:00,2.34,1.34
500105037,08:00-10:00,2.57,2.68
500105037,10:00-12:00,2.82,2.39
500105037,12:00-14:00,2.28,2.91
500105037,14:00-16:00,2.5,1.82
500105037,16:00-18:00,3.55,3.56
500105037,18:00-20:00,3.6,3.18
500105037,20:00-22:00,2.44,3.02
500105037,22:00-24:00,1.14,1.05
500105038,00:00-02:00,0.49,0.45
500105038,02:00-04:00,0.14,0.3
500105038,04:00-06:00,0.48,0.61
500105038,06:00-08:00,3.2,1.39
500105038,08:00-10:00,3.7,2.61
500105038,10:00-12:00,3.14,3.32
500105038,12:00-14:00,3.62,3.26
500105038,14:00-16:00,3.9,3.98
500105038,16:00-18:00,5.46,6.94
500105038,18:00-20:00,6.76,6.41
500105038,20:00-22:00,4.66,5.0
500105038,22:00-24:00,1.84,2.03
500105039,00:00-02:00,0.45,0.87
500105039,02:00-04:00,0.07,0.32
500105039,04:00-06:00,0.3,0.11
500105039,06:00-08:00,2.32,1.05
500105039,08:00-10:00,2.25,2.33
500105039,10:00-12:00,2.18,2.5
500105039,12:00-14:00,3.52,2.16
500105039,14:00-16:00,2.9,2.93
500105039,16:00-18:00,5.09,5.35
500105039,18:00-20:00,4.21,4.53
500105039,20:00-22:00,3.89,4.24
500105039,22:00-24:00,1.78,1.89
500105040,00:00-02:00,0.4,0.57
500105040,02:00-04:00,0.07,0.09
500105040,04:00-06:00,0.36,0.2
500105040,06:00-08:00,3.32,3.18
500105040,08:00-10:00,2.83,2.62
500105040,10:00-12:00,2.25,2.08
500105040,12:00-14:00,2.03,1.73
500105040,14:00-16:00,1.48,1.64
500105040,16:00-18:00,5.26,3.02
500105040,18:00-20:00,2.06,2.64
500105040,20:00-22:00,2.15,3.19
500105040,22:00-24:00,1.12,0.98
500105041,00:00-02:00,0.49,0.87
500105041,02:00-04:00,0.14,0.06
500105041,04:00-06:00,0.45,0.08
500105041,06:00-08:00,2.89,2.15
500105041,08:00-10:00,3.35,2.99
500105041,10:00-12:00,3.04,3.13
500105041,12:00-14:00,2.87,2.44
500105041,14:00-16:00,2.42,2.97
500105041,16:00-18:00,4.85,3.65
500105041,18:00-20:00,3.12,4.07
500105041,20:00-22:00,2.7,4.1
500105041,22:00-24:00,2.55,3.35
500105042,00:00-02:00,0.07,0.16
500105042,02:00-04:00,0.02,0.02
500105042,04:00-06:00,0.41,0.14
500105042,06:00-08:00,1.41,0.84
500105042,08:00-10:00,1.12,0.57
500105042,10:00-12:00,0.88,0.93
500105042,12:00-14:00,0.51,0.7
500105042,14:00-16:00,0.74,0.52
500105042,16:00-18:00,1.33,1.78
500105042,18:00-20:00,0.75,1.29
500105042,20:00-22:00,0.93,0.75
500105042,22:00-24:00,0.3,0.43
500105043,00:00-02:00,1.3,1.35
500105043,02:00-04:00,0.43,0.33
500105043,04:00-06:00,0.5,0.4
500105043,06:00-08:00,2.38,1.59
500105043,08:00-10:00,2.92,3.3
500105043,10:00-12:00,3.24,3.1
500105043,12:00-14:00,3.27,3.24
500105043,14:00-16:00,2.63,1.89
500105043,16:00-18:00,3.62,4.22
500105043,18:00-20:00,4.39,3.97
500105043,20:00-22:00,3.77,4.44
500105043,22:00-24:00,2.87,2.93
500105044,00:00-02:00,0.02,0.21
500105044,02:00-04:00,0.0,0.07
500105044,04:00-06:00,0.09,0.07
500105044,06:00-08:00,1.09,0.45
500105044,08:00-10:00,1.39,1.18
500105044,10:00-12:00,1.02,0.82
500105044,12:00-14:00,0.84,0.75
500105044,14:00-16:00,0.6,0.77
500105044,16:00-18:00,1.78,1.6
500105044,18:00-20:00,1.46,1.18
500105044,20:00-22:00,0.57,0.89
500105044,22:00-24:00,0.16,0.52
500105045,00:00-02:00,0.05,0.26
500105045,02:00-04:00,0.02,0.09
500105045,04:00-06:00,0.11,0.07
500105045,06:00-08:00,0.82,1.05
500105045,08:00-10:00,1.73,0.52
500105045,10:00-12:00,1.59,0.91
500105045,12:00-14:00,1.09,1.16
500105045,14:00-16:00,1.14,1.09
500105045,16:00-18:00,2.17,1.42
500105045,18:00-20:00,1.05,1.34
500105045,20:00-22:00,1.17,1.39
500105045,22:00-24:00,0.23,0.82
500105046,00:00-02:00,1.32,1.8
500105046,02:00-04:00,0.25,0.59
500105046,04:00-06:00,0.59,0.76
500105046,06:00-08:00,3.51,1.8
500105046,08:00-10:00,3.22,2.47
500105046,10:00-12:00,4.04,2.61
500105046,12:00-14:00,3.21,2.39
500105046,14:00-16:00,2.71,2.93
500105046,16:00-18:00,3.84,2.86
500105046,18:00-20:00,3.59,3.38
500105046,20:00-22:00,2.39,3.02
500105046,22:00-24:00,2.19,2.75
500105047,00:00-02:00,2.17,1.6
500105047,02:00-04:00,0.27,0.65
500105047,04:00-06:00,1.39,0.36
500105047,06:00-08:00,7.6,5.8
500105047,08:00-10:00,10.35,8.34
500105047,10:00-12:00,7.13,6.54
500105047,12:00-14:00,7.43,6.32
500105047,14:00-16:00,6.18,5.57
500105047,16:00-18:00,10.16,10.14
500105047,18:00-20:00,10.2,11.01
500105047,20:00-22:00,7.57,9.43
500105047,22:00-24:00,4.78,5.75
500105048,00:00-02:00,1.27,0.54
500105048,02:00-04:00,0.27,0.61
500105048,04:00-06:00,0.22,1.66
500105048,06:00-08:00,3.05,6.85
500105048,08:00-10:00,8.66,7.8
500105048,10:00-12:00,5.61,7.36
500105048,12:00-14:00,5.07,5.42
500105048,14:00-16:00,5.86,5.39
500105048,16:00-18:00,9.98,8.23
500105048,18:00-20:00,8.29,6.42
500105048,20:00-22:00,5.17,3.11
500105048,22:00-24:00,3.09,1.75
500105049,00:00-02:00,0.26,0.35
500105049,02:00-04:00,0.16,0.39
500105049,04:00-06:00,0.59,0.16
500105049,06:00-08:00,3.23,0.61
500105049,08:00-10:00,2.6,2.2
500105049,10:00-12:00,2.72,2.39
500105049,12:00-14:00,1.89,1.48
500105049,14:00-16:00,1.32,2.07
500105049,16:00-18:00,2.97,4.04
500105049,18:00-20:00,2.14,3.57
500105049,20:00-22:00,3.07,2.65
500105049,22:00-24:00,0.8,1.75
500105050,00:00-02:00,0.96,0.45
500105050,02:00-04:00,0.22,0.11
500105050,04:00-06:00,0.5,0.32
500105050,06:00-08:00,2.05,2.87
500105050,08:00-10:00,4.02,5.67
500105050,10:00-12:00,3.17,3.09
500105050,12:00-14:00,2.14,3.34
500105050,14:00-16:00,2.48,2.52
500105050,16:00-18:00,5.92,4.35
500105050,18:00-20:00,5.65,4.16
500105050,20:00-22:00,3.49,3.14
500105050,22:00-24:00,2.65,2.0
500105051,00:00-02:00,0.08,0.26
500105051,02:00-04:00,0.0,0.09
500105051,04:00-06:00,0.0,0.45
500105051,06:00-08:00,0.77,0.89
500105051,08:00-10:00,1.22,1.3
500105051,10:00-12:00,1.21,0.82
500105051,12:00-14:00,0.32,1.11
500105051,14:00-16:00,1.31,1.13
500105051,16:00-18:00,1.38,0.55
500105051,18:00-20:00,0.79,0.66
500105051,20:00-22:00,1.03,0.43
500105051,22:00-24:00,0.26,0.18
500105053,00:00-02:00,0.4,0.45
500105053,02:00-04:00,0.48,0.05
500105053,04:00-06:00,0.25,0.02
500105053,06:00-08:00,4.64,1.05
500105053,08:00-10:00,4.41,3.0
500105053,10:00-12:00,3.87,2.84
500105053,12:00-14:00,3.22,3.39
500105053,14:00-16:00,2.75,2.32
500105053,16:00-18:00,3.73,4.13
500105053,18:00-20:00,2.79,5.19
500105053,20:00-22:00,1.48,4.35
500105053,22:00-24:00,1.57,1.25
500105054,00:00-02:00,0.12,0.21
500105054,02:00-04:00,0.0,0.02
500105054,04:00-06:00,0.18,0.02
500105054,06:00-08:00,1.48,0.73
500105054,08:00-10:00,2.24,1.23
500105054,10:00-12:00,1.21,1.41
500105054,12:00-14:00,0.91,0.93
500105054,14:00-16:00,0.95,0.77
500105054,16:00-18:00,3.42,1.99
500105054,18:00-20:00,0.72,1.14
500105054,20:00-22:00,0.68,1.06
500105054,22:00-24:00,0.41,0.76
500105055,00:00-02:00,0.45,1.01
500105055,02:00-04:00,0.8,0.36
500105055,04:00-06:00,2.39,0.5
500105055,06:00-08:00,7.3,2.8
500105055,08:00-10:00,7.27,7.0
500105055,10:00-12:00,7.77,7.57
500105055,12:00-14:00,6.52,6.82
500105055,14:00-16:00,6.16,7.11
500105055,16:00-18:00,10.25,11.21
500105055,18:00-20:00,8.58,10.49
500105055,20:00-22:00,7.83,7.07
500105055,22:00-24:00,2.59,4.81
500105056,00:00-02:00,0.49,0.75
500105056,02:00-04:00,0.14,0.24
500105056,04:00-06:00,0.45,0.19
500105056,06:00-08:00,2.22,3.52
500105056,08:00-10:00,3.67,2.97
500105056,10:00-12:00,2.56,2.3
500105056,12:00-14:00,2.43,2.52
500105056,14:00-16:00,2.31,2.18
500105056,16:00-18:00,4.54,2.59
500105056,18:00-20:00,3.86,4.42
500105056,20:00-22:00,2.37,2.53
500105056,22:00-24:00,1.77,1.74
500105057,00:00-02:00,0.42,0.26
500105057,02:00-04:00,0.11,0.09
500105057,04:00-06:00,0.62,0.18
500105057,06:00-08:00,1.09,1.0
500105057,08:00-10:00,1.36,2.06
500105057,10:00-12:00,1.45,1.03
500105057,12:00-14:00,1.46,1.83
500105057,14:00-16:00,1.3,1.18
500105057,16:00-18:00,2.42,1.26
500105057,18:00-20:00,2.1,2.47
500105057,20:00-22:00,2.02,2.04
500105057,22:00-24:00,1.06,1.18
500105058,00:00-02:00,0.02,0.09
500105058,02:00-04:00,0.07,0.16
500105058,04:00-06:00,0.07,0.0
500105058,06:00-08:00,0.4,0.34
500105058,08:00-10:00,0.7,0.18
500105058,10:00-12:00,0.57,0.61
500105058,12:00-14:00,0.41,0.73
500105058,14:00-16:00,0.3,0.32
500105058,16:00-18:00,0.66,0.73
500105058,18:00-20:00,0.83,0.75
500105058,20:00-22:00,0.53,0.48
500105058,22:00-24:00,0.09,0.16
500105059,00:00-02:00,1.18,1.25
500105059,02:00-04:00,0.41,0.66
500105059,04:00-06:00,0.5,0.52
500105059,06:00-08:00,2.95,1.2
500105059,08:00-10:00,3.7,3.09
500105059,10:00-12:00,2.87,3.04
500105059,12:00-14:00,3.17,3.07
500105059,14:00-16:00,2.77,2.46
500105059,16:00-18:00,4.92,4.61
500105059,18:00-20:00,4.47,4.38
500105059,20:00-22:00,3.61,4.14
500105059,22:00-24:00,2.48,2.76
500105060,00:00-02:00,0.21,0.28
500105060,02:00-04:00,0.02,0.07
500105060,04:00-06:00,0.25,0.6
500105060,06:00-08:00,2.73,3.01
500105060,08:00-10:00,3.77,2.15
500105060,10:00-12:00,2.33,2.02
500105060,12:00-14:00,2.59,2.02
500105060,14:00-16:00,1.55,2.21
500105060,16:00-18:00,4.64,3.97
500105060,18:00-20:00,2.76,3.52
500105060,20:00-22:00,2.61,2.48
500105060,22:00-24:00,0.93,1.07
500105061,00:00-02:00,1.44,3.39
500105061,02:00-04:00,2.43,1.37
500105061,04:00-06:00,2.14,1.56
500105061,06:00-08:00,5.2,3.57
500105061,08:00-10:00,10.32,10.1
500105061,10:00-12:00,13.37,8.06
500105061,12:00-14:00,12.43,12.47
500105061,14:00-16:00,8.96,8.12
500105061,16:00-18:00,13.5,9.57
500105061,18:00-20:00,10.79,11.7
500105061,20:00-22:00,6.05,10.07
500105061,22:00-24:00,4.14,6.73
500105063,00:00-02:00,0.38,0.55
500105063,02:00-04:00,0.07,0.09
500105063,04:00-06:00,0.27,0.14
500105063,06:00-08:00,2.33,1.97
500105063,08:00-10:00,3.66,3.35
500105063,10:00-12:00,1.72,2.49
500105063,12:00-14:00,3.11,2.83
500105063,14:00-16:00,2.39,2.62
500105063,16:00-18:00,5.21,4.17
500105063,18:00-20:00,3.12,3.62
500105063,20:00-22:00,2.49,2.69
500105063,22:00-24:00,1.43,1.15
500105064,00:00-02:00,0.16,0.34
500105064,02:00-04:00,0.11,0.12
500105064,04:00-06:00,0.25,0.0
500105064,06:00-08:00,2.0,0.11
500105064,08:00-10:00,2.35,1.14
500105064,10:00-12:00,1.53,0.95
500105064,12:00-14:00,1.08,1.09
500105064,14:00-16:00,0.97,0.91
500105064,16:00-18:00,0.84,1.19
500105064,18:00-20:00,0.55,1.66
500105064,20:00-22:00,0.7,1.79
500105064,22:00-24:00,0.16,0.45
500105066,00:00-02:00,2.56,4.12
500105066,02:00-04:00,1.61,1.2
500105066,04:00-06:00,1.12,0.69
500105066,06:00-08:00,2.35,2.9
500105066,08:00-10:00,5.86,4.16
500105066,10:00-12:00,6.84,4.52
500105066,12:00-14:00,7.91,6.77
500105066,14:00-16:00,6.17,5.19
500105066,16:00-18:00,9.77,8.59
500105066,18:00-20:00,9.36,10.02
500105066,20:00-22:00,7.33,6.31
500105066,22:00-24:00,5.26,5.57
500105067,00:00-02:00,0.47,1.84
500105067,02:00-04:00,0.23,0.55
500105067,04:00-06:00,1.09,1.0
500105067,06:00-08:00,7.75,3.56
500105067,08:00-10:00,10.05,7.61
500105067,10:00-12:00,9.92,7.59
500105067,12:00-14:00,9.4,8.88
500105067,14:00-16:00,7.34,8.73
500105067,16:00-18:00,11.03,14.59
500105067,18:00-20:00,11.51,12.23
500105067,20:00-22:00,7.75,8.46
500105067,22:00-24:00,3.55,4.46
500105068,00:00-02:00,0.78,1.4
500105068,02:00-04:00,0.43,0.46
500105068,04:00-06:00,1.37,0.33
500105068,06:00-08:00,8.2,9.66
500105068,08:00-10:00,5.95,5.64
500105068,10:00-12:00,5.31,5.15
500105068,12:00-14:00,5.43,5.04
500105068,14:00-16:00,4.58,3.9
500105068,16:00-18:00,11.79,7.11
500105068,18:00-20:00,7.51,7.16
500105068,20:00-22:00,4.83,5.49
500105068,22:00-24:00,2.79,2.44
500105069,00:00-02:00,0.75,0.88
500105069,02:00-04:00,0.25,0.23
500105069,04:00-06:00,0.7,0.25
500105069,06:00-08:00,7.94,3.48
500105069,08:00-10:00,9.09,11.89
500105069,10:00-12:00,7.81,6.0
500105069,12:00-14:00,9.57,8.16
500105069,14:00-16:00,5.65,5.53
500105069,16:00-18:00,11.42,8.11
500105069,18:00-20:00,8.14,10.29
500105069,20:00-22:00,4.94,7.34
500105069,22:00-24:00,2.37,4.74
500105070,00:00-02:00,3.94,8.4
500105070,02:00-04:00,4.13,2.5
500105070,04:00-06:00,5.62,1.57
500105070,06:00-08:00,13.25,1.69
500105070,08:00-10:00,19.77,9.86
500105070,10:00-12:00,16.28,8.59
500105070,12:00-14:00,18.02,15.18
500105070,14:00-16:00,13.89,12.6
500105070,16:00-18:00,17.45,13.5
500105070,18:00-20:00,16.28,20.29
500105070,20:00-22:00,7.98,23.35
500105070,22:00-24:00,8.35,19.19
500105071,00:00-02:00,3.12,3.68
500105071,02:00-04:00,0.36,0.48
500105071,04:00-06:00,0.6,1.16
500105071,06:00-08:00,6.8,8.8
500105071,08:00-10:00,10.23,13.0
500105071,10:00-12:00,12.39,11.84
500105071,12:00-14:00,11.14,11.68
500105071,14:00-16:00,10.18,10.74
500105071,16:00-18:00,17.7,12.77
500105071,18:00-20:00,15.87,14.22
500105071,20:00-22:00,14.48,8.72
500105071,22:00-24:00,8.2,4.46
500105072,00:00-02:00,0.24,0.94
500105072,02:00-04:00,0.02,0.09
500105072,04:00-06:00,0.14,0.18
500105072,06:00-08:00,0.77,1.64
500105072,08:00-10:00,2.27,2.42
500105072,10:00-12:00,2.48,2.01
500105072,12:00-14:00,2.35,3.14
500105072,14:00-16:00,2.16,1.83
500105072,16:00-18:00,4.2,3.33
500105072,18:00-20:00,2.64,2.29
500105072,20:00-22:00,2.64,1.57
500105072,22:00-24:00,0.71,0.89
500105073,00:00-02:00,1.13,0.59
500105073,02:00-04:00,0.11,0.3
500105073,04:00-06:00,0.59,0.09
500105073,06:00-08:00,5.54,0.8
500105073,08:00-10:00,4.47,3.34
500105073,10:00-12:00,3.65,3.02
500105073,12:00-14:00,4.15,2.84
500105073,14:00-16:00,2.89,2.8
500105073,16:00-18:00,3.6,4.66
500105073,18:00-20:00,3.26,5.02
500105073,20:00-22:00,1.89,4.98
500105073,22:00-24:00,1.18,1.88
500105074,00:00-02:00,0.68,1.14
500105074,02:00-04:00,0.75,0.25
500105074,04:00-06:00,1.16,0.3
500105074,06:00-08:00,3.89,4.74
500105074,08:00-10:00,5.72,4.18
500105074,10:00-12:00,3.4,3.8
500105074,12:00-14:00,4.5,3.89
500105074,14:00-16:00,3.14,3.37
500105074,16:00-18:00,6.07,6.06
500105074,18:00-20:00,5.86,8.21
500105074,20:00-22:00,5.11,4.85
500105074,22:00-24:00,2.82,2.98
500105075,00:00-02:00,0.24,0.73
500105075,02:00-04:00,0.11,0.25
500105075,04:00-06:00,0.64,0.27
500105075,06:00-08:00,2.33,2.11
500105075,08:00-10:00,2.57,3.57
500105075,10:00-12:00,2.91,3.15
500105075,12:00-14:00,3.63,2.73
500105075,14:00-16:00,2.93,2.64
500105075,16:00-18:00,5.22,3.79
500105075,18:00-20:00,3.85,3.79
500105075,20:00-22:00,2.7,2.68
500105075,22:00-24:00,1.49,1.76
500105076,00:00-02:00,0.66,0.75
500105076,02:00-04:00,0.11,0.23
500105076,04:00-06:00,0.14,0.11
500105076,06:00-08:00,2.65,1.14
500105076,08:00-10:00,1.72,2.16
500105076,10:00-12:00,2.03,1.82
500105076,12:00-14:00,1.9,1.43
500105076,14:00-16:00,1.24,1.46
500105076,16:00-18:00,2.16,2.98
500105076,18:00-20:00,2.71,2.7
500105076,20:00-22:00,2.66,2.56
500105076,22:00-24:00,0.8,1.53
500105077,00:00-02:00,0.4,0.95
500105077,02:00-04:00,0.0,0.25
500105077,04:00-06:00,0.68,0.05
500105077,06:00-08:00,3.79,1.85
500105077,08:00-10:00,3.75,3.62
500105077,10:00-12:00,2.79,2.36
500105077,12:00-14:00,3.05,3.18
500105077,14:00-16:00,2.61,2.12
500105077,16:00-18:00,4.55,3.91
500105077,18:00-20:00,3.12,4.09
500105077,20:00-22:00,2.02,4.62
500105077,22:00-24:00,3.71,2.65
500105079,00:00-02:00,0.61,1.06
500105079,02:00-04:00,0.14,0.1
500105079,04:00-06:00,0.84,0.33
500105079,06:00-08:00,3.49,1.88
500105079,08:00-10:00,4.5,4.85
500105079,10:00-12:00,3.89,4.25
500105079,12:00-14:00,4.23,3.31
500105079,14:00-16:00,2.73,2.64
500105079,16:00-18:00,5.04,6.14
500105079,18:00-20:00,5.68,5.97
500105079,20:00-22:00,3.97,3.93
500105079,22:00-24:00,1.62,2.83
500105080,00:00-02:00,0.52,0.57
500105080,02:00-04:00,0.05,2.61
500105080,04:00-06:00,1.11,0.95
500105080,06:00-08:00,2.64,0.55
500105080,08:00-10:00,3.27,0.93
500105080,10:00-12:00,2.33,1.36
500105080,12:00-14:00,1.7,1.48
500105080,14:00-16:00,2.38,2.16
500105080,16:00-18:00,2.64,2.83
500105080,18:00-20:00,1.93,1.75
500105080,20:00-22:00,1.46,1.18
500105080,22:00-24:00,0.42,1.57
500105081,00:00-02:00,0.26,0.67
500105081,02:00-04:00,0.41,0.14
500105081,04:00-06:00,0.89,0.59
500105081,06:00-08:00,5.62,2.7
500105081,08:00-10:00,6.28,5.48
500105081,10:00-12:00,4.58,3.16
500105081,12:00-14:00,4.44,3.02
500105081,14:00-16:00,3.66,2.76
500105081,16:00-18:00,4.14,6.73
500105081,18:00-20:00,6.04,7.26
500105081,20:00-22:00,3.91,5.75
500105081,22:00-24:00,2.53,2.93
500105082,00:00-02:00,0.94,1.93
500105082,02:00-04:00,0.2,0.14
500105082,04:00-06:00,1.0,0.2
500105082,06:00-08:00,3.73,2.52
500105082,08:00-10:00,4.0,3.79
500105082,10:00-12:00,3.36,4.12
500105082,12:00-14:00,4.31,3.13
500105082,14:00-16:00,2.52,2.98
500105082,16:00-18:00,5.58,6.4
500105082,18:00-20:00,5.25,5.63
500105082,20:00-22:00,4.57,4.99
500105082,22:00-24:00,2.57,2.9
500105083,00:00-02:00,0.12,0.41
500105083,02:00-04:00,0.07,0.05
500105083,04:00-06:00,0.66,0.07
500105083,06:00-08:00,2.71,2.09
500105083,08:00-10:00,2.82,2.62
500105083,10:00-12:00,2.4,2.45
500105083,12:00-14:00,2.28,1.87
500105083,14:00-16:00,1.86,1.78
500105083,16:00-18:00,2.41,3.61
500105083,18:00-20:00,4.01,3.48
500105083,20:00-22:00,2.07,3.03
500105083,22:00-24:00,1.39,1.91
500105084,00:00-02:00,0.31,0.8
500105084,02:00-04:00,0.02,0.07
500105084,04:00-06:00,0.52,0.34
500105084,06:00-08:00,2.75,1.73
500105084,08:00-10:00,2.8,1.8
500105084,10:00-12:00,2.7,1.61
500105084,12:00-14:00,2.22,1.93
500105084,14:00-16:00,1.82,1.48
500105084,16:00-18:00,2.88,3.06
500105084,18:00-20:00,2.18,3.27
500105084,20:00-22:00,2.0,3.14
500105084,22:00-24:00,0.91,1.89
500105085,00:00-02:00,0.16,0.64
500105085,02:00-04:00,0.23,0.07
500105085,04:00-06:00,0.11,0.27
500105085,06:00-08:00,2.75,2.1
500105085,08:00-10:00,4.5,4.51
500105085,10:00-12:00,4.21,4.34
500105085,12:00-14:00,3.08,2.45
500105085,14:00-16:00,2.55,1.78
500105085,16:00-18:00,3.88,4.75
500105085,18:00-20:00,4.24,4.25
500105085,20:00-22:00,2.55,3.03
500105085,22:00-24:00,0.89,0.95
500105086,00:00-02:00,0.49,0.45
500105086,02:00-04:00,0.16,0.27
500105086,04:00-06:00,0.66,0.52
500105086,06:00-08:00,5.24,2.34
500105086,08:00-10:00,5.26,5.41
500105086,10:00-12:00,4.84,3.16
500105086,12:00-14:00,3.99,3.61
500105086,14:00-16:00,3.6,3.02
500105086,16:00-18:00,5.51,6.94
500105086,18:00-20:00,6.67,6.47
500105086,20:00-22:00,3.49,3.68
500105086,22:00-24:00,1.9,2.64
500105087,00:00-02:00,1.18,0.87
500105087,02:00-04:00,0.53,0.41
500105087,04:00-06:00,0.66,0.84
500105087,06:00-08:00,2.32,3.6
500105087,08:00-10:00,5.7,6.46
500105087,10:00-12:00,3.61,5.84
500105087,12:00-14:00,6.5,6.1
500105087,14:00-16:00,5.48,4.6
500105087,16:00-18:00,7.36,7.31
500105087,18:00-20:00,7.97,6.92
500105087,20:00-22:00,7.09,5.41
500105087,22:00-24:00,1.93,2.78
500105089,00:00-02:00,0.68,0.97
500105089,02:00-04:00,0.57,0.2
500105089,04:00-06:00,1.64,0.14
500105089,06:00-08:00,5.82,1.84
500105089,08:00-10:00,6.24,4.2
500105089,10:00-12:00,4.6,3.52
500105089,12:00-14:00,4.36,3.63
500105089,14:00-16:00,3.24,3.02
500105089,16:00-18:00,5.16,5.21
500105089,18:00-20:00,4.53,7.79
500105089,20:00-22:00,4.04,6.3
500105089,22:00-24:00,2.09,3.97
500105090,00:00-02:00,0.44,0.19
500105090,02:00-04:00,0.0,0.0
500105090,04:00-06:00,0.12,0.27
500105090,06:00-08:00,1.68,4.71
500105090,08:00-10:00,2.32,3.87
500105090,10:00-12:00,2.79,2.48
500105090,12:00-14:00,3.25,2.82
500105090,14:00-16:00,3.34,2.39
500105090,16:00-18:00,7.06,3.79
500105090,18:00-20:00,3.55,2.57
500105090,20:00-22:00,2.36,2.91
500105090,22:00-24:00,0.98,0.68
500105091,00:00-02:00,0.45,0.6
500105091,02:00-04:00,0.18,0.55
500105091,04:00-06:00,1.21,0.32
500105091,06:00-08:00,4.52,4.21
500105091,08:00-10:00,4.63,3.84
500105091,10:00-12:00,4.71,3.64
500105091,12:00-14:00,4.22,3.03
500105091,14:00-16:00,3.23,2.91
500105091,16:00-18:00,6.47,6.9
500105091,18:00-20:00,6.66,6.6
500105091,20:00-22:00,3.81,4.83
500105091,22:00-24:00,2.48,2.27
500105092,00:00-02:00,0.57,0.56
500105092,02:00-04:00,0.12,0.91
500105092,04:00-06:00,0.9,0.63
500105092,06:00-08:00,2.37,1.43
500105092,08:00-10:00,2.53,2.52
500105092,10:00-12:00,2.45,2.08
500105092,12:00-14:00,2.27,2.79
500105092,14:00-16:00,2.02,1.86
500105092,16:00-18:00,2.76,2.79
500105092,18:00-20:00,2.36,3.41
500105092,20:00-22:00,2.71,2.41
500105092,22:00-24:00,1.9,2.25
500105093,00:00-02:00,0.05,0.07
500105093,02:00-04:00,0.02,0.02
500105093,04:00-06:00,0.02,0.07
500105093,06:00-08:00,0.64,0.68
500105093,08:00-10:00,0.97,1.03
500105093,10:00-12:00,0.95,1.05
500105093,12:00-14:00,0.54,0.68
500105093,14:00-16:00,0.75,0.43
500105093,16:00-18:00,1.26,1.3
500105093,18:00-20:00,1.58,0.6
500105093,20:00-22:00,1.01,1.11
500105093,22:00-24:00,0.66,0.34
500105094,00:00-02:00,0.21,0.4
500105094,02:00-04:00,0.27,0.09
500105094,04:00-06:00,0.25,0.09
500105094,06:00-08:00,1.55,3.16
500105094,08:00-10:00,5.06,3.09
500105094,10:00-12:00,2.97,3.1
500105094,12:00-14:00,3.06,2.15
500105094,14:00-16:00,2.68,2.39
500105094,16:00-18:00,4.63,4.77
500105094,18:00-20:00,3.18,4.02
500105094,20:00-22:00,2.97,2.32
500105094,22:00-24:00,1.42,1.68
500105095,00:00-02:00,0.59,0.62
500105095,02:00-04:00,0.07,0.18
500105095,04:00-06:00,0.36,0.23
500105095,06:00-08:00,4.63,4.18
500105095,08:00-10:00,6.98,5.63
500105095,10:00-12:00,5.05,3.19
500105095,12:00-14:00,3.78,3.65
500105095,14:00-16:00,3.48,3.83
500105095,16:00-18:00,5.57,5.27
500105095,18:00-20:00,5.64,6.18
500105095,20:00-22:00,3.85,4.98
500105095,22:00-24:00,2.19,2.63
500105096,00:00-02:00,0.75,0.47
500105096,02:00-04:00,0.23,0.25
500105096,04:00-06:00,0.2,0.18
500105096,06:00-08:00,2.65,2.55
500105096,08:00-10:00,2.91,3.43
500105096,10:00-12:00,3.57,5.01
500105096,12:00-14:00,4.61,4.09
500105096,14:00-16:00,3.37,2.94
500105096,16:00-18:00,5.07,5.85
500105096,18:00-20:00,6.06,5.88
500105096,20:00-22:00,4.29,3.54
500105096,22:00-24:00,1.92,2.07
500105097,00:00-02:00,0.24,0.4
500105097,02:00-04:00,0.05,0.11
500105097,04:00-06:00,0.23,0.11
500105097,06:00-08:00,1.95,2.02
500105097,08:00-10:00,3.3,1.91
500105097,10:00-12:00,1.9,1.89
500105097,12:00-14:00,2.79,3.0
500105097,14:00-16:00,2.35,1.71
500105097,16:00-18:00,3.59,2.97
500105097,18:00-20:00,3.02,4.23
500105097,20:00-22:00,3.59,3.25
500105097,22:00-24:00,1.33,1.16
500105098,00:00-02:00,0.71,0.89
500105098,02:00-04:00,0.09,0.32
500105098,04:00-06:00,0.73,0.2
500105098,06:00-08:00,3.52,1.02
500105098,08:00-10:00,3.77,3.68
500105098,10:00-12:00,3.68,3.66
500105098,12:00-14:00,5.1,4.54
500105098,14:00-16:00,3.48,4.12
500105098,16:00-18:00,5.07,6.57
500105098,18:00-20:00,7.0,6.7
500105098,20:00-22:00,5.04,6.21
500105098,22:00-24:00,2.31,2.0
500105100,00:00-02:00,0.09,0.07
500105100,02:00-04:00,0.05,0.07
500105100,04:00-06:00,0.02,0.07
500105100,06:00-08:00,0.11,0.57
500105100,08:00-10:00,0.3,1.57
500105100,10:00-12:00,0.5,1.27
500105100,12:00-14:00,1.45,2.37
500105100,14:00-16:00,1.5,1.16
500105100,16:00-18:00,3.01,1.3
500105100,18:00-20:00,1.52,0.73
500105100,20:00-22:00,1.66,0.34
500105100,22:00-24:00,0.2,0.43
500105101,00:00-02:00,1.03,0.47
500105101,02:00-04:00,0.03,0.07
500105101,04:00-06:00,0.08,0.2
500105101,06:00-08:00,1.08,2.7
500105101,08:00-10:00,1.76,3.09
500105101,10:00-12:00,1.91,2.34
500105101,12:00-14:00,1.63,1.68
500105101,14:00-16:00,1.76,1.46
500105101,16:00-18:00,4.0,1.78
500105101,18:00-20:00,3.23,3.0
500105101,20:00-22:00,2.7,1.57
500105101,22:00-24:00,1.53,0.59
500105102,00:00-02:00,0.54,0.93
500105102,02:00-04:00,0.05,0.19
500105102,04:00-06:00,0.7,0.39
500105102,06:00-08:00,2.06,0.7
500105102,08:00-10:00,3.01,2.29
500105102,10:00-12:00,2.51,2.32
500105102,12:00-14:00,2.24,2.09
500105102,14:00-16:00,1.94,1.66
500105102,16:00-18:00,2.6,2.97
500105102,18:00-20:00,1.93,2.86
500105102,20:00-22:00,1.48,2.02
500105102,22:00-24:00,1.8,2.02
500105103,00:00-02:00,0.05,0.52
500105103,02:00-04:00,0.18,0.59
500105103,04:00-06:00,0.18,0.27
500105103,06:00-08:00,1.64,0.64
500105103,08:00-10:00,1.63,0.57
500105103,10:00-12:00,1.35,1.0
500105103,12:00-14:00,1.0,0.98
500105103,14:00-16:00,1.12,1.16
500105103,16:00-18:00,2.06,1.99
500105103,18:00-20:00,1.43,1.61
500105103,20:00-22:00,1.15,1.18
500105103,22:00-24:00,0.75,1.21
500105104,00:00-02:00,0.07,0.38
500105104,02:00-04:00,0.16,0.32
500105104,04:00-06:00,0.09,0.02
500105104,06:00-08:00,2.12,0.48
500105104,08:00-10:00,1.83,2.07
500105104,10:00-12:00,1.65,1.07
500105104,12:00-14:00,1.3,0.57
500105104,14:00-16:00,1.1,2.0
500105104,16:00-18:00,1.38,1.51
500105104,18:00-20:00,1.08,1.43
500105104,20:00-22:00,0.65,0.48
500105104,22:00-24:00,0.49,0.18
500105106,00:00-02:00,0.92,1.54
500105106,02:00-04:00,0.52,0.14
500105106,04:00-06:00,0.43,0.25
500105106,06:00-08:00,3.14,1.18
500105106,08:00-10:00,3.77,2.52
500105106,10:00-12:00,2.3,2.86
500105106,12:00-14:00,3.01,3.28
500105106,14:00-16:00,3.02,2.29
500105106,16:00-18:00,3.3,4.54
500105106,18:00-20:00,4.04,3.77
500105106,20:00-22:00,2.67,3.84
500105106,22:00-24:00,1.5,1.96
500105107,00:00-02:00,0.22,0.49
500105107,02:00-04:00,0.1,1.91
500105107,04:00-06:00,0.05,0.59
500105107,06:00-08:00,2.34,0.0
500105107,08:00-10:00,1.92,0.2
500105107,10:00-12:00,1.47,0.16
500105107,12:00-14:00,1.51,0.32
500105107,14:00-16:00,1.34,1.25
500105107,16:00-18:00,1.33,1.05
500105107,18:00-20:00,0.73,1.02
500105107,20:00-22:00,0.57,1.25
500105107,22:00-24:00,0.34,2.8
500105108,00:00-02:00,0.32,0.73
500105108,02:00-04:00,0.32,0.02
500105108,04:00-06:00,0.09,0.39
500105108,06:00-08:00,1.76,0.84
500105108,08:00-10:00,1.37,1.73
500105108,10:00-12:00,1.15,1.23
500105108,12:00-14:00,1.84,1.52
500105108,14:00-16:00,1.74,1.84
500105108,16:00-18:00,2.96,3.16
500105108,18:00-20:00,2.83,2.82
500105108,20:00-22:00,2.17,1.53
500105108,22:00-24:00,1.25,0.86
500105109,00:00-02:00,1.99,1.7
500105109,02:00-04:00,0.3,0.5
500105109,04:00-06:00,0.93,1.11
500105109,06:00-08:00,7.52,5.57
500105109,08:00-10:00,8.94,8.73
500105109,10:00-12:00,7.95,7.91
500105109,12:00-14:00,8.01,7.41
500105109,14:00-16:00,8.53,8.55
500105109,16:00-18:00,14.7,14.57
500105109,18:00-20:00,15.45,16.22
500105109,20:00-22:00,13.55,12.84
500105109,22:00-24:00,7.07,6.58
500105110,00:00-02:00,0.87,0.59
500105110,02:00-04:00,0.07,0.14
500105110,04:00-06:00,0.27,0.18
500105110,06:00-08:00,1.86,1.39
500105110,08:00-10:00,2.07,1.75
500105110,10:00-12:00,2.13,2.54
500105110,12:00-14:00,2.83,2.14
500105110,14:00-16:00,2.25,1.61
500105110,16:00-18:00,3.84,3.27
500105110,18:00-20:00,2.1,3.73
500105110,20:00-22:00,2.61,2.09
500105110,22:00-24:00,0.59,1.64
500105111,00:00-02:00,0.35,0.32
500105111,02:00-04:00,0.23,0.05
500105111,04:00-06:00,1.25,0.37
500105111,06:00-08:00,3.75,1.5
500105111,08:00-10:00,5.62,2.52
500105111,10:00-12:00,3.69,2.68
500105111,12:00-14:00,3.2,2.77
500105111,14:00-16:00,3.02,3.3
500105111,16:00-18:00,4.68,4.82
500105111,18:00-20:00,2.19,5.95
500105111,20:00-22:00,1.8,4.35
500105111,22:00-24:00,2.41,2.72
500105112,00:00-02:00,0.16,0.24
500105112,02:00-04:00,0.05,0.14
500105112,04:00-06:00,0.73,0.11
500105112,06:00-08:00,1.4,0.39
500105112,08:00-10:00,1.09,1.07
500105112,10:00-12:00,1.28,0.8
500105112,12:00-14:00,1.41,1.09
500105112,14:00-16:00,0.85,0.89
500105112,16:00-18:00,1.38,2.17
500105112,18:00-20:00,1.87,2.07
500105112,20:00-22:00,1.25,1.75
500105112,22:00-24:00,0.48,0.68
500105113,00:00-02:00,0.47,0.53
500105113,02:00-04:00,0.05,0.21
500105113,04:00-06:00,0.5,0.21
500105113,06:00-08:00,2.57,2.76
500105113,08:00-10:00,3.39,4.26
500105113,10:00-12:00,3.16,2.79
500105113,12:00-14:00,3.95,3.37
500105113,14:00-16:00,2.75,2.37
500105113,16:00-18:00,4.16,2.49
500105113,18:00-20:00,3.68,4.43
500105113,20:00-22:00,2.77,3.5
500105113,22:00-24:00,1.73,2.53
500105114,00:00-02:00,0.02,0.07
500105114,02:00-04:00,0.0,0.07
500105114,04:00-06:00,0.22,0.0
500105114,06:00-08:00,0.89,0.64
500105114,08:00-10:00,0.95,0.55
500105114,10:00-12:00,1.22,1.2
500105114,12:00-14:00,0.95,0.61
500105114,14:00-16:00,0.56,0.8
500105114,16:00-18:00,1.74,1.78
500105114,18:00-20:00,0.63,0.8
500105114,20:00-22:00,0.65,0.41
500105114,22:00-24:00,0.22,0.2
500105115,00:00-02:00,0.4,0.71
500105115,02:00-04:00,0.14,0.14
500105115,04:00-06:00,0.12,0.39
500105115,06:00-08:00,2.1,3.7
500105115,08:00-10:00,3.5,2.27
500105115,10:00-12:00,3.09,2.91
500105115,12:00-14:00,3.04,2.84
500105115,14:00-16:00,2.69,3.14
500105115,16:00-18:00,5.79,3.38
500105115,18:00-20:00,3.33,3.68
500105115,20:00-22:00,3.53,2.61
500105115,22:00-24:00,1.2,1.64
500105116,00:00-02:00,0.39,0.75
500105116,02:00-04:00,0.05,0.16
500105116,04:00-06:00,0.18,0.27
500105116,06:00-08:00,3.3,3.35
500105116,08:00-10:00,5.26,3.37
500105116,10:00-12:00,4.64,3.9
500105116,12:00-14:00,4.82,3.93
500105116,14:00-16:00,4.08,3.21
500105116,16:00-18:00,5.7,5.39
500105116,18:00-20:00,5.83,6.29
500105116,20:00-22:00,5.68,3.52
500105116,22:00-24:00,1.81,2.21
500105117,00:00-02:00,1.43,1.89
500105117,02:00-04:00,0.27,0.45
500105117,04:00-06:00,0.57,0.68
500105117,06:00-08:00,3.5,5.11
500105117,08:00-10:00,7.1,7.02
500105117,10:00-12:00,7.84,7.55
500105117,12:00-14:00,6.99,6.88
500105117,14:00-16:00,5.97,5.91
500105117,16:00-18:00,9.12,7.09
500105117,18:00-20:00,8.07,6.33
500105117,20:00-22:00,5.74,4.59
500105117,22:00-24:00,5.0,4.19
500105118,00:00-02:00,0.54,0.59
500105118,02:00-04:00,0.25,0.2
500105118,04:00-06:00,0.11,0.09
500105118,06:00-08:00,0.82,0.82
500105118,08:00-10:00,2.18,0.86
500105118,10:00-12:00,2.07,1.45
500105118,12:00-14:00,1.57,1.43
500105118,14:00-16:00,1.52,1.02
500105118,16:00-18:00,2.42,2.67
500105118,18:00-20:00,1.36,2.61
500105118,20:00-22:00,1.98,2.23
500105118,22:00-24:00,0.59,1.32
500105119,00:00-02:00,0.16,0.28
500105119,02:00-04:00,0.09,0.02
500105119,04:00-06:00,0.57,0.0
500105119,06:00-08:00,2.23,1.43
500105119,08:00-10:00,1.73,1.75
500105119,10:00-12:00,2.03,1.59
500105119,12:00-14:00,1.46,1.7
500105119,14:00-16:00,1.63,1.46
500105119,16:00-18:00,2.34,2.03
500105119,18:00-20:00,1.95,2.59
500105119,20:00-22:00,1.89,2.09
500105119,22:00-24:00,0.59,1.37
500105120,00:00-02:00,0.05,0.14
500105120,02:00-04:00,0.07,0.2
500105120,04:00-06:00,0.16,0.27
500105120,06:00-08:00,1.95,0.2
500105120,08:00-10:00,1.57,0.91
500105120,10:00-12:00,1.04,1.0
500105120,12:00-14:00,0.68,1.16
500105120,14:00-16:00,0.55,0.43
500105120,16:00-18:00,0.66,1.23
500105120,18:00-20:00,0.78,1.36
500105120,20:00-22:00,0.98,0.93
500105120,22:00-24:00,0.14,0.5
500105121,00:00-02:00,0.82,0.68
500105121,02:00-04:00,0.05,0.11
500105121,04:00-06:00,1.09,0.14
500105121,06:00-08:00,3.66,1.86
500105121,08:00-10:00,5.2,4.59
500105121,10:00-12:00,4.59,3.45
500105121,12:00-14:00,4.44,4.32
500105121,14:00-16:00,2.96,3.57
500105121,16:00-18:00,5.46,6.4
500105121,18:00-20:00,5.94,6.36
500105121,20:00-22:00,3.75,5.29
500105121,22:00-24:00,1.82,2.04
500105122,00:00-02:00,0.07,0.21
500105122,02:00-04:00,0.02,0.09
500105122,04:00-06:00,0.5,0.09
500105122,06:00-08:00,1.27,0.68
500105122,08:00-10:00,2.46,2.3
500105122,10:00-12:00,2.48,2.35
500105122,12:00-14:00,1.86,2.16
500105122,14:00-16:00,2.0,2.4
500105122,16:00-18:00,3.57,2.52
500105122,18:00-20:00,1.9,2.95
500105122,20:00-22:00,1.73,1.84
500105122,22:00-24:00,0.62,0.86
500105123,00:00-02:00,0.32,0.28
500105123,02:00-04:00,0.03,0.09
500105123,04:00-06:00,0.03,0.3
500105123,06:00-08:00,0.24,0.2
500105123,08:00-10:00,1.07,0.59
500105123,10:00-12:00,1.18,1.73
500105123,12:00-14:00,1.48,1.82
500105123,14:00-16:00,1.91,2.64
500105123,16:00-18:00,2.55,1.9
500105123,18:00-20:00,1.86,0.98
500105123,20:00-22:00,1.45,0.98
500105123,22:00-24:00,0.69,0.36
500105124,00:00-02:00,0.07,0.27
500105124,02:00-04:00,0.2,0.05
500105124,04:00-06:00,0.52,0.37
500105124,06:00-08:00,2.07,0.95
500105124,08:00-10:00,1.41,1.34
500105124,10:00-12:00,1.07,1.82
500105124,12:00-14:00,1.63,1.6
500105124,14:00-16:00,1.63,1.19
500105124,16:00-18:00,1.68,3.15
500105124,18:00-20:00,2.07,1.94
500105124,20:00-22:00,1.87,1.84
500105124,22:00-24:00,0.8,0.59
500105125,00:00-02:00,0.87,0.87
500105125,02:00-04:00,0.25,0.09
500105125,04:00-06:00,0.2,0.14
500105125,06:00-08:00,1.63,0.61
500105125,08:00-10:00,2.56,2.25
500105125,10:00-12:00,2.91,3.2
500105125,12:00-14:00,3.43,3.26
500105125,14:00-16:00,2.78,2.92
500105125,16:00-18:00,4.24,5.27
500105125,18:00-20:00,5.75,5.33
500105125,20:00-22:00,4.43,3.56
500105125,22:00-24:00,2.07,2.73
500105126,00:00-02:00,1.39,1.82
500105126,02:00-04:00,1.2,0.62
500105126,04:00-06:00,0.93,0.24
500105126,06:00-08:00,2.8,0.63
500105126,08:00-10:00,5.14,2.3
500105126,10:00-12:00,5.97,2.57
500105126,12:00-14:00,6.57,4.93
500105126,14:00-16:00,3.64,2.52
500105126,16:00-18:00,6.61,4.52
500105126,18:00-20:00,4.51,7.38
500105126,20:00-22:00,2.39,6.4
500105126,22:00-24:00,1.12,4.63
500106001,00:00-02:00,1.04,0.68
500106001,02:00-04:00,0.21,0.16
500106001,04:00-06:00,0.47,0.98
500106001,06:00-08:00,1.58,2.21
500106001,08:00-10:00,6.73,4.23
500106001,10:00-12:00,5.27,5.64
500106001,12:00-14:00,8.15,7.01
500106001,14:00-16:00,7.82,6.76
500106001,16:00-18:00,10.07,10.5
500106001,18:00-20:00,12.27,12.28
500106001,20:00-22:00,6.76,4.47
500106001,22:00-24:00,2.65,3.37
500106003,00:00-02:00,2.44,2.19
500106003,02:00-04:00,0.66,0.45
500106003,04:00-06:00,0.77,1.96
500106003,06:00-08:00,9.29,8.58
500106003,08:00-10:00,16.26,12.28
500106003,10:00-12:00,13.58,12.7
500106003,12:00-14:00,17.17,18.01
500106003,14:00-16:00,14.99,14.15
500106003,16:00-18:00,14.39,21.53
500106003,18:00-20:00,19.17,20.02
500106003,20:00-22:00,17.49,15.31
500106003,22:00-24:00,11.47,9.06
500106004,00:00-02:00,3.73,3.13
500106004,02:00-04:00,0.85,0.93
500106004,04:00-06:00,1.4,1.11
500106004,06:00-08:00,5.95,6.3
500106004,08:00-10:00,11.39,8.76
500106004,10:00-12:00,10.39,11.43
500106004,12:00-14:00,18.6,18.97
500106004,14:00-16:00,12.8,14.39
500106004,16:00-18:00,12.24,19.8
500106004,18:00-20:00,16.2,22.39
500106004,20:00-22:00,16.44,16.85
500106004,22:00-24:00,10.64,9.75
500106005,00:00-02:00,2.21,3.06
500106005,02:00-04:00,0.5,0.36
500106005,04:00-06:00,1.02,0.95
500106005,06:00-08:00,7.6,10.45
500106005,08:00-10:00,14.9,15.95
500106005,10:00-12:00,11.8,12.59
500106005,12:00-14:00,14.88,14.99
500106005,14:00-16:00,12.98,12.12
500106005,16:00-18:00,16.69,15.96
500106005,18:00-20:00,16.82,14.71
500106005,20:00-22:00,13.3,9.57
500106005,22:00-24:00,7.59,5.44
500106006,00:00-02:00,2.58,3.96
500106006,02:00-04:00,0.45,0.68
500106006,04:00-06:00,1.2,2.07
500106006,06:00-08:00,10.27,17.41
500106006,08:00-10:00,23.95,19.97
500106006,10:00-12:00,17.56,15.84
500106006,12:00-14:00,18.1,18.46
500106006,14:00-16:00,18.32,13.74
500106006,16:00-18:00,23.33,21.1
500106006,18:00-20:00,20.61,18.38
500106006,20:00-22:00,16.32,12.11
500106006,22:00-24:00,9.0,7.63
500106007,00:00-02:00,3.18,2.62
500106007,02:00-04:00,0.76,1.18
500106007,04:00-06:00,0.66,2.32
500106007,06:00-08:00,8.25,8.27
500106007,08:00-10:00,13.33,10.41
500106007,10:00-12:00,9.17,8.96
500106007,12:00-14:00,11.16,8.91
500106007,14:00-16:00,9.15,9.04
500106007,16:00-18:00,13.16,12.65
500106007,18:00-20:00,12.92,14.56
500106007,20:00-22:00,11.64,10.93
500106007,22:00-24:00,8.24,7.37
500106008,00:00-02:00,0.61,0.15
500106008,02:00-04:00,0.36,0.12
500106008,04:00-06:00,0.36,0.11
500106008,06:00-08:00,2.39,2.95
500106008,08:00-10:00,4.11,2.91
500106008,10:00-12:00,4.22,3.2
500106008,12:00-14:00,3.87,3.11
500106008,14:00-16:00,3.73,3.75
500106008,16:00-18:00,6.22,5.89
500106008,18:00-20:00,3.69,4.82
500106008,20:00-22:00,2.25,2.89
500106008,22:00-24:00,1.12,2.28
500106009,00:00-02:00,0.66,2.62
500106009,02:00-04:00,0.02,0.75
500106009,04:00-06:00,0.98,0.9
500106009,06:00-08:00,8.96,4.73
500106009,08:00-10:00,15.35,7.08
500106009,10:00-12:00,9.85,7.97
500106009,12:00-14:00,8.05,6.27
500106009,14:00-16:00,6.35,5.69
500106009,16:00-18:00,9.38,9.09
500106009,18:00-20:00,8.64,11.36
500106009,20:00-22:00,7.36,9.8
500106009,22:00-24:00,3.83,8.19
500106010,00:00-02:00,1.04,2.53
500106010,02:00-04:00,0.55,0.97
500106010,04:00-06:00,1.16,1.49
500106010,06:00-08:00,14.58,9.84
500106010,08:00-10:00,17.63,11.52
500106010,10:00-12:00,12.53,8.2
500106010,12:00-14:00,10.11,9.11
500106010,14:00-16:00,10.14,11.35
500106010,16:00-18:00,13.33,15.14
500106010,18:00-20:00,15.83,16.65
500106010,20:00-22:00,11.0,13.09
500106010,22:00-24:00,4.05,7.5
500106011,00:00-02:00,2.1,1.95
500106011,02:00-04:00,0.28,0.4
500106011,04:00-06:00,1.07,0.43
500106011,06:00-08:00,3.5,2.7
500106011,08:00-10:00,9.65,7.14
500106011,10:00-12:00,8.17,5.91
500106011,12:00-14:00,8.74,7.32
500106011,14:00-16:00,6.03,5.87
500106011,16:00-18:00,7.5,7.1
500106011,18:00-20:00,8.91,8.97
500106011,20:00-22:00,6.11,7.57
500106011,22:00-24:00,4.44,4.68
500106012,00:00-02:00,2.11,1.85
500106012,02:00-04:00,0.31,0.83
500106012,04:00-06:00,0.94,0.76
500106012,06:00-08:00,3.77,2.33
500106012,08:00-10:00,8.68,6.92
500106012,10:00-12:00,7.27,6.22
500106012,12:00-14:00,8.35,8.31
500106012,14:00-16:00,8.18,7.91
500106012,16:00-18:00,8.44,9.84
500106012,18:00-20:00,10.72,11.52
500106012,20:00-22:00,8.56,8.46
500106012,22:00-24:00,4.59,5.53
500106013,00:00-02:00,1.65,2.58
500106013,02:00-04:00,0.61,0.59
500106013,04:00-06:00,1.85,1.23
500106013,06:00-08:00,6.94,4.56
500106013,08:00-10:00,10.24,10.73
500106013,10:00-12:00,12.35,10.79
500106013,12:00-14:00,15.09,15.51
500106013,14:00-16:00,11.72,10.94
500106013,16:00-18:00,12.43,14.63
500106013,18:00-20:00,13.26,15.7
500106013,20:00-22:00,11.43,9.75
500106013,22:00-24:00,4.87,7.02
500106014,00:00-02:00,3.13,4.1
500106014,02:00-04:00,0.48,1.23
500106014,04:00-06:00,3.39,1.57
500106014,06:00-08:00,19.62,8.09
500106014,08:00-10:00,26.28,21.41
500106014,10:00-12:00,18.28,11.88
500106014,12:00-14:00,15.37,13.31
500106014,14:00-16:00,13.06,13.35
500106014,16:00-18:00,14.72,21.86
500106014,18:00-20:00,25.65,26.53
500106014,20:00-22:00,17.18,24.11
500106014,22:00-24:00,9.1,13.58
500106015,00:00-02:00,1.17,2.1
500106015,02:00-04:00,0.26,0.43
500106015,04:00-06:00,0.37,0.27
500106015,06:00-08:00,8.16,8.52
500106015,08:00-10:00,12.65,13.0
500106015,10:00-12:00,7.6,7.68
500106015,12:00-14:00,8.6,8.09
500106015,14:00-16:00,7.4,6.68
500106015,16:00-18:00,10.61,10.37
500106015,18:00-20:00,10.64,8.23
500106015,20:00-22:00,6.98,4.93
500106015,22:00-24:00,5.79,4.17
500106016,00:00-02:00,1.49,1.37
500106016,02:00-04:00,0.33,0.32
500106016,04:00-06:00,0.29,0.34
500106016,06:00-08:00,3.71,2.61
500106016,08:00-10:00,7.46,7.27
500106016,10:00-12:00,7.21,6.66
500106016,12:00-14:00,9.23,7.2
500106016,14:00-16:00,6.41,7.0
500106016,16:00-18:00,8.17,9.41
500106016,18:00-20:00,8.92,8.04
500106016,20:00-22:00,6.4,6.13
500106016,22:00-24:00,4.24,3.22
500106017,00:00-02:00,2.78,1.81
500106017,02:00-04:00,1.2,0.82
500106017,04:00-06:00,1.2,0.95
500106017,06:00-08:00,5.97,7.18
500106017,08:00-10:00,11.58,12.33
500106017,10:00-12:00,10.58,12.26
500106017,12:00-14:00,13.3,13.62
500106017,14:00-16:00,10.26,10.51
500106017,16:00-18:00,14.27,16.03
500106017,18:00-20:00,15.61,14.51
500106017,20:00-22:00,14.55,9.95
500106017,22:00-24:00,8.13,6.46
500106018,00:00-02:00,0.59,3.46
500106018,02:00-04:00,0.43,0.64
500106018,04:00-06:00,0.98,0.82
500106018,06:00-08:00,12.09,3.36
500106018,08:00-10:00,16.38,10.73
500106018,10:00-12:00,10.2,8.38
500106018,12:00-14:00,9.68,9.45
500106018,14:00-16:00,8.07,8.17
500106018,16:00-18:00,11.15,10.76
500106018,18:00-20:00,9.68,11.06
500106018,20:00-22:00,5.39,9.89
500106018,22:00-24:00,2.94,6.97
500106019,00:00-02:00,1.6,1.35
500106019,02:00-04:00,0.36,0.43
500106019,04:00-06:00,0.59,0.59
500106019,06:00-08:00,7.36,7.07
500106019,08:00-10:00,12.0,15.43
500106019,10:00-12:00,13.7,12.91
500106019,12:00-14:00,13.43,14.35
500106019,14:00-16:00,12.79,11.47
500106019,16:00-18:00,14.51,15.24
500106019,18:00-20:00,14.12,13.76
500106019,20:00-22:00,9.65,8.65
500106019,22:00-24:00,4.74,5.24
500106020,00:00-02:00,0.62,0.64
500106020,02:00-04:00,0.23,0.2
500106020,04:00-06:00,0.25,0.16
500106020,06:00-08:00,2.94,2.27
500106020,08:00-10:00,6.2,7.75
500106020,10:00-12:00,8.12,7.0
500106020,12:00-14:00,8.24,10.18
500106020,14:00-16:00,8.2,6.5
500106020,16:00-18:00,8.66,8.68
500106020,18:00-20:00,7.92,7.65
500106020,20:00-22:00,6.16,4.36
500106020,22:00-24:00,1.4,1.8
500106021,00:00-02:00,0.26,1.3
500106021,02:00-04:00,1.89,0.23
500106021,04:00-06:00,1.55,0.89
500106021,06:00-08:00,7.09,10.7
500106021,08:00-10:00,12.87,7.61
500106021,10:00-12:00,8.06,7.41
500106021,12:00-14:00,8.53,8.72
500106021,14:00-16:00,7.14,7.94
500106021,16:00-18:00,14.8,10.6
500106021,18:00-20:00,8.03,9.2
500106021,20:00-22:00,6.38,6.82
500106021,22:00-24:00,1.39,3.21
500106022,00:00-02:00,2.49,1.96
500106022,02:00-04:00,0.18,0.41
500106022,04:00-06:00,0.61,1.07
500106022,06:00-08:00,13.66,13.43
500106022,08:00-10:00,18.22,20.23
500106022,10:00-12:00,12.09,14.04
500106022,12:00-14:00,17.19,16.11
500106022,14:00-16:00,14.76,14.2
500106022,16:00-18:00,23.14,21.58
500106022,18:00-20:00,16.93,14.89
500106022,20:00-22:00,13.59,11.73
500106022,22:00-24:00,6.8,6.46
500106023,00:00-02:00,1.92,1.67
500106023,02:00-04:00,0.43,0.89
500106023,04:00-06:00,0.64,0.57
500106023,06:00-08:00,4.57,4.86
500106023,08:00-10:00,9.4,10.78
500106023,10:00-12:00,8.09,7.67
500106023,12:00-14:00,11.68,13.6
500106023,14:00-16:00,9.37,8.01
500106023,16:00-18:00,11.5,9.57
500106023,18:00-20:00,8.9,7.71
500106023,20:00-22:00,6.46,5.25
500106023,22:00-24:00,3.99,3.76
500106025,00:00-02:00,1.98,1.92
500106025,02:00-04:00,0.05,0.47
500106025,04:00-06:00,0.68,0.26
500106025,06:00-08:00,10.08,2.81
500106025,08:00-10:00,11.08,7.66
500106025,10:00-12:00,9.13,6.59
500106025,12:00-14:00,8.18,7.16
500106025,14:00-16:00,6.66,6.46
500106025,16:00-18:00,8.22,11.51
500106025,18:00-20:00,10.65,11.09
500106025,20:00-22:00,6.2,12.11
500106025,22:00-24:00,4.44,6.62
500106026,00:00-02:00,0.9,1.15
500106026,02:00-04:00,0.57,0.15
500106026,04:00-06:00,0.75,0.68
500106026,06:00-08:00,3.64,1.78
500106026,08:00-10:00,3.91,2.02
500106026,10:00-12:00,3.53,3.07
500106026,12:00-14:00,3.49,3.26
500106026,14:00-16:00,3.15,2.47
500106026,16:00-18:00,5.9,5.69
500106026,18:00-20:00,3.43,4.79
500106026,20:00-22:00,2.36,3.27
500106026,22:00-24:00,1.3,3.26
500106027,00:00-02:00,0.99,0.78
500106027,02:00-04:00,0.45,0.34
500106027,04:00-06:00,1.39,0.23
500106027,06:00-08:00,6.17,3.2
500106027,08:00-10:00,6.61,4.34
500106027,10:00-12:00,4.64,3.59
500106027,12:00-14:00,4.65,3.5
500106027,14:00-16:00,3.59,3.84
500106027,16:00-18:00,5.53,7.35
500106027,18:00-20:00,6.44,7.97
500106027,20:00-22:00,4.43,5.96
500106027,22:00-24:00,2.34,3.85
500106028,00:00-02:00,1.08,0.81
500106028,02:00-04:00,0.11,0.14
500106028,04:00-06:00,0.48,0.3
500106028,06:00-08:00,4.08,2.14
500106028,08:00-10:00,4.2,4.41
500106028,10:00-12:00,3.77,3.66
500106028,12:00-14:00,3.08,2.17
500106028,14:00-16:00,2.96,2.77
500106028,16:00-18:00,4.09,5.05
500106028,18:00-20:00,4.31,4.66
500106028,20:00-22:00,2.45,3.42
500106028,22:00-24:00,1.98,3.0
500106029,00:00-02:00,1.48,2.21
500106029,02:00-04:00,0.43,0.62
500106029,04:00-06:00,1.16,0.87
500106029,06:00-08:00,6.62,3.35
500106029,08:00-10:00,4.69,5.12
500106029,10:00-12:00,4.46,5.16
500106029,12:00-14:00,7.34,6.85
500106029,14:00-16:00,6.43,5.62
500106029,16:00-18:00,9.37,12.38
500106029,18:00-20:00,11.91,13.37
500106029,20:00-22:00,7.34,7.68
500106029,22:00-24:00,4.67,4.17
500106030,00:00-02:00,0.38,0.99
500106030,02:00-04:00,0.09,0.5
500106030,04:00-06:00,0.18,0.39
500106030,06:00-08:00,4.67,7.22
500106030,08:00-10:00,7.11,8.91
500106030,10:00-12:00,5.82,4.15
500106030,12:00-14:00,6.11,5.61
500106030,14:00-16:00,4.9,4.73
500106030,16:00-18:00,9.31,4.18
500106030,18:00-20:00,5.63,4.13
500106030,20:00-22:00,2.33,1.84
500106030,22:00-24:00,1.01,1.14
500106031,00:00-02:00,0.54,0.76
500106031,02:00-04:00,0.07,0.55
500106031,04:00-06:00,0.41,1.0
500106031,06:00-08:00,4.96,3.66
500106031,08:00-10:00,6.1,8.78
500106031,10:00-12:00,4.1,2.47
500106031,12:00-14:00,4.23,3.97
500106031,14:00-16:00,3.94,3.44
500106031,16:00-18:00,8.83,5.29
500106031,18:00-20:00,4.22,5.06
500106031,20:00-22:00,2.97,2.43
500106031,22:00-24:00,1.1,2.14
500106037,00:00-02:00,1.46,1.24
500106037,02:00-04:00,0.52,0.76
500106037,04:00-06:00,0.93,0.5
500106037,06:00-08:00,5.23,2.09
500106037,08:00-10:00,6.45,3.64
500106037,10:00-12:00,3.54,2.82
500106037,12:00-14:00,3.22,3.0
500106037,14:00-16:00,2.66,2.55
500106037,16:00-18:00,3.67,4.25
500106037,18:00-20:00,3.98,6.36
500106037,20:00-22:00,2.23,4.9
500106037,22:00-24:00,1.84,2.92
500106038,00:00-02:00,1.3,1.08
500106038,02:00-04:00,0.75,0.77
500106038,04:00-06:00,0.73,0.59
500106038,06:00-08:00,11.94,15.27
500106038,08:00-10:00,7.98,12.36
500106038,10:00-12:00,7.79,9.11
500106038,12:00-14:00,14.18,12.1
500106038,14:00-16:00,8.37,9.52
500106038,16:00-18:00,25.82,18.66
500106038,18:00-20:00,10.9,10.15
500106038,20:00-22:00,7.75,6.07
500106038,22:00-24:00,3.18,2.89
500106039,00:00-02:00,0.88,0.85
500106039,02:00-04:00,0.16,0.05
500106039,04:00-06:00,0.27,0.43
500106039,06:00-08:00,7.36,8.87
500106039,08:00-10:00,7.0,11.29
500106039,10:00-12:00,5.48,5.53
500106039,12:00-14:00,6.36,7.46
500106039,14:00-16:00,6.07,5.41
500106039,16:00-18:00,11.85,8.59
500106039,18:00-20:00,7.93,6.22
500106039,20:00-22:00,5.86,4.25
500106039,22:00-24:00,3.69,4.19
500106040,00:00-02:00,0.59,0.97
500106040,02:00-04:00,0.86,0.23
500106040,04:00-06:00,0.42,0.52
500106040,06:00-08:00,1.08,6.33
500106040,08:00-10:00,4.52,6.3
500106040,10:00-12:00,3.14,2.86
500106040,12:00-14:00,4.25,3.87
500106040,14:00-16:00,3.29,2.93
500106040,16:00-18:00,11.77,5.76
500106040,18:00-20:00,3.37,3.48
500106040,20:00-22:00,3.38,1.68
500106040,22:00-24:00,2.59,1.98
500106041,00:00-02:00,1.03,2.06
500106041,02:00-04:00,0.6,0.14
500106041,04:00-06:00,0.59,1.23
500106041,06:00-08:00,2.78,1.75
500106041,08:00-10:00,3.93,6.86
500106041,10:00-12:00,3.49,3.07
500106041,12:00-14:00,5.21,7.19
500106041,14:00-16:00,5.03,3.96
500106041,16:00-18:00,7.56,5.64
500106041,18:00-20:00,4.73,4.66
500106041,20:00-22:00,3.79,3.12
500106041,22:00-24:00,1.86,1.5
500106042,00:00-02:00,1.07,1.11
500106042,02:00-04:00,0.23,0.27
500106042,04:00-06:00,0.32,0.66
500106042,06:00-08:00,1.87,2.02
500106042,08:00-10:00,4.82,8.61
500106042,10:00-12:00,6.18,10.63
500106042,12:00-14:00,12.4,14.9
500106042,14:00-16:00,15.71,13.23
500106042,16:00-18:00,16.92,14.29
500106042,18:00-20:00,13.3,11.02
500106042,20:00-22:00,7.07,4.48
500106042,22:00-24:00,2.67,2.07
500106043,00:00-02:00,0.81,1.74
500106043,02:00-04:00,0.12,0.27
500106043,04:00-06:00,0.09,1.11
500106043,06:00-08:00,3.93,6.8
500106043,08:00-10:00,8.5,10.48
500106043,10:00-12:00,6.93,5.11
500106043,12:00-14:00,7.5,9.36
500106043,14:00-16:00,7.85,7.28
500106043,16:00-18:00,10.1,6.9
500106043,18:00-20:00,7.51,6.29
500106043,20:00-22:00,4.62,3.39
500106043,22:00-24:00,2.53,1.46
500106044,00:00-02:00,1.29,1.39
500106044,02:00-04:00,0.71,0.48
500106044,04:00-06:00,1.36,0.07
500106044,06:00-08:00,4.07,3.3
500106044,08:00-10:00,7.33,9.0
500106044,10:00-12:00,6.54,6.41
500106044,12:00-14:00,7.36,6.93
500106044,14:00-16:00,5.13,7.16
500106044,16:00-18:00,11.38,6.71
500106044,18:00-20:00,6.48,7.32
500106044,20:00-22:00,4.86,4.02
500106044,22:00-24:00,2.09,3.23
500106046,00:00-02:00,0.88,0.92
500106046,02:00-04:00,0.38,0.41
500106046,04:00-06:00,0.34,0.59
500106046,06:00-08:00,4.86,7.77
500106046,08:00-10:00,11.14,11.88
500106046,10:00-12:00,8.18,8.56
500106046,12:00-14:00,8.3,10.11
500106046,14:00-16:00,6.34,6.87
500106046,16:00-18:00,12.41,9.41
500106046,18:00-20:00,8.08,6.02
500106046,20:00-22:00,5.61,3.5
500106046,22:00-24:00,1.68,1.62
500106047,00:00-02:00,0.26,0.57
500106047,02:00-04:00,0.09,0.2
500106047,04:00-06:00,0.23,3.98
500106047,06:00-08:00,9.41,20.35
500106047,08:00-10:00,20.98,19.05
500106047,10:00-12:00,23.72,21.49
500106047,12:00-14:00,24.49,23.78
500106047,14:00-16:00,17.81,24.05
500106047,16:00-18:00,28.88,21.51
500106047,18:00-20:00,21.96,22.06
500106047,20:00-22:00,17.56,10.39
500106047,22:00-24:00,1.2,1.27
500106048,00:00-02:00,0.97,2.05
500106048,02:00-04:00,0.7,0.8
500106048,04:00-06:00,1.73,1.66
500106048,06:00-08:00,8.77,13.66
500106048,08:00-10:00,14.39,25.69
500106048,10:00-12:00,21.47,11.11
500106048,12:00-14:00,19.59,22.17
500106048,14:00-16:00,12.63,12.31
500106048,16:00-18:00,24.38,14.44
500106048,18:00-20:00,12.74,11.75
500106048,20:00-22:00,8.87,7.66
500106048,22:00-24:00,4.5,4.71
500106049,00:00-02:00,1.05,1.32
500106049,02:00-04:00,0.86,0.27
500106049,04:00-06:00,0.15,0.75
500106049,06:00-08:00,5.22,6.02
500106049,08:00-10:00,9.92,7.89
500106049,10:00-12:00,6.0,8.1
500106049,12:00-14:00,9.57,9.14
500106049,14:00-16:00,6.45,7.1
500106049,16:00-18:00,11.67,10.59
500106049,18:00-20:00,7.87,7.09
500106049,20:00-22:00,6.23,4.79
500106049,22:00-24:00,3.84,2.02
500106050,00:00-02:00,1.18,1.48
500106050,02:00-04:00,0.2,0.39
500106050,04:00-06:00,0.51,0.68
500106050,06:00-08:00,7.35,7.8
500106050,08:00-10:00,8.62,13.11
500106050,10:00-12:00,7.84,7.07
500106050,12:00-14:00,9.47,8.41
500106050,14:00-16:00,7.98,8.73
500106050,16:00-18:00,11.97,10.37
500106050,18:00-20:00,11.25,6.29
500106050,20:00-22:00,6.55,5.43
500106050,22:00-24:00,4.71,5.49
500106051,00:00-02:00,1.02,0.9
500106051,02:00-04:00,0.36,0.23
500106051,04:00-06:00,0.64,0.23
500106051,06:00-08:00,2.72,3.84
500106051,08:00-10:00,7.23,14.09
500106051,10:00-12:00,8.84,8.87
500106051,12:00-14:00,13.36,14.12
500106051,14:00-16:00,8.67,7.52
500106051,16:00-18:00,12.79,8.57
500106051,18:00-20:00,8.56,7.77
500106051,20:00-22:00,6.29,3.8
500106051,22:00-24:00,2.52,2.39
500106052,00:00-02:00,2.48,1.63
500106052,02:00-04:00,1.08,2.89
500106052,04:00-06:00,0.99,1.32
500106052,06:00-08:00,5.35,2.2
500106052,08:00-10:00,5.28,5.91
500106052,10:00-12:00,4.63,7.33
500106052,12:00-14:00,6.75,8.16
500106052,14:00-16:00,7.07,8.82
500106052,16:00-18:00,8.41,9.38
500106052,18:00-20:00,8.89,6.43
500106052,20:00-22:00,7.95,5.05
500106052,22:00-24:00,6.11,2.59
500106053,00:00-02:00,1.56,1.39
500106053,02:00-04:00,0.89,0.45
500106053,04:00-06:00,0.8,0.86
500106053,06:00-08:00,2.27,5.09
500106053,08:00-10:00,8.8,17.68
500106053,10:00-12:00,10.29,10.54
500106053,12:00-14:00,13.09,15.98
500106053,14:00-16:00,10.64,8.53
500106053,16:00-18:00,14.94,12.22
500106053,18:00-20:00,13.53,9.55
500106053,20:00-22:00,7.45,4.35
500106053,22:00-24:00,3.25,2.55
500106054,00:00-02:00,0.43,0.59
500106054,02:00-04:00,0.14,0.2
500106054,04:00-06:00,0.07,0.14
500106054,06:00-08:00,1.86,6.5
500106054,08:00-10:00,9.32,10.18
500106054,10:00-12:00,6.61,4.44
500106054,12:00-14:00,7.78,9.43
500106054,14:00-16:00,3.37,3.84
500106054,16:00-18:00,11.23,6.66
500106054,18:00-20:00,5.54,3.38
500106054,20:00-22:00,2.05,1.43
500106054,22:00-24:00,1.19,0.89
500106055,00:00-02:00,1.2,2.52
500106055,02:00-04:00,1.2,0.8
500106055,04:00-06:00,0.32,0.25
500106055,06:00-08:00,2.64,7.16
500106055,08:00-10:00,5.57,17.22
500106055,10:00-12:00,12.18,10.56
500106055,12:00-14:00,16.22,16.54
500106055,14:00-16:00,11.93,10.65
500106055,16:00-18:00,23.19,8.43
500106055,18:00-20:00,10.25,8.02
500106055,20:00-22:00,7.95,7.73
500106055,22:00-24:00,4.14,4.19
500106056,00:00-02:00,0.88,0.92
500106056,02:00-04:00,1.05,0.09
500106056,04:00-06:00,0.18,0.2
500106056,06:00-08:00,0.98,6.41
500106056,08:00-10:00,6.75,14.87
500106056,10:00-12:00,9.54,9.27
500106056,12:00-14:00,14.84,16.04
500106056,14:00-16:00,9.05,10.92
500106056,16:00-18:00,24.28,9.89
500106056,18:00-20:00,9.86,8.52
500106056,20:00-22:00,5.66,2.93
500106056,22:00-24:00,1.75,1.59
500106057,00:00-02:00,1.04,0.85
500106057,02:00-04:00,0.43,0.52
500106057,04:00-06:00,0.52,0.32
500106057,06:00-08:00,2.75,1.02
500106057,08:00-10:00,5.2,4.89
500106057,10:00-12:00,5.3,8.36
500106057,12:00-14:00,10.29,14.29
500106057,14:00-16:00,11.44,16.83
500106057,16:00-18:00,15.71,15.1
500106057,18:00-20:00,16.04,12.72
500106057,20:00-22:00,12.05,7.55
500106057,22:00-24:00,4.8,2.59
500106058,00:00-02:00,1.52,1.81
500106058,02:00-04:00,0.36,1.09
500106058,04:00-06:00,0.95,0.64
500106058,06:00-08:00,7.15,6.84
500106058,08:00-10:00,10.41,10.7
500106058,10:00-12:00,9.93,10.25
500106058,12:00-14:00,10.42,10.71
500106058,14:00-16:00,9.71,9.58
500106058,16:00-18:00,14.37,11.57
500106058,18:00-20:00,9.69,10.19
500106058,20:00-22:00,8.0,6.27
500106058,22:00-24:00,4.08,3.57
500106059,00:00-02:00,2.37,1.77
500106059,02:00-04:00,0.98,0.52
500106059,04:00-06:00,0.92,0.93
500106059,06:00-08:00,4.68,9.57
500106059,08:00-10:00,12.89,17.65
500106059,10:00-12:00,11.4,12.84
500106059,12:00-14:00,14.09,15.65
500106059,14:00-16:00,12.85,12.14
500106059,16:00-18:00,16.71,13.81
500106059,18:00-20:00,14.05,10.99
500106059,20:00-22:00,8.05,5.02
500106059,22:00-24:00,5.16,3.55
500106060,00:00-02:00,2.73,3.75
500106060,02:00-04:00,1.36,0.89
500106060,04:00-06:00,2.24,2.46
500106060,06:00-08:00,3.11,4.22
500106060,08:00-10:00,8.53,10.44
500106060,10:00-12:00,7.75,8.11
500106060,12:00-14:00,10.64,12.23
500106060,14:00-16:00,9.94,9.44
500106060,16:00-18:00,12.73,11.27
500106060,18:00-20:00,11.18,10.7
500106060,20:00-22:00,8.59,7.0
500106060,22:00-24:00,6.32,4.67
500106061,00:00-02:00,1.64,1.89
500106061,02:00-04:00,0.77,0.32
500106061,04:00-06:00,0.9,0.8
500106061,06:00-08:00,1.94,4.27
500106061,08:00-10:00,5.9,5.94
500106061,10:00-12:00,5.67,5.5
500106061,12:00-14:00,6.71,6.85
500106061,14:00-16:00,5.18,5.72
500106061,16:00-18:00,7.44,6.55
500106061,18:00-20:00,6.6,6.51
500106061,20:00-22:00,5.5,4.36
500106061,22:00-24:00,3.72,2.75
500106062,00:00-02:00,4.95,4.41
500106062,02:00-04:00,3.25,3.11
500106062,04:00-06:00,3.03,3.5
500106062,06:00-08:00,6.19,8.77
500106062,08:00-10:00,14.02,22.4
500106062,10:00-12:00,17.27,23.61
500106062,12:00-14:00,26.06,29.96
500106062,14:00-16:00,24.13,23.51
500106062,16:00-18:00,27.64,25.63
500106062,18:00-20:00,23.62,19.72
500106062,20:00-22:00,17.9,10.34
500106062,22:00-24:00,9.75,5.76
500106063,00:00-02:00,0.74,0.52
500106063,02:00-04:00,0.29,0.11
500106063,04:00-06:00,0.41,0.82
500106063,06:00-08:00,2.38,3.71
500106063,08:00-10:00,4.34,4.58
500106063,10:00-12:00,3.53,5.03
500106063,12:00-14:00,5.24,5.75
500106063,14:00-16:00,7.39,6.3
500106063,16:00-18:00,10.27,9.91
500106063,18:00-20:00,8.15,7.57
500106063,20:00-22:00,6.01,5.34
500106063,22:00-24:00,1.94,1.39
500106064,00:00-02:00,0.31,0.78
500106064,02:00-04:00,0.07,0.16
500106064,04:00-06:00,0.39,0.11
500106064,06:00-08:00,3.93,2.8
500106064,08:00-10:00,5.93,3.83
500106064,10:00-12:00,3.49,1.93
500106064,12:00-14:00,3.19,3.48
500106064,14:00-16:00,2.94,3.46
500106064,16:00-18:00,5.5,5.19
500106064,18:00-20:00,4.68,5.45
500106064,20:00-22:00,2.36,4.09
500106064,22:00-24:00,1.34,2.53
500106065,00:00-02:00,3.21,1.86
500106065,02:00-04:00,0.48,0.73
500106065,04:00-06:00,0.91,1.23
500106065,06:00-08:00,12.35,22.36
500106065,08:00-10:00,22.75,26.91
500106065,10:00-12:00,16.52,15.84
500106065,12:00-14:00,16.51,19.98
500106065,14:00-16:00,15.6,12.32
500106065,16:00-18:00,22.6,18.64
500106065,18:00-20:00,17.01,14.94
500106065,20:00-22:00,10.59,7.7
500106065,22:00-24:00,5.77,2.78
500106066,00:00-02:00,2.44,2.5
500106066,02:00-04:00,0.69,2.18
500106066,04:00-06:00,1.71,2.34
500106066,06:00-08:00,11.43,6.69
500106066,08:00-10:00,16.34,13.94
500106066,10:00-12:00,17.25,19.14
500106066,12:00-14:00,19.47,20.02
500106066,14:00-16:00,14.17,15.28
500106066,16:00-18:00,14.23,25.28
500106066,18:00-20:00,15.56,19.72
500106066,20:00-22:00,16.45,11.17
500106066,22:00-24:00,8.09,8.4
500106067,00:00-02:00,6.12,2.95
500106067,02:00-04:00,5.07,5.04
500106067,04:00-06:00,3.32,7.28
500106067,06:00-08:00,9.0,8.61
500106067,08:00-10:00,14.63,11.08
500106067,10:00-12:00,7.59,10.7
500106067,12:00-14:00,11.46,13.99
500106067,14:00-16:00,12.79,12.29
500106067,16:00-18:00,13.79,19.2
500106067,18:00-20:00,16.92,17.03
500106067,20:00-22:00,16.73,11.26
500106067,22:00-24:00,11.27,9.29
500106068,00:00-02:00,1.3,0.94
500106068,02:00-04:00,0.43,0.55
500106068,04:00-06:00,1.55,0.77
500106068,06:00-08:00,6.34,2.27
500106068,08:00-10:00,6.89,3.75
500106068,10:00-12:00,3.77,3.41
500106068,12:00-14:00,3.88,4.02
500106068,14:00-16:00,4.33,3.73
500106068,16:00-18:00,6.32,7.24
500106068,18:00-20:00,5.34,6.95
500106068,20:00-22:00,3.46,6.31
500106068,22:00-24:00,2.5,3.55
500106069,00:00-02:00,1.97,1.32
500106069,02:00-04:00,0.9,3.61
500106069,04:00-06:00,0.62,3.84
500106069,06:00-08:00,6.95,6.38
500106069,08:00-10:00,15.3,11.29
500106069,10:00-12:00,11.35,11.59
500106069,12:00-14:00,15.44,16.34
500106069,14:00-16:00,14.13,11.87
500106069,16:00-18:00,16.19,17.54
500106069,18:00-20:00,17.73,15.38
500106069,20:00-22:00,10.83,7.82
500106069,22:00-24:00,5.05,5.24
500106070,00:00-02:00,1.84,1.65
500106070,02:00-04:00,1.61,0.82
500106070,04:00-06:00,1.36,0.98
500106070,06:00-08:00,4.36,5.3
500106070,08:00-10:00,11.1,14.98
500106070,10:00-12:00,15.92,19.49
500106070,12:00-14:00,22.83,27.09
500106070,14:00-16:00,24.91,24.55
500106070,16:00-18:00,29.58,27.31
500106070,18:00-20:00,29.84,26.06
500106070,20:00-22:00,17.52,12.52
500106070,22:00-24:00,6.43,4.83
500106071,00:00-02:00,2.3,1.79
500106071,02:00-04:00,0.29,0.84
500106071,04:00-06:00,1.08,2.43
500106071,06:00-08:00,3.5,6.64
500106071,08:00-10:00,8.63,13.87
500106071,10:00-12:00,9.0,8.2
500106071,12:00-14:00,12.38,12.7
500106071,14:00-16:00,9.94,9.89
500106071,16:00-18:00,14.68,12.56
500106071,18:00-20:00,11.07,9.88
500106071,20:00-22:00,7.15,4.73
500106071,22:00-24:00,4.21,1.37
500106072,00:00-02:00,1.03,1.06
500106072,02:00-04:00,0.31,0.2
500106072,04:00-06:00,0.15,1.0
500106072,06:00-08:00,7.36,5.45
500106072,08:00-10:00,10.0,9.09
500106072,10:00-12:00,9.16,8.16
500106072,12:00-14:00,11.21,12.65
500106072,14:00-16:00,11.91,11.28
500106072,16:00-18:00,14.19,13.71
500106072,18:00-20:00,14.7,13.24
500106072,20:00-22:00,11.7,8.3
500106072,22:00-24:00,5.12,3.69
500106073,00:00-02:00,0.95,0.68
500106073,02:00-04:00,0.37,0.09
500106073,04:00-06:00,0.12,0.16
500106073,06:00-08:00,1.44,4.32
500106073,08:00-10:00,4.32,6.32
500106073,10:00-12:00,4.45,5.36
500106073,12:00-14:00,6.96,7.84
500106073,14:00-16:00,6.53,6.06
500106073,16:00-18:00,9.2,6.25
500106073,18:00-20:00,6.01,4.82
500106073,20:00-22:00,3.4,2.43
500106073,22:00-24:00,1.63,1.32
500106074,00:00-02:00,1.53,2.09
500106074,02:00-04:00,0.27,0.72
500106074,04:00-06:00,1.39,0.51
500106074,06:00-08:00,5.72,2.18
500106074,08:00-10:00,11.06,8.78
500106074,10:00-12:00,10.67,8.74
500106074,12:00-14:00,10.75,10.92
500106074,14:00-16:00,9.41,9.48
500106074,16:00-18:00,11.96,12.7
500106074,18:00-20:00,9.09,12.51
500106074,20:00-22:00,9.25,10.74
500106074,22:00-24:00,3.87,6.21
500106075,00:00-02:00,2.38,2.85
500106075,02:00-04:00,1.29,1.37
500106075,04:00-06:00,1.89,0.78
500106075,06:00-08:00,11.92,9.03
500106075,08:00-10:00,20.06,16.96
500106075,10:00-12:00,18.96,19.65
500106075,12:00-14:00,18.7,16.81
500106075,14:00-16:00,12.61,13.76
500106075,16:00-18:00,15.13,20.07
500106075,18:00-20:00,15.37,16.45
500106075,20:00-22:00,12.6,12.64
500106075,22:00-24:00,6.42,6.93
500106077,00:00-02:00,4.63,3.62
500106077,02:00-04:00,1.96,1.4
500106077,04:00-06:00,1.18,0.77
500106077,06:00-08:00,5.1,7.63
500106077,08:00-10:00,16.87,17.62
500106077,10:00-12:00,14.92,13.1
500106077,12:00-14:00,17.29,18.66
500106077,14:00-16:00,11.39,10.74
500106077,16:00-18:00,20.18,13.93
500106077,18:00-20:00,13.53,12.93
500106077,20:00-22:00,10.09,11.75
500106077,22:00-24:00,6.47,9.95
500106078,00:00-02:00,0.5,1.18
500106078,02:00-04:00,1.84,0.41
500106078,04:00-06:00,0.52,0.59
500106078,06:00-08:00,4.19,2.48
500106078,08:00-10:00,7.37,8.2
500106078,10:00-12:00,6.14,5.36
500106078,12:00-14:00,7.33,7.72
500106078,14:00-16:00,6.17,5.57
500106078,16:00-18:00,9.02,7.93
500106078,18:00-20:00,6.39,6.86
500106078,20:00-22:00,5.07,5.36
500106078,22:00-24:00,1.99,3.28
500106079,00:00-02:00,0.4,0.59
500106079,02:00-04:00,0.05,0.09
500106079,04:00-06:00,0.02,0.05
500106079,06:00-08:00,2.77,2.1
500106079,08:00-10:00,2.16,2.27
500106079,10:00-12:00,1.9,3.26
500106079,12:00-14:00,3.41,4.0
500106079,14:00-16:00,2.62,3.39
500106079,16:00-18:00,5.55,2.97
500106079,18:00-20:00,3.05,3.09
500106079,20:00-22:00,2.81,1.55
500106079,22:00-24:00,0.96,1.21
500106080,00:00-02:00,2.18,0.87
500106080,02:00-04:00,0.72,1.11
500106080,04:00-06:00,1.92,6.37
500106080,06:00-08:00,13.74,12.01
500106080,08:00-10:00,15.55,12.2
500106080,10:00-12:00,11.01,11.18
500106080,12:00-14:00,13.91,11.89
500106080,14:00-16:00,13.49,15.17
500106080,16:00-18:00,18.17,20.82
500106080,18:00-20:00,18.39,17.84
500106080,20:00-22:00,13.81,12.11
500106080,22:00-24:00,9.24,6.8
500106083,00:00-02:00,1.39,0.94
500106083,02:00-04:00,0.85,1.66
500106083,04:00-06:00,0.89,2.88
500106083,06:00-08:00,3.05,3.7
500106083,08:00-10:00,6.99,4.39
500106083,10:00-12:00,3.75,3.86
500106083,12:00-14:00,5.42,4.7
500106083,14:00-16:00,5.05,5.67
500106083,16:00-18:00,5.46,9.39
500106083,18:00-20:00,7.58,6.03
500106083,20:00-22:00,4.7,2.94
500106083,22:00-24:00,2.85,1.3
500106084,00:00-02:00,3.12,2.38
500106084,02:00-04:00,0.97,1.16
500106084,04:00-06:00,0.71,1.64
500106084,06:00-08:00,6.11,5.07
500106084,08:00-10:00,10.36,13.19
500106084,10:00-12:00,9.14,8.89
500106084,12:00-14:00,11.8,13.75
500106084,14:00-16:00,11.37,11.85
500106084,16:00-18:00,13.62,14.62
500106084,18:00-20:00,13.2,12.48
500106084,20:00-22:00,11.25,8.09
500106084,22:00-24:00,7.39,3.85
500106085,00:00-02:00,0.54,1.3
500106085,02:00-04:00,0.3,0.11
500106085,04:00-06:00,0.45,0.09
500106085,06:00-08:00,1.75,10.31
500106085,08:00-10:00,9.37,7.92
500106085,10:00-12:00,5.97,4.96
500106085,12:00-14:00,8.55,7.39
500106085,14:00-16:00,4.95,4.75
500106085,16:00-18:00,15.53,7.65
500106085,18:00-20:00,4.14,4.57
500106085,20:00-22:00,4.08,2.68
500106085,22:00-24:00,1.67,1.39
500106086,00:00-02:00,0.44,0.33
500106086,02:00-04:00,0.25,0.02
500106086,04:00-06:00,0.47,0.18
500106086,06:00-08:00,0.64,6.42
500106086,08:00-10:00,6.7,7.15
500106086,10:00-12:00,3.5,3.57
500106086,12:00-14:00,5.74,4.27
500106086,14:00-16:00,3.39,2.85
500106086,16:00-18:00,9.45,6.47
500106086,18:00-20:00,4.24,2.2
500106086,20:00-22:00,1.66,0.86
500106086,22:00-24:00,0.81,1.37
500106087,00:00-02:00,0.59,0.68
500106087,02:00-04:00,0.2,0.17
500106087,04:00-06:00,0.5,0.24
500106087,06:00-08:00,3.95,4.9
500106087,08:00-10:00,6.52,4.99
500106087,10:00-12:00,5.24,3.66
500106087,12:00-14:00,4.29,4.26
500106087,14:00-16:00,4.42,4.22
500106087,16:00-18:00,6.27,6.04
500106087,18:00-20:00,5.22,6.34
500106087,20:00-22:00,3.29,4.67
500106087,22:00-24:00,2.23,3.08
500106088,00:00-02:00,1.46,0.74
500106088,02:00-04:00,1.25,0.26
500106088,04:00-06:00,0.75,0.5
500106088,06:00-08:00,3.9,2.3
500106088,08:00-10:00,7.26,7.3
500106088,10:00-12:00,7.09,5.66
500106088,12:00-14:00,5.87,7.48
500106088,14:00-16:00,5.52,5.97
500106088,16:00-18:00,7.86,7.34
500106088,18:00-20:00,6.63,6.3
500106088,20:00-22:00,4.35,5.0
500106088,22:00-24:00,0.8,3.22
500106089,00:00-02:00,1.56,1.37
500106089,02:00-04:00,0.34,0.32
500106089,04:00-06:00,0.36,0.41
500106089,06:00-08:00,5.87,4.24
500106089,08:00-10:00,8.88,8.97
500106089,10:00-12:00,8.35,8.24
500106089,12:00-14:00,11.02,13.09
500106089,14:00-16:00,9.71,8.24
500106089,16:00-18:00,12.67,11.72
500106089,18:00-20:00,12.3,11.22
500106089,20:00-22:00,7.77,6.28
500106089,22:00-24:00,4.74,7.17
500106090,00:00-02:00,0.69,0.68
500106090,02:00-04:00,0.41,0.2
500106090,04:00-06:00,0.46,0.25
500106090,06:00-08:00,1.79,2.22
500106090,08:00-10:00,7.88,4.33
500106090,10:00-12:00,7.04,6.22
500106090,12:00-14:00,7.2,7.07
500106090,14:00-16:00,7.96,6.46
500106090,16:00-18:00,10.82,12.56
500106090,18:00-20:00,8.67,9.12
500106090,20:00-22:00,8.45,5.23
500106090,22:00-24:00,3.24,3.99
500106091,00:00-02:00,0.51,0.49
500106091,02:00-04:00,0.57,0.25
500106091,04:00-06:00,0.3,0.23
500106091,06:00-08:00,3.76,8.27
500106091,08:00-10:00,7.84,14.73
500106091,10:00-12:00,7.75,6.97
500106091,12:00-14:00,10.32,11.4
500106091,14:00-16:00,8.46,7.55
500106091,16:00-18:00,19.7,11.1
500106091,18:00-20:00,11.58,7.93
500106091,20:00-22:00,5.63,3.32
500106091,22:00-24:00,1.77,2.69
500106092,00:00-02:00,3.61,2.43
500106092,02:00-04:00,1.4,3.41
500106092,04:00-06:00,1.02,1.3
500106092,06:00-08:00,10.31,8.43
500106092,08:00-10:00,12.51,16.12
500106092,10:00-12:00,10.16,11.71
500106092,12:00-14:00,13.47,13.84
500106092,14:00-16:00,12.09,11.77
500106092,16:00-18:00,15.98,19.5
500106092,18:00-20:00,16.49,13.63
500106092,20:00-22:00,12.96,8.41
500106092,22:00-24:00,7.9,5.94
500106093,00:00-02:00,1.01,1.38
500106093,02:00-04:00,0.45,0.48
500106093,04:00-06:00,0.48,0.19
500106093,06:00-08:00,3.73,1.41
500106093,08:00-10:00,6.95,6.4
500106093,10:00-12:00,5.65,3.8
500106093,12:00-14:00,5.34,5.42
500106093,14:00-16:00,4.96,4.82
500106093,16:00-18:00,6.41,6.61
500106093,18:00-20:00,5.59,6.87
500106093,20:00-22:00,2.5,4.61
500106093,22:00-24:00,1.48,2.45
500106094,00:00-02:00,0.9,0.6
500106094,02:00-04:00,0.25,0.36
500106094,04:00-06:00,0.95,0.16
500106094,06:00-08:00,3.4,1.61
500106094,08:00-10:00,6.75,6.18
500106094,10:00-12:00,5.47,3.41
500106094,12:00-14:00,4.97,4.41
500106094,14:00-16:00,4.08,3.86
500106094,16:00-18:00,5.3,5.92
500106094,18:00-20:00,5.58,6.25
500106094,20:00-22:00,3.82,5.52
500106094,22:00-24:00,0.84,3.07
500106095,00:00-02:00,0.66,1.03
500106095,02:00-04:00,0.82,0.14
500106095,04:00-06:00,1.34,0.2
500106095,06:00-08:00,7.11,4.97
500106095,08:00-10:00,11.33,16.43
500106095,10:00-12:00,10.02,6.8
500106095,12:00-14:00,10.55,9.91
500106095,14:00-16:00,8.07,8.16
500106095,16:00-18:00,12.61,9.21
500106095,18:00-20:00,9.62,9.04
500106095,20:00-22:00,5.28,8.26
500106095,22:00-24:00,2.95,4.04
500106096,00:00-02:00,2.14,2.42
500106096,02:00-04:00,0.25,0.73
500106096,04:00-06:00,1.57,0.43
500106096,06:00-08:00,8.99,4.2
500106096,08:00-10:00,8.91,8.41
500106096,10:00-12:00,8.06,6.18
500106096,12:00-14:00,8.18,8.7
500106096,14:00-16:00,6.17,5.71
500106096,16:00-18:00,9.77,12.35
500106096,18:00-20:00,12.73,12.02
500106096,20:00-22:00,7.36,11.88
500106096,22:00-24:00,6.53,6.36
500106097,00:00-02:00,0.21,0.79
500106097,02:00-04:00,0.7,0.14
500106097,04:00-06:00,0.7,0.09
500106097,06:00-08:00,4.14,6.07
500106097,08:00-10:00,8.34,10.3
500106097,10:00-12:00,5.77,3.5
500106097,12:00-14:00,7.79,6.91
500106097,14:00-16:00,4.33,3.12
500106097,16:00-18:00,7.54,3.79
500106097,18:00-20:00,3.68,4.45
500106097,20:00-22:00,1.6,3.8
500106097,22:00-24:00,1.64,2.66
500106098,00:00-02:00,0.49,0.92
500106098,02:00-04:00,0.59,0.3
500106098,04:00-06:00,0.61,0.41
500106098,06:00-08:00,3.53,4.32
500106098,08:00-10:00,8.38,12.9
500106098,10:00-12:00,8.72,9.63
500106098,12:00-14:00,11.94,11.87
500106098,14:00-16:00,10.19,8.6
500106098,16:00-18:00,16.83,12.26
500106098,18:00-20:00,10.03,8.82
500106098,20:00-22:00,5.02,4.61
500106098,22:00-24:00,2.03,2.66
500106099,00:00-02:00,0.64,0.42
500106099,02:00-04:00,0.38,0.36
500106099,04:00-06:00,0.14,0.25
500106099,06:00-08:00,1.63,0.98
500106099,08:00-10:00,2.01,3.59
500106099,10:00-12:00,2.71,2.11
500106099,12:00-14:00,2.72,2.88
500106099,14:00-16:00,2.02,2.05
500106099,16:00-18:00,3.72,3.54
500106099,18:00-20:00,3.12,2.27
500106099,20:00-22:00,2.33,1.73
500106099,22:00-24:00,1.44,1.05
500106100,00:00-02:00,0.88,0.85
500106100,02:00-04:00,0.79,0.18
500106100,04:00-06:00,0.21,0.41
500106100,06:00-08:00,2.18,3.34
500106100,08:00-10:00,4.86,9.98
500106100,10:00-12:00,5.52,6.73
500106100,12:00-14:00,8.72,8.4
500106100,14:00-16:00,6.23,6.21
500106100,16:00-18:00,10.09,8.77
500106100,18:00-20:00,9.6,4.82
500106100,20:00-22:00,4.33,3.8
500106100,22:00-24:00,3.64,2.09
500106101,00:00-02:00,0.93,0.68
500106101,02:00-04:00,0.11,0.16
500106101,04:00-06:00,0.41,0.64
500106101,06:00-08:00,2.48,1.39
500106101,08:00-10:00,4.5,5.17
500106101,10:00-12:00,2.93,2.68
500106101,12:00-14:00,4.31,5.21
500106101,14:00-16:00,3.28,2.88
500106101,16:00-18:00,3.71,3.38
500106101,18:00-20:00,2.97,3.11
500106101,20:00-22:00,2.26,1.99
500106101,22:00-24:00,1.54,1.12
500106102,00:00-02:00,1.13,1.72
500106102,02:00-04:00,0.91,0.32
500106102,04:00-06:00,0.13,0.93
500106102,06:00-08:00,5.09,5.69
500106102,08:00-10:00,12.8,11.76
500106102,10:00-12:00,9.6,10.52
500106102,12:00-14:00,13.66,13.07
500106102,14:00-16:00,13.33,12.81
500106102,16:00-18:00,16.33,16.2
500106102,18:00-20:00,15.49,14.1
500106102,20:00-22:00,9.16,7.41
500106102,22:00-24:00,4.59,3.69
500106103,00:00-02:00,1.43,1.35
500106103,02:00-04:00,0.4,0.43
500106103,04:00-06:00,0.21,0.45
500106103,06:00-08:00,3.29,1.95
500106103,08:00-10:00,5.35,5.41
500106103,10:00-12:00,5.58,5.89
500106103,12:00-14:00,7.71,6.61
500106103,14:00-16:00,6.83,6.24
500106103,16:00-18:00,10.0,9.99
500106103,18:00-20:00,9.63,9.88
500106103,20:00-22:00,9.03,6.8
500106103,22:00-24:00,3.46,3.62
500106104,00:00-02:00,2.35,2.0
500106104,02:00-04:00,0.83,1.09
500106104,04:00-06:00,0.63,1.27
500106104,06:00-08:00,7.1,6.73
500106104,08:00-10:00,12.49,12.94
500106104,10:00-12:00,10.86,10.69
500106104,12:00-14:00,13.05,17.89
500106104,14:00-16:00,12.95,12.81
500106104,16:00-18:00,14.25,14.54
500106104,18:00-20:00,10.47,8.98
500106104,20:00-22:00,7.53,5.43
500106104,22:00-24:00,4.47,3.05
500106105,00:00-02:00,2.84,3.44
500106105,02:00-04:00,0.77,1.05
500106105,04:00-06:00,0.99,2.55
500106105,06:00-08:00,11.02,11.94
500106105,08:00-10:00,15.39,18.14
500106105,10:00-12:00,13.24,14.44
500106105,12:00-14:00,17.97,20.44
500106105,14:00-16:00,15.09,15.81
500106105,16:00-18:00,20.15,21.68
500106105,18:00-20:00,17.7,16.62
500106105,20:00-22:00,13.25,11.04
500106105,22:00-24:00,6.57,4.51
500106106,00:00-02:00,1.47,1.58
500106106,02:00-04:00,0.3,0.11
500106106,04:00-06:00,0.43,0.55
500106106,06:00-08:00,2.93,6.19
500106106,08:00-10:00,9.93,10.87
500106106,10:00-12:00,7.68,8.33
500106106,12:00-14:00,11.97,11.58
500106106,14:00-16:00,8.29,7.15
500106106,16:00-18:00,15.47,9.32
500106106,18:00-20:00,8.71,9.61
500106106,20:00-22:00,7.39,5.75
500106106,22:00-24:00,2.69,3.33
500106107,00:00-02:00,0.05,0.28
500106107,02:00-04:00,0.0,0.34
500106107,04:00-06:00,0.2,0.57
500106107,06:00-08:00,2.76,6.58
500106107,08:00-10:00,7.58,9.13
500106107,10:00-12:00,8.66,4.64
500106107,12:00-14:00,7.99,9.74
500106107,14:00-16:00,5.39,4.8
500106107,16:00-18:00,9.58,6.03
500106107,18:00-20:00,6.02,4.41
500106107,20:00-22:00,3.37,2.86
500106107,22:00-24:00,1.49,1.27
500106108,00:00-02:00,1.04,0.93
500106108,02:00-04:00,0.28,0.11
500106108,04:00-06:00,0.77,0.45
500106108,06:00-08:00,3.66,2.42
500106108,08:00-10:00,4.85,6.11
500106108,10:00-12:00,4.71,3.84
500106108,12:00-14:00,4.54,4.0
500106108,14:00-16:00,4.58,4.64
500106108,16:00-18:00,7.83,10.41
500106108,18:00-20:00,10.8,10.51
500106108,20:00-22:00,6.12,6.85
500106108,22:00-24:00,2.58,2.88
500106109,00:00-02:00,0.12,0.47
500106109,02:00-04:00,0.45,0.32
500106109,04:00-06:00,0.18,0.43
500106109,06:00-08:00,3.5,4.18
500106109,08:00-10:00,6.52,5.33
500106109,10:00-12:00,4.79,5.82
500106109,12:00-14:00,6.32,6.48
500106109,14:00-16:00,5.27,5.41
500106109,16:00-18:00,7.31,5.31
500106109,18:00-20:00,4.56,3.07
500106109,20:00-22:00,1.77,2.27
500106109,22:00-24:00,1.06,1.39
500106110,00:00-02:00,2.86,3.09
500106110,02:00-04:00,0.86,0.93
500106110,04:00-06:00,1.12,2.46
500106110,06:00-08:00,12.9,11.72
500106110,08:00-10:00,19.6,17.46
500106110,10:00-12:00,15.19,16.13
500106110,12:00-14:00,19.51,18.71
500106110,14:00-16:00,16.31,17.2
500106110,16:00-18:00,22.71,21.52
500106110,18:00-20:00,20.61,19.69
500106110,20:00-22:00,15.62,14.1
500106110,22:00-24:00,11.09,7.67
500106111,00:00-02:00,0.52,0.94
500106111,02:00-04:00,0.19,0.25
500106111,04:00-06:00,0.12,0.95
500106111,06:00-08:00,2.44,5.2
500106111,08:00-10:00,4.95,6.74
500106111,10:00-12:00,4.84,4.84
500106111,12:00-14:00,6.88,6.39
500106111,14:00-16:00,5.84,6.17
500106111,16:00-18:00,8.49,6.29
500106111,18:00-20:00,7.84,8.38
500106111,20:00-22:00,6.91,2.57
500106111,22:00-24:00,1.68,1.0
500106112,00:00-02:00,4.08,3.13
500106112,02:00-04:00,1.83,1.54
500106112,04:00-06:00,1.19,4.0
500106112,06:00-08:00,7.68,12.26
500106112,08:00-10:00,17.48,19.44
500106112,10:00-12:00,16.58,17.48
500106112,12:00-14:00,22.67,24.84
500106112,14:00-16:00,21.83,20.9
500106112,16:00-18:00,24.53,26.13
500106112,18:00-20:00,22.73,20.42
500106112,20:00-22:00,18.54,13.26
500106112,22:00-24:00,9.88,8.42
500106113,00:00-02:00,1.18,1.73
500106113,02:00-04:00,0.8,0.44
500106113,04:00-06:00,0.36,0.16
500106113,06:00-08:00,5.99,2.46
500106113,08:00-10:00,7.83,8.85
500106113,10:00-12:00,7.45,7.67
500106113,12:00-14:00,9.74,8.9
500106113,14:00-16:00,7.23,8.01
500106113,16:00-18:00,10.38,9.8
500106113,18:00-20:00,8.99,10.52
500106113,20:00-22:00,6.04,6.6
500106113,22:00-24:00,2.17,3.35
500106114,00:00-02:00,1.86,1.48
500106114,02:00-04:00,0.55,0.94
500106114,04:00-06:00,1.16,0.37
500106114,06:00-08:00,6.75,3.41
500106114,08:00-10:00,8.87,9.13
500106114,10:00-12:00,7.4,6.02
500106114,12:00-14:00,8.79,7.76
500106114,14:00-16:00,6.57,6.23
500106114,16:00-18:00,8.38,8.16
500106114,18:00-20:00,8.24,10.46
500106114,20:00-22:00,4.23,7.27
500106114,22:00-24:00,2.75,4.01
500106115,00:00-02:00,0.21,0.31
500106115,02:00-04:00,0.34,0.17
500106115,04:00-06:00,0.36,0.19
500106115,06:00-08:00,2.18,0.61
500106115,08:00-10:00,4.53,3.93
500106115,10:00-12:00,3.73,3.61
500106115,12:00-14:00,5.22,3.79
500106115,14:00-16:00,3.35,3.3
500106115,16:00-18:00,4.4,4.36
500106115,18:00-20:00,3.99,3.68
500106115,20:00-22:00,1.6,3.14
500106115,22:00-24:00,1.0,1.91
500106116,00:00-02:00,1.77,1.68
500106116,02:00-04:00,0.34,0.9
500106116,04:00-06:00,1.86,1.18
500106116,06:00-08:00,10.46,7.23
500106116,08:00-10:00,10.73,8.25
500106116,10:00-12:00,8.72,7.6
500106116,12:00-14:00,7.11,6.4
500106116,14:00-16:00,7.51,8.01
500106116,16:00-18:00,12.75,14.01
500106116,18:00-20:00,14.95,14.65
500106116,20:00-22:00,8.44,12.46
500106116,22:00-24:00,5.21,6.33
500106117,00:00-02:00,1.39,1.5
500106117,02:00-04:00,0.16,0.31
500106117,04:00-06:00,1.25,0.61
500106117,06:00-08:00,8.95,2.3
500106117,08:00-10:00,5.75,4.55
500106117,10:00-12:00,5.7,4.88
500106117,12:00-14:00,5.59,6.16
500106117,14:00-16:00,4.89,4.87
500106117,16:00-18:00,6.12,8.31
500106117,18:00-20:00,5.7,7.21
500106117,20:00-22:00,2.89,6.24
500106117,22:00-24:00,2.16,3.25
500106118,00:00-02:00,1.29,1.23
500106118,02:00-04:00,0.36,0.68
500106118,04:00-06:00,0.28,0.68
500106118,06:00-08:00,6.59,6.77
500106118,08:00-10:00,11.42,12.28
500106118,10:00-12:00,13.36,14.14
500106118,12:00-14:00,18.9,18.32
500106118,14:00-16:00,14.28,13.79
500106118,16:00-18:00,17.29,16.04
500106118,18:00-20:00,14.63,11.79
500106118,20:00-22:00,8.52,7.54
500106118,22:00-24:00,4.77,4.53
500106119,00:00-02:00,1.51,1.17
500106119,02:00-04:00,0.3,0.59
500106119,04:00-06:00,0.61,0.38
500106119,06:00-08:00,7.33,2.52
500106119,08:00-10:00,9.33,6.82
500106119,10:00-12:00,7.9,5.07
500106119,12:00-14:00,7.94,6.45
500106119,14:00-16:00,6.0,5.5
500106119,16:00-18:00,5.76,9.26
500106119,18:00-20:00,10.87,11.05
500106119,20:00-22:00,6.41,7.94
500106119,22:00-24:00,3.0,5.32
500106120,00:00-02:00,2.17,1.58
500106120,02:00-04:00,0.34,0.28
500106120,04:00-06:00,0.66,0.52
500106120,06:00-08:00,8.34,2.25
500106120,08:00-10:00,10.55,8.32
500106120,10:00-12:00,6.98,5.09
500106120,12:00-14:00,8.65,7.0
500106120,14:00-16:00,6.34,5.85
500106120,16:00-18:00,7.8,10.42
500106120,18:00-20:00,10.83,11.1
500106120,20:00-22:00,4.94,9.65
500106120,22:00-24:00,4.3,6.32
500106121,00:00-02:00,0.42,1.18
500106121,02:00-04:00,0.48,0.27
500106121,04:00-06:00,0.98,1.09
500106121,06:00-08:00,9.82,19.67
500106121,08:00-10:00,19.7,21.52
500106121,10:00-12:00,14.34,12.14
500106121,12:00-14:00,16.91,15.28
500106121,14:00-16:00,15.34,11.4
500106121,16:00-18:00,26.76,19.67
500106121,18:00-20:00,16.12,14.13
500106121,20:00-22:00,11.3,9.59
500106121,22:00-24:00,2.81,5.26
500106122,00:00-02:00,0.33,0.48
500106122,02:00-04:00,0.09,0.14
500106122,04:00-06:00,0.07,0.02
500106122,06:00-08:00,3.44,1.3
500106122,08:00-10:00,3.84,3.41
500106122,10:00-12:00,1.8,2.27
500106122,12:00-14:00,2.38,1.61
500106122,14:00-16:00,1.89,1.63
500106122,16:00-18:00,3.44,3.65
500106122,18:00-20:00,2.08,2.15
500106122,20:00-22:00,1.25,2.43
500106122,22:00-24:00,1.03,1.59
500106123,00:00-02:00,2.44,2.43
500106123,02:00-04:00,0.75,0.48
500106123,04:00-06:00,1.46,0.57
500106123,06:00-08:00,5.22,3.41
500106123,08:00-10:00,10.02,9.34
500106123,10:00-12:00,9.96,8.34
500106123,12:00-14:00,10.72,10.63
500106123,14:00-16:00,9.64,9.8
500106123,16:00-18:00,11.61,12.33
500106123,18:00-20:00,12.0,12.97
500106123,20:00-22:00,8.51,9.13
500106123,22:00-24:00,5.6,5.35
500106124,00:00-02:00,1.23,1.41
500106124,02:00-04:00,0.41,0.58
500106124,04:00-06:00,0.93,0.42
500106124,06:00-08:00,4.52,2.1
500106124,08:00-10:00,6.49,5.83
500106124,10:00-12:00,7.67,7.44
500106124,12:00-14:00,9.49,9.97
500106124,14:00-16:00,8.98,10.12
500106124,16:00-18:00,10.3,11.47
500106124,18:00-20:00,10.93,11.1
500106124,20:00-22:00,7.58,8.2
500106124,22:00-24:00,3.86,5.27
500106125,00:00-02:00,1.27,1.58
500106125,02:00-04:00,0.34,0.42
500106125,04:00-06:00,0.49,0.3
500106125,06:00-08:00,3.98,3.4
500106125,08:00-10:00,6.16,4.73
500106125,10:00-12:00,3.68,3.57
500106125,12:00-14:00,4.77,3.71
500106125,14:00-16:00,3.47,3.44
500106125,16:00-18:00,6.17,7.31
500106125,18:00-20:00,7.89,9.55
500106125,20:00-22:00,3.69,5.39
500106125,22:00-24:00,4.0,3.58
500106126,00:00-02:00,0.91,1.23
500106126,02:00-04:00,0.61,0.77
500106126,04:00-06:00,0.97,2.61
500106126,06:00-08:00,8.25,7.81
500106126,08:00-10:00,12.36,13.07
500106126,10:00-12:00,10.47,12.77
500106126,12:00-14:00,15.6,15.36
500106126,14:00-16:00,11.93,11.14
500106126,16:00-18:00,15.82,16.13
500106126,18:00-20:00,14.75,13.64
500106126,20:00-22:00,9.82,7.48
500106126,22:00-24:00,4.64,4.48
500106127,00:00-02:00,0.68,0.81
500106127,02:00-04:00,0.39,0.35
500106127,04:00-06:00,0.34,0.75
500106127,06:00-08:00,3.48,3.98
500106127,08:00-10:00,9.57,11.8
500106127,10:00-12:00,7.73,7.04
500106127,12:00-14:00,9.71,10.79
500106127,14:00-16:00,7.14,5.34
500106127,16:00-18:00,7.63,6.77
500106127,18:00-20:00,6.74,6.61
500106127,20:00-22:00,4.61,4.04
500106127,22:00-24:00,1.5,2.02
500106128,00:00-02:00,1.01,0.51
500106128,02:00-04:00,0.32,0.29
500106128,04:00-06:00,0.68,0.66
500106128,06:00-08:00,6.7,3.49
500106128,08:00-10:00,9.38,7.0
500106128,10:00-12:00,5.68,3.86
500106128,12:00-14:00,5.37,4.11
500106128,14:00-16:00,4.41,4.09
500106128,16:00-18:00,6.42,7.4
500106128,18:00-20:00,5.99,8.79
500106128,20:00-22:00,4.92,7.27
500106128,22:00-24:00,2.32,4.93
500106129,00:00-02:00,0.73,1.2
500106129,02:00-04:00,0.14,0.41
500106129,04:00-06:00,0.86,0.45
500106129,06:00-08:00,4.0,2.3
500106129,08:00-10:00,3.59,3.55
500106129,10:00-12:00,4.43,3.04
500106129,12:00-14:00,3.93,3.23
500106129,14:00-16:00,4.05,3.8
500106129,16:00-18:00,4.24,5.85
500106129,18:00-20:00,5.36,5.7
500106129,20:00-22:00,3.85,4.68
500106129,22:00-24:00,1.84,2.57
500106130,00:00-02:00,0.75,0.98
500106130,02:00-04:00,0.32,0.28
500106130,04:00-06:00,0.82,0.1
500106130,06:00-08:00,3.07,1.57
500106130,08:00-10:00,6.08,4.34
500106130,10:00-12:00,4.3,3.49
500106130,12:00-14:00,4.04,3.74
500106130,14:00-16:00,3.25,3.06
500106130,16:00-18:00,4.32,6.42
500106130,18:00-20:00,6.58,5.93
500106130,20:00-22:00,3.45,4.18
500106130,22:00-24:00,1.62,2.24
500106131,00:00-02:00,0.05,0.35
500106131,02:00-04:00,0.36,0.07
500106131,04:00-06:00,0.73,0.07
500106131,06:00-08:00,3.09,1.73
500106131,08:00-10:00,3.73,8.77
500106131,10:00-12:00,4.15,3.26
500106131,12:00-14:00,4.47,4.14
500106131,14:00-16:00,3.32,3.13
500106131,16:00-18:00,7.88,4.36
500106131,18:00-20:00,3.83,3.29
500106131,20:00-22:00,1.88,2.16
500106131,22:00-24:00,0.75,1.64
500106132,00:00-02:00,0.8,0.9
500106132,02:00-04:00,1.34,0.09
500106132,04:00-06:00,0.23,0.25
500106132,06:00-08:00,0.98,14.94
500106132,08:00-10:00,9.07,12.02
500106132,10:00-12:00,9.63,8.04
500106132,12:00-14:00,13.4,13.48
500106132,14:00-16:00,7.21,6.61
500106132,16:00-18:00,17.66,7.07
500106132,18:00-20:00,8.03,6.04
500106132,20:00-22:00,3.85,3.25
500106132,22:00-24:00,1.84,1.43
500106133,00:00-02:00,0.2,0.42
500106133,02:00-04:00,0.07,0.23
500106133,04:00-06:00,0.2,0.2
500106133,06:00-08:00,2.06,3.25
500106133,08:00-10:00,3.15,5.29
500106133,10:00-12:00,4.34,3.32
500106133,12:00-14:00,7.35,7.44
500106133,14:00-16:00,4.73,4.25
500106133,16:00-18:00,7.42,4.64
500106133,18:00-20:00,4.11,3.0
500106133,20:00-22:00,2.94,2.49
500106133,22:00-24:00,1.14,1.59
500106134,00:00-02:00,0.14,0.45
500106134,02:00-04:00,0.09,0.25
500106134,04:00-06:00,0.18,0.25
500106134,06:00-08:00,3.29,1.7
500106134,08:00-10:00,3.68,2.89
500106134,10:00-12:00,2.53,1.87
500106134,12:00-14:00,2.71,2.14
500106134,14:00-16:00,1.6,1.57
500106134,16:00-18:00,3.02,2.99
500106134,18:00-20:00,2.62,3.5
500106134,20:00-22:00,1.89,3.1
500106134,22:00-24:00,1.53,1.89
500106135,00:00-02:00,5.06,3.96
500106135,02:00-04:00,1.51,0.98
500106135,04:00-06:00,1.1,1.21
500106135,06:00-08:00,3.86,5.57
500106135,08:00-10:00,12.46,9.78
500106135,10:00-12:00,12.99,16.33
500106135,12:00-14:00,24.73,23.25
500106135,14:00-16:00,17.89,18.28
500106135,16:00-18:00,21.41,28.02
500106135,18:00-20:00,31.86,27.42
500106135,20:00-22:00,23.04,21.97
500106135,22:00-24:00,13.6,9.81
500106136,00:00-02:00,3.2,2.99
500106136,02:00-04:00,1.97,0.91
500106136,04:00-06:00,1.59,1.84
500106136,06:00-08:00,6.17,6.23
500106136,08:00-10:00,7.52,5.09
500106136,10:00-12:00,6.53,5.48
500106136,12:00-14:00,6.35,7.27
500106136,14:00-16:00,10.64,8.55
500106136,16:00-18:00,11.36,14.17
500106136,18:00-20:00,11.2,12.22
500106136,20:00-22:00,10.6,10.26
500106136,22:00-24:00,6.5,5.74
500106137,00:00-02:00,0.67,0.71
500106137,02:00-04:00,0.09,0.02
500106137,04:00-06:00,0.11,0.18
500106137,06:00-08:00,5.58,4.27
500106137,08:00-10:00,6.23,6.39
500106137,10:00-12:00,5.23,4.93
500106137,12:00-14:00,6.1,7.61
500106137,14:00-16:00,6.11,5.32
500106137,16:00-18:00,9.04,9.16
500106137,18:00-20:00,7.33,4.02
500106137,20:00-22:00,5.36,4.05
500106137,22:00-24:00,2.83,2.19
500106138,00:00-02:00,0.43,0.47
500106138,02:00-04:00,0.11,0.07
500106138,04:00-06:00,0.2,0.2
500106138,06:00-08:00,2.45,2.57
500106138,08:00-10:00,3.72,3.89
500106138,10:00-12:00,3.23,4.26
500106138,12:00-14:00,3.8,4.82
500106138,14:00-16:00,3.59,4.11
500106138,16:00-18:00,5.08,3.27
500106138,18:00-20:00,4.73,3.32
500106138,20:00-22:00,3.29,2.36
500106138,22:00-24:00,1.05,1.78
500106142,00:00-02:00,1.54,1.6
500106142,02:00-04:00,0.76,0.32
500106142,04:00-06:00,0.15,0.5
500106142,06:00-08:00,1.49,2.27
500106142,08:00-10:00,3.8,3.59
500106142,10:00-12:00,3.48,3.63
500106142,12:00-14:00,4.83,6.26
500106142,14:00-16:00,4.04,4.79
500106142,16:00-18:00,7.44,3.86
500106142,18:00-20:00,6.68,5.46
500106142,20:00-22:00,3.93,3.09
500106142,22:00-24:00,3.7,2.85
500106143,00:00-02:00,0.52,0.24
500106143,02:00-04:00,0.18,0.25
500106143,04:00-06:00,0.36,0.15
500106143,06:00-08:00,3.48,2.63
500106143,08:00-10:00,6.23,3.36
500106143,10:00-12:00,2.73,2.09
500106143,12:00-14:00,3.41,4.25
500106143,14:00-16:00,3.37,4.83
500106143,16:00-18:00,7.46,5.24
500106143,18:00-20:00,3.65,4.87
500106143,20:00-22:00,2.02,4.17
500106143,22:00-24:00,1.25,2.1
500106144,00:00-02:00,0.14,0.66
500106144,02:00-04:00,0.03,0.14
500106144,04:00-06:00,0.09,0.16
500106144,06:00-08:00,0.93,3.49
500106144,08:00-10:00,4.57,5.98
500106144,10:00-12:00,6.53,4.58
500106144,12:00-14:00,6.71,7.88
500106144,14:00-16:00,5.26,4.05
500106144,16:00-18:00,5.47,3.18
500106144,18:00-20:00,3.64,3.27
500106144,20:00-22:00,2.13,1.33
500106144,22:00-24:00,1.16,0.55
500106145,00:00-02:00,0.75,0.99
500106145,02:00-04:00,0.59,0.28
500106145,04:00-06:00,0.3,0.2
500106145,06:00-08:00,2.27,1.18
500106145,08:00-10:00,2.48,2.64
500106145,10:00-12:00,2.14,2.15
500106145,12:00-14:00,2.94,2.21
500106145,14:00-16:00,2.35,1.64
500106145,16:00-18:00,2.31,3.97
500106145,18:00-20:00,3.67,3.98
500106145,20:00-22:00,3.26,2.85
500106145,22:00-24:00,1.76,2.54
500106146,00:00-02:00,0.53,0.52
500106146,02:00-04:00,0.1,0.09
500106146,04:00-06:00,0.0,0.07
500106146,06:00-08:00,2.82,2.41
500106146,08:00-10:00,4.31,5.89
500106146,10:00-12:00,4.24,3.93
500106146,12:00-14:00,5.53,6.35
500106146,14:00-16:00,3.85,3.91
500106146,16:00-18:00,7.39,4.01
500106146,18:00-20:00,4.79,3.27
500106146,20:00-22:00,3.54,2.32
500106146,22:00-24:00,1.65,2.48
500106147,00:00-02:00,0.92,0.76
500106147,02:00-04:00,0.2,0.11
500106147,04:00-06:00,0.27,0.48
500106147,06:00-08:00,2.21,2.8
500106147,08:00-10:00,5.92,4.69
500106147,10:00-12:00,3.84,3.55
500106147,12:00-14:00,4.91,5.37
500106147,14:00-16:00,4.04,3.65
500106147,16:00-18:00,5.34,4.45
500106147,18:00-20:00,3.8,4.28
500106147,20:00-22:00,2.46,2.44
500106147,22:00-24:00,1.93,1.89
500106149,00:00-02:00,0.64,1.25
500106149,02:00-04:00,0.14,0.48
500106149,04:00-06:00,1.57,0.65
500106149,06:00-08:00,4.63,3.67
500106149,08:00-10:00,4.4,3.97
500106149,10:00-12:00,2.58,3.43
500106149,12:00-14:00,5.02,3.97
500106149,14:00-16:00,2.85,2.87
500106149,16:00-18:00,4.72,7.35
500106149,18:00-20:00,9.68,9.92
500106149,20:00-22:00,5.93,7.23
500106149,22:00-24:00,4.26,3.53
500106150,00:00-02:00,1.84,2.73
500106150,02:00-04:00,0.61,0.6
500106150,04:00-06:00,2.09,1.19
500106150,06:00-08:00,6.7,4.66
500106150,08:00-10:00,7.14,7.57
500106150,10:00-12:00,6.53,7.73
500106150,12:00-14:00,10.44,10.52
500106150,14:00-16:00,9.33,7.78
500106150,16:00-18:00,11.24,17.88
500106150,18:00-20:00,19.29,20.07
500106150,20:00-22:00,15.93,13.83
500106150,22:00-24:00,8.74,7.15
500107001,00:00-02:00,2.14,0.7
500107001,02:00-04:00,0.11,0.11
500107001,04:00-06:00,0.86,0.55
500107001,06:00-08:00,6.98,3.55
500107001,08:00-10:00,6.22,4.35
500107001,10:00-12:00,5.65,5.68
500107001,12:00-14:00,5.46,6.29
500107001,14:00-16:00,5.01,5.44
500107001,16:00-18:00,9.58,7.7
500107001,18:00-20:00,7.3,8.37
500107001,20:00-22:00,4.51,7.68
500107001,22:00-24:00,1.57,3.21
500107002,00:00-02:00,0.65,0.26
500107002,02:00-04:00,0.14,0.05
500107002,04:00-06:00,0.36,1.84
500107002,06:00-08:00,2.11,4.29
500107002,08:00-10:00,4.77,3.78
500107002,10:00-12:00,4.43,4.66
500107002,12:00-14:00,3.26,3.13
500107002,14:00-16:00,3.24,3.78
500107002,16:00-18:00,5.29,3.47
500107002,18:00-20:00,3.85,2.7
500107002,20:00-22:00,2.62,1.95
500107002,22:00-24:00,0.91,1.3
500107003,00:00-02:00,0.64,0.14
500107003,02:00-04:00,0.02,0.18
500107003,04:00-06:00,0.16,0.16
500107003,06:00-08:00,2.01,1.52
500107003,08:00-10:00,2.43,3.61
500107003,10:00-12:00,2.25,1.95
500107003,12:00-14:00,2.33,2.61
500107003,14:00-16:00,1.34,2.73
500107003,16:00-18:00,3.5,2.35
500107003,18:00-20:00,3.96,2.27
500107003,20:00-22:00,1.2,1.57
500107003,22:00-24:00,0.58,0.89
500107004,00:00-02:00,0.0,0.31
500107004,02:00-04:00,0.02,0.0
500107004,04:00-06:00,0.02,0.02
500107004,06:00-08:00,1.54,0.07
500107004,08:00-10:00,1.65,0.77
500107004,10:00-12:00,1.38,0.41
500107004,12:00-14:00,1.15,1.79
500107004,14:00-16:00,0.75,1.07
500107004,16:00-18:00,0.6,0.3
500107004,18:00-20:00,0.85,1.38
500107004,20:00-22:00,0.33,0.89
500107004,22:00-24:00,0.09,0.66
500107005,00:00-02:00,1.96,2.24
500107005,02:00-04:00,0.3,0.25
500107005,04:00-06:00,0.84,0.57
500107005,06:00-08:00,3.54,8.89
500107005,08:00-10:00,10.35,9.88
500107005,10:00-12:00,6.75,4.83
500107005,12:00-14:00,7.22,7.72
500107005,14:00-16:00,6.99,8.26
500107005,16:00-18:00,14.02,5.96
500107005,18:00-20:00,7.35,7.36
500107005,20:00-22:00,5.42,5.43
500107005,22:00-24:00,3.61,3.89
500107006,00:00-02:00,0.16,0.85
500107006,02:00-04:00,0.32,0.02
500107006,04:00-06:00,0.07,0.09
500107006,06:00-08:00,3.05,3.29
500107006,08:00-10:00,4.83,6.02
500107006,10:00-12:00,4.34,3.75
500107006,12:00-14:00,4.67,4.29
500107006,14:00-16:00,4.03,3.62
500107006,16:00-18:00,6.83,5.32
500107006,18:00-20:00,5.98,4.86
500107006,20:00-22:00,4.24,3.14
500107006,22:00-24:00,1.74,2.73
500107007,00:00-02:00,1.07,1.96
500107007,02:00-04:00,0.32,0.23
500107007,04:00-06:00,1.02,0.32
500107007,06:00-08:00,2.39,2.25
500107007,08:00-10:00,3.89,3.43
500107007,10:00-12:00,4.84,4.02
500107007,12:00-14:00,4.66,4.59
500107007,14:00-16:00,4.56,5.78
500107007,16:00-18:00,7.91,5.5
500107007,18:00-20:00,7.02,7.66
500107007,20:00-22:00,5.24,5.23
500107007,22:00-24:00,2.51,3.66
500107008,00:00-02:00,1.99,3.98
500107008,02:00-04:00,0.05,0.0
500107008,04:00-06:00,0.5,0.48
500107008,06:00-08:00,14.09,19.2
500107008,08:00-10:00,23.58,16.23
500107008,10:00-12:00,11.23,13.79
500107008,12:00-14:00,10.38,14.14
500107008,14:00-16:00,15.18,10.83
500107008,16:00-18:00,19.98,21.64
500107008,18:00-20:00,20.56,17.21
500107008,20:00-22:00,17.32,11.66
500107008,22:00-24:00,10.14,5.1
500107009,00:00-02:00,1.04,1.53
500107009,02:00-04:00,0.2,0.18
500107009,04:00-06:00,0.8,0.32
500107009,06:00-08:00,9.41,6.43
500107009,08:00-10:00,9.3,6.5
500107009,10:00-12:00,7.89,6.29
500107009,12:00-14:00,6.41,5.97
500107009,14:00-16:00,7.27,5.96
500107009,16:00-18:00,8.88,11.27
500107009,18:00-20:00,10.42,9.87
500107009,20:00-22:00,7.16,7.47
500107009,22:00-24:00,2.8,4.32
500107010,00:00-02:00,2.03,3.78
500107010,02:00-04:00,0.25,0.27
500107010,04:00-06:00,1.96,1.27
500107010,06:00-08:00,20.11,13.3
500107010,08:00-10:00,18.33,15.44
500107010,10:00-12:00,12.32,11.54
500107010,12:00-14:00,14.02,13.56
500107010,14:00-16:00,11.48,12.86
500107010,16:00-18:00,16.45,22.08
500107010,18:00-20:00,24.68,21.95
500107010,20:00-22:00,15.98,16.55
500107010,22:00-24:00,5.26,8.41
500107011,00:00-02:00,1.13,1.58
500107011,02:00-04:00,0.14,0.34
500107011,04:00-06:00,0.52,0.89
500107011,06:00-08:00,6.93,6.8
500107011,08:00-10:00,10.67,8.52
500107011,10:00-12:00,5.26,5.59
500107011,12:00-14:00,6.71,7.32
500107011,14:00-16:00,6.56,6.82
500107011,16:00-18:00,11.37,10.05
500107011,18:00-20:00,10.65,9.84
500107011,20:00-22:00,8.96,6.39
500107011,22:00-24:00,4.77,4.51
500107012,00:00-02:00,3.41,2.66
500107012,02:00-04:00,1.38,1.7
500107012,04:00-06:00,0.98,1.55
500107012,06:00-08:00,6.95,9.7
500107012,08:00-10:00,14.16,24.38
500107012,10:00-12:00,13.68,16.28
500107012,12:00-14:00,17.15,18.54
500107012,14:00-16:00,17.35,17.43
500107012,16:00-18:00,25.03,19.24
500107012,18:00-20:00,23.35,21.07
500107012,20:00-22:00,16.2,11.64
500107012,22:00-24:00,7.66,5.39
500107013,00:00-02:00,3.65,3.21
500107013,02:00-04:00,0.91,3.93
500107013,04:00-06:00,1.0,2.61
500107013,06:00-08:00,12.75,13.76
500107013,08:00-10:00,25.02,20.11
500107013,10:00-12:00,17.91,16.72
500107013,12:00-14:00,19.45,21.16
500107013,14:00-16:00,17.43,16.76
500107013,16:00-18:00,24.77,22.69
500107013,18:00-20:00,21.41,18.86
500107013,20:00-22:00,17.07,13.86
500107013,22:00-24:00,11.24,10.54
500107014,00:00-02:00,1.3,1.13
500107014,02:00-04:00,0.71,0.61
500107014,04:00-06:00,0.64,0.91
500107014,06:00-08:00,6.25,7.95
500107014,08:00-10:00,16.2,17.9
500107014,10:00-12:00,10.37,11.7
500107014,12:00-14:00,11.13,12.04
500107014,14:00-16:00,10.21,11.36
500107014,16:00-18:00,15.06,14.55
500107014,18:00-20:00,11.73,12.1
500107014,20:00-22:00,7.5,6.74
500107014,22:00-24:00,5.18,2.95
500107015,00:00-02:00,0.4,1.08
500107015,02:00-04:00,0.41,0.59
500107015,04:00-06:00,0.59,0.2
500107015,06:00-08:00,2.18,0.36
500107015,08:00-10:00,5.16,3.25
500107015,10:00-12:00,2.89,1.93
500107015,12:00-14:00,3.04,2.77
500107015,14:00-16:00,2.51,2.25
500107015,16:00-18:00,3.17,3.63
500107015,18:00-20:00,2.5,4.86
500107015,20:00-22:00,2.32,2.64
500107015,22:00-24:00,1.8,2.34
500107016,00:00-02:00,1.84,1.79
500107016,02:00-04:00,1.5,1.41
500107016,04:00-06:00,1.93,0.95
500107016,06:00-08:00,6.73,4.05
500107016,08:00-10:00,12.41,10.68
500107016,10:00-12:00,9.45,6.25
500107016,12:00-14:00,10.32,9.68
500107016,14:00-16:00,7.6,8.39
500107016,16:00-18:00,10.71,12.22
500107016,18:00-20:00,9.84,13.13
500107016,20:00-22:00,6.5,9.18
500107016,22:00-24:00,4.8,5.53
500107017,00:00-02:00,5.49,3.82
500107017,02:00-04:00,4.0,3.2
500107017,04:00-06:00,3.05,2.11
500107017,06:00-08:00,6.82,4.48
500107017,08:00-10:00,13.62,12.39
500107017,10:00-12:00,10.37,8.29
500107017,12:00-14:00,10.18,11.7
500107017,14:00-16:00,10.41,12.58
500107017,16:00-18:00,12.56,14.12
500107017,18:00-20:00,13.05,16.63
500107017,20:00-22:00,11.75,12.1
500107017,22:00-24:00,9.29,7.92
500107018,00:00-02:00,0.44,0.52
500107018,02:00-04:00,0.12,0.18
500107018,04:00-06:00,0.21,0.27
500107018,06:00-08:00,1.76,3.66
500107018,08:00-10:00,5.56,6.44
500107018,10:00-12:00,5.0,4.93
500107018,12:00-14:00,6.19,6.42
500107018,14:00-16:00,5.53,5.38
500107018,16:00-18:00,8.38,6.62
500107018,18:00-20:00,6.81,6.91
500107018,20:00-22:00,4.92,2.77
500107018,22:00-24:00,2.16,1.62
500107019,00:00-02:00,0.65,0.73
500107019,02:00-04:00,0.07,0.14
500107019,04:00-06:00,0.32,0.66
500107019,06:00-08:00,3.6,7.57
500107019,08:00-10:00,8.95,8.36
500107019,10:00-12:00,6.8,5.99
500107019,12:00-14:00,8.77,9.02
500107019,14:00-16:00,8.06,7.44
500107019,16:00-18:00,11.02,7.01
500107019,18:00-20:00,8.52,6.68
500107019,20:00-22:00,4.84,4.07
500107019,22:00-24:00,2.88,2.73
500107020,00:00-02:00,1.86,1.63
500107020,02:00-04:00,0.73,0.95
500107020,04:00-06:00,0.98,1.05
500107020,06:00-08:00,8.87,1.68
500107020,08:00-10:00,7.95,6.48
500107020,10:00-12:00,5.35,4.61
500107020,12:00-14:00,5.02,3.77
500107020,14:00-16:00,4.58,4.12
500107020,16:00-18:00,6.01,6.42
500107020,18:00-20:00,4.22,8.29
500107020,20:00-22:00,3.7,5.82
500107020,22:00-24:00,2.96,4.64
500107021,00:00-02:00,2.71,3.09
500107021,02:00-04:00,3.61,1.43
500107021,04:00-06:00,2.27,2.59
500107021,06:00-08:00,15.58,9.0
500107021,08:00-10:00,16.59,15.9
500107021,10:00-12:00,19.11,16.67
500107021,12:00-14:00,13.88,10.63
500107021,14:00-16:00,9.84,7.78
500107021,16:00-18:00,11.64,16.6
500107021,18:00-20:00,14.65,15.38
500107021,20:00-22:00,9.81,12.28
500107021,22:00-24:00,8.36,9.16
500107022,00:00-02:00,1.61,1.13
500107022,02:00-04:00,0.92,1.02
500107022,04:00-06:00,0.39,1.3
500107022,06:00-08:00,5.14,5.57
500107022,08:00-10:00,7.64,17.16
500107022,10:00-12:00,11.2,7.16
500107022,12:00-14:00,11.43,9.84
500107022,14:00-16:00,9.5,7.34
500107022,16:00-18:00,13.42,9.46
500107022,18:00-20:00,9.98,8.63
500107022,20:00-22:00,4.51,4.95
500107022,22:00-24:00,4.52,4.85
500107023,00:00-02:00,3.82,4.67
500107023,02:00-04:00,1.48,1.36
500107023,04:00-06:00,4.02,1.71
500107023,06:00-08:00,22.86,9.93
500107023,08:00-10:00,21.57,21.68
500107023,10:00-12:00,18.85,18.11
500107023,12:00-14:00,17.73,17.49
500107023,14:00-16:00,14.99,14.24
500107023,16:00-18:00,17.56,24.67
500107023,18:00-20:00,20.88,21.98
500107023,20:00-22:00,15.48,20.61
500107023,22:00-24:00,11.18,13.23
500107024,00:00-02:00,3.23,3.63
500107024,02:00-04:00,0.28,0.66
500107024,04:00-06:00,1.27,2.68
500107024,06:00-08:00,21.48,34.42
500107024,08:00-10:00,33.66,39.83
500107024,10:00-12:00,26.69,27.41
500107024,12:00-14:00,30.53,26.0
500107024,14:00-16:00,26.24,26.48
500107024,16:00-18:00,40.23,33.8
500107024,18:00-20:00,36.85,34.45
500107024,20:00-22:00,31.62,24.18
500107024,22:00-24:00,20.38,15.61
500107025,00:00-02:00,1.15,3.15
500107025,02:00-04:00,0.55,1.19
500107025,04:00-06:00,1.66,0.84
500107025,06:00-08:00,7.35,4.1
500107025,08:00-10:00,9.42,8.32
500107025,10:00-12:00,8.94,10.22
500107025,12:00-14:00,10.82,9.95
500107025,14:00-16:00,9.39,10.6
500107025,16:00-18:00,12.55,12.55
500107025,18:00-20:00,14.06,14.53
500107025,20:00-22:00,11.25,11.43
500107025,22:00-24:00,6.33,6.49
500107026,00:00-02:00,0.55,0.64
500107026,02:00-04:00,0.34,0.07
500107026,04:00-06:00,0.41,0.07
500107026,06:00-08:00,1.36,1.48
500107026,08:00-10:00,4.37,4.89
500107026,10:00-12:00,3.38,2.16
500107026,12:00-14:00,3.11,3.57
500107026,14:00-16:00,2.76,2.8
500107026,16:00-18:00,4.73,3.85
500107026,18:00-20:00,3.38,3.32
500107026,20:00-22:00,1.93,1.94
500107026,22:00-24:00,1.3,1.52
500107027,00:00-02:00,1.43,1.65
500107027,02:00-04:00,1.49,0.34
500107027,04:00-06:00,0.93,0.68
500107027,06:00-08:00,2.93,8.5
500107027,08:00-10:00,11.02,18.09
500107027,10:00-12:00,9.56,12.11
500107027,12:00-14:00,12.09,13.92
500107027,14:00-16:00,12.08,10.14
500107027,16:00-18:00,17.59,13.41
500107027,18:00-20:00,16.05,10.56
500107027,20:00-22:00,7.33,4.68
500107027,22:00-24:00,4.74,3.12
500107028,00:00-02:00,2.18,7.35
500107028,02:00-04:00,0.51,10.02
500107028,04:00-06:00,1.05,6.41
500107028,06:00-08:00,13.93,8.71
500107028,08:00-10:00,25.73,16.47
500107028,10:00-12:00,18.56,17.54
500107028,12:00-14:00,23.0,23.9
500107028,14:00-16:00,21.32,19.24
500107028,16:00-18:00,24.6,23.48
500107028,18:00-20:00,25.04,21.95
500107028,20:00-22:00,17.14,13.0
500107028,22:00-24:00,9.71,8.76
500107029,00:00-02:00,2.59,4.0
500107029,02:00-04:00,1.23,1.46
500107029,04:00-06:00,1.61,0.64
500107029,06:00-08:00,9.65,5.02
500107029,08:00-10:00,15.23,23.06
500107029,10:00-12:00,14.88,13.61
500107029,12:00-14:00,15.84,15.99
500107029,14:00-16:00,11.46,12.29
500107029,16:00-18:00,19.42,14.91
500107029,18:00-20:00,16.85,16.8
500107029,20:00-22:00,12.15,11.93
500107029,22:00-24:00,7.81,8.75
500107030,00:00-02:00,0.47,0.71
500107030,02:00-04:00,0.18,0.32
500107030,04:00-06:00,0.59,0.3
500107030,06:00-08:00,4.98,2.68
500107030,08:00-10:00,6.85,5.18
500107030,10:00-12:00,4.8,4.16
500107030,12:00-14:00,5.75,4.93
500107030,14:00-16:00,3.37,3.28
500107030,16:00-18:00,6.08,7.19
500107030,18:00-20:00,5.87,6.47
500107030,20:00-22:00,5.22,5.16
500107030,22:00-24:00,1.32,2.48
500107031,00:00-02:00,1.23,1.02
500107031,02:00-04:00,0.36,0.39
500107031,04:00-06:00,0.86,0.25
500107031,06:00-08:00,3.3,2.16
500107031,08:00-10:00,8.69,5.39
500107031,10:00-12:00,5.4,4.32
500107031,12:00-14:00,5.44,4.13
500107031,14:00-16:00,3.84,4.14
500107031,16:00-18:00,5.2,5.58
500107031,18:00-20:00,6.29,7.16
500107031,20:00-22:00,4.5,5.81
500107031,22:00-24:00,1.53,4.23
500107032,00:00-02:00,0.47,0.73
500107032,02:00-04:00,0.16,0.73
500107032,04:00-06:00,0.11,0.11
500107032,06:00-08:00,2.7,2.43
500107032,08:00-10:00,6.49,5.41
500107032,10:00-12:00,4.38,3.25
500107032,12:00-14:00,4.19,4.09
500107032,14:00-16:00,2.77,2.75
500107032,16:00-18:00,5.95,4.02
500107032,18:00-20:00,3.98,4.43
500107032,20:00-22:00,1.78,3.02
500107032,22:00-24:00,1.39,2.34
500107033,00:00-02:00,1.2,1.85
500107033,02:00-04:00,0.66,0.48
500107033,04:00-06:00,1.89,0.36
500107033,06:00-08:00,5.77,5.6
500107033,08:00-10:00,14.39,15.33
500107033,10:00-12:00,11.68,11.66
500107033,12:00-14:00,12.21,12.46
500107033,14:00-16:00,10.74,11.03
500107033,16:00-18:00,13.78,13.7
500107033,18:00-20:00,13.51,13.59
500107033,20:00-22:00,10.14,11.64
500107033,22:00-24:00,4.01,4.98
500107034,00:00-02:00,1.2,1.74
500107034,02:00-04:00,1.18,0.42
500107034,04:00-06:00,1.78,0.96
500107034,06:00-08:00,6.2,7.09
500107034,08:00-10:00,11.52,11.6
500107034,10:00-12:00,9.93,8.75
500107034,12:00-14:00,10.23,9.86
500107034,14:00-16:00,8.93,7.94
500107034,16:00-18:00,12.18,10.91
500107034,18:00-20:00,11.08,10.95
500107034,20:00-22:00,7.49,8.95
500107034,22:00-24:00,4.86,5.55
500107035,00:00-02:00,2.14,2.26
500107035,02:00-04:00,0.77,4.2
500107035,04:00-06:00,0.78,3.93
500107035,06:00-08:00,5.64,9.68
500107035,08:00-10:00,14.68,6.3
500107035,10:00-12:00,6.37,5.09
500107035,12:00-14:00,7.19,6.77
500107035,14:00-16:00,7.67,6.64
500107035,16:00-18:00,12.87,10.37
500107035,18:00-20:00,10.25,10.79
500107035,20:00-22:00,8.51,7.77
500107035,22:00-24:00,6.46,5.08
500107036,00:00-02:00,4.24,5.87
500107036,02:00-04:00,1.02,8.56
500107036,04:00-06:00,1.55,4.62
500107036,06:00-08:00,22.66,19.53
500107036,08:00-10:00,28.19,18.69
500107036,10:00-12:00,19.62,18.45
500107036,12:00-14:00,23.1,23.4
500107036,14:00-16:00,20.91,19.06
500107036,16:00-18:00,26.68,27.09
500107036,18:00-20:00,27.69,25.17
500107036,20:00-22:00,22.81,19.07
500107036,22:00-24:00,15.46,14.98
500107037,00:00-02:00,1.71,2.01
500107037,02:00-04:00,0.41,0.93
500107037,04:00-06:00,1.05,0.5
500107037,06:00-08:00,5.99,2.62
500107037,08:00-10:00,8.42,6.75
500107037,10:00-12:00,7.04,6.52
500107037,12:00-14:00,7.44,7.18
500107037,14:00-16:00,7.24,7.01
500107037,16:00-18:00,7.18,7.75
500107037,18:00-20:00,7.49,9.78
500107037,20:00-22:00,6.28,8.41
500107037,22:00-24:00,6.15,4.54
500107038,00:00-02:00,2.82,2.62
500107038,02:00-04:00,0.49,0.45
500107038,04:00-06:00,0.75,1.02
500107038,06:00-08:00,13.02,13.79
500107038,08:00-10:00,21.04,19.29
500107038,10:00-12:00,13.01,12.84
500107038,12:00-14:00,15.68,14.67
500107038,14:00-16:00,14.41,12.58
500107038,16:00-18:00,20.85,18.96
500107038,18:00-20:00,21.13,19.06
500107038,20:00-22:00,16.9,12.61
500107038,22:00-24:00,11.42,9.42
500107039,00:00-02:00,1.76,2.57
500107039,02:00-04:00,0.3,0.61
500107039,04:00-06:00,1.09,0.84
500107039,06:00-08:00,4.64,1.68
500107039,08:00-10:00,4.71,4.61
500107039,10:00-12:00,5.72,6.78
500107039,12:00-14:00,7.98,7.79
500107039,14:00-16:00,7.82,6.78
500107039,16:00-18:00,7.82,10.1
500107039,18:00-20:00,10.25,11.19
500107039,20:00-22:00,9.35,8.77
500107039,22:00-24:00,6.2,4.82
500107040,00:00-02:00,0.87,2.05
500107040,02:00-04:00,0.52,0.84
500107040,04:00-06:00,1.3,0.43
500107040,06:00-08:00,9.74,3.11
500107040,08:00-10:00,10.52,6.48
500107040,10:00-12:00,5.25,4.61
500107040,12:00-14:00,6.51,5.43
500107040,14:00-16:00,5.69,5.32
500107040,16:00-18:00,7.26,8.29
500107040,18:00-20:00,6.85,8.95
500107040,20:00-22:00,5.32,8.27
500107040,22:00-24:00,4.58,5.5
500107041,00:00-02:00,0.61,1.25
500107041,02:00-04:00,1.35,0.36
500107041,04:00-06:00,1.34,0.27
500107041,06:00-08:00,4.11,3.8
500107041,08:00-10:00,4.51,4.07
500107041,10:00-12:00,3.39,4.02
500107041,12:00-14:00,3.95,4.48
500107041,14:00-16:00,5.26,4.07
500107041,16:00-18:00,7.18,5.28
500107041,18:00-20:00,6.0,5.27
500107041,20:00-22:00,2.94,4.52
500107041,22:00-24:00,1.41,3.92
500107042,00:00-02:00,2.37,2.85
500107042,02:00-04:00,0.98,0.48
500107042,04:00-06:00,1.29,1.09
500107042,06:00-08:00,2.34,1.11
500107042,08:00-10:00,4.46,4.73
500107042,10:00-12:00,2.17,2.34
500107042,12:00-14:00,4.08,3.04
500107042,14:00-16:00,3.68,3.48
500107042,16:00-18:00,6.24,3.75
500107042,18:00-20:00,4.29,2.64
500107042,20:00-22:00,4.87,4.05
500107042,22:00-24:00,3.07,2.91
500107043,00:00-02:00,3.11,2.29
500107043,02:00-04:00,1.9,0.7
500107043,04:00-06:00,0.26,1.11
500107043,06:00-08:00,2.72,4.75
500107043,08:00-10:00,6.81,9.68
500107043,10:00-12:00,6.74,6.2
500107043,12:00-14:00,7.43,8.71
500107043,14:00-16:00,6.53,6.28
500107043,16:00-18:00,11.62,7.12
500107043,18:00-20:00,7.6,6.0
500107043,20:00-22:00,4.65,4.08
500107043,22:00-24:00,3.72,3.48
500107044,00:00-02:00,2.55,1.78
500107044,02:00-04:00,0.7,0.61
500107044,04:00-06:00,0.7,0.73
500107044,06:00-08:00,7.99,5.82
500107044,08:00-10:00,8.67,7.4
500107044,10:00-12:00,5.57,5.3
500107044,12:00-14:00,5.49,5.13
500107044,14:00-16:00,4.84,5.1
500107044,16:00-18:00,7.77,8.09
500107044,18:00-20:00,9.71,9.79
500107044,20:00-22:00,5.91,7.91
500107044,22:00-24:00,3.41,5.0
500107045,00:00-02:00,9.41,6.67
500107045,02:00-04:00,2.94,2.14
500107045,04:00-06:00,2.13,3.16
500107045,06:00-08:00,9.11,8.32
500107045,08:00-10:00,13.21,17.63
500107045,10:00-12:00,14.57,14.3
500107045,12:00-14:00,17.33,17.93
500107045,14:00-16:00,15.49,17.02
500107045,16:00-18:00,18.0,19.67
500107045,18:00-20:00,17.72,21.99
500107045,20:00-22:00,16.44,14.17
500107045,22:00-24:00,12.52,12.31
500107046,00:00-02:00,0.61,0.57
500107046,02:00-04:00,0.14,0.11
500107046,04:00-06:00,0.55,0.27
500107046,06:00-08:00,4.45,1.3
500107046,08:00-10:00,5.63,5.68
500107046,10:00-12:00,4.33,3.2
500107046,12:00-14:00,4.06,4.36
500107046,14:00-16:00,2.71,4.77
500107046,16:00-18:00,5.16,4.82
500107046,18:00-20:00,5.3,5.04
500107046,20:00-22:00,2.61,4.12
500107046,22:00-24:00,1.48,1.63
500107047,00:00-02:00,1.56,1.09
500107047,02:00-04:00,0.57,0.48
500107047,04:00-06:00,1.55,1.89
500107047,06:00-08:00,8.26,5.29
500107047,08:00-10:00,9.16,10.4
500107047,10:00-12:00,6.68,5.29
500107047,12:00-14:00,7.34,7.61
500107047,14:00-16:00,5.36,5.81
500107047,16:00-18:00,8.9,8.91
500107047,18:00-20:00,10.04,9.38
500107047,20:00-22:00,5.29,7.79
500107047,22:00-24:00,4.46,4.2
500107048,00:00-02:00,1.25,1.79
500107048,02:00-04:00,0.41,0.37
500107048,04:00-06:00,1.16,0.74
500107048,06:00-08:00,8.59,4.5
500107048,08:00-10:00,10.72,6.07
500107048,10:00-12:00,7.42,4.98
500107048,12:00-14:00,5.87,6.22
500107048,14:00-16:00,5.53,4.44
500107048,16:00-18:00,7.3,10.46
500107048,18:00-20:00,10.77,13.31
500107048,20:00-22:00,4.68,9.95
500107048,22:00-24:00,6.37,7.96
500107049,00:00-02:00,0.82,0.8
500107049,02:00-04:00,0.34,0.07
500107049,04:00-06:00,0.89,0.11
500107049,06:00-08:00,5.41,2.27
500107049,08:00-10:00,7.05,2.98
500107049,10:00-12:00,5.06,3.93
500107049,12:00-14:00,4.44,4.09
500107049,14:00-16:00,4.09,3.18
500107049,16:00-18:00,4.06,7.01
500107049,18:00-20:00,4.41,6.72
500107049,20:00-22:00,2.75,6.05
500107049,22:00-24:00,2.34,4.56
500107050,00:00-02:00,1.63,3.21
500107050,02:00-04:00,0.52,1.38
500107050,04:00-06:00,2.77,1.21
500107050,06:00-08:00,17.6,9.87
500107050,08:00-10:00,18.52,15.11
500107050,10:00-12:00,16.39,10.22
500107050,12:00-14:00,12.32,8.97
500107050,14:00-16:00,9.15,10.12
500107050,16:00-18:00,14.46,17.44
500107050,18:00-20:00,16.14,18.93
500107050,20:00-22:00,9.07,16.62
500107050,22:00-24:00,8.22,8.41
500107051,00:00-02:00,1.29,1.23
500107051,02:00-04:00,0.64,0.64
500107051,04:00-06:00,0.95,1.25
500107051,06:00-08:00,5.43,7.23
500107051,08:00-10:00,11.3,11.86
500107051,10:00-12:00,10.54,7.88
500107051,12:00-14:00,7.37,6.34
500107051,14:00-16:00,6.84,6.28
500107051,16:00-18:00,8.88,8.41
500107051,18:00-20:00,11.04,10.13
500107051,20:00-22:00,6.84,6.0
500107051,22:00-24:00,3.7,4.1
500107052,00:00-02:00,1.56,1.48
500107052,02:00-04:00,0.39,0.23
500107052,04:00-06:00,0.64,0.14
500107052,06:00-08:00,5.81,3.3
500107052,08:00-10:00,7.05,9.48
500107052,10:00-12:00,5.48,3.44
500107052,12:00-14:00,4.75,4.42
500107052,14:00-16:00,4.3,4.42
500107052,16:00-18:00,6.67,4.36
500107052,18:00-20:00,5.79,5.95
500107052,20:00-22:00,3.16,5.73
500107052,22:00-24:00,3.53,5.18
500107053,00:00-02:00,1.44,1.09
500107053,02:00-04:00,0.23,0.34
500107053,04:00-06:00,1.5,1.17
500107053,06:00-08:00,6.25,3.44
500107053,08:00-10:00,9.18,7.92
500107053,10:00-12:00,6.5,5.66
500107053,12:00-14:00,5.41,5.11
500107053,14:00-16:00,4.05,4.57
500107053,16:00-18:00,6.69,8.02
500107053,18:00-20:00,8.41,8.21
500107053,20:00-22:00,4.07,6.19
500107053,22:00-24:00,3.05,5.14
500107054,00:00-02:00,1.72,1.78
500107054,02:00-04:00,0.3,0.5
500107054,04:00-06:00,1.68,0.62
500107054,06:00-08:00,6.85,5.33
500107054,08:00-10:00,9.94,7.72
500107054,10:00-12:00,7.04,5.68
500107054,12:00-14:00,6.49,6.52
500107054,14:00-16:00,6.24,5.5
500107054,16:00-18:00,8.45,10.69
500107054,18:00-20:00,9.88,11.25
500107054,20:00-22:00,6.97,9.44
500107054,22:00-24:00,3.44,4.83
500107055,00:00-02:00,0.35,0.52
500107055,02:00-04:00,0.38,0.39
500107055,04:00-06:00,0.45,0.68
500107055,06:00-08:00,3.17,2.52
500107055,08:00-10:00,3.22,2.93
500107055,10:00-12:00,2.46,1.91
500107055,12:00-14:00,2.19,2.43
500107055,14:00-16:00,3.01,2.8
500107055,16:00-18:00,5.33,4.38
500107055,18:00-20:00,3.94,4.08
500107055,20:00-22:00,2.21,2.75
500107055,22:00-24:00,1.6,1.75
500107056,00:00-02:00,0.92,0.45
500107056,02:00-04:00,0.53,0.59
500107056,04:00-06:00,1.08,2.41
500107056,06:00-08:00,4.34,6.32
500107056,08:00-10:00,5.43,8.58
500107056,10:00-12:00,8.05,5.68
500107056,12:00-14:00,7.41,7.75
500107056,14:00-16:00,9.24,9.56
500107056,16:00-18:00,12.56,9.45
500107056,18:00-20:00,7.56,7.11
500107056,20:00-22:00,5.4,5.25
500107056,22:00-24:00,2.7,1.53
500107058,00:00-02:00,0.61,0.66
500107058,02:00-04:00,0.18,0.43
500107058,04:00-06:00,0.36,0.09
500107058,06:00-08:00,3.25,1.32
500107058,08:00-10:00,4.86,2.18
500107058,10:00-12:00,3.43,3.2
500107058,12:00-14:00,3.08,3.57
500107058,14:00-16:00,3.17,3.73
500107058,16:00-18:00,4.26,5.05
500107058,18:00-20:00,3.36,5.38
500107058,20:00-22:00,2.68,3.24
500107058,22:00-24:00,1.64,2.06
500107059,00:00-02:00,3.9,3.09
500107059,02:00-04:00,1.33,1.32
500107059,04:00-06:00,1.61,1.34
500107059,06:00-08:00,6.62,8.96
500107059,08:00-10:00,15.01,16.08
500107059,10:00-12:00,16.94,21.51
500107059,12:00-14:00,17.81,22.85
500107059,14:00-16:00,21.11,18.56
500107059,16:00-18:00,23.57,23.36
500107059,18:00-20:00,24.73,23.27
500107059,20:00-22:00,21.68,14.23
500107059,22:00-24:00,10.64,8.67
500107060,00:00-02:00,1.31,1.58
500107060,02:00-04:00,0.97,0.55
500107060,04:00-06:00,0.75,0.55
500107060,06:00-08:00,5.27,7.27
500107060,08:00-10:00,8.61,13.16
500107060,10:00-12:00,9.9,8.32
500107060,12:00-14:00,11.61,11.19
500107060,14:00-16:00,9.67,8.98
500107060,16:00-18:00,12.49,10.08
500107060,18:00-20:00,10.48,9.93
500107060,20:00-22:00,7.22,6.09
500107060,22:00-24:00,3.63,3.69
500107061,00:00-02:00,0.94,1.72
500107061,02:00-04:00,0.95,0.84
500107061,04:00-06:00,1.52,0.86
500107061,06:00-08:00,5.51,2.41
500107061,08:00-10:00,4.32,3.27
500107061,10:00-12:00,4.06,2.91
500107061,12:00-14:00,3.53,4.11
500107061,14:00-16:00,5.7,5.96
500107061,16:00-18:00,7.35,7.54
500107061,18:00-20:00,7.92,8.64
500107061,20:00-22:00,5.37,6.88
500107061,22:00-24:00,2.54,3.78
500107062,00:00-02:00,1.35,5.09
500107062,02:00-04:00,0.27,2.84
500107062,04:00-06:00,0.66,1.77
500107062,06:00-08:00,6.93,6.7
500107062,08:00-10:00,14.53,8.2
500107062,10:00-12:00,9.06,8.43
500107062,12:00-14:00,9.82,9.81
500107062,14:00-16:00,10.31,8.85
500107062,16:00-18:00,11.49,8.93
500107062,18:00-20:00,8.81,9.56
500107062,20:00-22:00,7.03,6.16
500107062,22:00-24:00,4.6,6.1
500107063,00:00-02:00,6.1,6.25
500107063,02:00-04:00,3.44,2.27
500107063,04:00-06:00,2.48,3.41
500107063,06:00-08:00,12.43,11.61
500107063,08:00-10:00,23.24,26.31
500107063,10:00-12:00,21.52,27.84
500107063,12:00-14:00,27.6,24.92
500107063,14:00-16:00,22.86,22.44
500107063,16:00-18:00,23.83,26.63
500107063,18:00-20:00,26.78,28.55
500107063,20:00-22:00,23.14,21.77
500107063,22:00-24:00,19.44,15.63
500107064,00:00-02:00,0.52,1.48
500107064,02:00-04:00,0.36,0.75
500107064,04:00-06:00,0.98,1.18
500107064,06:00-08:00,8.25,1.52
500107064,08:00-10:00,6.46,4.43
500107064,10:00-12:00,7.1,4.79
500107064,12:00-14:00,5.68,4.34
500107064,14:00-16:00,4.83,3.57
500107064,16:00-18:00,4.45,7.22
500107064,18:00-20:00,4.71,7.7
500107064,20:00-22:00,4.74,8.3
500107064,22:00-24:00,3.28,4.94
500107065,00:00-02:00,0.71,0.54
500107065,02:00-04:00,0.24,0.43
500107065,04:00-06:00,0.02,0.09
500107065,06:00-08:00,2.53,2.23
500107065,08:00-10:00,5.89,5.73
500107065,10:00-12:00,3.39,4.63
500107065,12:00-14:00,5.81,5.96
500107065,14:00-16:00,6.26,4.57
500107065,16:00-18:00,7.3,5.98
500107065,18:00-20:00,5.63,5.48
500107065,20:00-22:00,4.33,3.25
500107065,22:00-24:00,2.01,1.76
500107066,00:00-02:00,1.12,0.81
500107066,02:00-04:00,0.53,0.38
500107066,04:00-06:00,1.11,0.2
500107066,06:00-08:00,4.56,6.07
500107066,08:00-10:00,6.28,7.09
500107066,10:00-12:00,4.06,3.85
500107066,12:00-14:00,5.98,6.35
500107066,14:00-16:00,4.28,4.66
500107066,16:00-18:00,9.94,8.39
500107066,18:00-20:00,5.06,4.4
500107066,20:00-22:00,3.19,2.47
500107066,22:00-24:00,2.04,2.06
500107067,00:00-02:00,0.25,0.35
500107067,02:00-04:00,0.09,0.23
500107067,04:00-06:00,0.2,0.66
500107067,06:00-08:00,1.47,1.52
500107067,08:00-10:00,3.02,2.55
500107067,10:00-12:00,2.09,1.33
500107067,12:00-14:00,1.5,2.05
500107067,14:00-16:00,1.7,2.21
500107067,16:00-18:00,3.22,1.91
500107067,18:00-20:00,1.61,2.09
500107067,20:00-22:00,1.18,1.85
500107067,22:00-24:00,2.82,1.0
500107068,00:00-02:00,1.04,1.53
500107068,02:00-04:00,0.89,0.45
500107068,04:00-06:00,1.3,0.93
500107068,06:00-08:00,4.67,2.89
500107068,08:00-10:00,7.13,6.75
500107068,10:00-12:00,6.16,5.18
500107068,12:00-14:00,6.5,6.61
500107068,14:00-16:00,6.07,5.41
500107068,16:00-18:00,7.25,8.36
500107068,18:00-20:00,8.5,8.62
500107068,20:00-22:00,7.52,5.66
500107068,22:00-24:00,2.53,4.42
500107069,00:00-02:00,1.36,1.93
500107069,02:00-04:00,0.69,0.36
500107069,04:00-06:00,0.95,0.66
500107069,06:00-08:00,3.08,3.18
500107069,08:00-10:00,8.19,12.1
500107069,10:00-12:00,7.49,7.41
500107069,12:00-14:00,11.33,12.33
500107069,14:00-16:00,10.71,10.14
500107069,16:00-18:00,14.85,10.7
500107069,18:00-20:00,11.64,10.79
500107069,20:00-22:00,7.81,6.25
500107069,22:00-24:00,3.54,3.39
500107070,00:00-02:00,0.71,0.97
500107070,02:00-04:00,0.64,0.32
500107070,04:00-06:00,0.36,1.18
500107070,06:00-08:00,4.88,6.17
500107070,08:00-10:00,8.89,12.76
500107070,10:00-12:00,7.57,6.87
500107070,12:00-14:00,8.92,9.94
500107070,14:00-16:00,7.35,8.65
500107070,16:00-18:00,11.23,9.92
500107070,18:00-20:00,7.84,7.39
500107070,20:00-22:00,7.13,4.5
500107070,22:00-24:00,2.54,1.96
500107071,00:00-02:00,0.31,0.45
500107071,02:00-04:00,0.07,0.27
500107071,04:00-06:00,0.48,0.07
500107071,06:00-08:00,2.42,1.14
500107071,08:00-10:00,3.38,2.16
500107071,10:00-12:00,3.31,2.61
500107071,12:00-14:00,3.58,3.09
500107071,14:00-16:00,2.43,2.64
500107071,16:00-18:00,3.27,2.6
500107071,18:00-20:00,2.38,3.18
500107071,20:00-22:00,2.07,2.8
500107071,22:00-24:00,0.78,1.3
500107072,00:00-02:00,0.8,1.89
500107072,02:00-04:00,0.34,0.71
500107072,04:00-06:00,1.09,1.61
500107072,06:00-08:00,7.02,4.49
500107072,08:00-10:00,6.98,4.41
500107072,10:00-12:00,5.03,5.82
500107072,12:00-14:00,6.27,6.61
500107072,14:00-16:00,5.35,6.56
500107072,16:00-18:00,8.29,8.61
500107072,18:00-20:00,9.59,9.56
500107072,20:00-22:00,7.31,5.89
500107072,22:00-24:00,3.67,4.42
500107075,00:00-02:00,0.19,0.47
500107075,02:00-04:00,0.27,0.25
500107075,04:00-06:00,0.39,0.07
500107075,06:00-08:00,2.4,2.36
500107075,08:00-10:00,5.36,9.73
500107075,10:00-12:00,4.66,4.41
500107075,12:00-14:00,5.26,5.43
500107075,14:00-16:00,5.08,3.98
500107075,16:00-18:00,8.1,5.5
500107075,18:00-20:00,7.2,6.95
500107075,20:00-22:00,4.53,3.39
500107075,22:00-24:00,1.91,1.89
500107076,00:00-02:00,3.16,2.63
500107076,02:00-04:00,0.82,1.2
500107076,04:00-06:00,1.23,1.86
500107076,06:00-08:00,8.17,4.18
500107076,08:00-10:00,11.01,7.5
500107076,10:00-12:00,7.31,6.22
500107076,12:00-14:00,7.95,7.93
500107076,14:00-16:00,7.54,8.89
500107076,16:00-18:00,10.47,12.8
500107076,18:00-20:00,14.45,13.83
500107076,20:00-22:00,10.08,11.76
500107076,22:00-24:00,6.17,7.55
500107078,00:00-02:00,5.77,4.28
500107078,02:00-04:00,2.95,1.89
500107078,04:00-06:00,3.1,1.84
500107078,06:00-08:00,6.89,7.86
500107078,08:00-10:00,13.49,10.34
500107078,10:00-12:00,9.3,8.51
500107078,12:00-14:00,12.07,12.97
500107078,14:00-16:00,12.05,11.47
500107078,16:00-18:00,15.19,14.24
500107078,18:00-20:00,12.37,16.58
500107078,20:00-22:00,11.46,10.22
500107078,22:00-24:00,7.88,9.21
500107079,00:00-02:00,1.2,1.76
500107079,02:00-04:00,0.34,0.25
500107079,04:00-06:00,0.91,0.66
500107079,06:00-08:00,5.01,1.14
500107079,08:00-10:00,4.16,3.95
500107079,10:00-12:00,3.02,2.2
500107079,12:00-14:00,3.14,2.66
500107079,14:00-16:00,2.72,2.71
500107079,16:00-18:00,3.82,5.28
500107079,18:00-20:00,3.6,3.88
500107079,20:00-22:00,2.84,3.39
500107079,22:00-24:00,1.58,2.69
500107080,00:00-02:00,0.96,1.14
500107080,02:00-04:00,0.59,0.39
500107080,04:00-06:00,2.14,2.16
500107080,06:00-08:00,5.18,6.52
500107080,08:00-10:00,6.98,6.69
500107080,10:00-12:00,6.83,5.48
500107080,12:00-14:00,5.87,6.32
500107080,14:00-16:00,7.98,8.33
500107080,16:00-18:00,10.53,11.6
500107080,18:00-20:00,10.9,9.07
500107080,20:00-22:00,6.64,6.83
500107080,22:00-24:00,3.55,2.86
500107081,00:00-02:00,0.05,0.33
500107081,02:00-04:00,0.09,0.34
500107081,04:00-06:00,0.0,0.25
500107081,06:00-08:00,0.93,3.15
500107081,08:00-10:00,2.02,1.88
500107081,10:00-12:00,2.27,1.77
500107081,12:00-14:00,1.68,1.27
500107081,14:00-16:00,1.75,1.6
500107081,16:00-18:00,3.17,2.54
500107081,18:00-20:00,2.59,2.18
500107081,20:00-22:00,1.52,0.98
500107081,22:00-24:00,0.7,0.32
500107082,00:00-02:00,1.37,1.21
500107082,02:00-04:00,0.5,0.61
500107082,04:00-06:00,1.14,0.77
500107082,06:00-08:00,8.82,4.3
500107082,08:00-10:00,6.82,6.93
500107082,10:00-12:00,5.93,6.65
500107082,12:00-14:00,4.81,4.63
500107082,14:00-16:00,4.57,4.28
500107082,16:00-18:00,5.68,7.22
500107082,18:00-20:00,7.91,6.88
500107082,20:00-22:00,3.74,8.64
500107082,22:00-24:00,5.81,2.86
500107083,00:00-02:00,1.96,3.26
500107083,02:00-04:00,0.41,0.57
500107083,04:00-06:00,3.0,0.21
500107083,06:00-08:00,16.5,9.45
500107083,08:00-10:00,15.12,12.25
500107083,10:00-12:00,16.75,11.2
500107083,12:00-14:00,10.48,8.36
500107083,14:00-16:00,6.9,7.26
500107083,16:00-18:00,10.6,11.83
500107083,18:00-20:00,10.71,11.98
500107083,20:00-22:00,9.36,14.69
500107083,22:00-24:00,11.75,15.03
500107084,00:00-02:00,0.9,1.16
500107084,02:00-04:00,0.82,0.52
500107084,04:00-06:00,0.55,0.55
500107084,06:00-08:00,6.57,3.68
500107084,08:00-10:00,6.72,5.28
500107084,10:00-12:00,6.78,4.86
500107084,12:00-14:00,7.57,6.27
500107084,14:00-16:00,5.46,6.36
500107084,16:00-18:00,7.46,11.16
500107084,18:00-20:00,10.35,10.51
500107084,20:00-22:00,5.9,8.28
500107084,22:00-24:00,3.41,3.93
500107085,00:00-02:00,2.53,2.38
500107085,02:00-04:00,0.71,0.5
500107085,04:00-06:00,1.53,0.77
500107085,06:00-08:00,4.31,6.62
500107085,08:00-10:00,7.68,11.82
500107085,10:00-12:00,10.39,8.51
500107085,12:00-14:00,11.76,10.17
500107085,14:00-16:00,8.93,8.91
500107085,16:00-18:00,10.75,7.93
500107085,18:00-20:00,8.03,7.77
500107085,20:00-22:00,5.7,6.39
500107085,22:00-24:00,4.21,4.46
500107086,00:00-02:00,0.43,0.64
500107086,02:00-04:00,0.05,0.05
500107086,04:00-06:00,0.32,0.09
500107086,06:00-08:00,1.52,1.91
500107086,08:00-10:00,4.45,5.0
500107086,10:00-12:00,2.55,3.43
500107086,12:00-14:00,2.98,3.45
500107086,14:00-16:00,3.6,2.23
500107086,16:00-18:00,2.74,4.85
500107086,18:00-20:00,3.18,3.32
500107086,20:00-22:00,4.26,1.73
500107086,22:00-24:00,1.41,1.53
500107087,00:00-02:00,1.53,2.51
500107087,02:00-04:00,0.84,1.05
500107087,04:00-06:00,1.16,0.9
500107087,06:00-08:00,5.95,2.88
500107087,08:00-10:00,8.06,7.18
500107087,10:00-12:00,7.11,5.38
500107087,12:00-14:00,7.28,7.5
500107087,14:00-16:00,6.63,6.19
500107087,16:00-18:00,8.68,7.54
500107087,18:00-20:00,7.95,8.47
500107087,20:00-22:00,6.13,6.77
500107087,22:00-24:00,3.14,5.0
500107088,00:00-02:00,1.98,2.0
500107088,02:00-04:00,0.91,1.18
500107088,04:00-06:00,1.07,1.5
500107088,06:00-08:00,2.86,3.88
500107088,08:00-10:00,9.08,9.02
500107088,10:00-12:00,8.7,10.07
500107088,12:00-14:00,12.31,12.35
500107088,14:00-16:00,11.78,9.65
500107088,16:00-18:00,13.46,12.95
500107088,18:00-20:00,12.79,11.5
500107088,20:00-22:00,8.52,7.84
500107088,22:00-24:00,5.16,3.26
500107089,00:00-02:00,1.88,1.18
500107089,02:00-04:00,0.68,0.55
500107089,04:00-06:00,0.25,1.57
500107089,06:00-08:00,4.61,7.18
500107089,08:00-10:00,9.91,13.52
500107089,10:00-12:00,12.23,11.09
500107089,12:00-14:00,14.33,14.53
500107089,14:00-16:00,12.4,12.92
500107089,16:00-18:00,15.33,12.25
500107089,18:00-20:00,11.6,9.53
500107089,20:00-22:00,7.29,5.41
500107089,22:00-24:00,4.99,7.17
500107090,00:00-02:00,0.52,1.37
500107090,02:00-04:00,0.57,0.35
500107090,04:00-06:00,1.23,1.21
500107090,06:00-08:00,3.41,4.7
500107090,08:00-10:00,6.06,7.22
500107090,10:00-12:00,6.34,3.93
500107090,12:00-14:00,7.18,7.01
500107090,14:00-16:00,5.9,4.5
500107090,16:00-18:00,8.26,6.97
500107090,18:00-20:00,7.21,6.84
500107090,20:00-22:00,4.78,5.02
500107090,22:00-24:00,2.94,3.69
500107091,00:00-02:00,1.18,1.48
500107091,02:00-04:00,0.39,0.73
500107091,04:00-06:00,1.05,0.36
500107091,06:00-08:00,4.17,3.64
500107091,08:00-10:00,4.48,5.54
500107091,10:00-12:00,5.34,6.91
500107091,12:00-14:00,7.62,7.51
500107091,14:00-16:00,5.56,5.32
500107091,16:00-18:00,10.21,7.56
500107091,18:00-20:00,8.01,7.5
500107091,20:00-22:00,6.38,5.61
500107091,22:00-24:00,3.69,4.48
500107092,00:00-02:00,0.84,2.43
500107092,02:00-04:00,0.05,0.3
500107092,04:00-06:00,0.32,0.57
500107092,06:00-08:00,7.55,8.91
500107092,08:00-10:00,9.05,10.3
500107092,10:00-12:00,7.16,9.14
500107092,12:00-14:00,9.75,8.6
500107092,14:00-16:00,7.72,8.9
500107092,16:00-18:00,14.6,13.8
500107092,18:00-20:00,14.65,11.78
500107092,20:00-22:00,10.42,7.42
500107092,22:00-24:00,5.82,4.71
500107093,00:00-02:00,0.78,1.6
500107093,02:00-04:00,0.09,3.7
500107093,04:00-06:00,1.02,2.73
500107093,06:00-08:00,10.63,5.07
500107093,08:00-10:00,11.98,11.43
500107093,10:00-12:00,11.17,11.22
500107093,12:00-14:00,12.89,13.7
500107093,14:00-16:00,11.33,10.01
500107093,16:00-18:00,14.35,15.74
500107093,18:00-20:00,14.13,12.36
500107093,20:00-22:00,8.99,7.39
500107093,22:00-24:00,4.73,4.48
500107095,00:00-02:00,0.42,0.64
500107095,02:00-04:00,0.2,0.16
500107095,04:00-06:00,0.41,0.23
500107095,06:00-08:00,2.36,1.94
500107095,08:00-10:00,3.25,1.75
500107095,10:00-12:00,2.57,2.27
500107095,12:00-14:00,2.39,2.0
500107095,14:00-16:00,2.69,2.93
500107095,16:00-18:00,3.57,4.52
500107095,18:00-20:00,3.77,4.27
500107095,20:00-22:00,3.09,3.09
500107095,22:00-24:00,1.59,1.83
500107096,00:00-02:00,0.94,0.75
500107096,02:00-04:00,0.47,0.16
500107096,04:00-06:00,0.69,0.36
500107096,06:00-08:00,2.16,1.16
500107096,08:00-10:00,3.32,3.93
500107096,10:00-12:00,4.31,4.04
500107096,12:00-14:00,4.47,5.21
500107096,14:00-16:00,4.32,4.66
500107096,16:00-18:00,5.7,5.41
500107096,18:00-20:00,4.96,6.09
500107096,20:00-22:00,4.7,3.17
500107096,22:00-24:00,2.85,3.04
500107097,00:00-02:00,0.79,1.41
500107097,02:00-04:00,0.39,0.27
500107097,04:00-06:00,0.45,0.73
500107097,06:00-08:00,4.24,6.64
500107097,08:00-10:00,11.44,9.18
500107097,10:00-12:00,7.74,8.1
500107097,12:00-14:00,11.12,10.22
500107097,14:00-16:00,10.63,10.69
500107097,16:00-18:00,12.24,9.32
500107097,18:00-20:00,9.6,8.84
500107097,20:00-22:00,7.15,5.11
500107097,22:00-24:00,3.55,3.28
500107098,00:00-02:00,0.33,0.8
500107098,02:00-04:00,0.18,0.18
500107098,04:00-06:00,0.12,0.02
500107098,06:00-08:00,0.94,1.02
500107098,08:00-10:00,3.46,3.84
500107098,10:00-12:00,3.53,2.5
500107098,12:00-14:00,3.55,3.57
500107098,14:00-16:00,3.33,2.65
500107098,16:00-18:00,3.47,3.91
500107098,18:00-20:00,3.88,3.22
500107098,20:00-22:00,2.84,1.45
500107098,22:00-24:00,1.16,1.21
500107099,00:00-02:00,1.11,1.05
500107099,02:00-04:00,0.23,0.28
500107099,04:00-06:00,1.02,0.39
500107099,06:00-08:00,3.39,2.58
500107099,08:00-10:00,6.34,6.65
500107099,10:00-12:00,5.58,5.47
500107099,12:00-14:00,7.69,7.45
500107099,14:00-16:00,5.14,4.85
500107099,16:00-18:00,6.48,8.93
500107099,18:00-20:00,8.74,7.34
500107099,20:00-22:00,4.91,4.59
500107099,22:00-24:00,2.85,3.79
500107100,00:00-02:00,1.11,0.87
500107100,02:00-04:00,0.34,0.14
500107100,04:00-06:00,0.27,0.41
500107100,06:00-08:00,2.68,2.41
500107100,08:00-10:00,5.01,4.74
500107100,10:00-12:00,4.53,3.85
500107100,12:00-14:00,4.94,5.07
500107100,14:00-16:00,4.02,3.78
500107100,16:00-18:00,4.96,5.7
500107100,18:00-20:00,5.67,5.24
500107100,20:00-22:00,5.02,4.45
500107100,22:00-24:00,2.63,3.01
500107101,00:00-02:00,1.77,2.0
500107101,02:00-04:00,0.45,0.5
500107101,04:00-06:00,0.41,1.61
500107101,06:00-08:00,7.09,9.68
500107101,08:00-10:00,17.36,15.49
500107101,10:00-12:00,11.83,13.25
500107101,12:00-14:00,16.91,16.39
500107101,14:00-16:00,13.84,11.62
500107101,16:00-18:00,16.86,16.03
500107101,18:00-20:00,16.38,14.31
500107101,20:00-22:00,10.22,8.09
500107101,22:00-24:00,7.32,6.05
500107102,00:00-02:00,0.63,1.79
500107102,02:00-04:00,0.27,0.27
500107102,04:00-06:00,0.07,0.09
500107102,06:00-08:00,1.08,4.39
500107102,08:00-10:00,5.59,5.0
500107102,10:00-12:00,5.03,3.68
500107102,12:00-14:00,7.05,6.53
500107102,14:00-16:00,5.29,4.64
500107102,16:00-18:00,7.84,6.01
500107102,18:00-20:00,7.07,5.43
500107102,20:00-22:00,4.08,2.14
500107102,22:00-24:00,1.85,1.07
500107103,00:00-02:00,1.01,1.3
500107103,02:00-04:00,0.59,0.75
500107103,04:00-06:00,0.79,1.36
500107103,06:00-08:00,4.97,5.73
500107103,08:00-10:00,8.38,10.06
500107103,10:00-12:00,6.93,5.8
500107103,12:00-14:00,9.47,8.41
500107103,14:00-16:00,7.95,7.19
500107103,16:00-18:00,11.66,9.32
500107103,18:00-20:00,8.67,7.27
500107103,20:00-22:00,5.7,3.8
500107103,22:00-24:00,3.19,2.41
500107104,00:00-02:00,1.58,0.8
500107104,02:00-04:00,0.11,0.14
500107104,04:00-06:00,0.41,0.34
500107104,06:00-08:00,0.86,2.08
500107104,08:00-10:00,2.14,2.06
500107104,10:00-12:00,1.11,1.29
500107104,12:00-14:00,1.77,2.03
500107104,14:00-16:00,1.55,2.16
500107104,16:00-18:00,4.26,1.03
500107104,18:00-20:00,2.94,1.98
500107104,20:00-22:00,1.44,2.66
500107104,22:00-24:00,1.05,1.75
500107105,00:00-02:00,0.87,1.32
500107105,02:00-04:00,0.74,0.34
500107105,04:00-06:00,0.41,1.02
500107105,06:00-08:00,1.94,4.49
500107105,08:00-10:00,5.05,5.6
500107105,10:00-12:00,3.5,3.67
500107105,12:00-14:00,5.15,3.19
500107105,14:00-16:00,4.39,4.16
500107105,16:00-18:00,7.09,3.77
500107105,18:00-20:00,5.25,4.09
500107105,20:00-22:00,3.41,1.77
500107105,22:00-24:00,2.57,1.66
500107106,00:00-02:00,1.01,1.56
500107106,02:00-04:00,0.27,0.8
500107106,04:00-06:00,2.5,0.44
500107106,06:00-08:00,7.92,7.65
500107106,08:00-10:00,12.5,8.15
500107106,10:00-12:00,7.26,5.7
500107106,12:00-14:00,6.27,5.75
500107106,14:00-16:00,4.83,3.78
500107106,16:00-18:00,7.04,5.98
500107106,18:00-20:00,8.12,9.54
500107106,20:00-22:00,6.8,6.41
500107106,22:00-24:00,3.37,4.9
500107107,00:00-02:00,0.75,1.28
500107107,02:00-04:00,0.32,0.14
500107107,04:00-06:00,0.98,0.46
500107107,06:00-08:00,2.99,3.62
500107107,08:00-10:00,7.8,5.11
500107107,10:00-12:00,4.82,4.26
500107107,12:00-14:00,4.19,4.48
500107107,14:00-16:00,4.09,4.35
500107107,16:00-18:00,6.01,5.9
500107107,18:00-20:00,6.51,8.91
500107107,20:00-22:00,6.74,6.0
500107107,22:00-24:00,2.03,3.38
500107108,00:00-02:00,0.62,1.08
500107108,02:00-04:00,0.09,0.23
500107108,04:00-06:00,0.39,1.11
500107108,06:00-08:00,5.64,3.4
500107108,08:00-10:00,4.95,4.48
500107108,10:00-12:00,4.28,4.83
500107108,12:00-14:00,4.99,4.44
500107108,14:00-16:00,4.41,4.71
500107108,16:00-18:00,8.18,7.71
500107108,18:00-20:00,6.66,5.04
500107108,20:00-22:00,6.02,5.34
500107108,22:00-24:00,2.68,2.28
500107109,00:00-02:00,0.23,0.87
500107109,02:00-04:00,0.07,0.05
500107109,04:00-06:00,0.09,0.09
500107109,06:00-08:00,2.8,2.02
500107109,08:00-10:00,4.55,4.2
500107109,10:00-12:00,3.35,2.68
500107109,12:00-14:00,2.93,4.29
500107109,14:00-16:00,3.63,3.21
500107109,16:00-18:00,5.93,4.71
500107109,18:00-20:00,5.45,6.16
500107109,20:00-22:00,5.18,3.55
500107109,22:00-24:00,1.59,2.28
500107110,00:00-02:00,2.0,1.92
500107110,02:00-04:00,1.79,0.73
500107110,04:00-06:00,1.0,0.86
500107110,06:00-08:00,4.18,3.0
500107110,08:00-10:00,7.86,6.36
500107110,10:00-12:00,6.28,5.91
500107110,12:00-14:00,9.16,8.63
500107110,14:00-16:00,7.23,7.53
500107110,16:00-18:00,9.16,10.07
500107110,18:00-20:00,9.64,10.38
500107110,20:00-22:00,8.34,7.8
500107110,22:00-24:00,4.55,5.99
500107111,00:00-02:00,1.56,1.96
500107111,02:00-04:00,0.62,2.07
500107111,04:00-06:00,1.59,2.96
500107111,06:00-08:00,6.58,2.84
500107111,08:00-10:00,9.33,7.44
500107111,10:00-12:00,9.98,8.04
500107111,12:00-14:00,9.56,7.32
500107111,14:00-16:00,6.02,6.14
500107111,16:00-18:00,8.09,8.72
500107111,18:00-20:00,7.76,7.09
500107111,20:00-22:00,5.7,5.3
500107111,22:00-24:00,3.12,6.62
500107112,00:00-02:00,1.35,2.22
500107112,02:00-04:00,0.63,3.07
500107112,04:00-06:00,0.82,2.39
500107112,06:00-08:00,5.05,2.27
500107112,08:00-10:00,5.1,2.93
500107112,10:00-12:00,3.2,2.52
500107112,12:00-14:00,3.12,2.39
500107112,14:00-16:00,2.81,2.18
500107112,16:00-18:00,3.45,2.76
500107112,18:00-20:00,3.25,3.34
500107112,20:00-22:00,4.24,5.43
500107112,22:00-24:00,2.84,1.71
500107113,00:00-02:00,0.74,0.75
500107113,02:00-04:00,0.6,0.09
500107113,04:00-06:00,0.27,0.18
500107113,06:00-08:00,2.49,1.86
500107113,08:00-10:00,7.0,11.03
500107113,10:00-12:00,5.44,5.53
500107113,12:00-14:00,6.76,5.84
500107113,14:00-16:00,5.07,3.66
500107113,16:00-18:00,8.5,4.89
500107113,18:00-20:00,5.32,4.16
500107113,20:00-22:00,3.16,2.75
500107113,22:00-24:00,2.46,2.19
500107114,00:00-02:00,2.66,2.28
500107114,02:00-04:00,1.98,1.27
500107114,04:00-06:00,3.16,2.43
500107114,06:00-08:00,12.0,10.73
500107114,08:00-10:00,18.12,18.92
500107114,10:00-12:00,17.7,15.22
500107114,12:00-14:00,16.2,17.58
500107114,14:00-16:00,15.83,15.86
500107114,16:00-18:00,18.72,16.61
500107114,18:00-20:00,14.23,16.04
500107114,20:00-22:00,11.32,10.97
500107114,22:00-24:00,5.33,7.3
500107115,00:00-02:00,1.32,1.81
500107115,02:00-04:00,1.61,0.3
500107115,04:00-06:00,0.57,1.96
500107115,06:00-08:00,3.93,3.09
500107115,08:00-10:00,3.84,4.66
500107115,10:00-12:00,4.64,4.98
500107115,12:00-14:00,5.41,7.03
500107115,14:00-16:00,7.53,8.84
500107115,16:00-18:00,13.71,7.72
500107115,18:00-20:00,8.42,6.75
500107115,20:00-22:00,5.01,5.34
500107115,22:00-24:00,2.9,2.62
500107116,00:00-02:00,0.02,0.64
500107116,02:00-04:00,0.09,0.02
500107116,04:00-06:00,0.68,0.07
500107116,06:00-08:00,6.59,1.66
500107116,08:00-10:00,5.86,3.09
500107116,10:00-12:00,4.69,2.68
500107116,12:00-14:00,2.82,3.66
500107116,14:00-16:00,3.08,4.09
500107116,16:00-18:00,4.68,4.96
500107116,18:00-20:00,2.61,4.13
500107116,20:00-22:00,1.27,4.39
500107116,22:00-24:00,0.25,2.59
500107117,00:00-02:00,0.12,0.21
500107117,02:00-04:00,0.07,0.05
500107117,04:00-06:00,0.25,0.34
500107117,06:00-08:00,3.3,4.93
500107117,08:00-10:00,6.51,3.07
500107117,10:00-12:00,3.3,3.61
500107117,12:00-14:00,2.9,2.88
500107117,14:00-16:00,3.68,3.56
500107117,16:00-18:00,5.85,6.0
500107117,18:00-20:00,5.46,4.26
500107117,20:00-22:00,2.35,2.66
500107117,22:00-24:00,1.5,1.85
500107118,00:00-02:00,7.35,2.97
500107118,02:00-04:00,3.75,2.98
500107118,04:00-06:00,2.26,2.43
500107118,06:00-08:00,4.71,3.52
500107118,08:00-10:00,7.71,6.82
500107118,10:00-12:00,6.3,9.38
500107118,12:00-14:00,9.0,12.18
500107118,14:00-16:00,10.6,11.22
500107118,16:00-18:00,13.42,15.21
500107118,18:00-20:00,11.63,19.66
500107118,20:00-22:00,14.57,9.24
500107118,22:00-24:00,13.16,6.96
500107119,00:00-02:00,0.45,0.45
500107119,02:00-04:00,0.05,0.05
500107119,04:00-06:00,0.23,0.59
500107119,06:00-08:00,1.52,0.95
500107119,08:00-10:00,2.22,1.05
500107119,10:00-12:00,1.6,1.68
500107119,12:00-14:00,1.89,1.95
500107119,14:00-16:00,2.06,1.77
500107119,16:00-18:00,2.26,2.99
500107119,18:00-20:00,2.54,3.14
500107119,20:00-22:00,2.29,1.93
500107119,22:00-24:00,0.89,0.75
500107120,00:00-02:00,1.09,0.73
500107120,02:00-04:00,0.34,0.2
500107120,04:00-06:00,0.3,0.5
500107120,06:00-08:00,2.89,3.32
500107120,08:00-10:00,4.32,7.63
500107120,10:00-12:00,4.35,3.45
500107120,12:00-14:00,5.82,4.53
500107120,14:00-16:00,4.15,4.0
500107120,16:00-18:00,5.42,5.0
500107120,18:00-20:00,5.68,4.57
500107120,20:00-22:00,3.73,3.34
500107120,22:00-24:00,2.1,2.87
500107121,00:00-02:00,0.54,0.56
500107121,02:00-04:00,0.41,0.24
500107121,04:00-06:00,1.11,0.46
500107121,06:00-08:00,3.47,2.48
500107121,08:00-10:00,5.23,4.18
500107121,10:00-12:00,3.16,3.09
500107121,12:00-14:00,3.04,2.48
500107121,14:00-16:00,2.51,3.12
500107121,16:00-18:00,4.28,3.74
500107121,18:00-20:00,3.75,4.69
500107121,20:00-22:00,2.67,3.87
500107121,22:00-24:00,3.03,2.46
500107122,00:00-02:00,2.16,1.3
500107122,02:00-04:00,0.4,0.5
500107122,04:00-06:00,0.21,2.64
500107122,06:00-08:00,6.98,12.64
500107122,08:00-10:00,17.42,15.24
500107122,10:00-12:00,13.21,14.54
500107122,12:00-14:00,14.94,15.32
500107122,14:00-16:00,11.56,11.8
500107122,16:00-18:00,18.28,15.19
500107122,18:00-20:00,16.65,13.45
500107122,20:00-22:00,16.8,11.8
500107122,22:00-24:00,11.08,8.42
500107123,00:00-02:00,0.49,1.01
500107123,02:00-04:00,0.41,0.34
500107123,04:00-06:00,0.41,0.27
500107123,06:00-08:00,3.24,3.02
500107123,08:00-10:00,6.23,6.36
500107123,10:00-12:00,6.1,4.38
500107123,12:00-14:00,5.1,5.5
500107123,14:00-16:00,5.55,3.89
500107123,16:00-18:00,5.81,4.86
500107123,18:00-20:00,5.14,5.27
500107123,20:00-22:00,3.92,4.0
500107123,22:00-24:00,2.64,3.32
500107124,00:00-02:00,1.23,1.2
500107124,02:00-04:00,0.6,0.21
500107124,04:00-06:00,0.69,0.41
500107124,06:00-08:00,3.42,2.52
500107124,08:00-10:00,5.6,8.39
500107124,10:00-12:00,5.64,5.71
500107124,12:00-14:00,6.38,6.09
500107124,14:00-16:00,5.21,4.86
500107124,16:00-18:00,7.9,8.12
500107124,18:00-20:00,7.95,6.68
500107124,20:00-22:00,4.44,4.47
500107124,22:00-24:00,2.55,2.48
500107125,00:00-02:00,0.31,0.76
500107125,02:00-04:00,0.43,0.15
500107125,04:00-06:00,0.52,0.16
500107125,06:00-08:00,4.29,2.41
500107125,08:00-10:00,4.54,2.77
500107125,10:00-12:00,2.82,2.75
500107125,12:00-14:00,3.1,3.37
500107125,14:00-16:00,3.47,2.87
500107125,16:00-18:00,4.73,4.45
500107125,18:00-20:00,4.2,4.93
500107125,20:00-22:00,2.89,3.93
500107125,22:00-24:00,1.09,3.64
500107126,00:00-02:00,3.04,1.74
500107126,02:00-04:00,0.67,0.32
500107126,04:00-06:00,0.69,1.77
500107126,06:00-08:00,9.09,11.24
500107126,08:00-10:00,16.21,15.6
500107126,10:00-12:00,10.75,13.13
500107126,12:00-14:00,13.21,13.46
500107126,14:00-16:00,11.5,9.77
500107126,16:00-18:00,16.14,14.51
500107126,18:00-20:00,16.06,11.79
500107126,20:00-22:00,12.08,8.11
500107126,22:00-24:00,10.66,10.58
500107127,00:00-02:00,0.59,1.37
500107127,02:00-04:00,0.21,0.2
500107127,04:00-06:00,0.48,0.66
500107127,06:00-08:00,2.9,4.32
500107127,08:00-10:00,6.86,11.8
500107127,10:00-12:00,7.37,6.37
500107127,12:00-14:00,7.88,7.09
500107127,14:00-16:00,7.05,5.53
500107127,16:00-18:00,7.92,5.74
500107127,18:00-20:00,6.71,5.66
500107127,20:00-22:00,5.26,4.89
500107127,22:00-24:00,2.8,2.91
500107128,00:00-02:00,3.56,3.47
500107128,02:00-04:00,1.59,1.35
500107128,04:00-06:00,2.07,1.04
500107128,06:00-08:00,6.41,3.91
500107128,08:00-10:00,12.6,12.21
500107128,10:00-12:00,7.81,6.93
500107128,12:00-14:00,8.18,8.93
500107128,14:00-16:00,8.01,7.76
500107128,16:00-18:00,10.25,10.0
500107128,18:00-20:00,10.53,11.93
500107128,20:00-22:00,7.42,8.84
500107128,22:00-24:00,5.66,7.33
500107129,00:00-02:00,0.27,0.33
500107129,02:00-04:00,0.21,0.16
500107129,04:00-06:00,0.3,0.25
500107129,06:00-08:00,1.12,4.23
500107129,08:00-10:00,3.32,3.99
500107129,10:00-12:00,2.91,2.52
500107129,12:00-14:00,2.82,3.01
500107129,14:00-16:00,3.0,3.23
500107129,16:00-18:00,6.36,4.21
500107129,18:00-20:00,3.68,2.11
500107129,20:00-22:00,1.24,0.84
500107129,22:00-24:00,0.72,0.55
500107130,00:00-02:00,0.28,0.42
500107130,02:00-04:00,0.14,0.23
500107130,04:00-06:00,0.77,0.16
500107130,06:00-08:00,1.71,0.43
500107130,08:00-10:00,4.2,3.5
500107130,10:00-12:00,2.41,1.59
500107130,12:00-14:00,2.51,2.36
500107130,14:00-16:00,2.2,1.71
500107130,16:00-18:00,2.1,2.47
500107130,18:00-20:00,2.2,3.2
500107130,20:00-22:00,1.92,2.36
500107130,22:00-24:00,1.0,1.98
500107131,00:00-02:00,3.2,1.89
500107131,02:00-04:00,0.52,0.64
500107131,04:00-06:00,0.39,0.5
500107131,06:00-08:00,3.68,1.82
500107131,08:00-10:00,5.87,7.28
500107131,10:00-12:00,5.61,4.52
500107131,12:00-14:00,6.41,5.15
500107131,14:00-16:00,4.32,4.57
500107131,16:00-18:00,6.25,8.0
500107131,18:00-20:00,8.21,8.06
500107131,20:00-22:00,5.27,6.37
500107131,22:00-24:00,6.41,5.31
500107132,00:00-02:00,1.35,1.67
500107132,02:00-04:00,0.05,0.41
500107132,04:00-06:00,0.27,1.18
500107132,06:00-08:00,10.21,14.35
500107132,08:00-10:00,16.69,17.34
500107132,10:00-12:00,8.65,10.31
500107132,12:00-14:00,7.71,9.07
500107132,14:00-16:00,6.85,6.8
500107132,16:00-18:00,9.43,12.08
500107132,18:00-20:00,11.36,10.64
500107132,20:00-22:00,9.38,9.37
500107132,22:00-24:00,7.64,1.61
500107133,00:00-02:00,0.4,0.78
500107133,02:00-04:00,0.0,0.02
500107133,04:00-06:00,0.09,0.09
500107133,06:00-08:00,1.3,3.23
500107133,08:00-10:00,2.34,6.91
500107133,10:00-12:00,3.86,6.0
500107133,12:00-14:00,5.29,6.21
500107133,14:00-16:00,7.69,4.27
500107133,16:00-18:00,8.54,6.97
500107133,18:00-20:00,6.25,6.16
500107133,20:00-22:00,6.56,2.7
500107133,22:00-24:00,2.17,0.84
500107134,00:00-02:00,0.99,1.41
500107134,02:00-04:00,0.27,0.22
500107134,04:00-06:00,1.12,0.16
500107134,06:00-08:00,4.38,3.55
500107134,08:00-10:00,7.52,5.07
500107134,10:00-12:00,7.15,4.54
500107134,12:00-14:00,5.87,5.54
500107134,14:00-16:00,4.85,5.9
500107134,16:00-18:00,7.04,6.43
500107134,18:00-20:00,6.8,7.38
500107134,20:00-22:00,4.25,5.51
500107134,22:00-24:00,2.55,3.21
500107135,00:00-02:00,1.29,1.06
500107135,02:00-04:00,0.31,0.34
500107135,04:00-06:00,0.62,0.2
500107135,06:00-08:00,2.46,1.95
500107135,08:00-10:00,6.22,7.07
500107135,10:00-12:00,5.62,5.75
500107135,12:00-14:00,6.45,8.63
500107135,14:00-16:00,6.54,6.85
500107135,16:00-18:00,9.32,8.75
500107135,18:00-20:00,8.8,7.93
500107135,20:00-22:00,6.49,5.14
500107135,22:00-24:00,4.63,2.96
500107136,00:00-02:00,1.37,1.04
500107136,02:00-04:00,0.43,0.42
500107136,04:00-06:00,0.89,1.61
500107136,06:00-08:00,11.12,6.68
500107136,08:00-10:00,12.49,9.47
500107136,10:00-12:00,8.85,7.07
500107136,12:00-14:00,8.88,7.07
500107136,14:00-16:00,6.7,7.07
500107136,16:00-18:00,7.65,10.01
500107136,18:00-20:00,10.71,10.79
500107136,20:00-22:00,6.36,8.74
500107136,22:00-24:00,3.28,4.24
500107137,00:00-02:00,0.84,1.08
500107137,02:00-04:00,0.95,0.18
500107137,04:00-06:00,0.34,0.16
500107137,06:00-08:00,2.71,4.61
500107137,08:00-10:00,6.01,7.72
500107137,10:00-12:00,6.66,6.83
500107137,12:00-14:00,8.57,8.69
500107137,14:00-16:00,7.5,7.0
500107137,16:00-18:00,8.92,7.66
500107137,18:00-20:00,7.82,6.34
500107137,20:00-22:00,6.01,3.92
500107137,22:00-24:00,2.78,2.53
500107138,00:00-02:00,1.78,1.51
500107138,02:00-04:00,0.34,1.29
500107138,04:00-06:00,0.7,1.64
500107138,06:00-08:00,5.18,1.61
500107138,08:00-10:00,6.41,6.09
500107138,10:00-12:00,4.38,4.66
500107138,12:00-14:00,5.53,5.41
500107138,14:00-16:00,4.78,5.8
500107138,16:00-18:00,7.08,6.49
500107138,18:00-20:00,7.99,8.66
500107138,20:00-22:00,5.8,5.55
500107138,22:00-24:00,2.96,3.0
500107139,00:00-02:00,2.47,1.67
500107139,02:00-04:00,0.92,1.0
500107139,04:00-06:00,1.27,1.22
500107139,06:00-08:00,5.13,2.84
500107139,08:00-10:00,8.13,8.68
500107139,10:00-12:00,7.1,6.77
500107139,12:00-14:00,9.37,9.82
500107139,14:00-16:00,7.23,7.78
500107139,16:00-18:00,7.89,11.01
500107139,18:00-20:00,9.16,10.02
500107139,20:00-22:00,5.64,6.25
500107139,22:00-24:00,6.01,3.48
500107140,00:00-02:00,3.21,2.55
500107140,02:00-04:00,1.44,0.61
500107140,04:00-06:00,1.26,1.32
500107140,06:00-08:00,4.49,7.2
500107140,08:00-10:00,12.22,12.79
500107140,10:00-12:00,11.56,15.17
500107140,12:00-14:00,13.45,18.53
500107140,14:00-16:00,16.92,17.76
500107140,16:00-18:00,19.48,21.37
500107140,18:00-20:00,21.6,22.18
500107140,20:00-22:00,18.23,13.5
500107140,22:00-24:00,9.32,7.6
500107141,00:00-02:00,1.15,1.27
500107141,02:00-04:00,0.45,0.7
500107141,04:00-06:00,0.89,0.77
500107141,06:00-08:00,5.54,2.7
500107141,08:00-10:00,6.56,7.35
500107141,10:00-12:00,5.3,4.09
500107141,12:00-14:00,5.99,5.0
500107141,14:00-16:00,4.57,4.25
500107141,16:00-18:00,6.92,6.26
500107141,18:00-20:00,5.86,6.45
500107141,20:00-22:00,4.02,5.46
500107141,22:00-24:00,2.19,3.99
500107142,00:00-02:00,2.64,1.74
500107142,02:00-04:00,0.52,0.45
500107142,04:00-06:00,0.94,0.25
500107142,06:00-08:00,4.53,3.84
500107142,08:00-10:00,8.47,9.89
500107142,10:00-12:00,6.24,7.06
500107142,12:00-14:00,9.05,8.48
500107142,14:00-16:00,7.3,7.1
500107142,16:00-18:00,8.11,11.74
500107142,18:00-20:00,11.48,10.64
500107142,20:00-22:00,7.9,8.49
500107142,22:00-24:00,5.61,5.0
500107143,00:00-02:00,1.71,1.46
500107143,02:00-04:00,0.89,0.64
500107143,04:00-06:00,0.58,1.25
500107143,06:00-08:00,4.28,3.64
500107143,08:00-10:00,9.44,14.95
500107143,10:00-12:00,11.2,10.6
500107143,12:00-14:00,13.86,13.87
500107143,14:00-16:00,10.87,9.29
500107143,16:00-18:00,13.84,14.83
500107143,18:00-20:00,14.55,12.58
500107143,20:00-22:00,9.84,8.11
500107143,22:00-24:00,4.91,3.85
500107144,00:00-02:00,3.04,4.22
500107144,02:00-04:00,0.68,2.7
500107144,04:00-06:00,0.84,2.09
500107144,06:00-08:00,14.33,13.27
500107144,08:00-10:00,22.41,18.2
500107144,10:00-12:00,16.02,16.29
500107144,12:00-14:00,18.59,17.67
500107144,14:00-16:00,16.46,13.74
500107144,16:00-18:00,20.78,20.67
500107144,18:00-20:00,21.74,21.51
500107144,20:00-22:00,17.88,13.86
500107144,22:00-24:00,11.8,14.52
500107145,00:00-02:00,0.61,0.83
500107145,02:00-04:00,0.36,0.25
500107145,04:00-06:00,0.84,0.66
500107145,06:00-08:00,2.74,0.61
500107145,08:00-10:00,3.48,4.73
500107145,10:00-12:00,4.13,3.19
500107145,12:00-14:00,3.45,2.94
500107145,14:00-16:00,3.67,3.14
500107145,16:00-18:00,4.39,3.77
500107145,18:00-20:00,4.18,4.07
500107145,20:00-22:00,2.07,3.34
500107145,22:00-24:00,0.52,2.06
500107146,00:00-02:00,1.91,2.25
500107146,02:00-04:00,0.43,0.76
500107146,04:00-06:00,1.27,0.66
500107146,06:00-08:00,4.92,3.84
500107146,08:00-10:00,9.58,5.35
500107146,10:00-12:00,6.12,5.63
500107146,12:00-14:00,6.7,5.61
500107146,14:00-16:00,4.56,6.47
500107146,16:00-18:00,6.85,8.77
500107146,18:00-20:00,10.0,11.15
500107146,20:00-22:00,8.25,8.53
500107146,22:00-24:00,4.01,5.9
500107147,00:00-02:00,0.8,0.66
500107147,02:00-04:00,0.37,0.75
500107147,04:00-06:00,0.59,0.25
500107147,06:00-08:00,1.69,2.2
500107147,08:00-10:00,5.71,7.56
500107147,10:00-12:00,6.5,4.99
500107147,12:00-14:00,7.42,7.24
500107147,14:00-16:00,7.09,5.41
500107147,16:00-18:00,7.56,5.94
500107147,18:00-20:00,6.26,4.25
500107147,20:00-22:00,3.7,3.16
500107147,22:00-24:00,2.83,3.35
500107149,00:00-02:00,2.07,0.8
500107149,02:00-04:00,0.27,0.07
500107149,04:00-06:00,0.25,0.41
500107149,06:00-08:00,2.9,9.16
500107149,08:00-10:00,7.28,6.32
500107149,10:00-12:00,6.41,3.77
500107149,12:00-14:00,4.28,4.86
500107149,14:00-16:00,4.71,4.18
500107149,16:00-18:00,11.97,3.77
500107149,18:00-20:00,8.05,6.52
500107149,20:00-22:00,6.33,6.98
500107149,22:00-24:00,2.85,4.23
500107150,00:00-02:00,0.68,0.9
500107150,02:00-04:00,0.14,0.18
500107150,04:00-06:00,0.29,0.48
500107150,06:00-08:00,1.94,5.12
500107150,08:00-10:00,3.91,6.39
500107150,10:00-12:00,3.42,3.9
500107150,12:00-14:00,6.58,5.26
500107150,14:00-16:00,5.05,4.1
500107150,16:00-18:00,7.36,4.55
500107150,18:00-20:00,6.92,4.88
500107150,20:00-22:00,4.86,3.2
500107150,22:00-24:00,3.14,2.59
500107151,00:00-02:00,1.88,1.27
500107151,02:00-04:00,0.6,0.43
500107151,04:00-06:00,0.39,1.34
500107151,06:00-08:00,5.11,11.32
500107151,08:00-10:00,9.27,11.0
500107151,10:00-12:00,6.84,9.25
500107151,12:00-14:00,12.87,10.18
500107151,14:00-16:00,9.01,9.6
500107151,16:00-18:00,21.32,13.73
500107151,18:00-20:00,13.72,14.68
500107151,20:00-22:00,10.31,7.86
500107151,22:00-24:00,4.81,3.16
500107152,00:00-02:00,0.73,0.66
500107152,02:00-04:00,0.16,0.43
500107152,04:00-06:00,0.64,0.02
500107152,06:00-08:00,2.47,1.75
500107152,08:00-10:00,6.25,11.34
500107152,10:00-12:00,4.59,3.09
500107152,12:00-14:00,4.89,4.66
500107152,14:00-16:00,3.57,3.17
500107152,16:00-18:00,7.2,5.02
500107152,18:00-20:00,5.75,4.95
500107152,20:00-22:00,2.09,3.61
500107152,22:00-24:00,1.98,1.8
500107153,00:00-02:00,0.28,0.52
500107153,02:00-04:00,0.07,0.11
500107153,04:00-06:00,0.16,0.09
500107153,06:00-08:00,1.23,1.44
500107153,08:00-10:00,2.41,1.57
500107153,10:00-12:00,1.55,0.82
500107153,12:00-14:00,1.38,1.93
500107153,14:00-16:00,1.16,1.5
500107153,16:00-18:00,2.11,1.14
500107153,18:00-20:00,1.0,1.34
500107153,20:00-22:00,0.92,1.07
500107153,22:00-24:00,0.61,0.73
500107154,00:00-02:00,0.71,0.5
500107154,02:00-04:00,0.28,0.09
500107154,04:00-06:00,0.49,0.36
500107154,06:00-08:00,2.36,1.55
500107154,08:00-10:00,4.89,9.15
500107154,10:00-12:00,5.81,4.33
500107154,12:00-14:00,6.92,7.55
500107154,14:00-16:00,3.66,5.02
500107154,16:00-18:00,6.85,5.35
500107154,18:00-20:00,6.2,4.78
500107154,20:00-22:00,3.64,4.34
500107154,22:00-24:00,1.95,1.91
500107155,00:00-02:00,0.76,0.4
500107155,02:00-04:00,0.05,0.09
500107155,04:00-06:00,0.16,0.2
500107155,06:00-08:00,1.64,4.96
500107155,08:00-10:00,7.3,13.12
500107155,10:00-12:00,4.73,3.28
500107155,12:00-14:00,5.23,5.99
500107155,14:00-16:00,3.02,2.71
500107155,16:00-18:00,9.44,3.91
500107155,18:00-20:00,4.76,3.59
500107155,20:00-22:00,1.35,1.5
500107155,22:00-24:00,1.49,0.93
500107156,00:00-02:00,1.08,0.96
500107156,02:00-04:00,0.48,0.48
500107156,04:00-06:00,1.3,1.26
500107156,06:00-08:00,4.6,3.5
500107156,08:00-10:00,7.56,5.52
500107156,10:00-12:00,5.84,4.75
500107156,12:00-14:00,6.07,5.34
500107156,14:00-16:00,4.92,4.52
500107156,16:00-18:00,5.89,8.35
500107156,18:00-20:00,9.86,9.89
500107156,20:00-22:00,6.09,6.32
500107156,22:00-24:00,2.98,4.93
500107157,00:00-02:00,0.45,0.33
500107157,02:00-04:00,0.02,0.0
500107157,04:00-06:00,0.07,0.09
500107157,06:00-08:00,1.51,4.52
500107157,08:00-10:00,5.56,4.21
500107157,10:00-12:00,2.81,1.74
500107157,12:00-14:00,2.82,2.48
500107157,14:00-16:00,2.91,2.43
500107157,16:00-18:00,4.66,3.97
500107157,18:00-20:00,3.61,3.02
500107157,20:00-22:00,1.38,1.57
500107157,22:00-24:00,0.44,0.91
500107158,00:00-02:00,0.14,0.59
500107158,02:00-04:00,0.14,1.75
500107158,04:00-06:00,0.68,1.34
500107158,06:00-08:00,3.82,2.05
500107158,08:00-10:00,4.09,4.25
500107158,10:00-12:00,4.62,2.64
500107158,12:00-14:00,4.46,3.36
500107158,14:00-16:00,3.47,3.41
500107158,16:00-18:00,5.64,5.46
500107158,18:00-20:00,6.0,5.18
500107158,20:00-22:00,3.02,3.95
500107158,22:00-24:00,1.0,1.64
500107159,00:00-02:00,1.22,3.09
500107159,02:00-04:00,0.96,1.09
500107159,04:00-06:00,1.42,1.11
500107159,06:00-08:00,4.72,4.43
500107159,08:00-10:00,8.36,9.14
500107159,10:00-12:00,8.08,9.58
500107159,12:00-14:00,11.32,11.24
500107159,14:00-16:00,10.62,9.61
500107159,16:00-18:00,11.38,11.01
500107159,18:00-20:00,13.07,11.63
500107159,20:00-22:00,8.06,6.75
500107159,22:00-24:00,4.87,3.23
500107160,00:00-02:00,1.25,0.63
500107160,02:00-04:00,0.09,0.45
500107160,04:00-06:00,0.71,0.14
500107160,06:00-08:00,2.91,1.86
500107160,08:00-10:00,7.51,4.27
500107160,10:00-12:00,3.88,2.36
500107160,12:00-14:00,3.4,3.73
500107160,14:00-16:00,3.98,3.07
500107160,16:00-18:00,3.47,3.15
500107160,18:00-20:00,3.67,5.63
500107160,20:00-22:00,3.34,5.55
500107160,22:00-24:00,2.03,4.07
500107161,00:00-02:00,1.36,1.25
500107161,02:00-04:00,0.43,0.82
500107161,04:00-06:00,0.64,0.32
500107161,06:00-08:00,4.9,4.82
500107161,08:00-10:00,9.91,12.48
500107161,10:00-12:00,10.4,10.01
500107161,12:00-14:00,12.54,12.86
500107161,14:00-16:00,10.36,11.73
500107161,16:00-18:00,13.54,12.72
500107161,18:00-20:00,14.63,13.66
500107161,20:00-22:00,10.49,8.36
500107161,22:00-24:00,5.04,4.96
500107162,00:00-02:00,0.59,0.49
500107162,02:00-04:00,0.09,0.45
500107162,04:00-06:00,0.32,0.09
500107162,06:00-08:00,4.64,1.77
500107162,08:00-10:00,5.5,3.75
500107162,10:00-12:00,4.14,4.48
500107162,12:00-14:00,5.4,5.13
500107162,14:00-16:00,3.42,3.87
500107162,16:00-18:00,5.9,6.25
500107162,18:00-20:00,6.0,6.17
500107162,20:00-22:00,3.91,5.32
500107162,22:00-24:00,2.19,2.82
500107163,00:00-02:00,1.48,1.08
500107163,02:00-04:00,0.85,0.66
500107163,04:00-06:00,1.8,1.02
500107163,06:00-08:00,4.42,4.11
500107163,08:00-10:00,6.74,8.63
500107163,10:00-12:00,6.41,9.77
500107163,12:00-14:00,8.7,10.02
500107163,14:00-16:00,7.66,8.4
500107163,16:00-18:00,10.03,9.38
500107163,18:00-20:00,8.85,9.95
500107163,20:00-22:00,6.97,5.7
500107163,22:00-24:00,4.37,3.5
500107164,00:00-02:00,1.53,1.67
500107164,02:00-04:00,0.84,0.61
500107164,04:00-06:00,0.92,0.55
500107164,06:00-08:00,3.82,3.89
500107164,08:00-10:00,8.9,9.0
500107164,10:00-12:00,8.69,8.24
500107164,12:00-14:00,8.9,8.86
500107164,14:00-16:00,8.78,8.35
500107164,16:00-18:00,11.54,10.95
500107164,18:00-20:00,11.69,10.78
500107164,20:00-22:00,8.67,7.02
500107164,22:00-24:00,5.17,4.83
500107165,00:00-02:00,1.27,1.11
500107165,02:00-04:00,0.64,0.18
500107165,04:00-06:00,0.37,0.5
500107165,06:00-08:00,4.01,4.95
500107165,08:00-10:00,9.03,10.36
500107165,10:00-12:00,9.1,6.91
500107165,12:00-14:00,8.67,9.33
500107165,14:00-16:00,8.26,7.73
500107165,16:00-18:00,11.57,11.68
500107165,18:00-20:00,10.03,8.56
500107165,20:00-22:00,6.26,4.36
500107165,22:00-24:00,3.14,3.66
500107166,00:00-02:00,0.68,0.66
500107166,02:00-04:00,0.11,0.11
500107166,04:00-06:00,0.64,0.16
500107166,06:00-08:00,4.04,2.11
500107166,08:00-10:00,7.16,5.4
500107166,10:00-12:00,5.22,3.16
500107166,12:00-14:00,3.87,3.45
500107166,14:00-16:00,3.38,3.05
500107166,16:00-18:00,4.28,3.52
500107166,18:00-20:00,3.73,4.43
500107166,20:00-22:00,3.16,5.25
500107166,22:00-24:00,1.53,4.54
500107167,00:00-02:00,1.45,3.25
500107167,02:00-04:00,0.18,0.09
500107167,04:00-06:00,0.11,0.11
500107167,06:00-08:00,4.46,4.73
500107167,08:00-10:00,8.28,6.02
500107167,10:00-12:00,5.92,9.06
500107167,12:00-14:00,8.63,10.86
500107167,14:00-16:00,10.94,10.54
500107167,16:00-18:00,13.83,14.43
500107167,18:00-20:00,14.21,14.0
500107167,20:00-22:00,13.32,6.49
500107167,22:00-24:00,9.63,2.59
500107168,00:00-02:00,1.39,1.15
500107168,02:00-04:00,0.55,0.48
500107168,04:00-06:00,0.55,1.09
500107168,06:00-08:00,4.14,7.03
500107168,08:00-10:00,10.0,9.4
500107168,10:00-12:00,8.95,7.69
500107168,12:00-14:00,9.27,10.0
500107168,14:00-16:00,8.07,7.3
500107168,16:00-18:00,9.88,7.97
500107168,18:00-20:00,8.65,7.7
500107168,20:00-22:00,5.33,4.8
500107168,22:00-24:00,4.95,5.92
500107169,00:00-02:00,0.21,0.78
500107169,02:00-04:00,0.16,0.25
500107169,04:00-06:00,0.45,0.09
500107169,06:00-08:00,1.16,3.52
500107169,08:00-10:00,2.82,1.73
500107169,10:00-12:00,1.8,1.07
500107169,12:00-14:00,2.0,1.52
500107169,14:00-16:00,0.92,1.21
500107169,16:00-18:00,4.91,1.62
500107169,18:00-20:00,1.75,2.73
500107169,20:00-22:00,1.0,1.34
500107169,22:00-24:00,0.39,1.18
500107170,00:00-02:00,0.66,1.4
500107170,02:00-04:00,0.68,0.39
500107170,04:00-06:00,0.45,0.3
500107170,06:00-08:00,6.85,5.27
500107170,08:00-10:00,8.98,5.8
500107170,10:00-12:00,6.16,3.93
500107170,12:00-14:00,6.18,5.61
500107170,14:00-16:00,4.83,4.46
500107170,16:00-18:00,6.47,9.87
500107170,18:00-20:00,10.03,10.66
500107170,20:00-22:00,3.93,8.54
500107170,22:00-24:00,3.41,4.9
500107171,00:00-02:00,0.61,0.94
500107171,02:00-04:00,0.39,0.45
500107171,04:00-06:00,0.2,0.14
500107171,06:00-08:00,2.14,4.66
500107171,08:00-10:00,5.29,5.38
500107171,10:00-12:00,4.82,3.39
500107171,12:00-14:00,4.6,3.77
500107171,14:00-16:00,3.87,3.47
500107171,16:00-18:00,6.7,3.86
500107171,18:00-20:00,3.59,4.04
500107171,20:00-22:00,2.46,2.41
500107171,22:00-24:00,1.65,2.64
500107172,00:00-02:00,1.27,3.64
500107172,02:00-04:00,0.61,0.48
500107172,04:00-06:00,1.14,0.17
500107172,06:00-08:00,10.87,5.19
500107172,08:00-10:00,9.38,7.03
500107172,10:00-12:00,10.86,7.86
500107172,12:00-14:00,8.36,5.97
500107172,14:00-16:00,5.6,5.96
500107172,16:00-18:00,6.01,7.4
500107172,18:00-20:00,9.47,9.68
500107172,20:00-22:00,5.57,8.52
500107172,22:00-24:00,7.42,11.42
500107173,00:00-02:00,1.6,2.07
500107173,02:00-04:00,0.36,0.3
500107173,04:00-06:00,0.39,0.75
500107173,06:00-08:00,4.49,3.25
500107173,08:00-10:00,5.84,5.52
500107173,10:00-12:00,4.26,6.35
500107173,12:00-14:00,6.97,6.0
500107173,14:00-16:00,4.67,5.65
500107173,16:00-18:00,9.03,9.58
500107173,18:00-20:00,8.23,8.42
500107173,20:00-22:00,4.61,6.51
500107173,22:00-24:00,6.97,4.6
500107174,00:00-02:00,2.52,1.95
500107174,02:00-04:00,1.44,0.62
500107174,04:00-06:00,1.06,1.48
500107174,06:00-08:00,4.21,3.0
500107174,08:00-10:00,6.51,8.74
500107174,10:00-12:00,6.54,8.76
500107174,12:00-14:00,9.1,9.18
500107174,14:00-16:00,7.03,7.78
500107174,16:00-18:00,8.01,8.91
500107174,18:00-20:00,10.42,9.62
500107174,20:00-22:00,7.97,7.01
500107174,22:00-24:00,6.39,6.31
500107175,00:00-02:00,2.95,4.64
500107175,02:00-04:00,2.26,1.07
500107175,04:00-06:00,1.7,0.5
500107175,06:00-08:00,7.16,8.31
500107175,08:00-10:00,14.42,16.48
500107175,10:00-12:00,9.98,8.44
500107175,12:00-14:00,11.11,10.92
500107175,14:00-16:00,10.95,9.39
500107175,16:00-18:00,16.34,12.37
500107175,18:00-20:00,13.44,11.39
500107175,20:00-22:00,8.09,8.81
500107175,22:00-24:00,6.24,8.51
500107176,00:00-02:00,1.79,1.55
500107176,02:00-04:00,0.3,0.3
500107176,04:00-06:00,1.52,0.61
500107176,06:00-08:00,4.23,2.34
500107176,08:00-10:00,5.3,5.02
500107176,10:00-12:00,5.56,5.68
500107176,12:00-14:00,8.78,9.06
500107176,14:00-16:00,8.74,7.32
500107176,16:00-18:00,9.16,11.44
500107176,18:00-20:00,12.97,13.04
500107176,20:00-22:00,9.25,10.26
500107176,22:00-24:00,4.77,4.34
500107177,00:00-02:00,2.77,1.39
500107177,02:00-04:00,0.78,0.43
500107177,04:00-06:00,1.13,0.64
500107177,06:00-08:00,4.92,1.73
500107177,08:00-10:00,7.77,10.91
500107177,10:00-12:00,8.51,8.5
500107177,12:00-14:00,7.97,9.7
500107177,14:00-16:00,7.57,7.94
500107177,16:00-18:00,10.71,9.96
500107177,18:00-20:00,12.1,12.22
500107177,20:00-22:00,10.1,8.45
500107177,22:00-24:00,5.15,5.94
500107178,00:00-02:00,1.04,1.47
500107178,02:00-04:00,0.23,0.34
500107178,04:00-06:00,1.0,0.28
500107178,06:00-08:00,8.69,2.64
500107178,08:00-10:00,8.24,12.84
500107178,10:00-12:00,5.77,4.87
500107178,12:00-14:00,6.82,6.91
500107178,14:00-16:00,6.87,5.97
500107178,16:00-18:00,8.19,7.27
500107178,18:00-20:00,8.45,8.34
500107178,20:00-22:00,4.95,7.23
500107178,22:00-24:00,4.92,6.6
500107179,00:00-02:00,0.12,0.45
500107179,02:00-04:00,0.02,0.14
500107179,04:00-06:00,0.41,0.14
500107179,06:00-08:00,1.89,4.14
500107179,08:00-10:00,1.45,2.52
500107179,10:00-12:00,2.2,1.29
500107179,12:00-14:00,2.2,1.93
500107179,14:00-16:00,2.5,2.48
500107179,16:00-18:00,4.04,2.65
500107179,18:00-20:00,3.11,1.79
500107179,20:00-22:00,1.27,1.77
500107179,22:00-24:00,0.61,0.64
500107180,00:00-02:00,0.54,1.2
500107180,02:00-04:00,0.05,0.02
500107180,04:00-06:00,0.14,0.25
500107180,06:00-08:00,1.8,3.66
500107180,08:00-10:00,3.64,6.02
500107180,10:00-12:00,3.91,3.38
500107180,12:00-14:00,4.7,3.95
500107180,14:00-16:00,3.3,3.75
500107180,16:00-18:00,5.9,4.26
500107180,18:00-20:00,5.26,4.9
500107180,20:00-22:00,5.17,3.59
500107180,22:00-24:00,3.55,2.12
500107181,00:00-02:00,0.64,0.49
500107181,02:00-04:00,0.07,0.14
500107181,04:00-06:00,0.25,0.18
500107181,06:00-08:00,1.39,7.91
500107181,08:00-10:00,5.09,3.32
500107181,10:00-12:00,2.52,3.23
500107181,12:00-14:00,4.08,3.14
500107181,14:00-16:00,2.74,4.87
500107181,16:00-18:00,11.87,3.29
500107181,18:00-20:00,3.12,3.35
500107181,20:00-22:00,3.07,2.89
500107181,22:00-24:00,0.78,1.02
500107182,00:00-02:00,0.47,1.63
500107182,02:00-04:00,0.02,0.52
500107182,04:00-06:00,0.61,0.73
500107182,06:00-08:00,8.77,4.07
500107182,08:00-10:00,10.34,9.3
500107182,10:00-12:00,7.12,6.75
500107182,12:00-14:00,7.07,6.0
500107182,14:00-16:00,5.62,6.07
500107182,16:00-18:00,7.75,8.72
500107182,18:00-20:00,9.52,9.77
500107182,20:00-22:00,7.43,5.52
500107182,22:00-24:00,2.82,4.64
500107183,00:00-02:00,0.78,1.13
500107183,02:00-04:00,0.39,0.27
500107183,04:00-06:00,0.36,0.77
500107183,06:00-08:00,1.16,0.68
500107183,08:00-10:00,3.01,5.14
500107183,10:00-12:00,3.25,3.0
500107183,12:00-14:00,4.94,4.2
500107183,14:00-16:00,3.74,2.98
500107183,16:00-18:00,4.07,2.86
500107183,18:00-20:00,2.89,2.25
500107183,20:00-22:00,2.72,1.34
500107183,22:00-24:00,1.19,1.91
500107184,00:00-02:00,1.87,1.88
500107184,02:00-04:00,0.18,0.67
500107184,04:00-06:00,0.52,0.25
500107184,06:00-08:00,3.18,2.24
500107184,08:00-10:00,5.25,5.7
500107184,10:00-12:00,5.23,6.58
500107184,12:00-14:00,6.79,6.46
500107184,14:00-16:00,5.14,5.09
500107184,16:00-18:00,7.16,7.04
500107184,18:00-20:00,8.62,8.13
500107184,20:00-22:00,5.61,4.58
500107184,22:00-24:00,3.48,4.29
500107185,00:00-02:00,0.49,1.01
500107185,02:00-04:00,0.11,0.57
500107185,04:00-06:00,0.2,0.14
500107185,06:00-08:00,3.83,1.57
500107185,08:00-10:00,6.42,5.77
500107185,10:00-12:00,4.27,3.5
500107185,12:00-14:00,3.71,2.64
500107185,14:00-16:00,3.35,3.02
500107185,16:00-18:00,4.89,3.11
500107185,18:00-20:00,3.06,3.23
500107185,20:00-22:00,2.31,2.59
500107185,22:00-24:00,1.48,3.12
500107186,00:00-02:00,1.23,1.27
500107186,02:00-04:00,0.75,0.5
500107186,04:00-06:00,0.66,0.75
500107186,06:00-08:00,3.84,7.33
500107186,08:00-10:00,6.93,7.33
500107186,10:00-12:00,8.4,7.71
500107186,12:00-14:00,9.76,8.75
500107186,14:00-16:00,7.72,7.83
500107186,16:00-18:00,11.42,7.6
500107186,18:00-20:00,7.76,5.75
500107186,20:00-22:00,4.68,3.89
500107186,22:00-24:00,2.67,2.16
500107187,00:00-02:00,1.98,1.43
500107187,02:00-04:00,0.8,0.91
500107187,04:00-06:00,0.7,0.84
500107187,06:00-08:00,4.87,1.86
500107187,08:00-10:00,5.96,4.23
500107187,10:00-12:00,3.96,3.66
500107187,12:00-14:00,4.54,4.58
500107187,14:00-16:00,4.37,4.94
500107187,16:00-18:00,5.64,7.43
500107187,18:00-20:00,7.97,8.91
500107187,20:00-22:00,5.09,5.89
500107187,22:00-24:00,3.69,4.55
500107188,00:00-02:00,0.26,0.42
500107188,02:00-04:00,0.07,0.14
500107188,04:00-06:00,0.57,0.16
500107188,06:00-08:00,3.34,1.14
500107188,08:00-10:00,3.37,1.52
500107188,10:00-12:00,2.48,1.68
500107188,12:00-14:00,2.21,2.23
500107188,14:00-16:00,2.58,2.37
500107188,16:00-18:00,3.59,5.87
500107188,18:00-20:00,3.14,4.5
500107188,20:00-22:00,2.0,2.75
500107188,22:00-24:00,0.75,1.0
500107189,00:00-02:00,4.06,2.95
500107189,02:00-04:00,1.77,1.5
500107189,04:00-06:00,1.97,1.73
500107189,06:00-08:00,6.72,7.41
500107189,08:00-10:00,10.92,15.59
500107189,10:00-12:00,11.78,10.6
500107189,12:00-14:00,13.63,13.25
500107189,14:00-16:00,12.43,11.62
500107189,16:00-18:00,15.17,12.7
500107189,18:00-20:00,15.56,15.71
500107189,20:00-22:00,12.02,11.36
500107189,22:00-24:00,8.17,8.32
500107190,00:00-02:00,0.67,0.97
500107190,02:00-04:00,0.27,0.5
500107190,04:00-06:00,0.57,0.64
500107190,06:00-08:00,3.23,2.5
500107190,08:00-10:00,5.23,7.05
500107190,10:00-12:00,4.73,7.91
500107190,12:00-14:00,7.19,12.14
500107190,14:00-16:00,9.27,8.68
500107190,16:00-18:00,10.58,9.72
500107190,18:00-20:00,11.44,8.53
500107190,20:00-22:00,9.95,4.28
500107190,22:00-24:00,4.01,2.85
500107191,00:00-02:00,1.67,1.24
500107191,02:00-04:00,1.61,0.3
500107191,04:00-06:00,0.86,0.52
500107191,06:00-08:00,3.92,1.02
500107191,08:00-10:00,3.8,3.0
500107191,10:00-12:00,3.11,2.95
500107191,12:00-14:00,4.24,3.52
500107191,14:00-16:00,3.09,3.66
500107191,16:00-18:00,5.49,5.3
500107191,18:00-20:00,5.04,5.23
500107191,20:00-22:00,3.18,4.69
500107191,22:00-24:00,1.78,4.57
500107192,00:00-02:00,2.76,2.79
500107192,02:00-04:00,1.39,0.88
500107192,04:00-06:00,1.05,0.84
500107192,06:00-08:00,5.77,6.02
500107192,08:00-10:00,10.36,9.85
500107192,10:00-12:00,7.94,6.22
500107192,12:00-14:00,8.73,8.03
500107192,14:00-16:00,6.42,7.35
500107192,16:00-18:00,10.2,9.94
500107192,18:00-20:00,12.56,13.12
500107192,20:00-22:00,8.26,9.97
500107192,22:00-24:00,5.85,6.86
500107193,00:00-02:00,0.12,0.47
500107193,02:00-04:00,0.18,0.16
500107193,04:00-06:00,0.25,0.43
500107193,06:00-08:00,1.82,0.68
500107193,08:00-10:00,3.93,2.0
500107193,10:00-12:00,2.09,2.41
500107193,12:00-14:00,2.63,2.09
500107193,14:00-16:00,1.75,1.36
500107193,16:00-18:00,2.26,2.72
500107193,18:00-20:00,2.5,2.75
500107193,20:00-22:00,1.59,2.2
500107193,22:00-24:00,0.66,1.57
500107194,00:00-02:00,2.36,2.39
500107194,02:00-04:00,0.89,0.7
500107194,04:00-06:00,1.55,0.43
500107194,06:00-08:00,6.05,3.85
500107194,08:00-10:00,9.51,11.34
500107194,10:00-12:00,6.35,5.12
500107194,12:00-14:00,7.19,7.47
500107194,14:00-16:00,6.87,4.16
500107194,16:00-18:00,9.64,8.5
500107194,18:00-20:00,6.49,6.43
500107194,20:00-22:00,5.68,6.09
500107194,22:00-24:00,2.68,6.61
500107195,00:00-02:00,0.45,0.68
500107195,02:00-04:00,0.05,0.05
500107195,04:00-06:00,0.14,0.09
500107195,06:00-08:00,3.18,1.64
500107195,08:00-10:00,4.29,5.96
500107195,10:00-12:00,3.73,2.99
500107195,12:00-14:00,4.32,4.96
500107195,14:00-16:00,3.93,4.14
500107195,16:00-18:00,6.81,4.85
500107195,18:00-20:00,5.33,5.12
500107195,20:00-22:00,2.48,3.49
500107195,22:00-24:00,1.09,1.53
500107196,00:00-02:00,0.39,0.87
500107196,02:00-04:00,0.17,0.75
500107196,04:00-06:00,0.26,1.32
500107196,06:00-08:00,2.0,1.05
500107196,08:00-10:00,3.45,1.45
500107196,10:00-12:00,2.06,0.89
500107196,12:00-14:00,1.99,1.68
500107196,14:00-16:00,1.79,1.27
500107196,16:00-18:00,2.11,1.74
500107196,18:00-20:00,1.62,2.52
500107196,20:00-22:00,1.13,2.52
500107196,22:00-24:00,1.47,1.3
500107197,00:00-02:00,1.08,0.62
500107197,02:00-04:00,0.3,0.5
500107197,04:00-06:00,1.55,0.46
500107197,06:00-08:00,4.69,3.75
500107197,08:00-10:00,4.98,5.04
500107197,10:00-12:00,4.09,2.62
500107197,12:00-14:00,3.68,3.35
500107197,14:00-16:00,3.41,3.23
500107197,16:00-18:00,4.77,5.19
500107197,18:00-20:00,5.7,6.85
500107197,20:00-22:00,3.99,4.59
500107197,22:00-24:00,2.59,3.2
500107198,00:00-02:00,0.66,1.23
500107198,02:00-04:00,0.64,0.2
500107198,04:00-06:00,0.27,0.41
500107198,06:00-08:00,2.77,5.14
500107198,08:00-10:00,4.95,4.55
500107198,10:00-12:00,6.11,3.31
500107198,12:00-14:00,5.48,4.27
500107198,14:00-16:00,3.46,3.18
500107198,16:00-18:00,8.11,5.44
500107198,18:00-20:00,4.81,7.66
500107198,20:00-22:00,3.75,3.98
500107198,22:00-24:00,1.75,3.05
500107199,00:00-02:00,3.63,2.44
500107199,02:00-04:00,1.95,1.02
500107199,04:00-06:00,1.87,1.05
500107199,06:00-08:00,5.02,4.03
500107199,08:00-10:00,5.85,5.75
500107199,10:00-12:00,6.65,4.7
500107199,12:00-14:00,6.99,7.23
500107199,14:00-16:00,6.29,7.19
500107199,16:00-18:00,9.0,8.32
500107199,18:00-20:00,8.66,10.4
500107199,20:00-22:00,7.02,8.32
500107199,22:00-24:00,5.08,5.8
500107200,00:00-02:00,1.09,0.99
500107200,02:00-04:00,0.6,0.09
500107200,04:00-06:00,0.23,0.84
500107200,06:00-08:00,3.07,4.57
500107200,08:00-10:00,6.24,7.43
500107200,10:00-12:00,6.41,7.02
500107200,12:00-14:00,7.66,8.84
500107200,14:00-16:00,11.11,9.53
500107200,16:00-18:00,13.69,9.72
500107200,18:00-20:00,6.55,6.13
500107200,20:00-22:00,4.3,4.52
500107200,22:00-24:00,1.96,1.78
500107201,00:00-02:00,0.24,0.52
500107201,02:00-04:00,0.07,0.16
500107201,04:00-06:00,0.16,0.2
500107201,06:00-08:00,1.05,1.52
500107201,08:00-10:00,1.82,4.61
500107201,10:00-12:00,2.79,2.3
500107201,12:00-14:00,3.14,2.67
500107201,14:00-16:00,3.66,4.46
500107201,16:00-18:00,8.01,4.11
500107201,18:00-20:00,3.63,2.61
500107201,20:00-22:00,2.08,2.25
500107201,22:00-24:00,0.85,1.25
500107202,00:00-02:00,1.38,0.87
500107202,02:00-04:00,1.09,0.5
500107202,04:00-06:00,0.51,0.64
500107202,06:00-08:00,1.38,1.0
500107202,08:00-10:00,3.9,3.95
500107202,10:00-12:00,3.6,3.18
500107202,12:00-14:00,3.73,3.68
500107202,14:00-16:00,3.32,3.87
500107202,16:00-18:00,4.16,4.68
500107202,18:00-20:00,4.64,5.41
500107202,20:00-22:00,3.81,4.17
500107202,22:00-24:00,2.62,1.48
500107203,00:00-02:00,0.2,1.48
500107203,02:00-04:00,0.07,0.11
500107203,04:00-06:00,0.59,0.43
500107203,06:00-08:00,2.91,1.27
500107203,08:00-10:00,3.33,2.09
500107203,10:00-12:00,2.64,3.2
500107203,12:00-14:00,3.4,3.34
500107203,14:00-16:00,2.8,2.97
500107203,16:00-18:00,4.42,4.32
500107203,18:00-20:00,4.19,4.4
500107203,20:00-22:00,4.36,3.41
500107203,22:00-24:00,1.37,1.64
500107204,00:00-02:00,0.57,0.64
500107204,02:00-04:00,0.45,0.02
500107204,04:00-06:00,0.77,0.14
500107204,06:00-08:00,1.82,2.82
500107204,08:00-10:00,2.89,5.91
500107204,10:00-12:00,2.77,1.96
500107204,12:00-14:00,3.66,4.75
500107204,14:00-16:00,3.02,2.14
500107204,16:00-18:00,5.85,3.2
500107204,18:00-20:00,2.79,2.86
500107204,20:00-22:00,2.25,2.07
500107204,22:00-24:00,1.85,1.84
500107205,00:00-02:00,2.47,2.07
500107205,02:00-04:00,0.92,0.75
500107205,04:00-06:00,0.58,0.77
500107205,06:00-08:00,3.13,3.92
500107205,08:00-10:00,5.56,11.28
500107205,10:00-12:00,8.84,7.58
500107205,12:00-14:00,11.02,11.6
500107205,14:00-16:00,10.34,8.6
500107205,16:00-18:00,10.6,9.65
500107205,18:00-20:00,12.1,10.15
500107205,20:00-22:00,8.11,5.69
500107205,22:00-24:00,4.43,3.66
500107206,00:00-02:00,0.4,0.4
500107206,02:00-04:00,0.14,0.09
500107206,04:00-06:00,0.48,0.07
500107206,06:00-08:00,3.27,1.84
500107206,08:00-10:00,3.49,3.09
500107206,10:00-12:00,3.96,4.45
500107206,12:00-14:00,4.76,4.51
500107206,14:00-16:00,4.44,4.73
500107206,16:00-18:00,5.92,5.76
500107206,18:00-20:00,5.18,4.16
500107206,20:00-22:00,3.05,3.32
500107206,22:00-24:00,1.34,2.12
500108001,00:00-02:00,0.21,2.1
500108001,02:00-04:00,0.14,0.68
500108001,04:00-06:00,1.25,0.66
500108001,06:00-08:00,10.5,4.21
500108001,08:00-10:00,5.47,3.61
500108001,10:00-12:00,4.53,2.89
500108001,12:00-14:00,3.1,3.57
500108001,14:00-16:00,3.46,3.34
500108001,16:00-18:00,4.14,4.82
500108001,18:00-20:00,5.4,7.19
500108001,20:00-22:00,4.25,5.21
500108001,22:00-24:00,1.68,3.19
500108002,00:00-02:00,0.26,0.07
500108002,02:00-04:00,0.05,0.41
500108002,04:00-06:00,0.05,0.05
500108002,06:00-08:00,0.8,1.05
500108002,08:00-10:00,1.39,2.73
500108002,10:00-12:00,1.85,1.09
500108002,12:00-14:00,1.92,3.98
500108002,14:00-16:00,1.74,2.93
500108002,16:00-18:00,2.79,0.66
500108002,18:00-20:00,2.93,0.57
500108002,20:00-22:00,0.79,0.59
500108002,22:00-24:00,0.53,0.39
500108003,00:00-02:00,0.66,0.12
500108003,02:00-04:00,0.05,0.05
500108003,04:00-06:00,0.11,0.16
500108003,06:00-08:00,3.48,5.34
500108003,08:00-10:00,8.3,11.79
500108003,10:00-12:00,3.65,3.11
500108003,12:00-14:00,5.55,5.34
500108003,14:00-16:00,2.24,6.73
500108003,16:00-18:00,11.3,3.12
500108003,18:00-20:00,4.99,3.32
500108003,20:00-22:00,1.64,1.36
500108003,22:00-24:00,0.69,0.91
500108004,00:00-02:00,0.56,1.86
500108004,02:00-04:00,0.07,0.36
500108004,04:00-06:00,0.05,0.41
500108004,06:00-08:00,2.47,1.73
500108004,08:00-10:00,2.79,1.84
500108004,10:00-12:00,2.14,1.57
500108004,12:00-14:00,1.91,2.07
500108004,14:00-16:00,1.92,1.96
500108004,16:00-18:00,2.85,3.2
500108004,18:00-20:00,4.23,3.38
500108004,20:00-22:00,2.69,2.16
500108004,22:00-24:00,2.29,1.98
500108005,00:00-02:00,2.57,1.46
500108005,02:00-04:00,0.11,0.36
500108005,04:00-06:00,1.0,0.34
500108005,06:00-08:00,8.4,3.23
500108005,08:00-10:00,13.58,11.84
500108005,10:00-12:00,8.5,5.09
500108005,12:00-14:00,8.12,5.59
500108005,14:00-16:00,5.87,7.23
500108005,16:00-18:00,9.83,11.58
500108005,18:00-20:00,11.83,11.75
500108005,20:00-22:00,6.57,11.41
500108005,22:00-24:00,3.78,5.76
500108006,00:00-02:00,0.57,1.25
500108006,02:00-04:00,0.09,0.3
500108006,04:00-06:00,0.8,0.64
500108006,06:00-08:00,8.72,3.47
500108006,08:00-10:00,7.73,4.77
500108006,10:00-12:00,5.97,4.18
500108006,12:00-14:00,4.82,4.79
500108006,14:00-16:00,3.6,3.48
500108006,16:00-18:00,6.85,8.33
500108006,18:00-20:00,9.56,9.41
500108006,20:00-22:00,6.08,7.26
500108006,22:00-24:00,3.6,4.65
500108007,00:00-02:00,1.84,2.43
500108007,02:00-04:00,0.27,0.23
500108007,04:00-06:00,1.5,0.43
500108007,06:00-08:00,5.25,3.55
500108007,08:00-10:00,8.91,10.52
500108007,10:00-12:00,7.7,6.22
500108007,12:00-14:00,7.98,7.81
500108007,14:00-16:00,7.35,4.13
500108007,16:00-18:00,8.01,6.56
500108007,18:00-20:00,5.54,8.63
500108007,20:00-22:00,5.61,6.07
500108007,22:00-24:00,4.45,4.21
500108008,00:00-02:00,0.47,0.8
500108008,02:00-04:00,0.16,0.23
500108008,04:00-06:00,0.68,2.16
500108008,06:00-08:00,4.55,4.39
500108008,08:00-10:00,10.09,5.3
500108008,10:00-12:00,6.05,5.77
500108008,12:00-14:00,6.25,5.61
500108008,14:00-16:00,4.91,5.19
500108008,16:00-18:00,7.83,7.99
500108008,18:00-20:00,7.91,9.63
500108008,20:00-22:00,7.59,6.75
500108008,22:00-24:00,2.06,3.3
500108009,00:00-02:00,0.31,0.45
500108009,02:00-04:00,0.2,0.48
500108009,04:00-06:00,0.41,0.7
500108009,06:00-08:00,1.77,6.18
500108009,08:00-10:00,5.43,4.68
500108009,10:00-12:00,3.45,1.59
500108009,12:00-14:00,2.8,2.14
500108009,14:00-16:00,4.51,3.41
500108009,16:00-18:00,6.82,1.78
500108009,18:00-20:00,1.95,3.95
500108009,20:00-22:00,1.38,1.95
500108009,22:00-24:00,1.28,1.14
500108010,00:00-02:00,0.02,0.49
500108010,02:00-04:00,0.05,0.07
500108010,04:00-06:00,0.7,0.48
500108010,06:00-08:00,2.78,1.69
500108010,08:00-10:00,4.4,2.66
500108010,10:00-12:00,2.83,2.17
500108010,12:00-14:00,2.3,2.23
500108010,14:00-16:00,2.4,1.94
500108010,16:00-18:00,3.34,3.47
500108010,18:00-20:00,2.58,3.59
500108010,20:00-22:00,2.61,2.7
500108010,22:00-24:00,0.59,1.28
500108011,00:00-02:00,0.71,2.45
500108011,02:00-04:00,0.32,1.0
500108011,04:00-06:00,0.41,0.3
500108011,06:00-08:00,8.89,2.81
500108011,08:00-10:00,9.26,4.82
500108011,10:00-12:00,7.81,4.63
500108011,12:00-14:00,5.08,3.84
500108011,14:00-16:00,5.24,4.41
500108011,16:00-18:00,5.77,6.83
500108011,18:00-20:00,7.4,9.22
500108011,20:00-22:00,5.66,6.05
500108011,22:00-24:00,1.62,4.91
500108012,00:00-02:00,0.33,0.85
500108012,02:00-04:00,0.0,0.14
500108012,04:00-06:00,0.66,0.14
500108012,06:00-08:00,3.44,1.7
500108012,08:00-10:00,4.7,2.95
500108012,10:00-12:00,3.47,3.95
500108012,12:00-14:00,4.05,2.79
500108012,14:00-16:00,2.37,2.48
500108012,16:00-18:00,3.3,4.25
500108012,18:00-20:00,3.77,4.54
500108012,20:00-22:00,2.98,2.33
500108012,22:00-24:00,1.66,2.11
500108013,00:00-02:00,0.42,0.67
500108013,02:00-04:00,0.07,0.11
500108013,04:00-06:00,0.43,0.52
500108013,06:00-08:00,4.18,1.18
500108013,08:00-10:00,5.47,3.59
500108013,10:00-12:00,3.34,2.41
500108013,12:00-14:00,2.27,2.43
500108013,14:00-16:00,2.15,1.34
500108013,16:00-18:00,2.16,2.95
500108013,18:00-20:00,2.13,3.14
500108013,20:00-22:00,1.63,2.4
500108013,22:00-24:00,0.82,2.14
500108014,00:00-02:00,0.76,0.45
500108014,02:00-04:00,0.09,0.02
500108014,04:00-06:00,0.3,0.2
500108014,06:00-08:00,3.82,5.07
500108014,08:00-10:00,8.42,10.03
500108014,10:00-12:00,2.86,3.63
500108014,12:00-14:00,5.04,4.0
500108014,14:00-16:00,2.05,3.96
500108014,16:00-18:00,9.91,9.76
500108014,18:00-20:00,9.75,5.74
500108014,20:00-22:00,3.88,2.9
500108014,22:00-24:00,2.84,0.82
500108015,00:00-02:00,1.4,1.3
500108015,02:00-04:00,0.05,0.48
500108015,04:00-06:00,0.91,1.25
500108015,06:00-08:00,5.79,6.38
500108015,08:00-10:00,10.25,10.66
500108015,10:00-12:00,6.99,8.13
500108015,12:00-14:00,9.02,8.98
500108015,14:00-16:00,5.49,5.77
500108015,16:00-18:00,9.98,8.52
500108015,18:00-20:00,11.59,7.86
500108015,20:00-22:00,7.14,5.45
500108015,22:00-24:00,3.64,3.37
500108016,00:00-02:00,1.04,1.11
500108016,02:00-04:00,0.42,0.36
500108016,04:00-06:00,0.59,0.75
500108016,06:00-08:00,2.59,4.36
500108016,08:00-10:00,4.3,4.64
500108016,10:00-12:00,4.09,4.2
500108016,12:00-14:00,5.65,4.93
500108016,14:00-16:00,4.94,5.94
500108016,16:00-18:00,6.05,5.53
500108016,18:00-20:00,6.49,3.73
500108016,20:00-22:00,5.61,4.43
500108016,22:00-24:00,2.56,2.14
500108018,00:00-02:00,0.31,0.45
500108018,02:00-04:00,0.23,0.45
500108018,04:00-06:00,0.36,1.0
500108018,06:00-08:00,3.77,2.48
500108018,08:00-10:00,5.06,3.32
500108018,10:00-12:00,4.0,3.39
500108018,12:00-14:00,4.26,3.57
500108018,14:00-16:00,3.42,2.98
500108018,16:00-18:00,3.79,5.03
500108018,18:00-20:00,4.59,7.02
500108018,20:00-22:00,5.49,3.85
500108018,22:00-24:00,1.66,2.03
500108019,00:00-02:00,0.33,0.38
500108019,02:00-04:00,0.23,0.34
500108019,04:00-06:00,0.84,2.02
500108019,06:00-08:00,4.68,1.8
500108019,08:00-10:00,4.29,2.57
500108019,10:00-12:00,2.11,2.32
500108019,12:00-14:00,2.92,2.66
500108019,14:00-16:00,2.48,2.16
500108019,16:00-18:00,3.54,5.46
500108019,18:00-20:00,5.97,6.51
500108019,20:00-22:00,3.18,3.02
500108019,22:00-24:00,0.8,1.41
500108020,00:00-02:00,1.19,1.44
500108020,02:00-04:00,0.16,0.57
500108020,04:00-06:00,0.5,1.93
500108020,06:00-08:00,5.98,9.6
500108020,08:00-10:00,12.14,8.27
500108020,10:00-12:00,7.63,7.18
500108020,12:00-14:00,9.95,9.34
500108020,14:00-16:00,5.83,5.93
500108020,16:00-18:00,9.73,9.59
500108020,18:00-20:00,11.86,10.08
500108020,20:00-22:00,8.56,6.23
500108020,22:00-24:00,5.2,3.35
500108021,00:00-02:00,0.83,3.11
500108021,02:00-04:00,0.18,1.02
500108021,04:00-06:00,1.0,2.66
500108021,06:00-08:00,10.4,5.8
500108021,08:00-10:00,9.42,5.86
500108021,10:00-12:00,6.68,7.23
500108021,12:00-14:00,7.9,7.96
500108021,14:00-16:00,6.78,6.21
500108021,16:00-18:00,8.79,11.3
500108021,18:00-20:00,10.5,8.21
500108021,20:00-22:00,7.02,5.72
500108021,22:00-24:00,4.95,3.78
500108022,00:00-02:00,0.94,1.04
500108022,02:00-04:00,0.16,0.16
500108022,04:00-06:00,1.23,1.05
500108022,06:00-08:00,5.63,9.91
500108022,08:00-10:00,13.7,22.56
500108022,10:00-12:00,10.25,8.45
500108022,12:00-14:00,8.29,10.16
500108022,14:00-16:00,9.17,9.88
500108022,16:00-18:00,13.74,8.64
500108022,18:00-20:00,14.9,7.75
500108022,20:00-22:00,4.15,2.43
500108022,22:00-24:00,3.94,1.39
500108023,00:00-02:00,0.99,1.84
500108023,02:00-04:00,0.43,0.3
500108023,04:00-06:00,1.0,0.3
500108023,06:00-08:00,9.27,7.66
500108023,08:00-10:00,9.04,7.81
500108023,10:00-12:00,8.04,6.38
500108023,12:00-14:00,7.0,7.11
500108023,14:00-16:00,7.02,5.46
500108023,16:00-18:00,10.97,11.2
500108023,18:00-20:00,12.69,12.78
500108023,20:00-22:00,10.58,10.76
500108023,22:00-24:00,5.27,5.57
500108024,00:00-02:00,0.38,1.32
500108024,02:00-04:00,0.02,0.05
500108024,04:00-06:00,1.07,0.3
500108024,06:00-08:00,5.34,3.14
500108024,08:00-10:00,5.03,4.51
500108024,10:00-12:00,5.05,2.98
500108024,12:00-14:00,3.71,2.73
500108024,14:00-16:00,3.27,3.25
500108024,16:00-18:00,4.16,4.32
500108024,18:00-20:00,4.28,5.48
500108024,20:00-22:00,3.89,5.2
500108024,22:00-24:00,3.03,3.77
500108025,00:00-02:00,1.26,1.89
500108025,02:00-04:00,0.28,0.57
500108025,04:00-06:00,0.9,0.52
500108025,06:00-08:00,6.51,11.5
500108025,08:00-10:00,12.36,11.68
500108025,10:00-12:00,6.25,8.95
500108025,12:00-14:00,7.57,9.29
500108025,14:00-16:00,9.37,7.05
500108025,16:00-18:00,11.56,9.64
500108025,18:00-20:00,11.52,7.84
500108025,20:00-22:00,9.61,4.18
500108025,22:00-24:00,6.18,3.21
500108026,00:00-02:00,0.45,1.17
500108026,02:00-04:00,0.11,0.14
500108026,04:00-06:00,1.18,0.32
500108026,06:00-08:00,12.18,4.82
500108026,08:00-10:00,11.63,7.65
500108026,10:00-12:00,6.94,4.09
500108026,12:00-14:00,5.2,4.32
500108026,14:00-16:00,4.91,4.21
500108026,16:00-18:00,5.9,8.79
500108026,18:00-20:00,9.77,10.33
500108026,20:00-22:00,4.27,6.91
500108026,22:00-24:00,1.64,3.32
500108027,00:00-02:00,0.97,1.41
500108027,02:00-04:00,0.32,0.32
500108027,04:00-06:00,0.98,1.25
500108027,06:00-08:00,10.32,8.56
500108027,08:00-10:00,14.71,6.53
500108027,10:00-12:00,7.74,5.02
500108027,12:00-14:00,7.46,5.2
500108027,14:00-16:00,6.22,5.64
500108027,16:00-18:00,7.43,11.92
500108027,18:00-20:00,12.53,12.61
500108027,20:00-22:00,9.66,10.18
500108027,22:00-24:00,1.59,5.83
500108028,00:00-02:00,1.51,2.52
500108028,02:00-04:00,0.02,0.91
500108028,04:00-06:00,0.09,2.82
500108028,06:00-08:00,10.05,15.93
500108028,08:00-10:00,22.36,15.26
500108028,10:00-12:00,9.44,10.51
500108028,12:00-14:00,11.33,14.16
500108028,14:00-16:00,11.94,9.12
500108028,16:00-18:00,18.77,17.5
500108028,18:00-20:00,19.87,15.54
500108028,20:00-22:00,13.26,10.02
500108028,22:00-24:00,7.26,5.14
500108029,00:00-02:00,0.74,0.49
500108029,02:00-04:00,0.52,0.09
500108029,04:00-06:00,0.18,0.07
500108029,06:00-08:00,1.93,3.58
500108029,08:00-10:00,5.1,1.85
500108029,10:00-12:00,2.44,1.82
500108029,12:00-14:00,2.55,2.54
500108029,14:00-16:00,1.84,3.15
500108029,16:00-18:00,5.54,2.57
500108029,18:00-20:00,2.55,3.43
500108029,20:00-22:00,1.29,2.77
500108029,22:00-24:00,1.14,1.23
500108030,00:00-02:00,0.45,0.98
500108030,02:00-04:00,0.09,0.05
500108030,04:00-06:00,0.16,0.2
500108030,06:00-08:00,3.94,1.62
500108030,08:00-10:00,4.79,4.14
500108030,10:00-12:00,2.76,2.16
500108030,12:00-14:00,2.63,2.92
500108030,14:00-16:00,2.74,2.05
500108030,16:00-18:00,3.7,4.79
500108030,18:00-20:00,6.09,5.59
500108030,20:00-22:00,3.97,4.54
500108030,22:00-24:00,2.21,2.48
500108031,00:00-02:00,0.85,1.46
500108031,02:00-04:00,0.11,0.41
500108031,04:00-06:00,0.82,0.98
500108031,06:00-08:00,4.97,4.64
500108031,08:00-10:00,7.74,5.87
500108031,10:00-12:00,5.69,5.42
500108031,12:00-14:00,6.12,6.58
500108031,14:00-16:00,4.76,4.85
500108031,16:00-18:00,7.8,8.93
500108031,18:00-20:00,7.7,8.35
500108031,20:00-22:00,7.05,5.87
500108031,22:00-24:00,3.38,3.0
500108032,00:00-02:00,0.9,0.92
500108032,02:00-04:00,0.18,0.43
500108032,04:00-06:00,0.77,0.61
500108032,06:00-08:00,3.76,1.96
500108032,08:00-10:00,6.38,4.61
500108032,10:00-12:00,4.47,3.99
500108032,12:00-14:00,6.36,4.84
500108032,14:00-16:00,3.91,3.82
500108032,16:00-18:00,5.35,7.11
500108032,18:00-20:00,6.34,6.21
500108032,20:00-22:00,4.78,3.67
500108032,22:00-24:00,2.39,3.3
500108033,00:00-02:00,0.78,1.15
500108033,02:00-04:00,0.09,0.16
500108033,04:00-06:00,1.86,0.39
500108033,06:00-08:00,13.51,7.0
500108033,08:00-10:00,10.1,5.91
500108033,10:00-12:00,6.85,7.25
500108033,12:00-14:00,7.71,6.47
500108033,14:00-16:00,5.78,4.89
500108033,16:00-18:00,7.38,13.25
500108033,18:00-20:00,11.28,10.98
500108033,20:00-22:00,7.25,10.09
500108033,22:00-24:00,2.25,4.94
500108035,00:00-02:00,0.28,0.57
500108035,02:00-04:00,0.14,0.64
500108035,04:00-06:00,0.18,0.39
500108035,06:00-08:00,3.84,2.27
500108035,08:00-10:00,6.2,3.71
500108035,10:00-12:00,2.93,2.14
500108035,12:00-14:00,2.07,1.82
500108035,14:00-16:00,1.86,2.07
500108035,16:00-18:00,3.46,4.86
500108035,18:00-20:00,5.04,5.09
500108035,20:00-22:00,2.15,3.26
500108035,22:00-24:00,1.27,1.95
500108036,00:00-02:00,0.21,0.61
500108036,02:00-04:00,0.09,0.98
500108036,04:00-06:00,0.07,1.46
500108036,06:00-08:00,2.59,0.68
500108036,08:00-10:00,3.77,1.64
500108036,10:00-12:00,1.0,2.16
500108036,12:00-14:00,1.57,4.29
500108036,14:00-16:00,2.02,1.89
500108036,16:00-18:00,2.88,1.44
500108036,18:00-20:00,2.02,1.32
500108036,20:00-22:00,1.43,0.8
500108036,22:00-24:00,0.3,0.59
500108037,00:00-02:00,0.49,0.72
500108037,02:00-04:00,0.23,0.17
500108037,04:00-06:00,0.41,0.07
500108037,06:00-08:00,3.64,2.3
500108037,08:00-10:00,2.97,2.16
500108037,10:00-12:00,1.45,1.92
500108037,12:00-14:00,1.88,1.82
500108037,14:00-16:00,2.14,1.77
500108037,16:00-18:00,3.31,2.9
500108037,18:00-20:00,3.16,4.17
500108037,20:00-22:00,1.96,2.58
500108037,22:00-24:00,1.63,2.41
500108038,00:00-02:00,0.73,1.6
500108038,02:00-04:00,0.2,0.25
500108038,04:00-06:00,1.27,0.27
500108038,06:00-08:00,6.74,5.37
500108038,08:00-10:00,6.76,3.64
500108038,10:00-12:00,3.46,3.14
500108038,12:00-14:00,3.65,3.29
500108038,14:00-16:00,3.79,3.91
500108038,16:00-18:00,4.72,9.73
500108038,18:00-20:00,10.04,8.22
500108038,20:00-22:00,4.79,6.27
500108038,22:00-24:00,3.05,4.04
500108039,00:00-02:00,0.88,0.85
500108039,02:00-04:00,0.18,0.16
500108039,04:00-06:00,0.5,0.23
500108039,06:00-08:00,1.8,2.5
500108039,08:00-10:00,3.18,6.37
500108039,10:00-12:00,4.52,3.76
500108039,12:00-14:00,5.61,4.59
500108039,14:00-16:00,3.71,4.57
500108039,16:00-18:00,6.3,3.92
500108039,18:00-20:00,3.91,2.5
500108039,20:00-22:00,2.14,2.73
500108039,22:00-24:00,1.1,1.12
500108040,00:00-02:00,0.14,0.52
500108040,02:00-04:00,0.07,0.3
500108040,04:00-06:00,1.0,0.25
500108040,06:00-08:00,2.71,1.05
500108040,08:00-10:00,2.35,2.75
500108040,10:00-12:00,2.07,1.41
500108040,12:00-14:00,1.69,1.59
500108040,14:00-16:00,1.63,1.43
500108040,16:00-18:00,2.68,3.88
500108040,18:00-20:00,1.78,2.28
500108040,20:00-22:00,1.06,1.32
500108040,22:00-24:00,1.06,0.94
500108041,00:00-02:00,0.17,0.4
500108041,02:00-04:00,0.02,0.0
500108041,04:00-06:00,0.07,0.59
500108041,06:00-08:00,0.71,3.46
500108041,08:00-10:00,2.55,3.93
500108041,10:00-12:00,1.75,0.99
500108041,12:00-14:00,2.47,2.4
500108041,14:00-16:00,1.05,1.99
500108041,16:00-18:00,7.04,2.53
500108041,18:00-20:00,3.75,3.2
500108041,20:00-22:00,1.8,2.14
500108041,22:00-24:00,0.79,0.64
500108043,00:00-02:00,0.92,0.47
500108043,02:00-04:00,0.39,0.09
500108043,04:00-06:00,1.39,0.18
500108043,06:00-08:00,3.32,5.57
500108043,08:00-10:00,6.64,8.39
500108043,10:00-12:00,3.88,3.77
500108043,12:00-14:00,5.43,8.47
500108043,14:00-16:00,3.5,3.46
500108043,16:00-18:00,8.54,4.29
500108043,18:00-20:00,5.84,4.7
500108043,20:00-22:00,3.48,3.27
500108043,22:00-24:00,1.07,1.48
500108044,00:00-02:00,2.62,0.73
500108044,02:00-04:00,0.14,0.18
500108044,04:00-06:00,0.77,0.45
500108044,06:00-08:00,4.2,18.07
500108044,08:00-10:00,7.82,13.52
500108044,10:00-12:00,4.66,3.33
500108044,12:00-14:00,6.51,6.38
500108044,14:00-16:00,4.48,3.24
500108044,16:00-18:00,23.15,5.94
500108044,18:00-20:00,6.3,6.0
500108044,20:00-22:00,2.98,4.75
500108044,22:00-24:00,1.8,2.46
500108045,00:00-02:00,0.24,0.97
500108045,02:00-04:00,0.07,0.45
500108045,04:00-06:00,0.39,0.36
500108045,06:00-08:00,7.51,3.75
500108045,08:00-10:00,4.85,4.91
500108045,10:00-12:00,2.45,2.79
500108045,12:00-14:00,2.79,2.89
500108045,14:00-16:00,1.52,3.73
500108045,16:00-18:00,7.27,6.24
500108045,18:00-20:00,6.68,4.73
500108045,20:00-22:00,2.03,2.95
500108045,22:00-24:00,0.86,2.16
500108046,00:00-02:00,0.19,0.33
500108046,02:00-04:00,0.14,1.02
500108046,04:00-06:00,0.32,0.7
500108046,06:00-08:00,1.84,1.98
500108046,08:00-10:00,3.82,3.02
500108046,10:00-12:00,1.93,1.68
500108046,12:00-14:00,1.93,2.32
500108046,14:00-16:00,1.8,3.57
500108046,16:00-18:00,2.81,1.48
500108046,18:00-20:00,3.88,2.23
500108046,20:00-22:00,1.41,1.0
500108046,22:00-24:00,0.71,1.12
500108047,00:00-02:00,0.71,0.78
500108047,02:00-04:00,0.34,0.02
500108047,04:00-06:00,0.7,0.43
500108047,06:00-08:00,3.01,2.05
500108047,08:00-10:00,7.93,10.64
500108047,10:00-12:00,5.34,3.43
500108047,12:00-14:00,4.69,4.86
500108047,14:00-16:00,3.5,5.73
500108047,16:00-18:00,9.04,5.6
500108047,18:00-20:00,7.05,4.86
500108047,20:00-22:00,2.82,3.75
500108047,22:00-24:00,1.44,1.8
500108048,00:00-02:00,0.05,0.0
500108048,02:00-04:00,0.0,0.48
500108048,04:00-06:00,0.02,0.59
500108048,06:00-08:00,0.86,1.34
500108048,08:00-10:00,2.11,3.82
500108048,10:00-12:00,0.95,1.48
500108048,12:00-14:00,1.66,1.86
500108048,14:00-16:00,0.86,0.75
500108048,16:00-18:00,1.71,0.98
500108048,18:00-20:00,3.5,0.64
500108048,20:00-22:00,0.82,0.64
500108048,22:00-24:00,0.36,0.18
500108049,00:00-02:00,0.21,3.32
500108049,02:00-04:00,0.07,0.57
500108049,04:00-06:00,1.39,0.14
500108049,06:00-08:00,11.68,1.64
500108049,08:00-10:00,7.27,2.7
500108049,10:00-12:00,3.32,4.95
500108049,12:00-14:00,3.35,4.13
500108049,14:00-16:00,3.14,4.14
500108049,16:00-18:00,4.61,5.64
500108049,18:00-20:00,5.29,4.63
500108049,20:00-22:00,1.66,4.57
500108049,22:00-24:00,0.91,5.74
500108050,00:00-02:00,0.36,0.4
500108050,02:00-04:00,0.02,0.09
500108050,04:00-06:00,0.02,0.36
500108050,06:00-08:00,0.99,2.45
500108050,08:00-10:00,4.9,6.54
500108050,10:00-12:00,5.07,5.1
500108050,12:00-14:00,2.54,3.9
500108050,14:00-16:00,2.18,3.4
500108050,16:00-18:00,3.11,2.8
500108050,18:00-20:00,3.98,3.53
500108050,20:00-22:00,4.02,0.94
500108050,22:00-24:00,1.25,0.3
500108051,00:00-02:00,0.07,0.45
500108051,02:00-04:00,0.05,0.09
500108051,04:00-06:00,0.5,0.34
500108051,06:00-08:00,3.5,0.89
500108051,08:00-10:00,4.55,3.05
500108051,10:00-12:00,1.86,2.0
500108051,12:00-14:00,1.54,1.59
500108051,14:00-16:00,1.68,2.21
500108051,16:00-18:00,1.64,3.22
500108051,18:00-20:00,2.04,2.61
500108051,20:00-22:00,1.25,1.84
500108051,22:00-24:00,0.59,0.73
500108052,00:00-02:00,0.49,0.42
500108052,02:00-04:00,0.14,0.3
500108052,04:00-06:00,0.11,0.14
500108052,06:00-08:00,2.32,1.16
500108052,08:00-10:00,3.22,1.93
500108052,10:00-12:00,0.97,1.09
500108052,12:00-14:00,1.7,1.73
500108052,14:00-16:00,2.19,1.59
500108052,16:00-18:00,3.24,5.98
500108052,18:00-20:00,4.59,6.46
500108052,20:00-22:00,4.54,2.25
500108052,22:00-24:00,1.85,1.57
500108054,00:00-02:00,1.25,1.06
500108054,02:00-04:00,0.32,0.52
500108054,04:00-06:00,0.68,1.05
500108054,06:00-08:00,2.27,9.45
500108054,08:00-10:00,5.55,7.16
500108054,10:00-12:00,5.93,4.96
500108054,12:00-14:00,6.32,5.73
500108054,14:00-16:00,5.37,5.19
500108054,16:00-18:00,12.43,4.98
500108054,18:00-20:00,5.61,6.32
500108054,20:00-22:00,4.82,4.0
500108054,22:00-24:00,2.3,2.23
500108055,00:00-02:00,2.45,0.97
500108055,02:00-04:00,0.3,0.52
500108055,04:00-06:00,1.05,0.73
500108055,06:00-08:00,3.07,3.68
500108055,08:00-10:00,3.48,4.86
500108055,10:00-12:00,4.79,5.54
500108055,12:00-14:00,5.93,4.25
500108055,14:00-16:00,4.5,4.05
500108055,16:00-18:00,5.46,6.76
500108055,18:00-20:00,5.66,5.84
500108055,20:00-22:00,4.58,3.82
500108055,22:00-24:00,1.89,2.12
500108056,00:00-02:00,0.31,2.0
500108056,02:00-04:00,0.11,0.86
500108056,04:00-06:00,0.55,0.77
500108056,06:00-08:00,1.5,2.8
500108056,08:00-10:00,5.86,3.89
500108056,10:00-12:00,3.59,2.41
500108056,12:00-14:00,2.84,5.04
500108056,14:00-16:00,3.71,5.48
500108056,16:00-18:00,6.4,3.29
500108056,18:00-20:00,6.04,4.5
500108056,20:00-22:00,3.63,2.61
500108056,22:00-24:00,1.17,0.91
500108057,00:00-02:00,1.37,0.87
500108057,02:00-04:00,0.23,0.5
500108057,04:00-06:00,0.18,0.61
500108057,06:00-08:00,5.5,10.94
500108057,08:00-10:00,9.27,10.76
500108057,10:00-12:00,7.68,8.72
500108057,12:00-14:00,7.25,9.13
500108057,14:00-16:00,6.0,7.01
500108057,16:00-18:00,12.15,9.85
500108057,18:00-20:00,11.23,6.38
500108057,20:00-22:00,7.98,5.23
500108057,22:00-24:00,4.51,2.5
500108058,00:00-02:00,0.59,0.21
500108058,02:00-04:00,0.0,0.0
500108058,04:00-06:00,0.09,0.18
500108058,06:00-08:00,2.55,0.75
500108058,08:00-10:00,2.2,0.86
500108058,10:00-12:00,0.93,1.48
500108058,12:00-14:00,1.45,1.41
500108058,14:00-16:00,1.71,1.23
500108058,16:00-18:00,1.83,3.38
500108058,18:00-20:00,2.36,2.73
500108058,20:00-22:00,0.82,1.7
500108058,22:00-24:00,0.36,0.75
500108059,00:00-02:00,0.49,0.92
500108059,02:00-04:00,0.16,0.5
500108059,04:00-06:00,0.32,0.14
500108059,06:00-08:00,2.93,1.61
500108059,08:00-10:00,2.57,0.59
500108059,10:00-12:00,1.33,1.57
500108059,12:00-14:00,0.98,1.34
500108059,14:00-16:00,0.98,1.98
500108059,16:00-18:00,2.72,1.87
500108059,18:00-20:00,1.34,2.27
500108059,20:00-22:00,0.98,1.05
500108059,22:00-24:00,0.3,0.82
500108060,00:00-02:00,0.35,1.2
500108060,02:00-04:00,0.05,0.52
500108060,04:00-06:00,0.61,1.64
500108060,06:00-08:00,2.5,3.0
500108060,08:00-10:00,4.63,2.48
500108060,10:00-12:00,2.67,2.02
500108060,12:00-14:00,3.31,2.73
500108060,14:00-16:00,2.48,3.12
500108060,16:00-18:00,4.68,3.77
500108060,18:00-20:00,3.76,3.57
500108060,20:00-22:00,3.41,2.64
500108060,22:00-24:00,1.72,1.71
500108061,00:00-02:00,0.35,0.49
500108061,02:00-04:00,0.0,0.05
500108061,04:00-06:00,0.95,1.89
500108061,06:00-08:00,7.11,5.03
500108061,08:00-10:00,5.89,3.84
500108061,10:00-12:00,4.43,3.95
500108061,12:00-14:00,3.52,3.88
500108061,14:00-16:00,3.34,4.05
500108061,16:00-18:00,5.41,7.1
500108061,18:00-20:00,7.29,7.4
500108061,20:00-22:00,4.98,6.14
500108061,22:00-24:00,3.48,3.63
500108062,00:00-02:00,0.21,0.33
500108062,02:00-04:00,0.0,0.16
500108062,04:00-06:00,0.14,0.23
500108062,06:00-08:00,4.67,2.54
500108062,08:00-10:00,2.96,2.84
500108062,10:00-12:00,1.78,1.07
500108062,12:00-14:00,3.09,2.2
500108062,14:00-16:00,1.9,1.87
500108062,16:00-18:00,1.93,3.65
500108062,18:00-20:00,4.89,5.23
500108062,20:00-22:00,2.65,3.11
500108062,22:00-24:00,1.62,1.79
500108063,00:00-02:00,0.64,0.68
500108063,02:00-04:00,0.07,0.05
500108063,04:00-06:00,1.21,0.77
500108063,06:00-08:00,6.06,5.37
500108063,08:00-10:00,7.4,4.92
500108063,10:00-12:00,4.82,4.04
500108063,12:00-14:00,5.95,4.95
500108063,14:00-16:00,3.76,3.98
500108063,16:00-18:00,6.96,7.22
500108063,18:00-20:00,7.82,8.2
500108063,20:00-22:00,5.28,4.8
500108063,22:00-24:00,1.9,2.47
500108064,00:00-02:00,0.85,1.23
500108064,02:00-04:00,0.11,0.18
500108064,04:00-06:00,0.6,0.23
500108064,06:00-08:00,4.86,7.55
500108064,08:00-10:00,5.43,8.0
500108064,10:00-12:00,4.18,5.73
500108064,12:00-14:00,4.76,5.74
500108064,14:00-16:00,4.52,4.54
500108064,16:00-18:00,9.78,7.43
500108064,18:00-20:00,7.57,5.92
500108064,20:00-22:00,6.2,4.82
500108064,22:00-24:00,5.22,2.99
500108065,00:00-02:00,0.14,0.47
500108065,02:00-04:00,0.05,0.07
500108065,04:00-06:00,0.07,0.3
500108065,06:00-08:00,1.39,0.55
500108065,08:00-10:00,1.58,0.93
500108065,10:00-12:00,1.26,0.89
500108065,12:00-14:00,1.01,0.73
500108065,14:00-16:00,0.75,1.07
500108065,16:00-18:00,0.76,0.82
500108065,18:00-20:00,0.78,1.45
500108065,20:00-22:00,0.57,0.52
500108065,22:00-24:00,0.2,0.52
500108066,00:00-02:00,0.21,0.45
500108066,02:00-04:00,0.09,0.27
500108066,04:00-06:00,0.7,0.16
500108066,06:00-08:00,2.14,2.57
500108066,08:00-10:00,4.08,1.69
500108066,10:00-12:00,3.27,1.93
500108066,12:00-14:00,1.72,1.95
500108066,14:00-16:00,1.35,1.27
500108066,16:00-18:00,2.45,2.76
500108066,18:00-20:00,1.17,2.25
500108066,20:00-22:00,0.75,1.68
500108066,22:00-24:00,0.39,0.48
500108067,00:00-02:00,0.73,0.94
500108067,02:00-04:00,0.3,0.2
500108067,04:00-06:00,0.55,0.25
500108067,06:00-08:00,2.5,2.68
500108067,08:00-10:00,4.52,4.68
500108067,10:00-12:00,2.39,2.59
500108067,12:00-14:00,2.35,2.66
500108067,14:00-16:00,2.96,3.18
500108067,16:00-18:00,5.99,5.49
500108067,18:00-20:00,7.09,6.6
500108067,20:00-22:00,5.54,4.91
500108067,22:00-24:00,4.16,3.25
500108068,00:00-02:00,0.4,0.59
500108068,02:00-04:00,0.09,0.41
500108068,04:00-06:00,0.59,0.09
500108068,06:00-08:00,8.32,2.73
500108068,08:00-10:00,6.54,4.34
500108068,10:00-12:00,5.46,3.82
500108068,12:00-14:00,3.56,3.5
500108068,14:00-16:00,4.06,3.46
500108068,16:00-18:00,6.97,6.71
500108068,18:00-20:00,4.26,7.43
500108068,20:00-22:00,2.25,6.52
500108068,22:00-24:00,0.91,4.56
500108069,00:00-02:00,0.02,0.05
500108069,02:00-04:00,0.0,0.07
500108069,04:00-06:00,0.02,0.0
500108069,06:00-08:00,1.03,1.18
500108069,08:00-10:00,0.82,0.77
500108069,10:00-12:00,0.9,0.82
500108069,12:00-14:00,0.93,0.93
500108069,14:00-16:00,1.0,0.84
500108069,16:00-18:00,1.24,0.98
500108069,18:00-20:00,0.51,0.48
500108069,20:00-22:00,0.07,0.23
500108069,22:00-24:00,0.0,0.14
500108070,00:00-02:00,1.41,1.01
500108070,02:00-04:00,0.05,2.64
500108070,04:00-06:00,0.18,6.0
500108070,06:00-08:00,16.23,6.22
500108070,08:00-10:00,15.22,8.95
500108070,10:00-12:00,8.78,6.65
500108070,12:00-14:00,10.24,8.77
500108070,14:00-16:00,8.91,10.2
500108070,16:00-18:00,17.22,22.75
500108070,18:00-20:00,15.2,15.04
500108070,20:00-22:00,15.47,12.7
500108070,22:00-24:00,8.41,9.56
500108071,00:00-02:00,0.24,1.15
500108071,02:00-04:00,0.43,0.66
500108071,04:00-06:00,0.48,0.98
500108071,06:00-08:00,3.03,4.52
500108071,08:00-10:00,5.68,3.43
500108071,10:00-12:00,4.11,2.7
500108071,12:00-14:00,3.44,2.73
500108071,14:00-16:00,2.58,2.57
500108071,16:00-18:00,7.13,5.02
500108071,18:00-20:00,4.06,4.57
500108071,20:00-22:00,3.37,3.57
500108071,22:00-24:00,1.4,2.59
500108072,00:00-02:00,0.25,0.38
500108072,02:00-04:00,0.02,0.09
500108072,04:00-06:00,0.05,0.09
500108072,06:00-08:00,1.36,1.75
500108072,08:00-10:00,1.48,8.1
500108072,10:00-12:00,0.73,0.55
500108072,12:00-14:00,1.11,1.0
500108072,14:00-16:00,1.32,1.66
500108072,16:00-18:00,5.3,1.37
500108072,18:00-20:00,4.98,0.82
500108072,20:00-22:00,1.28,1.32
500108072,22:00-24:00,0.9,1.3
500108073,00:00-02:00,0.05,0.28
500108073,02:00-04:00,0.0,0.0
500108073,04:00-06:00,0.05,0.66
500108073,06:00-08:00,1.41,3.14
500108073,08:00-10:00,2.64,5.41
500108073,10:00-12:00,3.16,0.78
500108073,12:00-14:00,1.61,2.73
500108073,14:00-16:00,2.43,2.56
500108073,16:00-18:00,4.93,1.78
500108073,18:00-20:00,1.86,1.86
500108073,20:00-22:00,2.11,0.75
500108073,22:00-24:00,0.42,0.75
500108074,00:00-02:00,0.12,0.38
500108074,02:00-04:00,0.0,0.3
500108074,04:00-06:00,0.14,0.16
500108074,06:00-08:00,2.19,1.57
500108074,08:00-10:00,2.45,2.7
500108074,10:00-12:00,2.1,1.79
500108074,12:00-14:00,1.87,2.39
500108074,14:00-16:00,1.97,1.75
500108074,16:00-18:00,4.05,2.7
500108074,18:00-20:00,2.21,3.48
500108074,20:00-22:00,2.2,1.73
500108074,22:00-24:00,0.79,0.71
500108075,00:00-02:00,0.28,0.73
500108075,02:00-04:00,0.0,0.02
500108075,04:00-06:00,0.05,0.39
500108075,06:00-08:00,1.55,2.1
500108075,08:00-10:00,1.86,2.0
500108075,10:00-12:00,2.1,2.11
500108075,12:00-14:00,2.89,2.17
500108075,14:00-16:00,1.66,1.21
500108075,16:00-18:00,3.18,1.96
500108075,18:00-20:00,2.67,3.27
500108075,20:00-22:00,2.91,1.23
500108075,22:00-24:00,1.04,1.5
500108076,00:00-02:00,0.59,0.75
500108076,02:00-04:00,0.52,0.23
500108076,04:00-06:00,0.89,0.27
500108076,06:00-08:00,4.62,4.05
500108076,08:00-10:00,10.42,11.8
500108076,10:00-12:00,3.65,3.4
500108076,12:00-14:00,4.61,5.26
500108076,14:00-16:00,2.93,3.59
500108076,16:00-18:00,7.01,6.08
500108076,18:00-20:00,8.6,6.13
500108076,20:00-22:00,3.55,4.79
500108076,22:00-24:00,1.74,1.67
500108077,00:00-02:00,0.09,0.71
500108077,02:00-04:00,0.02,0.48
500108077,04:00-06:00,0.23,0.66
500108077,06:00-08:00,3.5,0.89
500108077,08:00-10:00,3.61,3.55
500108077,10:00-12:00,1.44,1.09
500108077,12:00-14:00,1.7,1.36
500108077,14:00-16:00,2.07,1.23
500108077,16:00-18:00,1.78,2.03
500108077,18:00-20:00,1.61,2.71
500108077,20:00-22:00,1.39,1.34
500108077,22:00-24:00,0.3,1.3
500108078,00:00-02:00,0.42,0.26
500108078,02:00-04:00,0.0,0.05
500108078,04:00-06:00,0.32,0.09
500108078,06:00-08:00,1.07,0.98
500108078,08:00-10:00,1.86,1.11
500108078,10:00-12:00,0.95,0.82
500108078,12:00-14:00,1.93,1.64
500108078,14:00-16:00,1.77,1.23
500108078,16:00-18:00,2.35,3.17
500108078,18:00-20:00,1.66,2.66
500108078,20:00-22:00,1.48,1.52
500108078,22:00-24:00,0.34,0.43
500108079,00:00-02:00,0.38,0.42
500108079,02:00-04:00,0.02,0.0
500108079,04:00-06:00,0.11,0.39
500108079,06:00-08:00,2.01,0.27
500108079,08:00-10:00,1.13,0.68
500108079,10:00-12:00,1.11,1.02
500108079,12:00-14:00,1.31,1.36
500108079,14:00-16:00,0.64,1.27
500108079,16:00-18:00,2.03,1.6
500108079,18:00-20:00,1.37,1.61
500108079,20:00-22:00,0.92,1.86
500108079,22:00-24:00,0.52,0.72
500108081,00:00-02:00,1.46,2.69
500108081,02:00-04:00,0.36,1.41
500108081,04:00-06:00,0.86,0.68
500108081,06:00-08:00,7.19,6.5
500108081,08:00-10:00,8.98,9.21
500108081,10:00-12:00,9.16,9.55
500108081,12:00-14:00,9.34,6.91
500108081,14:00-16:00,5.54,5.87
500108081,16:00-18:00,9.41,10.14
500108081,18:00-20:00,8.31,10.69
500108081,20:00-22:00,10.7,6.04
500108081,22:00-24:00,3.48,4.07
500108082,00:00-02:00,1.65,1.65
500108082,02:00-04:00,0.16,0.2
500108082,04:00-06:00,1.02,1.32
500108082,06:00-08:00,16.74,20.2
500108082,08:00-10:00,21.06,19.73
500108082,10:00-12:00,11.91,13.97
500108082,12:00-14:00,12.83,14.04
500108082,14:00-16:00,11.96,10.35
500108082,16:00-18:00,17.24,15.87
500108082,18:00-20:00,18.74,18.32
500108082,20:00-22:00,16.53,8.16
500108082,22:00-24:00,7.35,3.64
500108083,00:00-02:00,1.24,0.49
500108083,02:00-04:00,0.43,0.09
500108083,04:00-06:00,0.25,0.93
500108083,06:00-08:00,4.5,6.16
500108083,08:00-10:00,10.48,11.84
500108083,10:00-12:00,4.75,5.79
500108083,12:00-14:00,7.36,7.16
500108083,14:00-16:00,6.22,6.46
500108083,16:00-18:00,10.76,8.36
500108083,18:00-20:00,8.91,7.2
500108083,20:00-22:00,3.15,2.86
500108083,22:00-24:00,1.72,1.34
500108084,00:00-02:00,1.63,1.32
500108084,02:00-04:00,0.07,0.11
500108084,04:00-06:00,0.32,1.05
500108084,06:00-08:00,10.2,11.91
500108084,08:00-10:00,24.37,26.88
500108084,10:00-12:00,12.23,11.29
500108084,12:00-14:00,8.47,13.11
500108084,14:00-16:00,6.74,6.7
500108084,16:00-18:00,19.51,13.41
500108084,18:00-20:00,8.81,5.48
500108084,20:00-22:00,3.93,2.43
500108084,22:00-24:00,3.37,1.39
500108085,00:00-02:00,0.44,1.5
500108085,02:00-04:00,0.11,0.14
500108085,04:00-06:00,0.57,0.83
500108085,06:00-08:00,4.34,1.57
500108085,08:00-10:00,5.74,4.77
500108085,10:00-12:00,3.45,2.91
500108085,12:00-14:00,3.53,2.36
500108085,14:00-16:00,2.73,2.23
500108085,16:00-18:00,3.66,4.47
500108085,18:00-20:00,4.03,3.71
500108085,20:00-22:00,2.53,3.02
500108085,22:00-24:00,2.59,2.5
500108086,00:00-02:00,0.12,0.85
500108086,02:00-04:00,0.23,0.09
500108086,04:00-06:00,0.86,1.03
500108086,06:00-08:00,5.93,2.98
500108086,08:00-10:00,5.01,3.61
500108086,10:00-12:00,3.68,3.2
500108086,12:00-14:00,3.5,3.45
500108086,14:00-16:00,2.77,2.27
500108086,16:00-18:00,3.2,6.02
500108086,18:00-20:00,6.88,5.98
500108086,20:00-22:00,3.75,4.86
500108086,22:00-24:00,1.57,2.62
500108087,00:00-02:00,0.03,0.06
500108087,02:00-04:00,0.18,0.15
500108087,04:00-06:00,0.03,0.03
500108087,06:00-08:00,2.13,0.56
500108087,08:00-10:00,2.27,1.62
500108087,10:00-12:00,1.18,1.35
500108087,12:00-14:00,0.88,0.68
500108087,14:00-16:00,0.86,0.82
500108087,16:00-18:00,1.02,1.66
500108087,18:00-20:00,0.82,1.18
500108087,20:00-22:00,0.44,0.85
500108087,22:00-24:00,0.54,0.71
500108088,00:00-02:00,0.66,0.59
500108088,02:00-04:00,0.11,0.27
500108088,04:00-06:00,0.73,0.16
500108088,06:00-08:00,6.5,1.75
500108088,08:00-10:00,4.95,4.39
500108088,10:00-12:00,4.6,3.66
500108088,12:00-14:00,3.96,4.43
500108088,14:00-16:00,2.84,2.57
500108088,16:00-18:00,5.43,5.55
500108088,18:00-20:00,3.67,5.63
500108088,20:00-22:00,1.95,5.45
500108088,22:00-24:00,1.93,2.74
500108089,00:00-02:00,0.87,0.39
500108089,02:00-04:00,0.18,0.0
500108089,04:00-06:00,0.32,0.48
500108089,06:00-08:00,4.93,5.65
500108089,08:00-10:00,6.91,8.08
500108089,10:00-12:00,7.61,6.57
500108089,12:00-14:00,5.97,6.0
500108089,14:00-16:00,4.38,3.17
500108089,16:00-18:00,7.84,5.79
500108089,18:00-20:00,4.43,6.59
500108089,20:00-22:00,3.39,3.87
500108089,22:00-24:00,1.19,1.39
500108090,00:00-02:00,0.29,0.33
500108090,02:00-04:00,0.14,0.0
500108090,04:00-06:00,0.43,0.02
500108090,06:00-08:00,1.4,1.61
500108090,08:00-10:00,2.8,4.49
500108090,10:00-12:00,0.64,0.64
500108090,12:00-14:00,1.07,1.02
500108090,14:00-16:00,0.43,2.01
500108090,16:00-18:00,2.47,1.53
500108090,18:00-20:00,2.38,1.59
500108090,20:00-22:00,0.79,0.3
500108090,22:00-24:00,0.88,0.27
500108091,00:00-02:00,0.35,1.08
500108091,02:00-04:00,0.07,0.16
500108091,04:00-06:00,0.43,0.57
500108091,06:00-08:00,3.6,1.96
500108091,08:00-10:00,4.06,2.17
500108091,10:00-12:00,0.85,1.48
500108091,12:00-14:00,1.72,1.68
500108091,14:00-16:00,1.47,1.25
500108091,16:00-18:00,2.75,2.49
500108091,18:00-20:00,2.61,2.84
500108091,20:00-22:00,1.39,2.14
500108091,22:00-24:00,0.6,1.14
500108092,00:00-02:00,0.17,0.49
500108092,02:00-04:00,0.23,0.2
500108092,04:00-06:00,0.14,0.39
500108092,06:00-08:00,3.59,4.93
500108092,08:00-10:00,4.85,3.71
500108092,10:00-12:00,2.09,2.54
500108092,12:00-14:00,2.25,2.0
500108092,14:00-16:00,2.46,2.41
500108092,16:00-18:00,4.77,4.41
500108092,18:00-20:00,4.09,4.73
500108092,20:00-22:00,2.64,1.73
500108092,22:00-24:00,1.26,0.5
500108093,00:00-02:00,0.57,0.16
500108093,02:00-04:00,0.23,0.0
500108093,04:00-06:00,0.18,0.64
500108093,06:00-08:00,7.82,9.19
500108093,08:00-10:00,14.17,16.03
500108093,10:00-12:00,4.52,3.63
500108093,12:00-14:00,2.8,5.19
500108093,14:00-16:00,2.59,2.36
500108093,16:00-18:00,7.39,3.35
500108093,18:00-20:00,9.11,7.51
500108093,20:00-22:00,1.79,1.66
500108093,22:00-24:00,0.68,0.3
500108094,00:00-02:00,0.54,1.08
500108094,02:00-04:00,0.16,0.34
500108094,04:00-06:00,0.09,0.68
500108094,06:00-08:00,3.5,1.64
500108094,08:00-10:00,4.3,5.11
500108094,10:00-12:00,5.57,5.8
500108094,12:00-14:00,5.58,4.89
500108094,14:00-16:00,3.82,3.3
500108094,16:00-18:00,5.94,6.82
500108094,18:00-20:00,6.91,7.01
500108094,20:00-22:00,6.47,3.75
500108094,22:00-24:00,2.19,1.8
500108095,00:00-02:00,0.19,0.42
500108095,02:00-04:00,0.18,0.57
500108095,04:00-06:00,0.14,1.07
500108095,06:00-08:00,2.68,2.0
500108095,08:00-10:00,2.95,3.2
500108095,10:00-12:00,2.36,1.02
500108095,12:00-14:00,2.66,2.14
500108095,14:00-16:00,2.06,2.91
500108095,16:00-18:00,3.58,1.51
500108095,18:00-20:00,2.32,4.93
500108095,20:00-22:00,1.95,0.77
500108095,22:00-24:00,0.91,0.55
500108096,00:00-02:00,1.06,0.82
500108096,02:00-04:00,0.32,0.73
500108096,04:00-06:00,0.11,0.34
500108096,06:00-08:00,2.86,3.73
500108096,08:00-10:00,3.15,4.39
500108096,10:00-12:00,3.29,2.7
500108096,12:00-14:00,3.59,2.9
500108096,14:00-16:00,3.08,2.12
500108096,16:00-18:00,5.48,2.97
500108096,18:00-20:00,3.48,3.88
500108096,20:00-22:00,2.36,2.8
500108096,22:00-24:00,1.4,1.59
500108097,00:00-02:00,0.49,0.07
500108097,02:00-04:00,0.02,0.05
500108097,04:00-06:00,0.07,0.0
500108097,06:00-08:00,0.32,0.14
500108097,08:00-10:00,0.77,0.27
500108097,10:00-12:00,0.76,0.64
500108097,12:00-14:00,0.49,0.98
500108097,14:00-16:00,0.32,0.43
500108097,16:00-18:00,1.28,0.75
500108097,18:00-20:00,0.95,1.02
500108097,20:00-22:00,0.27,0.77
500108097,22:00-24:00,0.16,0.43
500108098,00:00-02:00,0.35,0.49
500108098,02:00-04:00,0.02,0.0
500108098,04:00-06:00,0.05,1.3
500108098,06:00-08:00,3.66,9.76
500108098,08:00-10:00,13.8,11.55
500108098,10:00-12:00,10.23,8.1
500108098,12:00-14:00,9.0,9.81
500108098,14:00-16:00,9.74,9.86
500108098,16:00-18:00,9.26,8.64
500108098,18:00-20:00,10.17,8.03
500108098,20:00-22:00,9.31,5.09
500108098,22:00-24:00,1.24,1.39
500108099,00:00-02:00,0.31,1.27
500108099,02:00-04:00,0.66,0.07
500108099,04:00-06:00,1.61,1.64
500108099,06:00-08:00,9.15,4.5
500108099,08:00-10:00,8.37,6.16
500108099,10:00-12:00,5.08,3.02
500108099,12:00-14:00,4.3,2.89
500108099,14:00-16:00,2.83,3.41
500108099,16:00-18:00,4.34,7.24
500108099,18:00-20:00,9.54,10.09
500108099,20:00-22:00,6.8,6.4
500108099,22:00-24:00,2.07,4.12
500108100,00:00-02:00,0.12,0.07
500108100,02:00-04:00,0.09,0.02
500108100,04:00-06:00,0.18,1.0
500108100,06:00-08:00,1.14,0.61
500108100,08:00-10:00,1.51,1.45
500108100,10:00-12:00,0.77,0.64
500108100,12:00-14:00,0.89,0.82
500108100,14:00-16:00,1.02,1.05
500108100,16:00-18:00,1.33,0.87
500108100,18:00-20:00,1.0,1.14
500108100,20:00-22:00,0.86,0.89
500108100,22:00-24:00,0.43,0.48
500108102,00:00-02:00,0.12,0.16
500108102,02:00-04:00,0.07,0.11
500108102,04:00-06:00,0.41,0.32
500108102,06:00-08:00,2.5,3.0
500108102,08:00-10:00,3.93,2.9
500108102,10:00-12:00,1.92,2.02
500108102,12:00-14:00,1.73,2.2
500108102,14:00-16:00,1.77,1.36
500108102,16:00-18:00,3.03,2.4
500108102,18:00-20:00,2.78,3.33
500108102,20:00-22:00,1.49,1.83
500108102,22:00-24:00,0.65,0.67
500108103,00:00-02:00,0.08,0.4
500108103,02:00-04:00,0.02,0.09
500108103,04:00-06:00,0.23,0.2
500108103,06:00-08:00,4.1,6.48
500108103,08:00-10:00,11.74,12.41
500108103,10:00-12:00,5.08,5.76
500108103,12:00-14:00,4.74,5.58
500108103,14:00-16:00,5.85,6.37
500108103,16:00-18:00,8.09,6.04
500108103,18:00-20:00,9.04,8.46
500108103,20:00-22:00,7.77,3.68
500108103,22:00-24:00,2.29,0.71
500108104,00:00-02:00,0.02,0.02
500108104,02:00-04:00,0.0,0.0
500108104,04:00-06:00,0.07,0.32
500108104,06:00-08:00,0.18,1.07
500108104,08:00-10:00,0.52,2.46
500108104,10:00-12:00,0.66,0.64
500108104,12:00-14:00,1.25,1.57
500108104,14:00-16:00,1.18,0.77
500108104,16:00-18:00,2.51,0.53
500108104,18:00-20:00,1.32,0.32
500108104,20:00-22:00,0.36,0.18
500108104,22:00-24:00,0.21,0.2
500108105,00:00-02:00,0.05,0.68
500108105,02:00-04:00,0.07,0.16
500108105,04:00-06:00,0.25,0.48
500108105,06:00-08:00,4.61,2.0
500108105,08:00-10:00,4.98,3.57
500108105,10:00-12:00,2.36,1.93
500108105,12:00-14:00,2.7,2.43
500108105,14:00-16:00,1.82,1.75
500108105,16:00-18:00,2.33,3.42
500108105,18:00-20:00,5.1,4.19
500108105,20:00-22:00,3.0,5.11
500108105,22:00-24:00,1.0,1.46
500108106,00:00-02:00,1.72,0.24
500108106,02:00-04:00,0.82,0.09
500108106,04:00-06:00,0.3,0.11
500108106,06:00-08:00,2.91,3.66
500108106,08:00-10:00,5.48,4.68
500108106,10:00-12:00,2.45,1.48
500108106,12:00-14:00,2.52,3.04
500108106,14:00-16:00,2.11,3.09
500108106,16:00-18:00,8.2,7.01
500108106,18:00-20:00,8.11,7.66
500108106,20:00-22:00,3.08,5.84
500108106,22:00-24:00,2.78,3.02
500108107,00:00-02:00,0.38,0.87
500108107,02:00-04:00,0.07,0.75
500108107,04:00-06:00,0.27,0.3
500108107,06:00-08:00,4.4,1.77
500108107,08:00-10:00,5.61,3.55
500108107,10:00-12:00,3.14,2.61
500108107,12:00-14:00,3.83,3.35
500108107,14:00-16:00,3.41,3.02
500108107,16:00-18:00,4.35,3.43
500108107,18:00-20:00,4.42,6.04
500108107,20:00-22:00,4.14,4.8
500108107,22:00-24:00,2.65,2.46
500108108,00:00-02:00,0.19,0.98
500108108,02:00-04:00,0.16,0.07
500108108,04:00-06:00,0.48,0.02
500108108,06:00-08:00,1.91,1.71
500108108,08:00-10:00,2.93,2.56
500108108,10:00-12:00,1.32,1.5
500108108,12:00-14:00,1.45,1.63
500108108,14:00-16:00,1.34,1.19
500108108,16:00-18:00,3.39,2.68
500108108,18:00-20:00,2.5,2.18
500108108,20:00-22:00,1.14,1.93
500108108,22:00-24:00,0.91,1.07
500108109,00:00-02:00,0.36,1.04
500108109,02:00-04:00,0.14,0.05
500108109,04:00-06:00,0.23,0.14
500108109,06:00-08:00,1.66,1.11
500108109,08:00-10:00,3.36,5.51
500108109,10:00-12:00,3.7,2.3
500108109,12:00-14:00,2.66,2.86
500108109,14:00-16:00,2.44,2.77
500108109,16:00-18:00,4.4,2.8
500108109,18:00-20:00,4.46,4.18
500108109,20:00-22:00,2.51,0.95
500108109,22:00-24:00,1.08,1.25
500108110,00:00-02:00,0.78,1.41
500108110,02:00-04:00,0.43,0.14
500108110,04:00-06:00,0.68,0.18
500108110,06:00-08:00,3.7,6.2
500108110,08:00-10:00,7.16,10.61
500108110,10:00-12:00,5.86,7.66
500108110,12:00-14:00,5.79,4.77
500108110,14:00-16:00,5.29,4.69
500108110,16:00-18:00,10.06,4.57
500108110,18:00-20:00,6.65,6.29
500108110,20:00-22:00,4.64,4.32
500108110,22:00-24:00,3.77,2.21
500108111,00:00-02:00,0.59,1.11
500108111,02:00-04:00,0.18,0.07
500108111,04:00-06:00,0.39,0.52
500108111,06:00-08:00,2.82,2.05
500108111,08:00-10:00,4.34,3.36
500108111,10:00-12:00,1.73,1.84
500108111,12:00-14:00,2.32,1.82
500108111,14:00-16:00,1.81,1.91
500108111,16:00-18:00,2.83,4.11
500108111,18:00-20:00,3.94,3.29
500108111,20:00-22:00,2.14,2.02
500108111,22:00-24:00,1.02,1.93
500108112,00:00-02:00,0.33,0.99
500108112,02:00-04:00,0.48,0.48
500108112,04:00-06:00,0.43,1.25
500108112,06:00-08:00,5.41,1.73
500108112,08:00-10:00,5.45,4.28
500108112,10:00-12:00,3.37,3.2
500108112,12:00-14:00,3.58,2.8
500108112,14:00-16:00,2.94,2.41
500108112,16:00-18:00,3.83,6.11
500108112,18:00-20:00,6.2,5.19
500108112,20:00-22:00,3.82,4.27
500108112,22:00-24:00,1.84,1.96
500108115,00:00-02:00,0.28,0.61
500108115,02:00-04:00,0.07,0.0
500108115,04:00-06:00,0.27,0.16
500108115,06:00-08:00,2.73,0.66
500108115,08:00-10:00,1.72,1.36
500108115,10:00-12:00,1.1,1.14
500108115,12:00-14:00,1.25,1.57
500108115,14:00-16:00,0.89,1.0
500108115,16:00-18:00,1.36,2.22
500108115,18:00-20:00,1.55,2.09
500108115,20:00-22:00,1.11,1.36
500108115,22:00-24:00,0.82,0.55
500108116,00:00-02:00,0.41,0.42
500108116,02:00-04:00,0.09,0.07
500108116,04:00-06:00,0.34,0.18
500108116,06:00-08:00,3.6,3.82
500108116,08:00-10:00,7.59,11.56
500108116,10:00-12:00,5.46,4.11
500108116,12:00-14:00,5.73,6.65
500108116,14:00-16:00,3.51,3.5
500108116,16:00-18:00,7.09,6.04
500108116,18:00-20:00,6.3,4.03
500108116,20:00-22:00,3.34,1.98
500108116,22:00-24:00,2.12,1.57
500108117,00:00-02:00,0.38,1.13
500108117,02:00-04:00,0.16,0.2
500108117,04:00-06:00,0.11,0.14
500108117,06:00-08:00,1.82,2.87
500108117,08:00-10:00,10.32,9.61
500108117,10:00-12:00,7.9,6.74
500108117,12:00-14:00,6.04,5.41
500108117,14:00-16:00,4.72,5.86
500108117,16:00-18:00,6.27,4.93
500108117,18:00-20:00,6.38,4.95
500108117,20:00-22:00,4.3,2.45
500108117,22:00-24:00,1.67,3.14
500108118,00:00-02:00,0.49,0.54
500108118,02:00-04:00,0.07,0.25
500108118,04:00-06:00,0.34,0.14
500108118,06:00-08:00,2.68,5.17
500108118,08:00-10:00,5.23,2.18
500108118,10:00-12:00,2.27,1.73
500108118,12:00-14:00,3.1,2.57
500108118,14:00-16:00,2.94,3.02
500108118,16:00-18:00,7.26,3.97
500108118,18:00-20:00,2.33,3.95
500108118,20:00-22:00,1.93,2.77
500108118,22:00-24:00,1.0,1.78
500108119,00:00-02:00,0.15,0.64
500108119,02:00-04:00,0.05,0.16
500108119,04:00-06:00,0.41,0.09
500108119,06:00-08:00,0.77,2.09
500108119,08:00-10:00,5.67,5.28
500108119,10:00-12:00,4.98,5.64
500108119,12:00-14:00,6.18,5.56
500108119,14:00-16:00,4.69,3.95
500108119,16:00-18:00,4.69,4.41
500108119,18:00-20:00,5.57,4.36
500108119,20:00-22:00,3.37,1.98
500108119,22:00-24:00,1.07,1.53
500108120,00:00-02:00,0.52,0.55
500108120,02:00-04:00,0.14,0.39
500108120,04:00-06:00,0.93,0.07
500108120,06:00-08:00,3.43,4.64
500108120,08:00-10:00,4.92,2.59
500108120,10:00-12:00,3.11,2.16
500108120,12:00-14:00,2.98,2.89
500108120,14:00-16:00,2.74,2.9
500108120,16:00-18:00,5.37,4.26
500108120,18:00-20:00,3.62,5.02
500108120,20:00-22:00,2.92,3.14
500108120,22:00-24:00,1.82,1.46
500108121,00:00-02:00,0.16,1.06
500108121,02:00-04:00,0.05,0.59
500108121,04:00-06:00,0.52,0.77
500108121,06:00-08:00,5.87,1.09
500108121,08:00-10:00,6.13,4.39
500108121,10:00-12:00,3.45,2.95
500108121,12:00-14:00,2.74,2.23
500108121,14:00-16:00,2.16,1.61
500108121,16:00-18:00,2.29,2.97
500108121,18:00-20:00,2.12,3.77
500108121,20:00-22:00,1.86,2.5
500108121,22:00-24:00,0.75,1.43
500108122,00:00-02:00,0.37,0.54
500108122,02:00-04:00,0.0,0.02
500108122,04:00-06:00,0.11,0.11
500108122,06:00-08:00,3.76,4.34
500108122,08:00-10:00,12.07,14.35
500108122,10:00-12:00,4.54,3.41
500108122,12:00-14:00,3.52,5.11
500108122,14:00-16:00,2.77,3.6
500108122,16:00-18:00,10.26,6.17
500108122,18:00-20:00,8.83,6.03
500108122,20:00-22:00,3.46,2.41
500108122,22:00-24:00,1.5,0.64
500108123,00:00-02:00,0.07,0.21
500108123,02:00-04:00,0.11,0.14
500108123,04:00-06:00,0.02,0.02
500108123,06:00-08:00,1.41,0.14
500108123,08:00-10:00,2.17,1.05
500108123,10:00-12:00,1.01,0.7
500108123,12:00-14:00,0.53,0.82
500108123,14:00-16:00,0.62,0.43
500108123,16:00-18:00,0.59,1.16
500108123,18:00-20:00,0.8,1.41
500108123,20:00-22:00,0.66,0.89
500108123,22:00-24:00,0.27,1.0
500108124,00:00-02:00,0.33,0.47
500108124,02:00-04:00,0.05,0.16
500108124,04:00-06:00,0.89,0.02
500108124,06:00-08:00,3.18,2.95
500108124,08:00-10:00,3.63,1.87
500108124,10:00-12:00,1.51,1.77
500108124,12:00-14:00,1.72,2.25
500108124,14:00-16:00,2.14,1.27
500108124,16:00-18:00,2.35,3.59
500108124,18:00-20:00,3.73,3.42
500108124,20:00-22:00,2.2,3.59
500108124,22:00-24:00,1.23,1.81
500108125,00:00-02:00,0.45,0.28
500108125,02:00-04:00,0.0,0.07
500108125,04:00-06:00,0.34,0.05
500108125,06:00-08:00,3.96,2.57
500108125,08:00-10:00,2.64,1.2
500108125,10:00-12:00,1.6,1.79
500108125,12:00-14:00,1.51,1.36
500108125,14:00-16:00,1.8,1.89
500108125,16:00-18:00,2.89,3.22
500108125,18:00-20:00,2.26,2.92
500108125,20:00-22:00,1.53,3.1
500108125,22:00-24:00,1.3,2.09
500108126,00:00-02:00,0.0,0.19
500108126,02:00-04:00,0.02,0.07
500108126,04:00-06:00,0.02,0.07
500108126,06:00-08:00,1.19,1.55
500108126,08:00-10:00,1.56,0.73
500108126,10:00-12:00,1.58,0.55
500108126,12:00-14:00,0.74,0.55
500108126,14:00-16:00,0.9,1.61
500108126,16:00-18:00,1.15,0.57
500108126,18:00-20:00,0.21,0.43
500108126,20:00-22:00,0.31,0.55
500108126,22:00-24:00,0.11,0.86
500108128,00:00-02:00,1.8,1.93
500108128,02:00-04:00,0.02,0.52
500108128,04:00-06:00,0.68,1.52
500108128,06:00-08:00,12.23,16.11
500108128,08:00-10:00,18.41,16.51
500108128,10:00-12:00,9.58,9.7
500108128,12:00-14:00,11.01,11.39
500108128,14:00-16:00,10.76,12.55
500108128,16:00-18:00,20.2,20.77
500108128,18:00-20:00,17.12,14.27
500108128,20:00-22:00,13.0,8.07
500108128,22:00-24:00,6.9,5.24
500108129,00:00-02:00,0.21,0.49
500108129,02:00-04:00,0.07,0.02
500108129,04:00-06:00,0.16,0.36
500108129,06:00-08:00,7.66,4.72
500108129,08:00-10:00,6.12,3.81
500108129,10:00-12:00,2.84,2.25
500108129,12:00-14:00,2.47,2.29
500108129,14:00-16:00,1.95,2.3
500108129,16:00-18:00,5.97,6.39
500108129,18:00-20:00,4.32,5.83
500108129,20:00-22:00,2.7,3.29
500108129,22:00-24:00,1.16,1.12
500108131,00:00-02:00,0.72,0.49
500108131,02:00-04:00,0.18,0.18
500108131,04:00-06:00,0.07,0.43
500108131,06:00-08:00,0.98,4.05
500108131,08:00-10:00,2.64,5.29
500108131,10:00-12:00,6.04,6.98
500108131,12:00-14:00,7.5,7.78
500108131,14:00-16:00,7.46,8.3
500108131,16:00-18:00,8.88,9.93
500108131,18:00-20:00,10.11,8.84
500108131,20:00-22:00,9.1,4.89
500108131,22:00-24:00,2.71,0.59
500108132,00:00-02:00,0.07,0.21
500108132,02:00-04:00,0.0,0.0
500108132,04:00-06:00,0.02,0.27
500108132,06:00-08:00,1.43,1.82
500108132,08:00-10:00,1.32,2.61
500108132,10:00-12:00,0.84,0.91
500108132,12:00-14:00,2.02,2.0
500108132,14:00-16:00,1.46,2.6
500108132,16:00-18:00,3.52,2.01
500108132,18:00-20:00,3.09,2.07
500108132,20:00-22:00,1.25,0.84
500108132,22:00-24:00,0.77,0.32
500108133,00:00-02:00,0.16,0.49
500108133,02:00-04:00,0.02,0.05
500108133,04:00-06:00,0.3,0.34
500108133,06:00-08:00,2.18,1.3
500108133,08:00-10:00,2.11,1.44
500108133,10:00-12:00,2.32,1.49
500108133,12:00-14:00,3.27,2.0
500108133,14:00-16:00,2.36,2.59
500108133,16:00-18:00,3.38,2.35
500108133,18:00-20:00,2.28,4.07
500108133,20:00-22:00,2.11,2.61
500108133,22:00-24:00,0.59,1.68
500108134,00:00-02:00,0.09,0.4
500108134,02:00-04:00,0.23,0.0
500108134,04:00-06:00,0.16,0.82
500108134,06:00-08:00,1.0,0.18
500108134,08:00-10:00,1.16,0.77
500108134,10:00-12:00,0.68,0.91
500108134,12:00-14:00,0.94,0.91
500108134,14:00-16:00,1.03,0.82
500108134,16:00-18:00,0.83,1.16
500108134,18:00-20:00,1.84,1.87
500108134,20:00-22:00,1.07,1.05
500108134,22:00-24:00,0.52,0.41
500108135,00:00-02:00,0.59,0.28
500108135,02:00-04:00,0.07,0.07
500108135,04:00-06:00,0.25,0.16
500108135,06:00-08:00,3.17,0.34
500108135,08:00-10:00,2.28,2.11
500108135,10:00-12:00,2.41,2.84
500108135,12:00-14:00,2.08,2.64
500108135,14:00-16:00,2.75,1.76
500108135,16:00-18:00,2.21,3.47
500108135,18:00-20:00,2.57,3.8
500108135,20:00-22:00,1.75,2.37
500108135,22:00-24:00,0.73,1.15
500108136,00:00-02:00,0.45,1.34
500108136,02:00-04:00,0.23,0.32
500108136,04:00-06:00,0.39,0.98
500108136,06:00-08:00,7.44,6.45
500108136,08:00-10:00,9.48,9.38
500108136,10:00-12:00,9.33,9.9
500108136,12:00-14:00,9.47,8.66
500108136,14:00-16:00,6.31,6.85
500108136,16:00-18:00,10.37,11.13
500108136,18:00-20:00,8.39,10.37
500108136,20:00-22:00,7.89,5.6
500108136,22:00-24:00,2.89,2.73
500108137,00:00-02:00,0.4,0.26
500108137,02:00-04:00,0.05,0.11
500108137,04:00-06:00,0.27,0.14
500108137,06:00-08:00,2.52,0.86
500108137,08:00-10:00,2.23,2.05
500108137,10:00-12:00,1.98,1.05
500108137,12:00-14:00,1.3,0.93
500108137,14:00-16:00,2.39,1.66
500108137,16:00-18:00,2.43,3.24
500108137,18:00-20:00,1.98,3.09
500108137,20:00-22:00,2.77,3.39
500108137,22:00-24:00,0.82,2.22
500108138,00:00-02:00,0.07,0.09
500108138,02:00-04:00,0.02,0.3
500108138,04:00-06:00,0.36,0.45
500108138,06:00-08:00,2.39,0.61
500108138,08:00-10:00,3.98,1.5
500108138,10:00-12:00,2.79,2.14
500108138,12:00-14:00,2.82,2.82
500108138,14:00-16:00,2.32,3.68
500108138,16:00-18:00,3.03,1.71
500108138,18:00-20:00,1.27,2.86
500108138,20:00-22:00,1.25,1.68
500108138,22:00-24:00,0.34,0.61
500108139,00:00-02:00,0.43,1.39
500108139,02:00-04:00,0.27,0.38
500108139,04:00-06:00,0.09,0.77
500108139,06:00-08:00,1.77,1.29
500108139,08:00-10:00,4.21,2.64
500108139,10:00-12:00,2.37,2.35
500108139,12:00-14:00,2.46,2.04
500108139,14:00-16:00,2.29,2.14
500108139,16:00-18:00,2.54,2.76
500108139,18:00-20:00,3.79,3.63
500108139,20:00-22:00,2.86,2.61
500108139,22:00-24:00,1.46,1.09
500108140,00:00-02:00,0.66,0.42
500108140,02:00-04:00,0.23,0.45
500108140,04:00-06:00,0.27,0.3
500108140,06:00-08:00,1.77,1.8
500108140,08:00-10:00,4.39,8.29
500108140,10:00-12:00,3.36,3.16
500108140,12:00-14:00,2.91,3.57
500108140,14:00-16:00,2.41,4.69
500108140,16:00-18:00,5.05,2.75
500108140,18:00-20:00,5.35,3.75
500108140,20:00-22:00,3.5,1.16
500108140,22:00-24:00,1.71,0.25
500108141,00:00-02:00,0.26,0.49
500108141,02:00-04:00,0.18,0.11
500108141,04:00-06:00,0.32,0.61
500108141,06:00-08:00,2.05,3.06
500108141,08:00-10:00,5.09,3.59
500108141,10:00-12:00,2.92,1.5
500108141,12:00-14:00,3.05,2.25
500108141,14:00-16:00,2.05,2.21
500108141,16:00-18:00,3.11,3.04
500108141,18:00-20:00,4.36,4.11
500108141,20:00-22:00,1.86,2.3
500108141,22:00-24:00,0.89,2.12
500108142,00:00-02:00,0.31,0.47
500108142,02:00-04:00,0.39,0.82
500108142,04:00-06:00,0.39,0.25
500108142,06:00-08:00,2.71,2.52
500108142,08:00-10:00,3.12,3.18
500108142,10:00-12:00,2.62,3.2
500108142,12:00-14:00,2.7,3.0
500108142,14:00-16:00,2.16,1.39
500108142,16:00-18:00,3.22,2.21
500108142,18:00-20:00,2.05,1.61
500108142,20:00-22:00,1.97,1.95
500108142,22:00-24:00,1.26,1.71
500108143,00:00-02:00,0.27,0.54
500108143,02:00-04:00,0.07,0.05
500108143,04:00-06:00,0.16,0.05
500108143,06:00-08:00,0.68,1.32
500108143,08:00-10:00,1.07,2.27
500108143,10:00-12:00,1.0,0.52
500108143,12:00-14:00,1.35,1.34
500108143,14:00-16:00,0.59,1.42
500108143,16:00-18:00,1.95,0.71
500108143,18:00-20:00,2.92,2.17
500108143,20:00-22:00,0.68,0.3
500108143,22:00-24:00,0.52,0.2
500108144,00:00-02:00,0.02,0.26
500108144,02:00-04:00,0.02,0.02
500108144,04:00-06:00,0.0,0.07
500108144,06:00-08:00,0.27,0.27
500108144,08:00-10:00,2.84,3.14
500108144,10:00-12:00,0.45,0.66
500108144,12:00-14:00,1.87,1.73
500108144,14:00-16:00,0.5,1.18
500108144,16:00-18:00,1.55,1.2
500108144,18:00-20:00,2.8,1.61
500108144,20:00-22:00,0.7,0.41
500108144,22:00-24:00,0.29,0.3
500108145,00:00-02:00,0.17,0.57
500108145,02:00-04:00,0.11,0.0
500108145,04:00-06:00,0.25,0.16
500108145,06:00-08:00,1.61,3.05
500108145,08:00-10:00,4.12,4.23
500108145,10:00-12:00,2.23,2.0
500108145,12:00-14:00,2.57,2.95
500108145,14:00-16:00,1.4,2.24
500108145,16:00-18:00,3.49,1.65
500108145,18:00-20:00,3.85,3.14
500108145,20:00-22:00,2.13,0.67
500108145,22:00-24:00,0.6,0.77
500108146,00:00-02:00,0.38,1.41
500108146,02:00-04:00,0.07,0.61
500108146,04:00-06:00,0.82,0.82
500108146,06:00-08:00,4.06,1.25
500108146,08:00-10:00,7.4,5.0
500108146,10:00-12:00,3.79,4.66
500108146,12:00-14:00,4.89,4.93
500108146,14:00-16:00,3.8,3.14
500108146,16:00-18:00,4.65,6.62
500108146,18:00-20:00,5.96,4.95
500108146,20:00-22:00,4.65,2.85
500108146,22:00-24:00,1.91,2.14
500108147,00:00-02:00,0.16,0.05
500108147,02:00-04:00,0.05,0.0
500108147,04:00-06:00,0.09,0.68
500108147,06:00-08:00,1.68,1.25
500108147,08:00-10:00,3.37,1.48
500108147,10:00-12:00,1.05,1.5
500108147,12:00-14:00,0.89,1.57
500108147,14:00-16:00,0.89,1.71
500108147,16:00-18:00,1.71,2.19
500108147,18:00-20:00,2.0,0.91
500108147,20:00-22:00,0.68,0.57
500108147,22:00-24:00,0.52,0.61
500108148,00:00-02:00,0.26,0.47
500108148,02:00-04:00,0.02,0.09
500108148,04:00-06:00,0.07,0.57
500108148,06:00-08:00,0.45,0.82
500108148,08:00-10:00,2.45,3.56
500108148,10:00-12:00,1.93,1.16
500108148,12:00-14:00,1.34,1.59
500108148,14:00-16:00,0.85,1.18
500108148,16:00-18:00,1.27,0.69
500108148,18:00-20:00,3.52,1.98
500108148,20:00-22:00,0.78,0.93
500108148,22:00-24:00,0.59,0.32
500108150,00:00-02:00,0.36,0.54
500108150,02:00-04:00,0.21,0.14
500108150,04:00-06:00,0.53,0.14
500108150,06:00-08:00,3.83,5.05
500108150,08:00-10:00,5.12,8.8
500108150,10:00-12:00,5.26,3.93
500108150,12:00-14:00,5.84,6.35
500108150,14:00-16:00,3.94,3.35
500108150,16:00-18:00,6.34,3.75
500108150,18:00-20:00,5.85,4.15
500108150,20:00-22:00,3.36,2.35
500108150,22:00-24:00,1.8,1.71
500108151,00:00-02:00,0.42,0.31
500108151,02:00-04:00,0.02,0.05
500108151,04:00-06:00,0.27,0.14
500108151,06:00-08:00,3.82,4.14
500108151,08:00-10:00,10.0,12.44
500108151,10:00-12:00,6.72,5.81
500108151,12:00-14:00,5.21,7.08
500108151,14:00-16:00,3.91,4.78
500108151,16:00-18:00,8.23,6.0
500108151,18:00-20:00,7.13,5.81
500108151,20:00-22:00,3.85,1.93
500108151,22:00-24:00,1.76,1.59
500108152,00:00-02:00,0.31,0.09
500108152,02:00-04:00,0.05,0.05
500108152,04:00-06:00,0.02,0.41
500108152,06:00-08:00,2.94,2.68
500108152,08:00-10:00,5.49,6.47
500108152,10:00-12:00,3.57,2.99
500108152,12:00-14:00,3.44,5.72
500108152,14:00-16:00,2.93,2.53
500108152,16:00-18:00,5.52,4.0
500108152,18:00-20:00,4.94,3.6
500108152,20:00-22:00,1.32,0.95
500108152,22:00-24:00,0.89,0.89
500108153,00:00-02:00,0.25,0.75
500108153,02:00-04:00,0.05,0.2
500108153,04:00-06:00,0.14,0.25
500108153,06:00-08:00,1.68,3.18
500108153,08:00-10:00,7.75,8.08
500108153,10:00-12:00,4.68,2.79
500108153,12:00-14:00,4.58,4.69
500108153,14:00-16:00,3.04,3.91
500108153,16:00-18:00,6.15,5.68
500108153,18:00-20:00,6.35,3.79
500108153,20:00-22:00,3.85,2.68
500108153,22:00-24:00,2.15,1.91
500108154,00:00-02:00,0.28,1.89
500108154,02:00-04:00,0.07,0.25
500108154,04:00-06:00,0.59,0.5
500108154,06:00-08:00,3.32,3.3
500108154,08:00-10:00,6.89,4.75
500108154,10:00-12:00,4.04,4.61
500108154,12:00-14:00,6.78,5.83
500108154,14:00-16:00,4.55,3.96
500108154,16:00-18:00,5.19,5.9
500108154,18:00-20:00,5.26,4.52
500108154,20:00-22:00,3.56,2.48
500108154,22:00-24:00,1.31,1.96
500108156,00:00-02:00,0.59,0.45
500108156,02:00-04:00,0.39,0.05
500108156,04:00-06:00,0.95,0.82
500108156,06:00-08:00,2.5,2.84
500108156,08:00-10:00,4.66,7.08
500108156,10:00-12:00,3.88,3.03
500108156,12:00-14:00,2.72,2.8
500108156,14:00-16:00,2.82,1.83
500108156,16:00-18:00,5.22,3.73
500108156,18:00-20:00,4.51,2.66
500108156,20:00-22:00,1.26,3.02
500108156,22:00-24:00,0.41,1.23
500108157,00:00-02:00,0.63,0.07
500108157,02:00-04:00,0.25,0.07
500108157,04:00-06:00,0.18,0.73
500108157,06:00-08:00,1.6,2.27
500108157,08:00-10:00,6.05,7.35
500108157,10:00-12:00,2.68,1.82
500108157,12:00-14:00,2.42,3.63
500108157,14:00-16:00,1.5,1.72
500108157,16:00-18:00,4.14,1.47
500108157,18:00-20:00,3.31,3.48
500108157,20:00-22:00,0.89,0.59
500108157,22:00-24:00,0.41,0.41
500108158,00:00-02:00,0.95,0.31
500108158,02:00-04:00,0.27,0.48
500108158,04:00-06:00,0.93,0.36
500108158,06:00-08:00,1.39,2.05
500108158,08:00-10:00,4.66,7.02
500108158,10:00-12:00,2.54,2.73
500108158,12:00-14:00,2.91,3.84
500108158,14:00-16:00,1.87,3.05
500108158,16:00-18:00,3.49,3.16
500108158,18:00-20:00,4.6,2.7
500108158,20:00-22:00,2.07,1.16
500108158,22:00-24:00,2.3,0.46
500108159,00:00-02:00,1.05,0.54
500108159,02:00-04:00,0.32,0.2
500108159,04:00-06:00,0.05,1.02
500108159,06:00-08:00,2.12,2.57
500108159,08:00-10:00,4.41,8.57
500108159,10:00-12:00,6.07,6.4
500108159,12:00-14:00,7.63,7.95
500108159,14:00-16:00,5.94,7.37
500108159,16:00-18:00,8.84,9.44
500108159,18:00-20:00,10.1,9.54
500108159,20:00-22:00,7.45,3.21
500108159,22:00-24:00,3.23,0.73
500108160,00:00-02:00,0.17,0.45
500108160,02:00-04:00,0.21,0.09
500108160,04:00-06:00,0.3,0.34
500108160,06:00-08:00,2.69,4.08
500108160,08:00-10:00,3.92,3.76
500108160,10:00-12:00,2.48,2.32
500108160,12:00-14:00,2.76,3.54
500108160,14:00-16:00,1.98,2.7
500108160,16:00-18:00,4.02,2.25
500108160,18:00-20:00,3.98,3.41
500108160,20:00-22:00,1.13,0.61
500108160,22:00-24:00,1.04,0.57
500108161,00:00-02:00,0.26,0.07
500108161,02:00-04:00,0.07,0.11
500108161,04:00-06:00,0.32,0.11
500108161,06:00-08:00,0.07,1.93
500108161,08:00-10:00,1.25,4.91
500108161,10:00-12:00,2.11,1.07
500108161,12:00-14:00,1.89,1.79
500108161,14:00-16:00,1.75,2.27
500108161,16:00-18:00,4.2,0.75
500108161,18:00-20:00,2.65,1.48
500108161,20:00-22:00,0.69,0.23
500108161,22:00-24:00,0.26,0.18
500108162,00:00-02:00,0.26,0.52
500108162,02:00-04:00,0.05,0.0
500108162,04:00-06:00,0.02,0.16
500108162,06:00-08:00,0.73,0.77
500108162,08:00-10:00,1.27,2.3
500108162,10:00-12:00,1.41,0.75
500108162,12:00-14:00,1.41,1.32
500108162,14:00-16:00,0.41,0.52
500108162,16:00-18:00,1.26,0.82
500108162,18:00-20:00,1.38,1.16
500108162,20:00-22:00,1.0,0.7
500108162,22:00-24:00,0.41,0.5
500108164,00:00-02:00,0.26,0.49
500108164,02:00-04:00,0.0,0.09
500108164,04:00-06:00,0.41,0.2
500108164,06:00-08:00,0.53,2.3
500108164,08:00-10:00,2.16,4.06
500108164,10:00-12:00,3.34,2.75
500108164,12:00-14:00,4.72,4.38
500108164,14:00-16:00,2.46,2.74
500108164,16:00-18:00,3.61,1.45
500108164,18:00-20:00,3.16,2.39
500108164,20:00-22:00,1.44,0.86
500108164,22:00-24:00,0.75,0.5
500108165,00:00-02:00,1.56,1.5
500108165,02:00-04:00,0.14,0.64
500108165,04:00-06:00,0.93,0.27
500108165,06:00-08:00,7.7,1.95
500108165,08:00-10:00,4.86,3.8
500108165,10:00-12:00,4.45,3.75
500108165,12:00-14:00,4.94,4.5
500108165,14:00-16:00,4.49,4.48
500108165,16:00-18:00,7.98,8.93
500108165,18:00-20:00,6.37,7.87
500108165,20:00-22:00,3.36,5.8
500108165,22:00-24:00,2.12,3.46
500108166,00:00-02:00,0.51,0.49
500108166,02:00-04:00,0.02,0.05
500108166,04:00-06:00,0.27,0.16
500108166,06:00-08:00,2.54,3.83
500108166,08:00-10:00,11.19,10.53
500108166,10:00-12:00,4.46,4.57
500108166,12:00-14:00,5.74,6.24
500108166,14:00-16:00,3.82,4.14
500108166,16:00-18:00,6.02,4.85
500108166,18:00-20:00,7.96,5.9
500108166,20:00-22:00,2.53,1.18
500108166,22:00-24:00,1.25,0.91
500108167,00:00-02:00,0.12,0.35
500108167,02:00-04:00,0.09,0.2
500108167,04:00-06:00,0.14,0.2
500108167,06:00-08:00,3.67,2.04
500108167,08:00-10:00,4.07,3.0
500108167,10:00-12:00,2.54,1.7
500108167,12:00-14:00,1.74,1.59
500108167,14:00-16:00,1.72,1.75
500108167,16:00-18:00,2.49,2.99
500108167,18:00-20:00,2.36,3.08
500108167,20:00-22:00,1.66,2.18
500108167,22:00-24:00,0.75,0.73
500108168,00:00-02:00,1.68,2.0
500108168,02:00-04:00,0.37,0.39
500108168,04:00-06:00,0.55,1.41
500108168,06:00-08:00,8.07,9.08
500108168,08:00-10:00,13.84,10.86
500108168,10:00-12:00,8.82,7.79
500108168,12:00-14:00,11.24,10.2
500108168,14:00-16:00,9.14,8.39
500108168,16:00-18:00,11.56,12.82
500108168,18:00-20:00,14.03,11.32
500108168,20:00-22:00,8.33,6.0
500108168,22:00-24:00,4.49,3.32
500108169,00:00-02:00,0.45,0.09
500108169,02:00-04:00,0.0,0.0
500108169,04:00-06:00,0.02,0.32
500108169,06:00-08:00,0.52,4.05
500108169,08:00-10:00,0.41,5.34
500108169,10:00-12:00,0.82,0.25
500108169,12:00-14:00,1.07,0.86
500108169,14:00-16:00,1.11,1.16
500108169,16:00-18:00,5.33,0.59
500108169,18:00-20:00,3.48,0.86
500108169,20:00-22:00,0.6,0.39
500108169,22:00-24:00,0.82,0.09
500108170,00:00-02:00,0.71,0.94
500108170,02:00-04:00,0.23,1.23
500108170,04:00-06:00,1.0,0.39
500108170,06:00-08:00,3.85,4.45
500108170,08:00-10:00,7.6,6.5
500108170,10:00-12:00,5.01,3.29
500108170,12:00-14:00,6.05,5.82
500108170,14:00-16:00,3.24,4.12
500108170,16:00-18:00,5.46,3.78
500108170,18:00-20:00,5.08,5.29
500108170,20:00-22:00,4.09,3.73
500108170,22:00-24:00,4.03,3.4
500108171,00:00-02:00,0.05,0.14
500108171,02:00-04:00,0.0,0.0
500108171,04:00-06:00,0.14,0.07
500108171,06:00-08:00,1.1,1.3
500108171,08:00-10:00,3.14,5.93
500108171,10:00-12:00,2.47,2.09
500108171,12:00-14:00,2.41,2.34
500108171,14:00-16:00,1.75,1.8
500108171,16:00-18:00,4.4,2.84
500108171,18:00-20:00,3.04,2.48
500108171,20:00-22:00,1.56,0.8
500108171,22:00-24:00,0.73,0.34
500108172,00:00-02:00,0.33,0.42
500108172,02:00-04:00,0.09,0.16
500108172,04:00-06:00,0.32,0.91
500108172,06:00-08:00,4.48,4.93
500108172,08:00-10:00,7.84,5.37
500108172,10:00-12:00,3.84,2.59
500108172,12:00-14:00,4.12,3.2
500108172,14:00-16:00,3.1,3.48
500108172,16:00-18:00,6.56,5.4
500108172,18:00-20:00,6.96,7.91
500108172,20:00-22:00,4.57,4.45
500108172,22:00-24:00,1.74,1.87
500108173,00:00-02:00,0.02,0.0
500108173,02:00-04:00,0.0,0.0
500108173,04:00-06:00,0.14,0.09
500108173,06:00-08:00,0.39,0.14
500108173,08:00-10:00,0.45,1.3
500108173,10:00-12:00,0.5,0.32
500108173,12:00-14:00,0.48,0.86
500108173,14:00-16:00,0.27,1.09
500108173,16:00-18:00,1.69,0.71
500108173,18:00-20:00,1.84,1.05
500108173,20:00-22:00,0.64,0.91
500108173,22:00-24:00,0.5,0.32
500108174,00:00-02:00,1.09,1.39
500108174,02:00-04:00,0.38,0.41
500108174,04:00-06:00,0.74,0.64
500108174,06:00-08:00,3.04,5.79
500108174,08:00-10:00,5.89,7.62
500108174,10:00-12:00,5.04,6.41
500108174,12:00-14:00,6.47,6.66
500108174,14:00-16:00,6.05,5.35
500108174,16:00-18:00,10.5,8.89
500108174,18:00-20:00,9.53,7.83
500108174,20:00-22:00,6.88,4.43
500108174,22:00-24:00,3.93,2.8
500108175,00:00-02:00,0.02,0.24
500108175,02:00-04:00,0.16,0.02
500108175,04:00-06:00,0.0,0.07
500108175,06:00-08:00,1.07,0.62
500108175,08:00-10:00,1.3,0.8
500108175,10:00-12:00,0.84,0.64
500108175,12:00-14:00,1.09,0.75
500108175,14:00-16:00,1.27,0.68
500108175,16:00-18:00,1.12,1.53
500108175,18:00-20:00,0.95,1.41
500108175,20:00-22:00,0.45,1.32
500108175,22:00-24:00,0.25,0.37
500108176,00:00-02:00,0.05,0.05
500108176,02:00-04:00,0.02,0.05
500108176,04:00-06:00,0.05,0.23
500108176,06:00-08:00,1.11,3.06
500108176,08:00-10:00,2.71,2.14
500108176,10:00-12:00,1.82,0.98
500108176,12:00-14:00,1.68,1.45
500108176,14:00-16:00,1.76,1.64
500108176,16:00-18:00,2.7,0.66
500108176,18:00-20:00,0.92,1.48
500108176,20:00-22:00,0.61,0.41
500108176,22:00-24:00,0.05,0.09
500108177,00:00-02:00,0.02,0.05
500108177,02:00-04:00,0.0,0.05
500108177,04:00-06:00,0.0,0.0
500108177,06:00-08:00,0.39,2.55
500108177,08:00-10:00,0.36,2.14
500108177,10:00-12:00,0.09,0.07
500108177,12:00-14:00,0.45,1.59
500108177,14:00-16:00,0.34,1.25
500108177,16:00-18:00,6.75,0.27
500108177,18:00-20:00,0.54,0.75
500108177,20:00-22:00,0.07,0.36
500108177,22:00-24:00,0.27,0.0
500108178,00:00-02:00,0.09,0.26
500108178,02:00-04:00,0.27,0.02
500108178,04:00-06:00,0.23,0.23
500108178,06:00-08:00,2.52,1.14
500108178,08:00-10:00,5.52,6.35
500108178,10:00-12:00,2.84,2.52
500108178,12:00-14:00,2.45,2.9
500108178,14:00-16:00,2.52,1.92
500108178,16:00-18:00,4.23,4.19
500108178,18:00-20:00,5.07,4.98
500108178,20:00-22:00,3.05,3.61
500108178,22:00-24:00,0.86,1.8
500108179,00:00-02:00,0.38,0.8
500108179,02:00-04:00,0.02,1.27
500108179,04:00-06:00,0.02,1.25
500108179,06:00-08:00,5.56,0.45
500108179,08:00-10:00,3.87,1.86
500108179,10:00-12:00,1.6,2.57
500108179,12:00-14:00,2.06,2.14
500108179,14:00-16:00,1.57,2.48
500108179,16:00-18:00,3.06,2.68
500108179,18:00-20:00,3.75,3.32
500108179,20:00-22:00,1.91,2.1
500108179,22:00-24:00,0.76,2.88
500108181,00:00-02:00,0.66,1.31
500108181,02:00-04:00,0.07,0.2
500108181,04:00-06:00,0.34,0.39
500108181,06:00-08:00,5.75,2.87
500108181,08:00-10:00,5.94,2.3
500108181,10:00-12:00,3.44,2.61
500108181,12:00-14:00,3.59,3.04
500108181,14:00-16:00,3.19,3.46
500108181,16:00-18:00,5.55,6.15
500108181,18:00-20:00,4.7,5.13
500108181,20:00-22:00,3.27,5.43
500108181,22:00-24:00,2.94,3.23
500108182,00:00-02:00,0.71,0.28
500108182,02:00-04:00,0.0,0.18
500108182,04:00-06:00,0.25,0.0
500108182,06:00-08:00,2.1,3.27
500108182,08:00-10:00,4.16,7.73
500108182,10:00-12:00,2.73,2.46
500108182,12:00-14:00,2.54,3.61
500108182,14:00-16:00,1.71,2.08
500108182,16:00-18:00,6.81,3.52
500108182,18:00-20:00,4.39,3.25
500108182,20:00-22:00,2.51,1.25
500108182,22:00-24:00,0.56,1.0
500108183,00:00-02:00,0.57,1.46
500108183,02:00-04:00,0.36,0.34
500108183,04:00-06:00,1.34,0.3
500108183,06:00-08:00,4.21,3.18
500108183,08:00-10:00,4.68,3.91
500108183,10:00-12:00,3.8,4.07
500108183,12:00-14:00,4.03,4.07
500108183,14:00-16:00,3.26,3.48
500108183,16:00-18:00,6.03,6.69
500108183,18:00-20:00,5.4,6.67
500108183,20:00-22:00,5.78,4.86
500108183,22:00-24:00,2.58,2.16
500108184,00:00-02:00,0.05,0.07
500108184,02:00-04:00,0.07,0.11
500108184,04:00-06:00,0.05,0.05
500108184,06:00-08:00,0.16,0.16
500108184,08:00-10:00,0.5,0.45
500108184,10:00-12:00,0.66,0.36
500108184,12:00-14:00,0.39,0.25
500108184,14:00-16:00,0.33,0.48
500108184,16:00-18:00,0.62,0.37
500108184,18:00-20:00,0.34,0.43
500108184,20:00-22:00,0.3,0.23
500108184,22:00-24:00,0.02,0.27
500108185,00:00-02:00,0.68,1.25
500108185,02:00-04:00,0.62,0.05
500108185,04:00-06:00,1.2,0.98
500108185,06:00-08:00,2.61,5.29
500108185,08:00-10:00,4.7,4.53
500108185,10:00-12:00,4.95,5.14
500108185,12:00-14:00,5.46,5.75
500108185,14:00-16:00,5.54,4.87
500108185,16:00-18:00,7.58,7.17
500108185,18:00-20:00,7.56,7.51
500108185,20:00-22:00,7.15,4.3
500108185,22:00-24:00,2.21,2.55
500108187,00:00-02:00,0.42,0.84
500108187,02:00-04:00,0.05,0.18
500108187,04:00-06:00,0.7,0.23
500108187,06:00-08:00,5.72,3.11
500108187,08:00-10:00,4.23,3.34
500108187,10:00-12:00,3.74,4.38
500108187,12:00-14:00,5.61,4.66
500108187,14:00-16:00,3.07,3.21
500108187,16:00-18:00,4.62,7.72
500108187,18:00-20:00,8.43,7.16
500108187,20:00-22:00,4.64,4.64
500108187,22:00-24:00,2.28,3.51
500108188,00:00-02:00,1.76,2.45
500108188,02:00-04:00,0.14,0.14
500108188,04:00-06:00,0.35,0.5
500108188,06:00-08:00,6.09,12.35
500108188,08:00-10:00,9.72,13.56
500108188,10:00-12:00,8.5,8.13
500108188,12:00-14:00,8.45,7.83
500108188,14:00-16:00,7.82,6.42
500108188,16:00-18:00,15.32,9.44
500108188,18:00-20:00,12.15,9.59
500108188,20:00-22:00,8.92,5.23
500108188,22:00-24:00,5.47,4.05
500108189,00:00-02:00,0.7,1.11
500108189,02:00-04:00,0.42,0.14
500108189,04:00-06:00,0.23,0.48
500108189,06:00-08:00,4.34,10.26
500108189,08:00-10:00,7.98,7.28
500108189,10:00-12:00,5.09,5.08
500108189,12:00-14:00,4.84,5.24
500108189,14:00-16:00,4.66,3.4
500108189,16:00-18:00,8.61,5.41
500108189,18:00-20:00,8.57,5.97
500108189,20:00-22:00,5.08,3.32
500108189,22:00-24:00,3.6,2.62
500108190,00:00-02:00,1.46,0.47
500108190,02:00-04:00,0.02,0.41
500108190,04:00-06:00,0.66,0.73
500108190,06:00-08:00,3.11,5.61
500108190,08:00-10:00,6.74,3.41
500108190,10:00-12:00,4.96,4.41
500108190,12:00-14:00,4.55,3.85
500108190,14:00-16:00,3.51,4.5
500108190,16:00-18:00,6.33,6.62
500108190,18:00-20:00,4.78,5.99
500108190,20:00-22:00,4.08,4.37
500108190,22:00-24:00,3.83,2.38
500108191,00:00-02:00,0.14,1.06
500108191,02:00-04:00,0.07,0.36
500108191,04:00-06:00,0.59,1.66
500108191,06:00-08:00,5.8,2.27
500108191,08:00-10:00,6.35,1.77
500108191,10:00-12:00,3.86,2.98
500108191,12:00-14:00,3.63,2.86
500108191,14:00-16:00,3.2,3.71
500108191,16:00-18:00,4.83,4.84
500108191,18:00-20:00,3.31,4.88
500108191,20:00-22:00,2.2,4.05
500108191,22:00-24:00,0.73,2.25
500108192,00:00-02:00,0.07,0.05
500108192,02:00-04:00,0.0,0.09
500108192,04:00-06:00,0.05,0.16
500108192,06:00-08:00,0.77,0.59
500108192,08:00-10:00,0.59,0.39
500108192,10:00-12:00,0.48,0.45
500108192,12:00-14:00,1.16,0.69
500108192,14:00-16:00,0.61,0.43
500108192,16:00-18:00,1.03,1.23
500108192,18:00-20:00,0.8,0.95
500108192,20:00-22:00,0.61,0.98
500108192,22:00-24:00,0.2,0.36
500108193,00:00-02:00,0.45,0.31
500108193,02:00-04:00,0.07,0.23
500108193,04:00-06:00,0.43,0.18
500108193,06:00-08:00,1.84,1.51
500108193,08:00-10:00,2.51,1.57
500108193,10:00-12:00,1.59,1.41
500108193,12:00-14:00,1.52,1.57
500108193,14:00-16:00,1.36,1.23
500108193,16:00-18:00,1.65,3.08
500108193,18:00-20:00,2.82,2.39
500108193,20:00-22:00,1.07,1.3
500108193,22:00-24:00,0.57,0.82
500108194,00:00-02:00,0.47,0.85
500108194,02:00-04:00,0.09,0.3
500108194,04:00-06:00,0.75,0.98
500108194,06:00-08:00,3.83,1.14
500108194,08:00-10:00,3.79,3.3
500108194,10:00-12:00,3.22,3.25
500108194,12:00-14:00,3.93,3.43
500108194,14:00-16:00,2.37,2.21
500108194,16:00-18:00,3.7,3.77
500108194,18:00-20:00,4.33,4.84
500108194,20:00-22:00,3.85,3.11
500108194,22:00-24:00,1.14,1.75
500108195,00:00-02:00,0.21,0.28
500108195,02:00-04:00,0.07,0.07
500108195,04:00-06:00,0.09,0.48
500108195,06:00-08:00,2.35,0.96
500108195,08:00-10:00,2.85,1.57
500108195,10:00-12:00,1.73,1.07
500108195,12:00-14:00,1.65,1.48
500108195,14:00-16:00,1.1,1.96
500108195,16:00-18:00,1.17,1.92
500108195,18:00-20:00,2.17,2.61
500108195,20:00-22:00,2.67,2.43
500108195,22:00-24:00,0.23,1.16
500108196,00:00-02:00,0.16,0.28
500108196,02:00-04:00,0.05,0.11
500108196,04:00-06:00,0.02,0.36
500108196,06:00-08:00,2.73,0.92
500108196,08:00-10:00,3.27,1.77
500108196,10:00-12:00,2.28,1.61
500108196,12:00-14:00,1.91,2.29
500108196,14:00-16:00,1.29,1.39
500108196,16:00-18:00,1.44,2.56
500108196,18:00-20:00,2.43,3.18
500108196,20:00-22:00,1.5,1.51
500108196,22:00-24:00,0.59,0.91
500108197,00:00-02:00,1.48,0.35
500108197,02:00-04:00,0.11,0.14
500108197,04:00-06:00,0.16,0.32
500108197,06:00-08:00,1.0,1.92
500108197,08:00-10:00,1.89,2.06
500108197,10:00-12:00,1.27,1.7
500108197,12:00-14:00,2.41,1.4
500108197,14:00-16:00,2.07,1.61
500108197,16:00-18:00,1.8,2.15
500108197,18:00-20:00,1.88,2.64
500108197,20:00-22:00,2.06,1.78
500108197,22:00-24:00,0.93,1.0
500108199,00:00-02:00,0.72,0.75
500108199,02:00-04:00,0.05,0.09
500108199,04:00-06:00,0.32,0.41
500108199,06:00-08:00,1.57,5.37
500108199,08:00-10:00,4.49,5.06
500108199,10:00-12:00,3.77,3.47
500108199,12:00-14:00,2.92,3.87
500108199,14:00-16:00,3.68,3.44
500108199,16:00-18:00,8.04,5.87
500108199,18:00-20:00,4.22,5.09
500108199,20:00-22:00,4.88,2.64
500108199,22:00-24:00,1.74,1.53
500108200,00:00-02:00,0.21,0.33
500108200,02:00-04:00,0.0,0.05
500108200,04:00-06:00,0.16,0.07
500108200,06:00-08:00,1.94,0.7
500108200,08:00-10:00,1.42,1.25
500108200,10:00-12:00,1.6,1.52
500108200,12:00-14:00,1.49,1.45
500108200,14:00-16:00,1.1,1.43
500108200,16:00-18:00,1.98,1.62
500108200,18:00-20:00,1.04,1.59
500108200,20:00-22:00,0.89,1.39
500108200,22:00-24:00,0.46,0.61
500108201,00:00-02:00,0.26,1.32
500108201,02:00-04:00,0.09,0.05
500108201,04:00-06:00,0.09,0.98
500108201,06:00-08:00,0.93,0.57
500108201,08:00-10:00,1.89,0.59
500108201,10:00-12:00,1.57,0.68
500108201,12:00-14:00,1.07,3.2
500108201,14:00-16:00,1.33,3.09
500108201,16:00-18:00,3.98,0.82
500108201,18:00-20:00,2.21,1.59
500108201,20:00-22:00,1.1,1.3
500108201,22:00-24:00,0.96,0.75
500108202,00:00-02:00,0.07,0.64
500108202,02:00-04:00,0.02,0.02
500108202,04:00-06:00,0.14,0.45
500108202,06:00-08:00,4.93,1.91
500108202,08:00-10:00,4.35,1.98
500108202,10:00-12:00,2.88,2.25
500108202,12:00-14:00,1.89,1.79
500108202,14:00-16:00,1.73,1.48
500108202,16:00-18:00,1.9,3.08
500108202,18:00-20:00,1.75,3.16
500108202,20:00-22:00,2.04,2.2
500108202,22:00-24:00,0.39,1.23
500108203,00:00-02:00,0.16,0.38
500108203,02:00-04:00,0.02,0.34
500108203,04:00-06:00,0.32,0.66
500108203,06:00-08:00,3.16,1.14
500108203,08:00-10:00,4.75,1.18
500108203,10:00-12:00,2.01,1.84
500108203,12:00-14:00,2.05,2.66
500108203,14:00-16:00,1.69,1.89
500108203,16:00-18:00,2.46,2.63
500108203,18:00-20:00,2.44,3.09
500108203,20:00-22:00,2.01,3.36
500108203,22:00-24:00,0.69,1.23
500108204,00:00-02:00,0.65,0.82
500108204,02:00-04:00,0.26,0.61
500108204,04:00-06:00,0.73,1.64
500108204,06:00-08:00,4.16,3.99
500108204,08:00-10:00,7.2,4.65
500108204,10:00-12:00,3.41,2.7
500108204,12:00-14:00,3.51,4.23
500108204,14:00-16:00,2.94,3.34
500108204,16:00-18:00,5.92,3.63
500108204,18:00-20:00,4.4,5.25
500108204,20:00-22:00,3.67,3.16
500108204,22:00-24:00,1.08,1.48
500108205,00:00-02:00,0.07,0.42
500108205,02:00-04:00,0.11,0.25
500108205,04:00-06:00,0.64,0.05
500108205,06:00-08:00,3.6,0.75
500108205,08:00-10:00,3.34,2.34
500108205,10:00-12:00,2.57,2.09
500108205,12:00-14:00,1.84,2.07
500108205,14:00-16:00,2.38,1.68
500108205,16:00-18:00,2.96,3.06
500108205,18:00-20:00,2.61,3.57
500108205,20:00-22:00,2.27,3.77
500108205,22:00-24:00,1.46,2.03
500108206,00:00-02:00,0.58,0.57
500108206,02:00-04:00,0.07,0.73
500108206,04:00-06:00,0.48,0.55
500108206,06:00-08:00,2.83,2.86
500108206,08:00-10:00,5.53,3.86
500108206,10:00-12:00,3.61,3.09
500108206,12:00-14:00,4.02,2.98
500108206,14:00-16:00,3.72,3.41
500108206,16:00-18:00,5.22,4.59
500108206,18:00-20:00,4.33,4.84
500108206,20:00-22:00,2.65,3.16
500108206,22:00-24:00,1.66,1.66
500108207,00:00-02:00,1.39,0.71
500108207,02:00-04:00,0.11,0.09
500108207,04:00-06:00,0.48,0.41
500108207,06:00-08:00,3.47,6.0
500108207,08:00-10:00,3.36,5.15
500108207,10:00-12:00,2.23,1.92
500108207,12:00-14:00,4.04,2.33
500108207,14:00-16:00,4.11,3.75
500108207,16:00-18:00,8.77,5.05
500108207,18:00-20:00,4.26,4.43
500108207,20:00-22:00,2.78,5.62
500108207,22:00-24:00,2.03,2.07
500108208,00:00-02:00,0.14,0.66
500108208,02:00-04:00,0.0,0.09
500108208,04:00-06:00,0.45,0.32
500108208,06:00-08:00,5.08,2.5
500108208,08:00-10:00,4.58,2.23
500108208,10:00-12:00,3.55,3.04
500108208,12:00-14:00,3.97,2.36
500108208,14:00-16:00,2.91,2.57
500108208,16:00-18:00,3.92,4.41
500108208,18:00-20:00,3.08,3.95
500108208,20:00-22:00,1.83,2.7
500108208,22:00-24:00,0.73,1.34
500108209,00:00-02:00,0.28,0.38
500108209,02:00-04:00,0.11,0.07
500108209,04:00-06:00,0.27,0.32
500108209,06:00-08:00,1.21,1.2
500108209,08:00-10:00,1.57,3.41
500108209,10:00-12:00,2.06,1.59
500108209,12:00-14:00,2.9,2.64
500108209,14:00-16:00,2.17,1.66
500108209,16:00-18:00,1.8,2.06
500108209,18:00-20:00,2.43,1.73
500108209,20:00-22:00,1.51,1.02
500108209,22:00-24:00,0.91,1.05
500108211,00:00-02:00,0.07,0.16
500108211,02:00-04:00,0.0,0.16
500108211,04:00-06:00,0.23,0.0
500108211,06:00-08:00,1.05,0.41
500108211,08:00-10:00,1.02,0.7
500108211,10:00-12:00,0.84,1.0
500108211,12:00-14:00,1.23,1.16
500108211,14:00-16:00,1.32,0.61
500108211,16:00-18:00,0.85,1.9
500108211,18:00-20:00,0.89,1.66
500108211,20:00-22:00,1.14,1.35
500108211,22:00-24:00,0.82,0.47
500108212,00:00-02:00,0.73,1.51
500108212,02:00-04:00,0.7,0.55
500108212,04:00-06:00,1.02,0.75
500108212,06:00-08:00,4.64,5.2
500108212,08:00-10:00,11.69,7.89
500108212,10:00-12:00,10.91,9.31
500108212,12:00-14:00,10.99,8.13
500108212,14:00-16:00,6.64,5.48
500108212,16:00-18:00,8.22,11.99
500108212,18:00-20:00,10.77,11.18
500108212,20:00-22:00,9.12,7.61
500108212,22:00-24:00,4.75,5.39
500108213,00:00-02:00,0.21,0.24
500108213,02:00-04:00,0.2,0.14
500108213,04:00-06:00,0.21,0.11
500108213,06:00-08:00,0.82,1.48
500108213,08:00-10:00,1.12,1.23
500108213,10:00-12:00,1.16,1.41
500108213,12:00-14:00,0.95,0.95
500108213,14:00-16:00,1.0,1.61
500108213,16:00-18:00,1.58,1.16
500108213,18:00-20:00,1.02,0.75
500108213,20:00-22:00,1.23,0.48
500108213,22:00-24:00,0.52,0.2
500108214,00:00-02:00,0.19,0.42
500108214,02:00-04:00,0.02,0.07
500108214,04:00-06:00,0.32,0.61
500108214,06:00-08:00,3.64,1.61
500108214,08:00-10:00,6.18,3.09
500108214,10:00-12:00,4.8,3.45
500108214,12:00-14:00,4.11,3.09
500108214,14:00-16:00,2.66,2.46
500108214,16:00-18:00,3.6,4.39
500108214,18:00-20:00,4.96,6.5
500108214,20:00-22:00,3.41,4.16
500108214,22:00-24:00,0.86,2.21
500108215,00:00-02:00,0.17,0.24
500108215,02:00-04:00,0.0,0.18
500108215,04:00-06:00,0.07,0.02
500108215,06:00-08:00,0.5,1.68
500108215,08:00-10:00,2.88,4.46
500108215,10:00-12:00,1.21,1.0
500108215,12:00-14:00,1.84,2.15
500108215,14:00-16:00,1.36,1.29
500108215,16:00-18:00,3.53,1.05
500108215,18:00-20:00,2.39,2.02
500108215,20:00-22:00,0.52,0.7
500108215,22:00-24:00,0.57,0.14
500108216,00:00-02:00,0.42,0.45
500108216,02:00-04:00,0.09,0.07
500108216,04:00-06:00,0.43,0.23
500108216,06:00-08:00,3.92,4.97
500108216,08:00-10:00,7.54,3.08
500108216,10:00-12:00,3.47,2.79
500108216,12:00-14:00,3.44,2.75
500108216,14:00-16:00,2.94,3.09
500108216,16:00-18:00,5.0,3.43
500108216,18:00-20:00,4.01,5.5
500108216,20:00-22:00,2.55,3.33
500108216,22:00-24:00,2.19,2.92
500108217,00:00-02:00,0.14,0.16
500108217,02:00-04:00,0.05,0.07
500108217,04:00-06:00,0.07,0.0
500108217,06:00-08:00,0.98,0.84
500108217,08:00-10:00,2.2,0.86
500108217,10:00-12:00,1.01,1.09
500108217,12:00-14:00,0.98,0.77
500108217,14:00-16:00,0.57,0.59
500108217,16:00-18:00,0.8,1.55
500108217,18:00-20:00,0.68,1.0
500108217,20:00-22:00,0.5,0.82
500108217,22:00-24:00,0.32,0.39
500108218,00:00-02:00,0.24,0.28
500108218,02:00-04:00,0.02,0.14
500108218,04:00-06:00,0.05,0.09
500108218,06:00-08:00,1.84,3.58
500108218,08:00-10:00,6.73,8.98
500108218,10:00-12:00,4.66,3.58
500108218,12:00-14:00,3.57,5.52
500108218,14:00-16:00,3.34,4.31
500108218,16:00-18:00,9.55,5.19
500108218,18:00-20:00,6.15,4.7
500108218,20:00-22:00,3.09,1.77
500108218,22:00-24:00,0.77,0.77
500108219,00:00-02:00,0.19,0.52
500108219,02:00-04:00,0.0,0.2
500108219,04:00-06:00,0.18,0.27
500108219,06:00-08:00,1.78,1.31
500108219,08:00-10:00,3.44,2.65
500108219,10:00-12:00,1.81,1.87
500108219,12:00-14:00,1.91,1.51
500108219,14:00-16:00,2.2,1.77
500108219,16:00-18:00,3.1,2.61
500108219,18:00-20:00,2.79,3.01
500108219,20:00-22:00,2.94,2.24
500108219,22:00-24:00,0.64,1.07
500108220,00:00-02:00,0.72,1.2
500108220,02:00-04:00,0.55,0.48
500108220,04:00-06:00,0.48,0.8
500108220,06:00-08:00,1.77,2.32
500108220,08:00-10:00,2.39,4.08
500108220,10:00-12:00,2.39,2.44
500108220,12:00-14:00,3.75,2.77
500108220,14:00-16:00,1.84,1.69
500108220,16:00-18:00,5.01,3.11
500108220,18:00-20:00,3.51,3.04
500108220,20:00-22:00,1.81,1.59
500108220,22:00-24:00,0.53,0.96
500108221,00:00-02:00,0.05,0.45
500108221,02:00-04:00,0.02,0.02
500108221,04:00-06:00,0.02,0.27
500108221,06:00-08:00,0.73,0.8
500108221,08:00-10:00,0.89,0.32
500108221,10:00-12:00,0.93,0.23
500108221,12:00-14:00,0.66,0.73
500108221,14:00-16:00,0.52,1.09
500108221,16:00-18:00,1.32,0.66
500108221,18:00-20:00,1.07,1.09
500108221,20:00-22:00,0.91,0.7
500108221,22:00-24:00,0.18,0.57
500108222,00:00-02:00,0.4,0.28
500108222,02:00-04:00,0.02,0.23
500108222,04:00-06:00,0.07,0.0
500108222,06:00-08:00,0.75,0.89
500108222,08:00-10:00,1.41,0.68
500108222,10:00-12:00,0.85,0.39
500108222,12:00-14:00,0.41,1.86
500108222,14:00-16:00,1.14,1.84
500108222,16:00-18:00,1.51,0.39
500108222,18:00-20:00,0.52,0.7
500108222,20:00-22:00,0.48,0.2
500108222,22:00-24:00,0.24,0.23
500108223,00:00-02:00,0.19,0.82
500108223,02:00-04:00,0.02,0.25
500108223,04:00-06:00,0.07,1.17
500108223,06:00-08:00,3.0,1.33
500108223,08:00-10:00,2.92,2.48
500108223,10:00-12:00,2.34,2.27
500108223,12:00-14:00,2.84,1.89
500108223,14:00-16:00,2.01,1.84
500108223,16:00-18:00,2.65,3.56
500108223,18:00-20:00,3.82,3.81
500108223,20:00-22:00,2.31,1.98
500108223,22:00-24:00,0.75,0.8
500108224,00:00-02:00,0.14,0.47
500108224,02:00-04:00,0.02,0.02
500108224,04:00-06:00,0.23,0.0
500108224,06:00-08:00,1.0,0.52
500108224,08:00-10:00,1.37,2.02
500108224,10:00-12:00,0.72,0.91
500108224,12:00-14:00,1.17,0.77
500108224,14:00-16:00,1.3,1.14
500108224,16:00-18:00,1.99,1.62
500108224,18:00-20:00,2.05,1.93
500108224,20:00-22:00,0.7,0.75
500108224,22:00-24:00,0.46,0.57
500108225,00:00-02:00,0.05,0.82
500108225,02:00-04:00,0.02,0.09
500108225,04:00-06:00,0.64,0.43
500108225,06:00-08:00,4.47,2.09
500108225,08:00-10:00,4.53,3.57
500108225,10:00-12:00,2.15,2.14
500108225,12:00-14:00,2.77,1.82
500108225,14:00-16:00,1.86,1.82
500108225,16:00-18:00,2.32,3.62
500108225,18:00-20:00,3.44,3.61
500108225,20:00-22:00,2.57,2.48
500108225,22:00-24:00,0.66,1.34
500108226,00:00-02:00,0.07,0.02
500108226,02:00-04:00,0.05,0.05
500108226,04:00-06:00,0.0,0.05
500108226,06:00-08:00,0.25,2.95
500108226,08:00-10:00,1.11,5.93
500108226,10:00-12:00,1.18,0.55
500108226,12:00-14:00,2.34,2.09
500108226,14:00-16:00,0.66,1.48
500108226,16:00-18:00,6.49,0.64
500108226,18:00-20:00,2.99,0.98
500108226,20:00-22:00,0.47,0.52
500108226,22:00-24:00,0.07,0.11
500108227,00:00-02:00,0.87,0.73
500108227,02:00-04:00,0.05,0.16
500108227,04:00-06:00,0.5,0.05
500108227,06:00-08:00,1.82,0.7
500108227,08:00-10:00,2.35,1.48
500108227,10:00-12:00,1.71,1.23
500108227,12:00-14:00,1.9,1.5
500108227,14:00-16:00,1.66,1.8
500108227,16:00-18:00,3.08,2.51
500108227,18:00-20:00,1.64,3.04
500108227,20:00-22:00,1.41,2.32
500108227,22:00-24:00,1.3,1.91
500108228,00:00-02:00,0.09,0.02
500108228,02:00-04:00,0.02,0.0
500108228,04:00-06:00,0.07,0.0
500108228,06:00-08:00,0.09,0.14
500108228,08:00-10:00,0.86,0.5
500108228,10:00-12:00,0.27,0.09
500108228,12:00-14:00,0.32,0.43
500108228,14:00-16:00,0.45,1.3
500108228,16:00-18:00,0.34,0.3
500108228,18:00-20:00,0.64,0.18
500108228,20:00-22:00,0.3,0.14
500108228,22:00-24:00,0.18,0.07
500108229,00:00-02:00,0.05,0.02
500108229,02:00-04:00,0.02,0.05
500108229,04:00-06:00,0.3,0.2
500108229,06:00-08:00,0.43,0.11
500108229,08:00-10:00,0.64,0.8
500108229,10:00-12:00,0.39,0.18
500108229,12:00-14:00,0.23,0.16
500108229,14:00-16:00,0.19,0.32
500108229,16:00-18:00,0.35,0.39
500108229,18:00-20:00,0.2,0.36
500108229,20:00-22:00,0.09,0.18
500108229,22:00-24:00,0.07,0.09
500108230,00:00-02:00,0.59,1.15
500108230,02:00-04:00,0.57,0.5
500108230,04:00-06:00,0.41,0.36
500108230,06:00-08:00,3.29,1.76
500108230,08:00-10:00,6.58,5.57
500108230,10:00-12:00,5.95,5.48
500108230,12:00-14:00,6.51,5.12
500108230,14:00-16:00,2.72,2.82
500108230,16:00-18:00,3.72,4.62
500108230,18:00-20:00,4.45,5.05
500108230,20:00-22:00,5.2,3.92
500108230,22:00-24:00,1.73,1.98
500108231,00:00-02:00,0.98,1.3
500108231,02:00-04:00,0.21,0.45
500108231,04:00-06:00,0.09,0.8
500108231,06:00-08:00,1.39,0.76
500108231,08:00-10:00,2.91,2.46
500108231,10:00-12:00,3.16,3.51
500108231,12:00-14:00,4.19,3.26
500108231,14:00-16:00,2.96,2.94
500108231,16:00-18:00,3.44,5.14
500108231,18:00-20:00,3.77,5.47
500108231,20:00-22:00,4.65,2.38
500108231,22:00-24:00,1.86,1.3
500108233,00:00-02:00,0.42,0.61
500108233,02:00-04:00,0.0,0.07
500108233,04:00-06:00,0.36,0.11
500108233,06:00-08:00,1.52,1.68
500108233,08:00-10:00,4.06,2.14
500108233,10:00-12:00,2.23,2.41
500108233,12:00-14:00,3.21,3.02
500108233,14:00-16:00,2.77,2.46
500108233,16:00-18:00,2.79,4.2
500108233,18:00-20:00,4.19,4.16
500108233,20:00-22:00,3.23,2.32
500108233,22:00-24:00,1.1,1.75
500108234,00:00-02:00,0.12,0.28
500108234,02:00-04:00,0.02,0.23
500108234,04:00-06:00,0.02,0.0
500108234,06:00-08:00,1.23,0.59
500108234,08:00-10:00,1.47,1.32
500108234,10:00-12:00,1.68,1.23
500108234,12:00-14:00,1.28,1.79
500108234,14:00-16:00,1.5,1.5
500108234,16:00-18:00,1.46,1.78
500108234,18:00-20:00,1.18,1.21
500108234,20:00-22:00,1.35,1.35
500108234,22:00-24:00,0.51,0.29
500108235,00:00-02:00,0.24,0.45
500108235,02:00-04:00,0.07,0.02
500108235,04:00-06:00,0.27,0.16
500108235,06:00-08:00,0.91,1.09
500108235,08:00-10:00,1.34,0.5
500108235,10:00-12:00,0.59,0.89
500108235,12:00-14:00,0.84,0.73
500108235,14:00-16:00,0.91,0.53
500108235,16:00-18:00,1.39,0.87
500108235,18:00-20:00,0.93,1.59
500108235,20:00-22:00,0.43,0.84
500108235,22:00-24:00,0.34,0.48
500109001,00:00-02:00,0.85,1.37
500109001,02:00-04:00,0.23,0.6
500109001,04:00-06:00,1.16,0.27
500109001,06:00-08:00,6.43,2.39
500109001,08:00-10:00,6.07,4.09
500109001,10:00-12:00,4.5,4.36
500109001,12:00-14:00,4.33,3.25
500109001,14:00-16:00,4.16,5.25
500109001,16:00-18:00,6.38,6.54
500109001,18:00-20:00,5.99,6.5
500109001,20:00-22:00,3.87,6.03
500109001,22:00-24:00,1.8,4.01
500109002,00:00-02:00,0.62,0.82
500109002,02:00-04:00,0.07,0.07
500109002,04:00-06:00,0.27,1.41
500109002,06:00-08:00,4.3,4.43
500109002,08:00-10:00,3.57,6.65
500109002,10:00-12:00,6.53,3.06
500109002,12:00-14:00,2.75,6.58
500109002,14:00-16:00,7.79,6.85
500109002,16:00-18:00,9.84,7.25
500109002,18:00-20:00,7.17,8.83
500109002,20:00-22:00,6.49,3.45
500109002,22:00-24:00,1.43,1.14
500109003,00:00-02:00,0.87,1.61
500109003,02:00-04:00,0.02,0.11
500109003,04:00-06:00,0.73,0.3
500109003,06:00-08:00,10.47,4.0
500109003,08:00-10:00,10.44,8.32
500109003,10:00-12:00,8.56,6.21
500109003,12:00-14:00,6.62,6.57
500109003,14:00-16:00,7.4,6.44
500109003,16:00-18:00,11.51,10.89
500109003,18:00-20:00,7.71,10.48
500109003,20:00-22:00,4.44,7.31
500109003,22:00-24:00,3.19,5.83
500109004,00:00-02:00,0.88,1.01
500109004,02:00-04:00,0.02,0.48
500109004,04:00-06:00,0.3,0.48
500109004,06:00-08:00,6.18,4.2
500109004,08:00-10:00,7.27,5.48
500109004,10:00-12:00,5.38,5.45
500109004,12:00-14:00,6.72,6.97
500109004,14:00-16:00,6.35,6.16
500109004,16:00-18:00,12.12,15.14
500109004,18:00-20:00,9.43,9.04
500109004,20:00-22:00,8.81,6.74
500109004,22:00-24:00,3.68,2.85
500109005,00:00-02:00,0.57,1.6
500109005,02:00-04:00,0.14,0.2
500109005,04:00-06:00,0.48,0.2
500109005,06:00-08:00,5.34,3.59
500109005,08:00-10:00,5.99,4.34
500109005,10:00-12:00,5.82,4.57
500109005,12:00-14:00,5.35,4.98
500109005,14:00-16:00,4.45,4.41
500109005,16:00-18:00,7.9,6.53
500109005,18:00-20:00,4.77,7.91
500109005,20:00-22:00,4.34,4.95
500109005,22:00-24:00,2.75,3.07
500109006,00:00-02:00,0.35,1.81
500109006,02:00-04:00,0.16,0.18
500109006,04:00-06:00,1.05,0.82
500109006,06:00-08:00,5.92,0.89
500109006,08:00-10:00,4.06,2.25
500109006,10:00-12:00,4.65,4.59
500109006,12:00-14:00,3.62,2.18
500109006,14:00-16:00,3.6,4.09
500109006,16:00-18:00,3.53,4.89
500109006,18:00-20:00,3.87,3.66
500109006,20:00-22:00,2.7,4.43
500109006,22:00-24:00,1.07,2.85
500109007,00:00-02:00,0.68,0.64
500109007,02:00-04:00,0.18,0.39
500109007,04:00-06:00,0.61,1.77
500109007,06:00-08:00,4.64,5.3
500109007,08:00-10:00,6.73,7.0
500109007,10:00-12:00,10.72,12.95
500109007,12:00-14:00,13.01,12.59
500109007,14:00-16:00,15.65,14.6
500109007,16:00-18:00,17.67,14.59
500109007,18:00-20:00,9.08,8.91
500109007,20:00-22:00,5.15,4.91
500109007,22:00-24:00,1.72,1.48
500109008,00:00-02:00,0.52,0.97
500109008,02:00-04:00,0.05,0.11
500109008,04:00-06:00,0.91,0.16
500109008,06:00-08:00,7.0,2.34
500109008,08:00-10:00,6.58,5.35
500109008,10:00-12:00,4.93,4.0
500109008,12:00-14:00,4.59,3.52
500109008,14:00-16:00,3.58,3.96
500109008,16:00-18:00,7.12,6.53
500109008,18:00-20:00,6.04,8.7
500109008,20:00-22:00,1.95,5.65
500109008,22:00-24:00,1.68,3.18
500109009,00:00-02:00,1.27,0.94
500109009,02:00-04:00,0.14,0.14
500109009,04:00-06:00,0.57,0.57
500109009,06:00-08:00,7.22,4.88
500109009,08:00-10:00,8.07,8.32
500109009,10:00-12:00,6.31,6.29
500109009,12:00-14:00,7.2,7.86
500109009,14:00-16:00,6.46,6.56
500109009,16:00-18:00,9.28,11.43
500109009,18:00-20:00,10.27,9.2
500109009,20:00-22:00,3.68,6.44
500109009,22:00-24:00,2.75,2.31
500109010,00:00-02:00,0.61,0.09
500109010,02:00-04:00,0.36,0.11
500109010,04:00-06:00,0.16,0.2
500109010,06:00-08:00,2.71,1.73
500109010,08:00-10:00,2.68,2.15
500109010,10:00-12:00,2.6,2.02
500109010,12:00-14:00,2.26,2.36
500109010,14:00-16:00,2.85,3.64
500109010,16:00-18:00,3.79,5.66
500109010,18:00-20:00,3.43,2.77
500109010,20:00-22:00,1.56,1.91
500109010,22:00-24:00,1.43,1.51
500109011,00:00-02:00,2.93,3.16
500109011,02:00-04:00,0.18,0.34
500109011,04:00-06:00,2.36,1.84
500109011,06:00-08:00,14.52,14.61
500109011,08:00-10:00,17.49,14.64
500109011,10:00-12:00,14.82,15.45
500109011,12:00-14:00,15.47,17.95
500109011,14:00-16:00,17.7,14.08
500109011,16:00-18:00,20.31,25.35
500109011,18:00-20:00,18.58,16.68
500109011,20:00-22:00,12.11,11.38
500109011,22:00-24:00,6.97,4.7
500109012,00:00-02:00,0.25,0.47
500109012,02:00-04:00,0.0,0.16
500109012,04:00-06:00,0.3,0.36
500109012,06:00-08:00,1.05,1.61
500109012,08:00-10:00,2.39,1.8
500109012,10:00-12:00,2.25,1.64
500109012,12:00-14:00,2.07,1.64
500109012,14:00-16:00,2.35,2.48
500109012,16:00-18:00,3.4,3.98
500109012,18:00-20:00,2.68,2.43
500109012,20:00-22:00,2.08,1.52
500109012,22:00-24:00,0.99,0.57
500109013,00:00-02:00,0.47,0.85
500109013,02:00-04:00,0.11,0.18
500109013,04:00-06:00,0.64,0.27
500109013,06:00-08:00,2.05,0.97
500109013,08:00-10:00,2.5,2.25
500109013,10:00-12:00,1.43,2.26
500109013,12:00-14:00,2.82,1.91
500109013,14:00-16:00,2.91,2.14
500109013,16:00-18:00,3.72,4.64
500109013,18:00-20:00,2.77,3.37
500109013,20:00-22:00,2.16,2.39
500109013,22:00-24:00,1.05,1.18
500109014,00:00-02:00,0.12,0.19
500109014,02:00-04:00,0.05,0.05
500109014,04:00-06:00,0.05,0.14
500109014,06:00-08:00,1.89,5.91
500109014,08:00-10:00,6.18,6.39
500109014,10:00-12:00,2.89,2.3
500109014,12:00-14:00,3.39,2.66
500109014,14:00-16:00,3.49,1.93
500109014,16:00-18:00,7.58,4.2
500109014,18:00-20:00,3.01,3.27
500109014,20:00-22:00,1.94,1.61
500109014,22:00-24:00,0.6,0.84
500109015,00:00-02:00,1.3,0.73
500109015,02:00-04:00,0.05,0.32
500109015,04:00-06:00,0.52,0.91
500109015,06:00-08:00,7.32,10.09
500109015,08:00-10:00,6.48,9.36
500109015,10:00-12:00,5.45,7.02
500109015,12:00-14:00,8.16,6.97
500109015,14:00-16:00,7.05,5.46
500109015,16:00-18:00,9.59,10.07
500109015,18:00-20:00,9.89,6.01
500109015,20:00-22:00,7.27,4.43
500109015,22:00-24:00,4.06,3.23
500109016,00:00-02:00,0.28,0.5
500109016,02:00-04:00,0.16,0.41
500109016,04:00-06:00,0.61,0.23
500109016,06:00-08:00,3.59,1.16
500109016,08:00-10:00,2.75,2.52
500109016,10:00-12:00,2.36,2.16
500109016,12:00-14:00,1.57,1.27
500109016,14:00-16:00,1.25,1.46
500109016,16:00-18:00,3.08,2.91
500109016,18:00-20:00,2.64,3.83
500109016,20:00-22:00,1.75,2.43
500109016,22:00-24:00,1.07,1.69
500109017,00:00-02:00,0.19,0.02
500109017,02:00-04:00,0.09,0.07
500109017,04:00-06:00,0.11,0.16
500109017,06:00-08:00,1.71,0.61
500109017,08:00-10:00,1.65,0.73
500109017,10:00-12:00,1.22,0.91
500109017,12:00-14:00,1.04,0.98
500109017,14:00-16:00,1.27,2.05
500109017,16:00-18:00,2.05,2.15
500109017,18:00-20:00,1.8,2.48
500109017,20:00-22:00,0.91,1.43
500109017,22:00-24:00,0.46,0.61
500109018,00:00-02:00,0.38,0.59
500109018,02:00-04:00,0.39,0.23
500109018,04:00-06:00,0.39,0.18
500109018,06:00-08:00,3.16,2.44
500109018,08:00-10:00,2.86,2.73
500109018,10:00-12:00,2.11,2.61
500109018,12:00-14:00,3.61,2.41
500109018,14:00-16:00,2.12,2.35
500109018,16:00-18:00,3.9,3.95
500109018,18:00-20:00,2.59,3.25
500109018,20:00-22:00,2.0,2.8
500109018,22:00-24:00,1.02,1.11
500109019,00:00-02:00,1.81,1.11
500109019,02:00-04:00,0.73,0.25
500109019,04:00-06:00,1.66,0.14
500109019,06:00-08:00,5.11,6.38
500109019,08:00-10:00,6.1,4.78
500109019,10:00-12:00,5.44,3.8
500109019,12:00-14:00,6.19,4.63
500109019,14:00-16:00,3.73,3.53
500109019,16:00-18:00,10.37,7.08
500109019,18:00-20:00,7.86,9.84
500109019,20:00-22:00,4.98,9.41
500109019,22:00-24:00,4.26,5.24
500109020,00:00-02:00,0.26,1.11
500109020,02:00-04:00,0.05,0.16
500109020,04:00-06:00,0.3,0.27
500109020,06:00-08:00,4.34,1.3
500109020,08:00-10:00,3.05,2.77
500109020,10:00-12:00,2.94,3.55
500109020,12:00-14:00,2.84,2.52
500109020,14:00-16:00,3.01,2.64
500109020,16:00-18:00,3.7,1.92
500109020,18:00-20:00,1.78,3.32
500109020,20:00-22:00,1.43,1.73
500109020,22:00-24:00,0.61,1.78
500109022,00:00-02:00,0.14,2.55
500109022,02:00-04:00,0.05,0.64
500109022,04:00-06:00,0.5,3.48
500109022,06:00-08:00,10.41,1.55
500109022,08:00-10:00,6.21,3.57
500109022,10:00-12:00,3.74,2.11
500109022,12:00-14:00,2.94,3.04
500109022,14:00-16:00,2.02,4.37
500109022,16:00-18:00,4.18,3.91
500109022,18:00-20:00,2.59,3.73
500109022,20:00-22:00,2.43,2.48
500109022,22:00-24:00,1.0,3.82
500109023,00:00-02:00,1.25,2.69
500109023,02:00-04:00,0.5,0.18
500109023,04:00-06:00,1.63,1.66
500109023,06:00-08:00,5.35,6.59
500109023,08:00-10:00,7.62,6.41
500109023,10:00-12:00,7.66,10.7
500109023,12:00-14:00,8.12,7.81
500109023,14:00-16:00,8.01,7.68
500109023,16:00-18:00,17.64,9.96
500109023,18:00-20:00,8.21,10.47
500109023,20:00-22:00,7.28,5.55
500109023,22:00-24:00,4.38,7.03
500109024,00:00-02:00,1.98,0.92
500109024,02:00-04:00,0.12,0.45
500109024,04:00-06:00,0.64,0.16
500109024,06:00-08:00,2.37,7.94
500109024,08:00-10:00,4.98,5.86
500109024,10:00-12:00,4.59,4.85
500109024,12:00-14:00,4.93,5.25
500109024,14:00-16:00,4.95,4.1
500109024,16:00-18:00,6.39,7.87
500109024,18:00-20:00,7.16,7.2
500109024,20:00-22:00,6.93,3.8
500109024,22:00-24:00,3.53,1.12
500109025,00:00-02:00,2.51,1.96
500109025,02:00-04:00,0.7,0.82
500109025,04:00-06:00,1.96,2.98
500109025,06:00-08:00,16.05,22.93
500109025,08:00-10:00,23.45,22.5
500109025,10:00-12:00,13.47,16.46
500109025,12:00-14:00,16.38,17.55
500109025,14:00-16:00,15.88,14.6
500109025,16:00-18:00,22.49,21.72
500109025,18:00-20:00,21.67,22.43
500109025,20:00-22:00,18.97,14.38
500109025,22:00-24:00,8.98,6.01
500109026,00:00-02:00,0.52,0.45
500109026,02:00-04:00,0.09,0.16
500109026,04:00-06:00,0.66,0.59
500109026,06:00-08:00,5.69,2.0
500109026,08:00-10:00,2.28,2.68
500109026,10:00-12:00,2.28,2.86
500109026,12:00-14:00,3.79,3.27
500109026,14:00-16:00,2.1,1.91
500109026,16:00-18:00,2.79,3.84
500109026,18:00-20:00,4.24,5.88
500109026,20:00-22:00,2.46,2.95
500109026,22:00-24:00,1.22,1.08
500109027,00:00-02:00,0.85,1.41
500109027,02:00-04:00,0.11,0.09
500109027,04:00-06:00,1.64,0.61
500109027,06:00-08:00,18.18,6.98
500109027,08:00-10:00,15.34,9.34
500109027,10:00-12:00,8.98,7.95
500109027,12:00-14:00,8.3,9.66
500109027,14:00-16:00,9.6,9.58
500109027,16:00-18:00,13.49,15.6
500109027,18:00-20:00,11.22,17.27
500109027,20:00-22:00,7.2,14.28
500109027,22:00-24:00,3.85,5.31
500109028,00:00-02:00,0.75,0.92
500109028,02:00-04:00,0.25,0.36
500109028,04:00-06:00,0.25,0.23
500109028,06:00-08:00,2.89,2.55
500109028,08:00-10:00,4.0,2.82
500109028,10:00-12:00,3.19,3.41
500109028,12:00-14:00,3.15,3.51
500109028,14:00-16:00,3.5,3.64
500109028,16:00-18:00,4.64,5.5
500109028,18:00-20:00,4.88,5.16
500109028,20:00-22:00,3.8,4.36
500109028,22:00-24:00,2.3,1.56
500109029,00:00-02:00,1.04,0.87
500109029,02:00-04:00,0.48,0.3
500109029,04:00-06:00,0.66,0.57
500109029,06:00-08:00,2.73,2.52
500109029,08:00-10:00,3.9,2.66
500109029,10:00-12:00,2.43,2.02
500109029,12:00-14:00,2.52,2.34
500109029,14:00-16:00,2.66,3.14
500109029,16:00-18:00,3.87,5.23
500109029,18:00-20:00,4.14,3.95
500109029,20:00-22:00,2.48,2.2
500109029,22:00-24:00,1.39,1.32
500109030,00:00-02:00,0.26,0.45
500109030,02:00-04:00,0.05,0.07
500109030,04:00-06:00,0.11,0.11
500109030,06:00-08:00,1.85,1.3
500109030,08:00-10:00,3.82,4.6
500109030,10:00-12:00,3.17,2.97
500109030,12:00-14:00,3.47,3.68
500109030,14:00-16:00,3.48,2.68
500109030,16:00-18:00,4.14,3.71
500109030,18:00-20:00,2.25,2.29
500109030,20:00-22:00,1.82,2.23
500109030,22:00-24:00,1.15,0.73
500109031,00:00-02:00,1.73,1.74
500109031,02:00-04:00,0.27,0.32
500109031,04:00-06:00,2.05,4.73
500109031,06:00-08:00,11.39,14.93
500109031,08:00-10:00,13.23,12.81
500109031,10:00-12:00,9.0,8.05
500109031,12:00-14:00,9.84,8.77
500109031,14:00-16:00,11.16,10.91
500109031,16:00-18:00,15.43,15.26
500109031,18:00-20:00,13.56,11.02
500109031,20:00-22:00,10.63,9.02
500109031,22:00-24:00,5.62,4.89
500109032,00:00-02:00,1.91,2.11
500109032,02:00-04:00,0.86,0.25
500109032,04:00-06:00,3.55,1.52
500109032,06:00-08:00,23.54,6.95
500109032,08:00-10:00,15.42,14.36
500109032,10:00-12:00,17.71,13.74
500109032,12:00-14:00,14.11,13.06
500109032,14:00-16:00,13.11,14.28
500109032,16:00-18:00,15.03,25.58
500109032,18:00-20:00,17.4,22.8
500109032,20:00-22:00,13.18,16.6
500109032,22:00-24:00,6.62,8.24
500109033,00:00-02:00,0.87,1.08
500109033,02:00-04:00,0.41,0.2
500109033,04:00-06:00,1.3,0.36
500109033,06:00-08:00,6.56,2.91
500109033,08:00-10:00,6.54,4.41
500109033,10:00-12:00,5.74,4.43
500109033,12:00-14:00,5.68,4.75
500109033,14:00-16:00,5.79,4.71
500109033,16:00-18:00,7.52,8.25
500109033,18:00-20:00,7.31,8.84
500109033,20:00-22:00,6.04,7.34
500109033,22:00-24:00,2.37,4.83
500109034,00:00-02:00,2.9,3.44
500109034,02:00-04:00,0.42,1.68
500109034,04:00-06:00,1.78,7.0
500109034,06:00-08:00,15.34,10.75
500109034,08:00-10:00,15.47,11.86
500109034,10:00-12:00,12.69,13.24
500109034,12:00-14:00,13.61,15.15
500109034,14:00-16:00,14.49,14.56
500109034,16:00-18:00,19.09,20.4
500109034,18:00-20:00,17.97,14.9
500109034,20:00-22:00,12.96,11.61
500109034,22:00-24:00,9.53,8.38
500109035,00:00-02:00,2.27,1.04
500109035,02:00-04:00,0.41,0.8
500109035,04:00-06:00,0.23,1.36
500109035,06:00-08:00,1.76,4.73
500109035,08:00-10:00,4.72,5.82
500109035,10:00-12:00,5.48,5.86
500109035,12:00-14:00,6.63,8.11
500109035,14:00-16:00,6.25,5.85
500109035,16:00-18:00,10.08,7.86
500109035,18:00-20:00,8.99,6.88
500109035,20:00-22:00,6.92,4.93
500109035,22:00-24:00,4.37,4.23
500109036,00:00-02:00,1.48,0.73
500109036,02:00-04:00,0.15,0.23
500109036,04:00-06:00,0.52,1.32
500109036,06:00-08:00,6.85,15.82
500109036,08:00-10:00,14.25,11.69
500109036,10:00-12:00,9.12,10.05
500109036,12:00-14:00,9.97,10.7
500109036,14:00-16:00,9.85,10.03
500109036,16:00-18:00,19.31,15.78
500109036,18:00-20:00,14.27,12.13
500109036,20:00-22:00,11.94,8.95
500109036,22:00-24:00,5.36,4.14
500109037,00:00-02:00,1.58,0.73
500109037,02:00-04:00,0.07,0.3
500109037,04:00-06:00,0.64,0.77
500109037,06:00-08:00,2.88,9.82
500109037,08:00-10:00,8.55,8.19
500109037,10:00-12:00,8.43,6.2
500109037,12:00-14:00,7.33,7.59
500109037,14:00-16:00,7.25,4.66
500109037,16:00-18:00,9.32,5.44
500109037,18:00-20:00,6.01,5.75
500109037,20:00-22:00,4.6,4.0
500109037,22:00-24:00,1.24,1.43
500109039,00:00-02:00,0.66,1.01
500109039,02:00-04:00,0.1,0.57
500109039,04:00-06:00,0.68,0.16
500109039,06:00-08:00,3.47,8.12
500109039,08:00-10:00,5.25,4.24
500109039,10:00-12:00,5.32,4.41
500109039,12:00-14:00,5.63,5.41
500109039,14:00-16:00,5.05,5.23
500109039,16:00-18:00,10.5,7.88
500109039,18:00-20:00,7.18,6.66
500109039,20:00-22:00,5.54,3.77
500109039,22:00-24:00,1.72,1.57
500109040,00:00-02:00,1.88,2.24
500109040,02:00-04:00,0.14,0.64
500109040,04:00-06:00,1.03,0.52
500109040,06:00-08:00,5.01,4.95
500109040,08:00-10:00,6.26,7.33
500109040,10:00-12:00,5.46,4.79
500109040,12:00-14:00,6.25,5.72
500109040,14:00-16:00,6.66,5.53
500109040,16:00-18:00,9.99,6.92
500109040,18:00-20:00,8.27,7.09
500109040,20:00-22:00,5.56,4.98
500109040,22:00-24:00,2.74,3.69
500109041,00:00-02:00,0.42,0.81
500109041,02:00-04:00,0.09,0.07
500109041,04:00-06:00,0.66,0.82
500109041,06:00-08:00,3.91,2.02
500109041,08:00-10:00,2.78,2.75
500109041,10:00-12:00,3.51,2.91
500109041,12:00-14:00,2.75,3.29
500109041,14:00-16:00,3.23,3.28
500109041,16:00-18:00,4.73,6.08
500109041,18:00-20:00,6.62,5.64
500109041,20:00-22:00,2.02,3.71
500109041,22:00-24:00,1.8,1.43
500109042,00:00-02:00,1.46,1.59
500109042,02:00-04:00,0.48,0.61
500109042,04:00-06:00,1.16,0.28
500109042,06:00-08:00,7.41,4.49
500109042,08:00-10:00,5.68,4.78
500109042,10:00-12:00,4.69,4.73
500109042,12:00-14:00,4.51,4.25
500109042,14:00-16:00,4.85,4.07
500109042,16:00-18:00,6.27,9.45
500109042,18:00-20:00,8.74,8.61
500109042,20:00-22:00,5.69,6.05
500109042,22:00-24:00,2.3,3.71
500109043,00:00-02:00,0.99,1.54
500109043,02:00-04:00,0.25,0.5
500109043,04:00-06:00,1.41,0.52
500109043,06:00-08:00,8.24,4.72
500109043,08:00-10:00,7.98,7.7
500109043,10:00-12:00,6.09,6.49
500109043,12:00-14:00,6.08,6.52
500109043,14:00-16:00,5.69,4.94
500109043,16:00-18:00,8.78,11.43
500109043,18:00-20:00,10.84,9.52
500109043,20:00-22:00,5.18,8.24
500109043,22:00-24:00,3.71,5.2
500109044,00:00-02:00,1.15,1.14
500109044,02:00-04:00,0.41,0.25
500109044,04:00-06:00,0.73,0.78
500109044,06:00-08:00,4.79,2.64
500109044,08:00-10:00,5.4,3.89
500109044,10:00-12:00,4.51,3.68
500109044,12:00-14:00,4.04,4.29
500109044,14:00-16:00,3.97,3.82
500109044,16:00-18:00,6.33,7.17
500109044,18:00-20:00,6.0,6.3
500109044,20:00-22:00,3.93,5.52
500109044,22:00-24:00,2.39,2.95
500109045,00:00-02:00,0.02,0.16
500109045,02:00-04:00,0.02,0.0
500109045,04:00-06:00,0.8,0.09
500109045,06:00-08:00,11.37,15.7
500109045,08:00-10:00,14.91,17.29
500109045,10:00-12:00,5.99,4.71
500109045,12:00-14:00,5.38,6.0
500109045,14:00-16:00,5.31,7.95
500109045,16:00-18:00,20.05,10.44
500109045,18:00-20:00,4.07,4.57
500109045,20:00-22:00,1.89,2.16
500109045,22:00-24:00,1.0,0.75
500109046,00:00-02:00,1.72,0.35
500109046,02:00-04:00,0.52,0.09
500109046,04:00-06:00,0.61,0.09
500109046,06:00-08:00,3.27,6.93
500109046,08:00-10:00,7.86,11.08
500109046,10:00-12:00,5.38,3.57
500109046,12:00-14:00,4.91,6.5
500109046,14:00-16:00,3.23,3.73
500109046,16:00-18:00,10.48,5.98
500109046,18:00-20:00,7.24,7.0
500109046,20:00-22:00,3.27,3.14
500109046,22:00-24:00,1.87,1.25
500109047,00:00-02:00,0.05,0.4
500109047,02:00-04:00,0.02,0.36
500109047,04:00-06:00,0.57,0.2
500109047,06:00-08:00,2.52,9.59
500109047,08:00-10:00,2.86,3.49
500109047,10:00-12:00,3.63,3.07
500109047,12:00-14:00,4.0,3.17
500109047,14:00-16:00,6.3,3.59
500109047,16:00-18:00,11.76,3.84
500109047,18:00-20:00,2.51,3.75
500109047,20:00-22:00,1.55,2.45
500109047,22:00-24:00,1.75,1.41
500109048,00:00-02:00,0.59,0.73
500109048,02:00-04:00,0.16,0.32
500109048,04:00-06:00,0.34,0.5
500109048,06:00-08:00,2.37,4.36
500109048,08:00-10:00,5.17,6.99
500109048,10:00-12:00,6.06,4.7
500109048,12:00-14:00,6.44,5.18
500109048,14:00-16:00,6.79,4.78
500109048,16:00-18:00,12.8,6.35
500109048,18:00-20:00,6.04,7.34
500109048,20:00-22:00,4.01,4.93
500109048,22:00-24:00,3.31,2.82
500109049,00:00-02:00,0.43,0.9
500109049,02:00-04:00,0.09,0.09
500109049,04:00-06:00,0.18,1.07
500109049,06:00-08:00,1.91,3.41
500109049,08:00-10:00,3.43,3.5
500109049,10:00-12:00,3.63,2.95
500109049,12:00-14:00,4.25,3.2
500109049,14:00-16:00,3.5,3.64
500109049,16:00-18:00,6.62,5.32
500109049,18:00-20:00,4.96,5.07
500109049,20:00-22:00,4.14,3.53
500109049,22:00-24:00,1.76,1.32
500109050,00:00-02:00,0.64,0.66
500109050,02:00-04:00,0.36,0.16
500109050,04:00-06:00,1.09,0.23
500109050,06:00-08:00,3.99,3.89
500109050,08:00-10:00,4.97,3.25
500109050,10:00-12:00,4.25,4.61
500109050,12:00-14:00,4.61,4.2
500109050,14:00-16:00,4.75,4.0
500109050,16:00-18:00,7.2,6.65
500109050,18:00-20:00,3.81,5.61
500109050,20:00-22:00,3.72,3.48
500109050,22:00-24:00,1.39,2.37
500109051,00:00-02:00,1.92,2.05
500109051,02:00-04:00,1.98,2.09
500109051,04:00-06:00,2.36,2.78
500109051,06:00-08:00,3.76,3.55
500109051,08:00-10:00,4.05,4.65
500109051,10:00-12:00,4.67,3.9
500109051,12:00-14:00,4.83,4.69
500109051,14:00-16:00,5.02,4.82
500109051,16:00-18:00,8.02,8.41
500109051,18:00-20:00,7.17,7.98
500109051,20:00-22:00,5.39,4.06
500109051,22:00-24:00,1.1,1.8
500109052,00:00-02:00,1.3,1.34
500109052,02:00-04:00,1.84,1.58
500109052,04:00-06:00,1.77,1.36
500109052,06:00-08:00,4.09,4.47
500109052,08:00-10:00,5.29,3.8
500109052,10:00-12:00,3.46,2.6
500109052,12:00-14:00,2.78,2.32
500109052,14:00-16:00,2.79,3.25
500109052,16:00-18:00,6.53,6.3
500109052,18:00-20:00,5.09,6.36
500109052,20:00-22:00,3.11,3.49
500109052,22:00-24:00,1.27,2.29
500109053,00:00-02:00,2.27,2.64
500109053,02:00-04:00,0.11,0.66
500109053,04:00-06:00,0.8,1.05
500109053,06:00-08:00,19.25,13.77
500109053,08:00-10:00,18.45,16.11
500109053,10:00-12:00,12.82,13.18
500109053,12:00-14:00,14.5,12.88
500109053,14:00-16:00,14.28,12.67
500109053,16:00-18:00,22.12,30.07
500109053,18:00-20:00,21.23,17.24
500109053,20:00-22:00,14.64,13.14
500109053,22:00-24:00,8.65,9.08
500109054,00:00-02:00,0.35,0.78
500109054,02:00-04:00,0.16,0.25
500109054,04:00-06:00,0.64,0.77
500109054,06:00-08:00,5.23,4.89
500109054,08:00-10:00,8.38,7.02
500109054,10:00-12:00,7.47,7.68
500109054,12:00-14:00,8.45,7.47
500109054,14:00-16:00,6.98,6.35
500109054,16:00-18:00,8.13,7.75
500109054,18:00-20:00,6.63,6.72
500109054,20:00-22:00,4.82,5.48
500109054,22:00-24:00,1.66,2.45
500109055,00:00-02:00,0.21,0.49
500109055,02:00-04:00,0.39,0.18
500109055,04:00-06:00,0.25,0.14
500109055,06:00-08:00,1.86,1.98
500109055,08:00-10:00,2.41,0.96
500109055,10:00-12:00,1.36,0.73
500109055,12:00-14:00,1.73,1.5
500109055,14:00-16:00,2.42,1.41
500109055,16:00-18:00,3.4,3.88
500109055,18:00-20:00,2.55,2.73
500109055,20:00-22:00,2.02,3.3
500109055,22:00-24:00,0.71,1.87
500109056,00:00-02:00,0.14,0.46
500109056,02:00-04:00,0.09,0.07
500109056,04:00-06:00,0.25,0.02
500109056,06:00-08:00,2.95,0.55
500109056,08:00-10:00,3.35,1.55
500109056,10:00-12:00,2.39,2.25
500109056,12:00-14:00,1.49,1.27
500109056,14:00-16:00,1.58,1.46
500109056,16:00-18:00,1.51,1.69
500109056,18:00-20:00,1.22,2.91
500109056,20:00-22:00,1.0,2.86
500109056,22:00-24:00,0.5,1.04
500109057,00:00-02:00,0.45,0.0
500109057,02:00-04:00,0.0,0.0
500109057,04:00-06:00,0.43,0.18
500109057,06:00-08:00,1.93,5.2
500109057,08:00-10:00,4.05,4.51
500109057,10:00-12:00,0.82,0.75
500109057,12:00-14:00,1.86,1.84
500109057,14:00-16:00,2.23,3.53
500109057,16:00-18:00,6.37,2.42
500109057,18:00-20:00,2.81,2.79
500109057,20:00-22:00,0.76,0.14
500109057,22:00-24:00,0.09,0.25
500109058,00:00-02:00,0.85,1.39
500109058,02:00-04:00,0.3,0.02
500109058,04:00-06:00,1.5,0.44
500109058,06:00-08:00,10.97,9.1
500109058,08:00-10:00,10.71,8.12
500109058,10:00-12:00,5.84,4.98
500109058,12:00-14:00,6.45,4.47
500109058,14:00-16:00,4.53,3.95
500109058,16:00-18:00,8.47,10.0
500109058,18:00-20:00,7.87,11.12
500109058,20:00-22:00,6.45,7.34
500109058,22:00-24:00,3.44,4.26
500109059,00:00-02:00,0.05,0.09
500109059,02:00-04:00,0.02,0.05
500109059,04:00-06:00,0.45,0.68
500109059,06:00-08:00,3.05,1.82
500109059,08:00-10:00,1.89,0.86
500109059,10:00-12:00,2.21,1.98
500109059,12:00-14:00,1.32,1.14
500109059,14:00-16:00,1.63,1.98
500109059,16:00-18:00,4.04,2.06
500109059,18:00-20:00,1.45,2.43
500109059,20:00-22:00,1.02,2.18
500109059,22:00-24:00,0.2,0.91
500109060,00:00-02:00,1.27,1.14
500109060,02:00-04:00,0.16,0.2
500109060,04:00-06:00,0.75,0.91
500109060,06:00-08:00,4.02,2.51
500109060,08:00-10:00,3.98,3.16
500109060,10:00-12:00,4.01,4.8
500109060,12:00-14:00,4.11,4.21
500109060,14:00-16:00,3.03,3.51
500109060,16:00-18:00,5.88,6.2
500109060,18:00-20:00,6.76,7.28
500109060,20:00-22:00,4.61,4.61
500109060,22:00-24:00,2.82,2.86
500109061,00:00-02:00,2.8,3.24
500109061,02:00-04:00,3.45,3.53
500109061,04:00-06:00,1.64,1.56
500109061,06:00-08:00,4.14,2.61
500109061,08:00-10:00,2.83,2.67
500109061,10:00-12:00,1.93,1.76
500109061,12:00-14:00,1.88,1.61
500109061,14:00-16:00,1.57,1.18
500109061,16:00-18:00,1.81,2.06
500109061,18:00-20:00,2.34,3.6
500109061,20:00-22:00,1.32,2.08
500109061,22:00-24:00,2.12,1.77
500109062,00:00-02:00,0.05,0.07
500109062,02:00-04:00,0.0,0.02
500109062,04:00-06:00,0.02,0.0
500109062,06:00-08:00,1.05,0.82
500109062,08:00-10:00,0.98,1.82
500109062,10:00-12:00,1.39,0.66
500109062,12:00-14:00,0.66,0.7
500109062,14:00-16:00,0.8,0.91
500109062,16:00-18:00,1.19,0.46
500109062,18:00-20:00,0.46,0.57
500109062,20:00-22:00,0.41,0.64
500109062,22:00-24:00,0.14,0.16
500109063,00:00-02:00,0.61,1.11
500109063,02:00-04:00,0.18,0.18
500109063,04:00-06:00,1.14,1.97
500109063,06:00-08:00,8.55,5.24
500109063,08:00-10:00,8.98,5.36
500109063,10:00-12:00,4.62,4.27
500109063,12:00-14:00,5.32,5.28
500109063,14:00-16:00,4.4,4.55
500109063,16:00-18:00,8.34,9.99
500109063,18:00-20:00,6.96,7.93
500109063,20:00-22:00,4.54,7.33
500109063,22:00-24:00,3.23,3.13
500109064,00:00-02:00,3.17,2.24
500109064,02:00-04:00,0.38,0.75
500109064,04:00-06:00,0.55,0.7
500109064,06:00-08:00,4.42,9.61
500109064,08:00-10:00,13.05,12.7
500109064,10:00-12:00,10.72,10.63
500109064,12:00-14:00,10.95,10.41
500109064,14:00-16:00,10.46,9.44
500109064,16:00-18:00,14.87,11.6
500109064,18:00-20:00,11.6,11.61
500109064,20:00-22:00,9.02,5.43
500109064,22:00-24:00,4.69,5.53
500109065,00:00-02:00,0.26,0.39
500109065,02:00-04:00,0.27,0.14
500109065,04:00-06:00,0.45,0.32
500109065,06:00-08:00,6.29,2.45
500109065,08:00-10:00,4.5,4.25
500109065,10:00-12:00,2.2,1.82
500109065,12:00-14:00,2.6,2.77
500109065,14:00-16:00,2.26,2.52
500109065,16:00-18:00,3.94,5.08
500109065,18:00-20:00,4.42,4.75
500109065,20:00-22:00,2.3,3.44
500109065,22:00-24:00,1.16,1.39
500109066,00:00-02:00,0.59,0.99
500109066,02:00-04:00,0.66,0.36
500109066,04:00-06:00,1.48,1.34
500109066,06:00-08:00,3.68,1.91
500109066,08:00-10:00,4.25,2.45
500109066,10:00-12:00,4.53,3.57
500109066,12:00-14:00,3.75,3.39
500109066,14:00-16:00,4.48,4.66
500109066,16:00-18:00,5.55,6.26
500109066,18:00-20:00,3.54,5.36
500109066,20:00-22:00,2.91,3.52
500109066,22:00-24:00,0.98,2.46
500109067,00:00-02:00,0.16,0.43
500109067,02:00-04:00,0.11,0.14
500109067,04:00-06:00,0.45,0.3
500109067,06:00-08:00,2.77,1.29
500109067,08:00-10:00,2.9,2.32
500109067,10:00-12:00,1.88,1.5
500109067,12:00-14:00,1.68,1.73
500109067,14:00-16:00,1.46,1.21
500109067,16:00-18:00,2.98,2.81
500109067,18:00-20:00,1.36,3.07
500109067,20:00-22:00,2.57,2.57
500109067,22:00-24:00,1.09,1.08
500109068,00:00-02:00,0.97,0.66
500109068,02:00-04:00,0.2,0.34
500109068,04:00-06:00,1.14,0.11
500109068,06:00-08:00,8.82,3.98
500109068,08:00-10:00,7.12,4.91
500109068,10:00-12:00,3.87,4.11
500109068,12:00-14:00,5.27,4.57
500109068,14:00-16:00,4.36,4.3
500109068,16:00-18:00,6.35,9.36
500109068,18:00-20:00,6.69,9.9
500109068,20:00-22:00,4.82,6.78
500109068,22:00-24:00,3.23,2.48
500109070,00:00-02:00,0.8,1.44
500109070,02:00-04:00,0.3,0.99
500109070,04:00-06:00,1.93,0.64
500109070,06:00-08:00,8.17,6.6
500109070,08:00-10:00,8.61,7.32
500109070,10:00-12:00,6.74,6.93
500109070,12:00-14:00,7.91,7.31
500109070,14:00-16:00,6.76,6.62
500109070,16:00-18:00,10.1,9.94
500109070,18:00-20:00,8.02,9.84
500109070,20:00-22:00,6.57,6.11
500109070,22:00-24:00,2.59,2.96
500109071,00:00-02:00,0.38,0.21
500109071,02:00-04:00,0.02,0.34
500109071,04:00-06:00,0.27,0.18
500109071,06:00-08:00,1.48,7.23
500109071,08:00-10:00,6.98,6.51
500109071,10:00-12:00,5.27,2.74
500109071,12:00-14:00,3.94,7.16
500109071,14:00-16:00,3.55,3.87
500109071,16:00-18:00,7.96,5.54
500109071,18:00-20:00,6.86,4.54
500109071,20:00-22:00,2.67,1.34
500109071,22:00-24:00,2.54,1.75
500109072,00:00-02:00,0.07,0.12
500109072,02:00-04:00,0.02,0.05
500109072,04:00-06:00,0.43,0.32
500109072,06:00-08:00,2.55,1.27
500109072,08:00-10:00,1.77,2.07
500109072,10:00-12:00,1.31,1.16
500109072,12:00-14:00,1.39,1.34
500109072,14:00-16:00,1.42,0.84
500109072,16:00-18:00,2.85,1.39
500109072,18:00-20:00,1.01,1.41
500109072,20:00-22:00,0.43,1.98
500109072,22:00-24:00,0.23,1.09
500109073,00:00-02:00,0.37,2.69
500109073,02:00-04:00,0.0,0.0
500109073,04:00-06:00,0.39,0.34
500109073,06:00-08:00,2.18,0.5
500109073,08:00-10:00,1.82,1.66
500109073,10:00-12:00,2.31,1.02
500109073,12:00-14:00,2.01,1.86
500109073,14:00-16:00,2.72,2.34
500109073,16:00-18:00,3.1,1.58
500109073,18:00-20:00,1.76,2.09
500109073,20:00-22:00,1.45,1.43
500109073,22:00-24:00,1.1,2.05
500109074,00:00-02:00,0.28,0.79
500109074,02:00-04:00,0.02,0.07
500109074,04:00-06:00,0.48,0.39
500109074,06:00-08:00,4.1,1.56
500109074,08:00-10:00,3.41,2.57
500109074,10:00-12:00,1.95,1.61
500109074,12:00-14:00,1.45,1.48
500109074,14:00-16:00,1.64,1.57
500109074,16:00-18:00,1.52,2.18
500109074,18:00-20:00,3.27,4.14
500109074,20:00-22:00,2.41,3.61
500109074,22:00-24:00,1.09,1.63
500109075,00:00-02:00,4.04,2.59
500109075,02:00-04:00,0.47,0.61
500109075,04:00-06:00,1.76,6.23
500109075,06:00-08:00,30.61,34.71
500109075,08:00-10:00,39.8,42.67
500109075,10:00-12:00,24.58,28.3
500109075,12:00-14:00,24.29,24.79
500109075,14:00-16:00,21.93,20.74
500109075,16:00-18:00,27.93,33.3
500109075,18:00-20:00,30.77,25.91
500109075,20:00-22:00,24.95,17.84
500109075,22:00-24:00,15.5,7.74
500109076,00:00-02:00,1.15,1.67
500109076,02:00-04:00,0.36,0.27
500109076,04:00-06:00,0.07,0.93
500109076,06:00-08:00,2.39,9.23
500109076,08:00-10:00,5.07,3.91
500109076,10:00-12:00,6.77,4.57
500109076,12:00-14:00,6.25,4.93
500109076,14:00-16:00,5.64,4.55
500109076,16:00-18:00,7.85,4.07
500109076,18:00-20:00,3.99,3.04
500109076,20:00-22:00,3.13,1.93
500109076,22:00-24:00,1.66,1.14
500109077,00:00-02:00,1.11,1.7
500109077,02:00-04:00,0.16,0.34
500109077,04:00-06:00,1.99,2.71
500109077,06:00-08:00,5.15,7.59
500109077,08:00-10:00,7.11,5.54
500109077,10:00-12:00,5.56,6.22
500109077,12:00-14:00,6.22,6.19
500109077,14:00-16:00,6.37,6.31
500109077,16:00-18:00,9.63,9.59
500109077,18:00-20:00,10.5,9.14
500109077,20:00-22:00,6.55,5.82
500109077,22:00-24:00,4.26,3.35
500109078,00:00-02:00,0.75,0.75
500109078,02:00-04:00,0.14,0.27
500109078,04:00-06:00,0.63,0.55
500109078,06:00-08:00,3.07,5.45
500109078,08:00-10:00,4.85,5.75
500109078,10:00-12:00,5.72,5.67
500109078,12:00-14:00,5.3,5.51
500109078,14:00-16:00,4.48,5.35
500109078,16:00-18:00,6.59,6.84
500109078,18:00-20:00,5.72,6.57
500109078,20:00-22:00,5.12,4.64
500109078,22:00-24:00,3.01,1.42
500109079,00:00-02:00,0.52,1.15
500109079,02:00-04:00,0.02,0.16
500109079,04:00-06:00,0.11,0.45
500109079,06:00-08:00,10.21,1.18
500109079,08:00-10:00,4.73,3.73
500109079,10:00-12:00,2.92,3.57
500109079,12:00-14:00,5.27,3.82
500109079,14:00-16:00,3.7,4.34
500109079,16:00-18:00,4.81,9.14
500109079,18:00-20:00,6.88,7.93
500109079,20:00-22:00,3.48,4.2
500109079,22:00-24:00,1.78,4.32
500109080,00:00-02:00,0.19,0.12
500109080,02:00-04:00,0.07,0.09
500109080,04:00-06:00,0.36,0.3
500109080,06:00-08:00,0.37,1.3
500109080,08:00-10:00,0.98,2.02
500109080,10:00-12:00,1.2,0.72
500109080,12:00-14:00,0.89,1.02
500109080,14:00-16:00,0.8,1.17
500109080,16:00-18:00,2.44,0.68
500109080,18:00-20:00,1.59,1.32
500109080,20:00-22:00,0.59,0.5
500109080,22:00-24:00,0.3,0.23
500109081,00:00-02:00,1.33,1.27
500109081,02:00-04:00,0.27,0.41
500109081,04:00-06:00,0.09,1.64
500109081,06:00-08:00,6.3,18.04
500109081,08:00-10:00,11.25,12.62
500109081,10:00-12:00,7.34,9.32
500109081,12:00-14:00,7.13,9.38
500109081,14:00-16:00,8.85,7.13
500109081,16:00-18:00,17.91,14.26
500109081,18:00-20:00,15.21,11.09
500109081,20:00-22:00,11.95,7.73
500109081,22:00-24:00,6.93,2.39
500109082,00:00-02:00,0.14,0.0
500109082,02:00-04:00,0.0,0.2
500109082,04:00-06:00,0.16,0.14
500109082,06:00-08:00,0.48,2.16
500109082,08:00-10:00,5.45,5.81
500109082,10:00-12:00,1.84,0.88
500109082,12:00-14:00,2.09,2.59
500109082,14:00-16:00,1.07,1.66
500109082,16:00-18:00,3.88,0.98
500109082,18:00-20:00,2.08,2.75
500109082,20:00-22:00,0.68,0.39
500109082,22:00-24:00,0.02,0.11
500109084,00:00-02:00,0.0,0.12
500109084,02:00-04:00,0.0,0.0
500109084,04:00-06:00,0.2,0.39
500109084,06:00-08:00,1.39,1.16
500109084,08:00-10:00,1.41,1.11
500109084,10:00-12:00,0.93,0.73
500109084,12:00-14:00,1.25,1.23
500109084,14:00-16:00,1.15,0.71
500109084,16:00-18:00,2.02,2.06
500109084,18:00-20:00,1.23,1.41
500109084,20:00-22:00,0.8,0.95
500109084,22:00-24:00,0.05,0.46
500109085,00:00-02:00,0.64,0.9
500109085,02:00-04:00,0.2,0.16
500109085,04:00-06:00,0.77,0.52
500109085,06:00-08:00,8.33,5.04
500109085,08:00-10:00,6.3,6.05
500109085,10:00-12:00,4.12,3.1
500109085,12:00-14:00,3.67,3.2
500109085,14:00-16:00,3.11,3.57
500109085,16:00-18:00,5.49,6.34
500109085,18:00-20:00,5.58,7.24
500109085,20:00-22:00,4.59,6.03
500109085,22:00-24:00,1.57,2.21
500109086,00:00-02:00,0.75,1.42
500109086,02:00-04:00,0.27,0.16
500109086,04:00-06:00,0.59,0.16
500109086,06:00-08:00,9.18,3.34
500109086,08:00-10:00,6.62,5.43
500109086,10:00-12:00,4.95,4.18
500109086,12:00-14:00,5.19,4.43
500109086,14:00-16:00,4.18,4.94
500109086,16:00-18:00,7.1,6.9
500109086,18:00-20:00,6.39,9.38
500109086,20:00-22:00,6.34,6.62
500109086,22:00-24:00,2.48,3.94
500109087,00:00-02:00,0.21,0.14
500109087,02:00-04:00,0.0,0.23
500109087,04:00-06:00,0.05,0.16
500109087,06:00-08:00,0.98,2.27
500109087,08:00-10:00,3.14,4.48
500109087,10:00-12:00,2.89,1.73
500109087,12:00-14:00,2.95,3.43
500109087,14:00-16:00,3.18,2.7
500109087,16:00-18:00,4.77,3.06
500109087,18:00-20:00,2.69,3.45
500109087,20:00-22:00,2.3,1.25
500109087,22:00-24:00,0.98,1.18
500109088,00:00-02:00,0.97,0.47
500109088,02:00-04:00,0.34,0.32
500109088,04:00-06:00,0.75,0.68
500109088,06:00-08:00,5.21,3.43
500109088,08:00-10:00,2.8,4.2
500109088,10:00-12:00,3.87,3.91
500109088,12:00-14:00,3.57,4.16
500109088,14:00-16:00,3.12,3.91
500109088,16:00-18:00,6.42,7.33
500109088,18:00-20:00,4.79,4.98
500109088,20:00-22:00,3.48,2.31
500109088,22:00-24:00,1.48,1.39
500109089,00:00-02:00,1.3,0.94
500109089,02:00-04:00,0.18,0.19
500109089,04:00-06:00,1.09,0.57
500109089,06:00-08:00,3.89,5.56
500109089,08:00-10:00,6.15,4.72
500109089,10:00-12:00,4.94,4.13
500109089,12:00-14:00,5.03,5.23
500109089,14:00-16:00,3.89,4.01
500109089,16:00-18:00,9.2,6.78
500109089,18:00-20:00,5.3,6.67
500109089,20:00-22:00,3.69,4.45
500109089,22:00-24:00,2.3,2.98
500109091,00:00-02:00,0.57,1.18
500109091,02:00-04:00,0.11,0.07
500109091,04:00-06:00,1.14,0.05
500109091,06:00-08:00,7.77,3.68
500109091,08:00-10:00,6.22,4.68
500109091,10:00-12:00,4.1,3.95
500109091,12:00-14:00,3.85,3.09
500109091,14:00-16:00,3.37,3.12
500109091,16:00-18:00,5.0,7.58
500109091,18:00-20:00,4.18,6.28
500109091,20:00-22:00,5.02,4.52
500109091,22:00-24:00,2.05,2.95
500109092,00:00-02:00,0.77,0.8
500109092,02:00-04:00,0.11,0.02
500109092,04:00-06:00,0.25,0.05
500109092,06:00-08:00,3.28,3.7
500109092,08:00-10:00,9.16,11.92
500109092,10:00-12:00,5.63,6.98
500109092,12:00-14:00,5.43,6.66
500109092,14:00-16:00,5.2,5.13
500109092,16:00-18:00,11.0,8.79
500109092,18:00-20:00,9.19,6.61
500109092,20:00-22:00,4.03,3.43
500109092,22:00-24:00,2.06,1.57
500109093,00:00-02:00,0.59,1.0
500109093,02:00-04:00,0.23,0.18
500109093,04:00-06:00,0.36,0.3
500109093,06:00-08:00,5.91,1.48
500109093,08:00-10:00,4.44,4.72
500109093,10:00-12:00,3.37,3.06
500109093,12:00-14:00,4.3,2.95
500109093,14:00-16:00,3.17,3.48
500109093,16:00-18:00,5.17,8.15
500109093,18:00-20:00,8.33,6.84
500109093,20:00-22:00,2.0,5.47
500109093,22:00-24:00,2.46,2.69
500109094,00:00-02:00,0.1,0.09
500109094,02:00-04:00,0.12,0.07
500109094,04:00-06:00,0.16,0.02
500109094,06:00-08:00,0.3,1.77
500109094,08:00-10:00,2.52,4.2
500109094,10:00-12:00,1.86,1.53
500109094,12:00-14:00,2.17,2.11
500109094,14:00-16:00,1.69,1.64
500109094,16:00-18:00,3.64,2.82
500109094,18:00-20:00,3.51,1.86
500109094,20:00-22:00,1.08,0.91
500109094,22:00-24:00,0.85,0.41
500109096,00:00-02:00,0.07,0.19
500109096,02:00-04:00,0.02,0.0
500109096,04:00-06:00,0.3,0.45
500109096,06:00-08:00,0.5,1.55
500109096,08:00-10:00,2.57,4.44
500109096,10:00-12:00,2.36,1.19
500109096,12:00-14:00,2.16,2.36
500109096,14:00-16:00,1.07,1.3
500109096,16:00-18:00,2.4,1.4
500109096,18:00-20:00,3.13,1.84
500109096,20:00-22:00,0.9,0.59
500109096,22:00-24:00,0.37,0.14
500109097,00:00-02:00,0.49,0.73
500109097,02:00-04:00,0.07,0.18
500109097,04:00-06:00,0.14,0.23
500109097,06:00-08:00,1.16,0.96
500109097,08:00-10:00,1.77,1.51
500109097,10:00-12:00,1.45,1.18
500109097,12:00-14:00,1.52,1.94
500109097,14:00-16:00,2.34,1.82
500109097,16:00-18:00,2.67,3.37
500109097,18:00-20:00,2.68,1.88
500109097,20:00-22:00,1.23,1.82
500109097,22:00-24:00,0.82,0.93
500109098,00:00-02:00,0.28,0.26
500109098,02:00-04:00,0.0,0.14
500109098,04:00-06:00,0.57,0.2
500109098,06:00-08:00,2.96,2.02
500109098,08:00-10:00,2.14,2.02
500109098,10:00-12:00,1.14,1.58
500109098,12:00-14:00,1.57,1.65
500109098,14:00-16:00,1.87,1.73
500109098,16:00-18:00,1.94,3.37
500109098,18:00-20:00,3.67,2.64
500109098,20:00-22:00,1.43,2.29
500109098,22:00-24:00,0.93,0.82
500109099,00:00-02:00,1.69,1.51
500109099,02:00-04:00,0.45,0.45
500109099,04:00-06:00,0.79,1.75
500109099,06:00-08:00,9.31,10.4
500109099,08:00-10:00,12.73,12.44
500109099,10:00-12:00,12.03,11.23
500109099,12:00-14:00,9.85,10.99
500109099,14:00-16:00,10.51,9.57
500109099,16:00-18:00,15.01,17.21
500109099,18:00-20:00,13.63,12.11
500109099,20:00-22:00,12.1,9.87
500109099,22:00-24:00,7.0,4.49
500109100,00:00-02:00,0.05,0.24
500109100,02:00-04:00,0.02,0.02
500109100,04:00-06:00,0.0,0.05
500109100,06:00-08:00,0.46,1.93
500109100,08:00-10:00,2.05,3.06
500109100,10:00-12:00,2.77,2.52
500109100,12:00-14:00,3.11,3.07
500109100,14:00-16:00,3.49,3.41
500109100,16:00-18:00,4.28,3.98
500109100,18:00-20:00,4.39,3.83
500109100,20:00-22:00,3.42,1.52
500109100,22:00-24:00,0.21,0.41
500109101,00:00-02:00,1.67,1.67
500109101,02:00-04:00,0.57,2.09
500109101,04:00-06:00,0.64,2.16
500109101,06:00-08:00,4.75,4.43
500109101,08:00-10:00,12.53,6.82
500109101,10:00-12:00,12.05,14.29
500109101,12:00-14:00,11.91,11.34
500109101,14:00-16:00,15.9,16.85
500109101,16:00-18:00,20.77,20.21
500109101,18:00-20:00,15.24,17.36
500109101,20:00-22:00,11.66,10.5
500109101,22:00-24:00,3.75,3.1
500109102,00:00-02:00,0.05,0.05
500109102,02:00-04:00,0.02,0.02
500109102,04:00-06:00,0.0,0.0
500109102,06:00-08:00,0.07,0.0
500109102,08:00-10:00,0.07,0.2
500109102,10:00-12:00,0.09,0.07
500109102,12:00-14:00,0.02,0.02
500109102,14:00-16:00,0.07,0.0
500109102,16:00-18:00,0.14,0.09
500109102,18:00-20:00,0.11,0.02
500109102,20:00-22:00,0.09,0.0
500109102,22:00-24:00,0.05,0.09
500109103,00:00-02:00,0.1,0.14
500109103,02:00-04:00,0.2,0.05
500109103,04:00-06:00,0.11,0.5
500109103,06:00-08:00,0.55,0.84
500109103,08:00-10:00,0.48,2.0
500109103,10:00-12:00,1.25,1.78
500109103,12:00-14:00,1.23,1.51
500109103,14:00-16:00,2.32,2.05
500109103,16:00-18:00,3.24,1.54
500109103,18:00-20:00,1.71,1.89
500109103,20:00-22:00,2.31,0.82
500109103,22:00-24:00,0.76,0.68
500109104,00:00-02:00,1.11,1.31
500109104,02:00-04:00,0.07,0.34
500109104,04:00-06:00,0.7,0.19
500109104,06:00-08:00,4.26,1.36
500109104,08:00-10:00,4.44,3.59
500109104,10:00-12:00,4.32,3.29
500109104,12:00-14:00,4.01,3.36
500109104,14:00-16:00,3.99,3.14
500109104,16:00-18:00,4.17,4.75
500109104,18:00-20:00,3.79,4.42
500109104,20:00-22:00,2.05,3.99
500109104,22:00-24:00,1.64,3.1
500109105,00:00-02:00,0.5,0.73
500109105,02:00-04:00,0.55,0.2
500109105,04:00-06:00,0.23,0.05
500109105,06:00-08:00,3.96,2.22
500109105,08:00-10:00,4.01,3.46
500109105,10:00-12:00,2.35,2.8
500109105,12:00-14:00,3.2,3.17
500109105,14:00-16:00,2.59,1.93
500109105,16:00-18:00,3.92,4.19
500109105,18:00-20:00,5.32,5.82
500109105,20:00-22:00,3.39,4.43
500109105,22:00-24:00,1.24,1.33
500109106,00:00-02:00,0.05,0.33
500109106,02:00-04:00,0.07,0.05
500109106,04:00-06:00,0.3,0.0
500109106,06:00-08:00,1.55,0.23
500109106,08:00-10:00,0.88,2.05
500109106,10:00-12:00,0.68,0.43
500109106,12:00-14:00,0.85,1.11
500109106,14:00-16:00,1.05,0.34
500109106,16:00-18:00,0.78,0.57
500109106,18:00-20:00,0.62,0.82
500109106,20:00-22:00,0.52,0.39
500109106,22:00-24:00,0.65,0.96
500109107,00:00-02:00,0.02,0.21
500109107,02:00-04:00,0.0,0.14
500109107,04:00-06:00,0.75,0.14
500109107,06:00-08:00,2.61,0.64
500109107,08:00-10:00,2.33,1.89
500109107,10:00-12:00,1.2,1.61
500109107,12:00-14:00,1.73,1.18
500109107,14:00-16:00,1.82,2.27
500109107,16:00-18:00,2.52,2.74
500109107,18:00-20:00,1.08,1.5
500109107,20:00-22:00,1.45,1.55
500109107,22:00-24:00,0.25,1.25
500109108,00:00-02:00,0.28,0.15
500109108,02:00-04:00,0.0,0.0
500109108,04:00-06:00,0.21,0.06
500109108,06:00-08:00,1.09,0.29
500109108,08:00-10:00,1.31,1.19
500109108,10:00-12:00,1.11,1.0
500109108,12:00-14:00,1.25,1.03
500109108,14:00-16:00,1.44,0.88
500109108,16:00-18:00,1.48,2.47
500109108,18:00-20:00,1.34,1.34
500109108,20:00-22:00,0.79,1.0
500109108,22:00-24:00,0.38,0.38
500109109,00:00-02:00,0.07,0.24
500109109,02:00-04:00,0.02,0.0
500109109,04:00-06:00,0.68,0.0
500109109,06:00-08:00,1.55,3.25
500109109,08:00-10:00,3.05,0.66
500109109,10:00-12:00,1.57,0.73
500109109,12:00-14:00,1.08,0.98
500109109,14:00-16:00,0.99,1.46
500109109,16:00-18:00,1.12,0.94
500109109,18:00-20:00,1.17,1.82
500109109,20:00-22:00,0.91,1.65
500109109,22:00-24:00,0.55,0.73
500109110,00:00-02:00,0.05,0.16
500109110,02:00-04:00,0.05,0.02
500109110,04:00-06:00,0.11,0.95
500109110,06:00-08:00,1.18,1.69
500109110,08:00-10:00,1.77,1.67
500109110,10:00-12:00,1.68,1.78
500109110,12:00-14:00,1.39,1.36
500109110,14:00-16:00,2.33,1.74
500109110,16:00-18:00,2.63,2.7
500109110,18:00-20:00,3.38,3.73
500109110,20:00-22:00,1.91,1.27
500109110,22:00-24:00,1.14,0.78
500109111,00:00-02:00,0.09,0.09
500109111,02:00-04:00,0.57,0.05
500109111,04:00-06:00,0.36,0.32
500109111,06:00-08:00,0.77,2.89
500109111,08:00-10:00,1.18,1.23
500109111,10:00-12:00,0.93,0.82
500109111,12:00-14:00,1.45,1.05
500109111,14:00-16:00,2.07,2.43
500109111,16:00-18:00,5.12,3.24
500109111,18:00-20:00,1.55,1.75
500109111,20:00-22:00,0.82,0.59
500109111,22:00-24:00,0.28,0.68
500109112,00:00-02:00,0.05,0.19
500109112,02:00-04:00,0.02,0.02
500109112,04:00-06:00,0.18,0.5
500109112,06:00-08:00,3.55,1.73
500109112,08:00-10:00,5.02,3.07
500109112,10:00-12:00,3.95,2.36
500109112,12:00-14:00,3.36,2.93
500109112,14:00-16:00,2.71,2.55
500109112,16:00-18:00,3.22,3.52
500109112,18:00-20:00,2.39,4.52
500109112,20:00-22:00,1.84,2.11
500109112,22:00-24:00,0.75,1.61
500109113,00:00-02:00,0.26,0.66
500109113,02:00-04:00,0.0,0.11
500109113,04:00-06:00,0.66,0.14
500109113,06:00-08:00,4.67,5.2
500109113,08:00-10:00,6.14,2.98
500109113,10:00-12:00,4.17,3.39
500109113,12:00-14:00,4.0,3.07
500109113,14:00-16:00,3.17,2.64
500109113,16:00-18:00,5.31,4.75
500109113,18:00-20:00,3.38,4.73
500109113,20:00-22:00,3.14,4.5
500109113,22:00-24:00,1.34,1.89
500109114,00:00-02:00,2.8,3.14
500109114,02:00-04:00,3.41,3.48
500109114,04:00-06:00,1.82,1.8
500109114,06:00-08:00,5.33,3.0
500109114,08:00-10:00,3.54,2.27
500109114,10:00-12:00,2.45,2.86
500109114,12:00-14:00,2.72,2.64
500109114,14:00-16:00,2.67,2.41
500109114,16:00-18:00,3.49,3.43
500109114,18:00-20:00,2.92,4.13
500109114,20:00-22:00,1.95,3.14
500109114,22:00-24:00,1.64,1.88
500109115,00:00-02:00,0.19,1.44
500109115,02:00-04:00,0.02,0.11
500109115,04:00-06:00,0.39,0.18
500109115,06:00-08:00,4.16,2.68
500109115,08:00-10:00,3.39,2.82
500109115,10:00-12:00,2.18,2.0
500109115,12:00-14:00,1.46,0.98
500109115,14:00-16:00,1.67,1.75
500109115,16:00-18:00,1.76,1.19
500109115,18:00-20:00,1.06,1.36
500109115,20:00-22:00,1.18,1.16
500109115,22:00-24:00,0.58,1.12
500109116,00:00-02:00,0.47,1.15
500109116,02:00-04:00,0.14,0.18
500109116,04:00-06:00,0.39,0.32
500109116,06:00-08:00,1.5,1.32
500109116,08:00-10:00,2.95,2.69
500109116,10:00-12:00,3.23,3.05
500109116,12:00-14:00,3.54,4.43
500109116,14:00-16:00,3.6,3.92
500109116,16:00-18:00,5.68,4.77
500109116,18:00-20:00,3.93,3.71
500109116,20:00-22:00,3.01,1.98
500109116,22:00-24:00,1.6,1.99
500109117,00:00-02:00,1.18,1.02
500109117,02:00-04:00,0.25,0.23
500109117,04:00-06:00,0.64,0.68
500109117,06:00-08:00,7.19,2.8
500109117,08:00-10:00,4.36,3.23
500109117,10:00-12:00,3.79,3.91
500109117,12:00-14:00,5.23,5.0
500109117,14:00-16:00,3.97,4.05
500109117,16:00-18:00,6.71,7.72
500109117,18:00-20:00,6.41,8.0
500109117,20:00-22:00,5.46,6.08
500109117,22:00-24:00,3.07,3.47
500109118,00:00-02:00,0.19,0.21
500109118,02:00-04:00,0.02,0.07
500109118,04:00-06:00,0.57,0.48
500109118,06:00-08:00,5.46,1.2
500109118,08:00-10:00,3.31,4.05
500109118,10:00-12:00,1.51,1.61
500109118,12:00-14:00,1.91,1.43
500109118,14:00-16:00,1.8,1.48
500109118,16:00-18:00,2.79,3.17
500109118,18:00-20:00,1.95,3.93
500109118,20:00-22:00,1.2,1.86
500109118,22:00-24:00,0.55,1.23
500109119,00:00-02:00,0.52,2.15
500109119,02:00-04:00,0.2,1.02
500109119,04:00-06:00,0.34,0.89
500109119,06:00-08:00,2.52,2.2
500109119,08:00-10:00,3.39,1.76
500109119,10:00-12:00,2.52,1.36
500109119,12:00-14:00,2.13,1.18
500109119,14:00-16:00,2.38,1.87
500109119,16:00-18:00,4.27,2.97
500109119,18:00-20:00,1.98,2.59
500109119,20:00-22:00,1.61,1.45
500109119,22:00-24:00,1.07,2.96
500109120,00:00-02:00,0.52,0.09
500109120,02:00-04:00,1.02,0.09
500109120,04:00-06:00,0.86,0.02
500109120,06:00-08:00,0.7,0.34
500109120,08:00-10:00,0.75,1.02
500109120,10:00-12:00,1.29,1.02
500109120,12:00-14:00,1.54,3.63
500109120,14:00-16:00,1.71,2.07
500109120,16:00-18:00,1.94,1.87
500109120,18:00-20:00,1.75,1.61
500109120,20:00-22:00,1.34,1.25
500109120,22:00-24:00,0.3,0.27
500109121,00:00-02:00,0.05,0.45
500109121,02:00-04:00,0.02,0.02
500109121,04:00-06:00,0.5,0.18
500109121,06:00-08:00,1.34,1.11
500109121,08:00-10:00,2.36,1.68
500109121,10:00-12:00,1.41,0.93
500109121,12:00-14:00,1.94,3.0
500109121,14:00-16:00,1.28,2.28
500109121,16:00-18:00,7.68,1.07
500109121,18:00-20:00,0.61,4.11
500109121,20:00-22:00,1.15,0.59
500109121,22:00-24:00,0.08,0.14
500109122,00:00-02:00,0.52,0.16
500109122,02:00-04:00,0.23,0.23
500109122,04:00-06:00,0.52,0.41
500109122,06:00-08:00,1.34,1.71
500109122,08:00-10:00,2.25,2.06
500109122,10:00-12:00,2.14,1.98
500109122,12:00-14:00,2.09,2.26
500109122,14:00-16:00,2.63,2.32
500109122,16:00-18:00,3.21,3.91
500109122,18:00-20:00,2.77,3.93
500109122,20:00-22:00,2.32,2.27
500109122,22:00-24:00,2.48,1.27
500109123,00:00-02:00,0.26,0.26
500109123,02:00-04:00,0.05,0.11
500109123,04:00-06:00,0.27,0.5
500109123,06:00-08:00,4.54,1.43
500109123,08:00-10:00,3.42,2.73
500109123,10:00-12:00,2.71,2.66
500109123,12:00-14:00,3.33,2.64
500109123,14:00-16:00,2.49,2.21
500109123,16:00-18:00,3.25,5.3
500109123,18:00-20:00,3.66,4.66
500109123,20:00-22:00,2.86,3.32
500109123,22:00-24:00,1.07,0.8
500109124,00:00-02:00,0.0,0.02
500109124,02:00-04:00,0.39,0.27
500109124,04:00-06:00,0.66,0.66
500109124,06:00-08:00,1.05,2.98
500109124,08:00-10:00,0.95,1.25
500109124,10:00-12:00,2.68,2.09
500109124,12:00-14:00,1.36,1.59
500109124,14:00-16:00,2.17,2.02
500109124,16:00-18:00,3.6,1.58
500109124,18:00-20:00,2.02,1.29
500109124,20:00-22:00,1.19,1.41
500109124,22:00-24:00,0.2,0.27
500109125,00:00-02:00,0.28,0.14
500109125,02:00-04:00,0.0,0.0
500109125,04:00-06:00,0.36,0.0
500109125,06:00-08:00,3.7,0.98
500109125,08:00-10:00,2.08,1.68
500109125,10:00-12:00,1.72,0.82
500109125,12:00-14:00,1.65,0.91
500109125,14:00-16:00,1.07,1.23
500109125,16:00-18:00,1.76,2.79
500109125,18:00-20:00,1.54,3.42
500109125,20:00-22:00,1.16,2.44
500109125,22:00-24:00,0.86,1.51
500109126,00:00-02:00,0.19,0.19
500109126,02:00-04:00,0.0,0.18
500109126,04:00-06:00,0.0,0.41
500109126,06:00-08:00,0.68,0.32
500109126,08:00-10:00,0.95,1.0
500109126,10:00-12:00,0.7,0.61
500109126,12:00-14:00,0.7,0.66
500109126,14:00-16:00,0.71,0.91
500109126,16:00-18:00,1.31,1.14
500109126,18:00-20:00,0.76,0.43
500109126,20:00-22:00,0.21,0.16
500109126,22:00-24:00,0.16,0.23
500109127,00:00-02:00,0.09,0.21
500109127,02:00-04:00,0.0,0.0
500109127,04:00-06:00,0.0,0.2
500109127,06:00-08:00,0.32,0.86
500109127,08:00-10:00,0.57,1.37
500109127,10:00-12:00,0.7,0.25
500109127,12:00-14:00,1.0,1.23
500109127,14:00-16:00,1.55,1.05
500109127,16:00-18:00,1.39,0.69
500109127,18:00-20:00,1.33,0.66
500109127,20:00-22:00,0.19,0.43
500109127,22:00-24:00,0.05,0.11
500109128,00:00-02:00,0.49,0.14
500109128,02:00-04:00,0.32,0.02
500109128,04:00-06:00,0.11,0.0
500109128,06:00-08:00,0.7,0.16
500109128,08:00-10:00,0.39,0.5
500109128,10:00-12:00,0.8,0.57
500109128,12:00-14:00,0.73,0.91
500109128,14:00-16:00,2.0,1.23
500109128,16:00-18:00,1.85,2.63
500109128,18:00-20:00,0.48,1.57
500109128,20:00-22:00,1.3,1.23
500109128,22:00-24:00,0.27,0.39
500109129,00:00-02:00,0.73,0.87
500109129,02:00-04:00,0.48,0.25
500109129,04:00-06:00,0.57,0.25
500109129,06:00-08:00,7.56,1.34
500109129,08:00-10:00,5.05,2.43
500109129,10:00-12:00,4.26,2.93
500109129,12:00-14:00,4.71,3.57
500109129,14:00-16:00,4.33,4.03
500109129,16:00-18:00,5.38,9.34
500109129,18:00-20:00,5.49,7.68
500109129,20:00-22:00,3.99,6.34
500109129,22:00-24:00,1.68,3.04
500109130,00:00-02:00,1.76,1.7
500109130,02:00-04:00,3.59,3.52
500109130,04:00-06:00,2.59,2.64
500109130,06:00-08:00,2.89,2.02
500109130,08:00-10:00,2.33,1.75
500109130,10:00-12:00,2.09,1.86
500109130,12:00-14:00,2.45,1.48
500109130,14:00-16:00,1.93,2.55
500109130,16:00-18:00,3.02,3.45
500109130,18:00-20:00,2.31,3.27
500109130,20:00-22:00,1.91,2.1
500109130,22:00-24:00,0.66,0.55
500110002,00:00-02:00,2.94,2.47
500110002,02:00-04:00,0.28,0.43
500110002,04:00-06:00,1.48,3.98
500110002,06:00-08:00,18.11,14.46
500110002,08:00-10:00,19.35,21.53
500110002,10:00-12:00,13.07,14.04
500110002,12:00-14:00,14.9,13.39
500110002,14:00-16:00,14.9,16.02
500110002,16:00-18:00,22.99,28.69
500110002,18:00-20:00,23.52,27.43
500110002,20:00-22:00,18.95,13.68
500110002,22:00-24:00,11.4,9.01
500110003,00:00-02:00,3.37,2.29
500110003,02:00-04:00,0.57,2.43
500110003,04:00-06:00,0.59,1.32
500110003,06:00-08:00,3.93,2.14
500110003,08:00-10:00,7.2,3.39
500110003,10:00-12:00,5.03,4.38
500110003,12:00-14:00,4.5,4.63
500110003,14:00-16:00,4.12,4.62
500110003,16:00-18:00,6.32,7.99
500110003,18:00-20:00,8.62,11.23
500110003,20:00-22:00,8.84,9.4
500110003,22:00-24:00,6.81,4.81
500110004,00:00-02:00,0.49,1.48
500110004,02:00-04:00,0.16,0.59
500110004,04:00-06:00,0.95,0.25
500110004,06:00-08:00,5.28,3.37
500110004,08:00-10:00,7.52,5.61
500110004,10:00-12:00,6.92,5.57
500110004,12:00-14:00,5.78,3.95
500110004,14:00-16:00,4.34,3.8
500110004,16:00-18:00,6.77,5.12
500110004,18:00-20:00,4.42,6.5
500110004,20:00-22:00,3.95,5.7
500110004,22:00-24:00,2.11,4.0
500110005,00:00-02:00,1.96,2.19
500110005,02:00-04:00,0.8,0.64
500110005,04:00-06:00,1.77,1.34
500110005,06:00-08:00,5.59,14.25
500110005,08:00-10:00,13.96,23.15
500110005,10:00-12:00,14.02,11.21
500110005,12:00-14:00,15.98,12.95
500110005,14:00-16:00,11.67,10.26
500110005,16:00-18:00,25.75,11.53
500110005,18:00-20:00,11.82,15.27
500110005,20:00-22:00,12.23,8.61
500110005,22:00-24:00,3.68,5.8
500110006,00:00-02:00,2.57,2.26
500110006,02:00-04:00,0.59,0.48
500110006,04:00-06:00,0.89,1.59
500110006,06:00-08:00,9.76,13.38
500110006,08:00-10:00,21.59,17.23
500110006,10:00-12:00,13.75,14.99
500110006,12:00-14:00,17.55,17.16
500110006,14:00-16:00,14.85,13.64
500110006,16:00-18:00,19.08,19.4
500110006,18:00-20:00,19.87,17.12
500110006,20:00-22:00,14.47,12.86
500110006,22:00-24:00,8.71,7.17
500110007,00:00-02:00,3.16,2.24
500110007,02:00-04:00,0.5,0.77
500110007,04:00-06:00,0.66,3.07
500110007,06:00-08:00,16.84,23.74
500110007,08:00-10:00,30.18,25.9
500110007,10:00-12:00,20.29,21.83
500110007,12:00-14:00,25.77,26.16
500110007,14:00-16:00,23.73,19.61
500110007,16:00-18:00,31.16,27.45
500110007,18:00-20:00,27.53,24.76
500110007,20:00-22:00,22.59,20.23
500110007,22:00-24:00,14.33,11.81
500110008,00:00-02:00,3.61,2.43
500110008,02:00-04:00,1.71,1.59
500110008,04:00-06:00,2.07,1.21
500110008,06:00-08:00,7.86,8.89
500110008,08:00-10:00,15.19,19.62
500110008,10:00-12:00,15.54,13.02
500110008,12:00-14:00,14.84,15.43
500110008,14:00-16:00,13.81,13.14
500110008,16:00-18:00,19.09,15.97
500110008,18:00-20:00,14.57,16.86
500110008,20:00-22:00,12.98,12.42
500110008,22:00-24:00,7.92,7.95
500110009,00:00-02:00,1.11,1.77
500110009,02:00-04:00,0.25,0.34
500110009,04:00-06:00,0.32,0.48
500110009,06:00-08:00,11.75,11.11
500110009,08:00-10:00,14.09,14.52
500110009,10:00-12:00,8.69,8.62
500110009,12:00-14:00,10.82,8.64
500110009,14:00-16:00,9.94,6.6
500110009,16:00-18:00,14.11,11.58
500110009,18:00-20:00,14.96,11.0
500110009,20:00-22:00,12.38,8.32
500110009,22:00-24:00,6.87,4.55
500110010,00:00-02:00,0.69,0.66
500110010,02:00-04:00,0.05,0.16
500110010,04:00-06:00,0.95,0.2
500110010,06:00-08:00,3.04,5.66
500110010,08:00-10:00,8.22,5.14
500110010,10:00-12:00,5.16,3.98
500110010,12:00-14:00,5.5,3.44
500110010,14:00-16:00,3.85,3.14
500110010,16:00-18:00,9.39,5.07
500110010,18:00-20:00,4.11,5.07
500110010,20:00-22:00,3.58,4.53
500110010,22:00-24:00,2.72,3.43
500110011,00:00-02:00,0.38,0.94
500110011,02:00-04:00,0.11,0.43
500110011,04:00-06:00,0.98,0.84
500110011,06:00-08:00,3.03,2.25
500110011,08:00-10:00,6.93,7.43
500110011,10:00-12:00,6.43,5.5
500110011,12:00-14:00,6.14,6.22
500110011,14:00-16:00,3.94,4.23
500110011,16:00-18:00,6.6,5.85
500110011,18:00-20:00,7.39,6.45
500110011,20:00-22:00,3.98,4.84
500110011,22:00-24:00,2.37,3.07
500110012,00:00-02:00,0.66,1.24
500110012,02:00-04:00,0.11,0.18
500110012,04:00-06:00,0.93,0.27
500110012,06:00-08:00,4.57,3.43
500110012,08:00-10:00,5.63,3.23
500110012,10:00-12:00,4.05,4.29
500110012,12:00-14:00,3.94,4.0
500110012,14:00-16:00,3.89,3.3
500110012,16:00-18:00,5.62,5.07
500110012,18:00-20:00,3.9,6.72
500110012,20:00-22:00,2.57,3.79
500110012,22:00-24:00,2.16,2.91
500110013,00:00-02:00,0.94,1.96
500110013,02:00-04:00,0.55,0.55
500110013,04:00-06:00,2.05,1.5
500110013,06:00-08:00,12.18,9.11
500110013,08:00-10:00,14.55,21.45
500110013,10:00-12:00,16.35,14.51
500110013,12:00-14:00,16.19,15.49
500110013,14:00-16:00,14.04,14.58
500110013,16:00-18:00,18.34,17.32
500110013,18:00-20:00,19.17,16.15
500110013,20:00-22:00,12.47,13.7
500110013,22:00-24:00,4.98,7.19
500110014,00:00-02:00,1.18,1.25
500110014,02:00-04:00,1.09,0.43
500110014,04:00-06:00,1.26,0.57
500110014,06:00-08:00,4.25,9.52
500110014,08:00-10:00,11.36,21.15
500110014,10:00-12:00,14.35,11.7
500110014,12:00-14:00,10.22,10.11
500110014,14:00-16:00,8.96,9.46
500110014,16:00-18:00,15.57,11.69
500110014,18:00-20:00,18.98,12.43
500110014,20:00-22:00,8.08,5.41
500110014,22:00-24:00,4.71,3.35
500110015,00:00-02:00,0.87,1.01
500110015,02:00-04:00,0.55,0.52
500110015,04:00-06:00,0.67,0.55
500110015,06:00-08:00,2.72,3.23
500110015,08:00-10:00,8.11,11.72
500110015,10:00-12:00,7.35,5.99
500110015,12:00-14:00,7.74,9.34
500110015,14:00-16:00,6.08,5.79
500110015,16:00-18:00,9.91,7.19
500110015,18:00-20:00,7.88,6.32
500110015,20:00-22:00,5.77,3.5
500110015,22:00-24:00,2.75,2.94
500110016,00:00-02:00,0.8,0.71
500110016,02:00-04:00,0.07,0.16
500110016,04:00-06:00,1.02,0.39
500110016,06:00-08:00,4.4,3.64
500110016,08:00-10:00,5.51,4.65
500110016,10:00-12:00,4.42,3.45
500110016,12:00-14:00,4.42,4.18
500110016,14:00-16:00,4.41,4.39
500110016,16:00-18:00,6.2,6.24
500110016,18:00-20:00,5.2,6.11
500110016,20:00-22:00,3.59,5.57
500110016,22:00-24:00,2.69,2.24
500110017,00:00-02:00,1.3,1.56
500110017,02:00-04:00,0.41,0.43
500110017,04:00-06:00,2.05,1.02
500110017,06:00-08:00,6.83,6.48
500110017,08:00-10:00,11.65,14.66
500110017,10:00-12:00,15.44,11.36
500110017,12:00-14:00,12.11,14.49
500110017,14:00-16:00,14.81,12.6
500110017,16:00-18:00,16.4,15.97
500110017,18:00-20:00,12.88,16.06
500110017,20:00-22:00,14.88,9.05
500110017,22:00-24:00,4.12,6.26
500110018,00:00-02:00,1.24,2.5
500110018,02:00-04:00,0.34,2.61
500110018,04:00-06:00,0.41,2.02
500110018,06:00-08:00,9.53,5.52
500110018,08:00-10:00,11.59,9.88
500110018,10:00-12:00,8.29,6.41
500110018,12:00-14:00,9.79,10.38
500110018,14:00-16:00,8.7,9.08
500110018,16:00-18:00,10.76,11.73
500110018,18:00-20:00,12.62,12.19
500110018,20:00-22:00,10.63,4.96
500110018,22:00-24:00,3.1,2.44
500110019,00:00-02:00,2.12,2.33
500110019,02:00-04:00,0.95,1.54
500110019,04:00-06:00,1.96,3.0
500110019,06:00-08:00,12.36,10.76
500110019,08:00-10:00,20.13,20.23
500110019,10:00-12:00,17.51,16.56
500110019,12:00-14:00,20.5,20.79
500110019,14:00-16:00,14.51,17.13
500110019,16:00-18:00,19.86,19.66
500110019,18:00-20:00,19.72,24.08
500110019,20:00-22:00,17.35,13.58
500110019,22:00-24:00,8.89,7.12
500110020,00:00-02:00,1.48,1.63
500110020,02:00-04:00,0.09,0.17
500110020,04:00-06:00,1.21,0.26
500110020,06:00-08:00,9.42,7.49
500110020,08:00-10:00,14.25,12.94
500110020,10:00-12:00,11.08,11.15
500110020,12:00-14:00,11.82,12.9
500110020,14:00-16:00,11.31,9.73
500110020,16:00-18:00,15.77,14.4
500110020,18:00-20:00,14.03,14.73
500110020,20:00-22:00,9.04,9.37
500110020,22:00-24:00,3.74,6.01
500110021,00:00-02:00,0.3,0.71
500110021,02:00-04:00,0.14,0.16
500110021,04:00-06:00,0.84,1.96
500110021,06:00-08:00,3.8,9.55
500110021,08:00-10:00,12.41,15.64
500110021,10:00-12:00,9.11,7.45
500110021,12:00-14:00,9.7,10.0
500110021,14:00-16:00,8.28,9.3
500110021,16:00-18:00,17.38,10.57
500110021,18:00-20:00,13.17,9.29
500110021,20:00-22:00,5.59,5.3
500110021,22:00-24:00,3.2,2.66
500110022,00:00-02:00,0.93,0.82
500110022,02:00-04:00,0.21,0.27
500110022,04:00-06:00,0.52,1.23
500110022,06:00-08:00,6.04,5.11
500110022,08:00-10:00,7.43,4.11
500110022,10:00-12:00,6.32,6.2
500110022,12:00-14:00,4.93,5.38
500110022,14:00-16:00,5.26,6.28
500110022,16:00-18:00,7.7,8.88
500110022,18:00-20:00,8.89,7.63
500110022,20:00-22:00,6.15,6.05
500110022,22:00-24:00,2.31,2.64
500110023,00:00-02:00,2.07,2.03
500110023,02:00-04:00,1.25,0.34
500110023,04:00-06:00,2.34,0.73
500110023,06:00-08:00,7.77,6.77
500110023,08:00-10:00,12.25,7.41
500110023,10:00-12:00,8.2,6.88
500110023,12:00-14:00,7.73,7.57
500110023,14:00-16:00,8.56,7.69
500110023,16:00-18:00,11.79,11.88
500110023,18:00-20:00,10.41,14.52
500110023,20:00-22:00,8.16,9.7
500110023,22:00-24:00,4.14,6.87
500110024,00:00-02:00,0.75,1.06
500110024,02:00-04:00,0.14,0.14
500110024,04:00-06:00,0.95,0.77
500110024,06:00-08:00,3.78,4.14
500110024,08:00-10:00,17.19,20.37
500110024,10:00-12:00,11.81,10.4
500110024,12:00-14:00,9.87,12.11
500110024,14:00-16:00,9.66,8.98
500110024,16:00-18:00,18.21,14.91
500110024,18:00-20:00,13.02,10.04
500110024,20:00-22:00,6.8,6.39
500110024,22:00-24:00,2.9,3.19
500110025,00:00-02:00,1.65,1.15
500110025,02:00-04:00,0.64,0.43
500110025,04:00-06:00,1.14,0.66
500110025,06:00-08:00,5.32,2.8
500110025,08:00-10:00,7.51,4.93
500110025,10:00-12:00,5.88,4.07
500110025,12:00-14:00,5.08,5.52
500110025,14:00-16:00,6.16,4.34
500110025,16:00-18:00,6.05,8.31
500110025,18:00-20:00,8.95,10.2
500110025,20:00-22:00,5.16,6.89
500110025,22:00-24:00,2.28,5.16
500110026,00:00-02:00,1.67,1.79
500110026,02:00-04:00,1.07,0.51
500110026,04:00-06:00,1.0,0.42
500110026,06:00-08:00,5.54,1.76
500110026,08:00-10:00,10.84,8.52
500110026,10:00-12:00,7.86,5.68
500110026,12:00-14:00,7.14,5.92
500110026,14:00-16:00,5.69,6.82
500110026,16:00-18:00,6.63,10.07
500110026,18:00-20:00,6.32,10.44
500110026,20:00-22:00,5.07,6.67
500110026,22:00-24:00,3.65,3.7
500110027,00:00-02:00,2.44,1.76
500110027,02:00-04:00,1.03,0.46
500110027,04:00-06:00,1.06,1.11
500110027,06:00-08:00,4.49,2.6
500110027,08:00-10:00,8.37,5.52
500110027,10:00-12:00,6.33,4.45
500110027,12:00-14:00,6.73,7.09
500110027,14:00-16:00,5.76,5.02
500110027,16:00-18:00,7.3,8.41
500110027,18:00-20:00,7.08,8.76
500110027,20:00-22:00,5.02,6.06
500110027,22:00-24:00,4.23,4.08
500110028,00:00-02:00,1.78,1.62
500110028,02:00-04:00,0.5,0.52
500110028,04:00-06:00,0.64,0.66
500110028,06:00-08:00,5.89,11.77
500110028,08:00-10:00,13.55,9.88
500110028,10:00-12:00,13.61,10.8
500110028,12:00-14:00,10.94,8.97
500110028,14:00-16:00,9.91,9.26
500110028,16:00-18:00,13.77,11.37
500110028,18:00-20:00,11.01,12.63
500110028,20:00-22:00,8.97,10.27
500110028,22:00-24:00,5.44,5.12
500110029,00:00-02:00,0.68,0.78
500110029,02:00-04:00,0.07,0.34
500110029,04:00-06:00,0.84,0.32
500110029,06:00-08:00,7.25,6.32
500110029,08:00-10:00,10.21,8.87
500110029,10:00-12:00,8.53,7.55
500110029,12:00-14:00,8.89,8.0
500110029,14:00-16:00,7.0,7.58
500110029,16:00-18:00,11.7,9.72
500110029,18:00-20:00,10.71,11.74
500110029,20:00-22:00,7.76,9.22
500110029,22:00-24:00,3.23,3.95
500110030,00:00-02:00,0.45,1.25
500110030,02:00-04:00,0.25,0.98
500110030,04:00-06:00,0.91,1.17
500110030,06:00-08:00,7.76,4.21
500110030,08:00-10:00,11.35,9.15
500110030,10:00-12:00,9.84,7.0
500110030,12:00-14:00,8.28,5.02
500110030,14:00-16:00,5.45,4.3
500110030,16:00-18:00,7.96,6.53
500110030,18:00-20:00,7.3,8.77
500110030,20:00-22:00,5.09,5.73
500110030,22:00-24:00,2.51,4.48
500110031,00:00-02:00,0.38,0.26
500110031,02:00-04:00,0.24,0.57
500110031,04:00-06:00,0.87,2.0
500110031,06:00-08:00,1.8,5.8
500110031,08:00-10:00,4.91,5.09
500110031,10:00-12:00,3.75,3.11
500110031,12:00-14:00,4.48,4.41
500110031,14:00-16:00,3.53,2.32
500110031,16:00-18:00,7.95,2.88
500110031,18:00-20:00,3.89,3.75
500110031,20:00-22:00,2.25,2.45
500110031,22:00-24:00,2.18,1.78
500110032,00:00-02:00,3.21,1.86
500110032,02:00-04:00,0.93,0.7
500110032,04:00-06:00,1.41,0.5
500110032,06:00-08:00,4.85,8.52
500110032,08:00-10:00,17.92,18.44
500110032,10:00-12:00,9.77,10.84
500110032,12:00-14:00,10.24,11.18
500110032,14:00-16:00,8.88,6.83
500110032,16:00-18:00,13.17,13.74
500110032,18:00-20:00,14.98,12.66
500110032,20:00-22:00,7.12,8.27
500110032,22:00-24:00,5.74,6.24
500110033,00:00-02:00,2.86,2.66
500110033,02:00-04:00,0.88,0.59
500110033,04:00-06:00,1.71,0.59
500110033,06:00-08:00,8.9,5.0
500110033,08:00-10:00,13.93,14.14
500110033,10:00-12:00,11.74,9.68
500110033,12:00-14:00,11.49,11.77
500110033,14:00-16:00,10.87,10.74
500110033,16:00-18:00,13.32,13.67
500110033,18:00-20:00,12.45,18.52
500110033,20:00-22:00,9.84,10.31
500110033,22:00-24:00,8.61,7.63
500110034,00:00-02:00,1.37,1.74
500110034,02:00-04:00,0.2,0.18
500110034,04:00-06:00,1.39,0.98
500110034,06:00-08:00,7.14,3.61
500110034,08:00-10:00,10.29,8.55
500110034,10:00-12:00,8.37,5.46
500110034,12:00-14:00,6.74,7.04
500110034,14:00-16:00,6.0,5.85
500110034,16:00-18:00,7.53,11.57
500110034,18:00-20:00,7.44,10.95
500110034,20:00-22:00,7.13,9.33
500110034,22:00-24:00,5.49,5.4
500110035,00:00-02:00,1.23,1.93
500110035,02:00-04:00,0.09,0.27
500110035,04:00-06:00,0.52,0.41
500110035,06:00-08:00,7.27,3.21
500110035,08:00-10:00,7.68,6.27
500110035,10:00-12:00,6.0,5.79
500110035,12:00-14:00,6.47,6.75
500110035,14:00-16:00,5.41,5.39
500110035,16:00-18:00,7.35,9.3
500110035,18:00-20:00,8.0,9.98
500110035,20:00-22:00,6.89,6.78
500110035,22:00-24:00,2.37,3.25
500110036,00:00-02:00,3.05,2.04
500110036,02:00-04:00,1.14,0.75
500110036,04:00-06:00,1.0,1.32
500110036,06:00-08:00,6.25,8.41
500110036,08:00-10:00,18.27,22.36
500110036,10:00-12:00,12.3,12.4
500110036,12:00-14:00,15.44,15.59
500110036,14:00-16:00,10.64,11.44
500110036,16:00-18:00,20.51,16.72
500110036,18:00-20:00,16.12,15.52
500110036,20:00-22:00,11.53,10.41
500110036,22:00-24:00,7.5,5.93
500110037,00:00-02:00,1.76,1.81
500110037,02:00-04:00,1.43,0.52
500110037,04:00-06:00,1.11,1.09
500110037,06:00-08:00,6.85,6.55
500110037,08:00-10:00,12.82,18.94
500110037,10:00-12:00,15.58,13.4
500110037,12:00-14:00,17.35,15.56
500110037,14:00-16:00,13.77,12.9
500110037,16:00-18:00,16.82,15.21
500110037,18:00-20:00,16.34,17.31
500110037,20:00-22:00,12.33,10.6
500110037,22:00-24:00,5.46,4.96
500110038,00:00-02:00,0.47,2.1
500110038,02:00-04:00,0.09,0.64
500110038,04:00-06:00,0.66,0.55
500110038,06:00-08:00,7.31,3.75
500110038,08:00-10:00,7.23,7.51
500110038,10:00-12:00,7.21,8.29
500110038,12:00-14:00,8.97,7.98
500110038,14:00-16:00,8.23,7.16
500110038,16:00-18:00,10.44,10.96
500110038,18:00-20:00,11.18,11.47
500110038,20:00-22:00,10.27,8.24
500110038,22:00-24:00,3.15,4.75
500110039,00:00-02:00,1.81,2.26
500110039,02:00-04:00,0.3,1.02
500110039,04:00-06:00,2.16,0.59
500110039,06:00-08:00,14.41,5.23
500110039,08:00-10:00,15.88,12.02
500110039,10:00-12:00,14.28,10.7
500110039,12:00-14:00,13.16,12.84
500110039,14:00-16:00,11.22,9.37
500110039,16:00-18:00,13.85,15.97
500110039,18:00-20:00,14.94,16.88
500110039,20:00-22:00,11.54,15.25
500110039,22:00-24:00,4.76,10.45
500110040,00:00-02:00,1.48,2.1
500110040,02:00-04:00,0.32,0.91
500110040,04:00-06:00,1.55,0.64
500110040,06:00-08:00,10.83,7.07
500110040,08:00-10:00,13.33,10.5
500110040,10:00-12:00,10.56,10.01
500110040,12:00-14:00,11.94,11.5
500110040,14:00-16:00,10.83,10.19
500110040,16:00-18:00,14.22,14.28
500110040,18:00-20:00,13.74,15.85
500110040,20:00-22:00,12.19,12.0
500110040,22:00-24:00,5.58,7.35
500110041,00:00-02:00,1.72,2.17
500110041,02:00-04:00,0.73,0.6
500110041,04:00-06:00,1.57,0.94
500110041,06:00-08:00,10.59,3.73
500110041,08:00-10:00,11.07,8.66
500110041,10:00-12:00,7.71,5.72
500110041,12:00-14:00,6.29,6.93
500110041,14:00-16:00,6.93,6.6
500110041,16:00-18:00,11.23,10.26
500110041,18:00-20:00,8.67,11.88
500110041,20:00-22:00,7.03,10.59
500110041,22:00-24:00,4.3,6.23
500110042,00:00-02:00,2.33,1.85
500110042,02:00-04:00,0.59,1.36
500110042,04:00-06:00,1.93,0.75
500110042,06:00-08:00,7.62,4.16
500110042,08:00-10:00,10.99,8.27
500110042,10:00-12:00,8.87,8.25
500110042,12:00-14:00,10.0,12.52
500110042,14:00-16:00,8.81,9.21
500110042,16:00-18:00,10.15,14.12
500110042,18:00-20:00,10.25,13.81
500110042,20:00-22:00,9.14,8.06
500110042,22:00-24:00,5.45,5.18
500110043,00:00-02:00,2.95,2.55
500110043,02:00-04:00,0.69,0.59
500110043,04:00-06:00,1.0,2.11
500110043,06:00-08:00,12.66,12.75
500110043,08:00-10:00,23.21,19.65
500110043,10:00-12:00,14.31,19.29
500110043,12:00-14:00,18.43,20.85
500110043,14:00-16:00,18.39,17.43
500110043,16:00-18:00,21.24,22.0
500110043,18:00-20:00,24.03,21.62
500110043,20:00-22:00,15.82,12.06
500110043,22:00-24:00,10.41,8.31
500110044,00:00-02:00,2.69,3.51
500110044,02:00-04:00,1.17,5.13
500110044,04:00-06:00,1.07,1.73
500110044,06:00-08:00,11.75,17.54
500110044,08:00-10:00,25.7,18.89
500110044,10:00-12:00,14.09,20.26
500110044,12:00-14:00,23.27,24.53
500110044,14:00-16:00,19.24,22.31
500110044,16:00-18:00,34.01,21.13
500110044,18:00-20:00,23.31,22.54
500110044,20:00-22:00,19.25,12.43
500110044,22:00-24:00,7.63,6.44
500110045,00:00-02:00,0.97,0.83
500110045,02:00-04:00,1.54,0.39
500110045,04:00-06:00,1.46,1.36
500110045,06:00-08:00,5.95,4.14
500110045,08:00-10:00,6.82,5.32
500110045,10:00-12:00,5.58,4.54
500110045,12:00-14:00,4.57,4.13
500110045,14:00-16:00,4.51,5.05
500110045,16:00-18:00,8.35,9.23
500110045,18:00-20:00,7.45,9.27
500110045,20:00-22:00,5.89,7.53
500110045,22:00-24:00,3.57,3.31
500110046,00:00-02:00,1.37,0.85
500110046,02:00-04:00,0.82,0.16
500110046,04:00-06:00,0.5,2.21
500110046,06:00-08:00,8.64,10.05
500110046,08:00-10:00,11.68,18.84
500110046,10:00-12:00,10.44,11.81
500110046,12:00-14:00,13.76,12.34
500110046,14:00-16:00,11.69,13.71
500110046,16:00-18:00,17.15,13.64
500110046,18:00-20:00,15.89,14.65
500110046,20:00-22:00,13.85,7.7
500110046,22:00-24:00,6.11,3.55
500110047,00:00-02:00,1.81,2.66
500110047,02:00-04:00,0.4,0.55
500110047,04:00-06:00,0.84,0.98
500110047,06:00-08:00,5.98,3.98
500110047,08:00-10:00,13.18,13.51
500110047,10:00-12:00,11.55,10.84
500110047,12:00-14:00,13.06,12.99
500110047,14:00-16:00,9.72,9.21
500110047,16:00-18:00,12.63,14.63
500110047,18:00-20:00,14.27,15.1
500110047,20:00-22:00,10.8,7.05
500110047,22:00-24:00,5.66,4.55
500110048,00:00-02:00,1.06,1.77
500110048,02:00-04:00,1.25,0.48
500110048,04:00-06:00,1.08,1.16
500110048,06:00-08:00,5.79,7.61
500110048,08:00-10:00,17.44,25.57
500110048,10:00-12:00,14.4,13.77
500110048,12:00-14:00,16.04,19.37
500110048,14:00-16:00,16.13,15.95
500110048,16:00-18:00,21.4,19.57
500110048,18:00-20:00,17.53,15.45
500110048,20:00-22:00,14.94,7.18
500110048,22:00-24:00,4.1,3.0
500110049,00:00-02:00,3.79,2.82
500110049,02:00-04:00,1.07,1.19
500110049,04:00-06:00,1.09,2.34
500110049,06:00-08:00,9.41,7.33
500110049,08:00-10:00,10.62,9.16
500110049,10:00-12:00,8.08,9.42
500110049,12:00-14:00,10.75,10.58
500110049,14:00-16:00,12.63,13.75
500110049,16:00-18:00,16.19,24.32
500110049,18:00-20:00,21.38,29.88
500110049,20:00-22:00,26.12,25.51
500110049,22:00-24:00,15.21,13.22
500110050,00:00-02:00,2.89,2.66
500110050,02:00-04:00,0.3,0.61
500110050,04:00-06:00,0.87,0.59
500110050,06:00-08:00,6.62,5.5
500110050,08:00-10:00,12.7,9.0
500110050,10:00-12:00,6.49,5.84
500110050,12:00-14:00,7.9,7.18
500110050,14:00-16:00,6.77,7.17
500110050,16:00-18:00,9.92,12.96
500110050,18:00-20:00,11.31,12.87
500110050,20:00-22:00,10.11,6.66
500110050,22:00-24:00,6.91,4.92
500110051,00:00-02:00,1.12,0.92
500110051,02:00-04:00,0.2,0.59
500110051,04:00-06:00,0.68,0.59
500110051,06:00-08:00,4.21,7.98
500110051,08:00-10:00,5.69,7.48
500110051,10:00-12:00,7.76,7.38
500110051,12:00-14:00,10.37,10.09
500110051,14:00-16:00,8.06,7.27
500110051,16:00-18:00,10.62,8.22
500110051,18:00-20:00,9.4,8.59
500110051,20:00-22:00,5.62,4.27
500110051,22:00-24:00,3.32,3.14
500110052,00:00-02:00,2.1,2.12
500110052,02:00-04:00,0.7,1.45
500110052,04:00-06:00,1.91,0.55
500110052,06:00-08:00,8.04,6.95
500110052,08:00-10:00,13.12,16.03
500110052,10:00-12:00,14.14,12.66
500110052,12:00-14:00,13.8,13.69
500110052,14:00-16:00,11.41,10.64
500110052,16:00-18:00,15.45,15.03
500110052,18:00-20:00,14.1,15.38
500110052,20:00-22:00,11.72,10.53
500110052,22:00-24:00,5.67,6.46
500110053,00:00-02:00,0.19,0.36
500110053,02:00-04:00,0.07,0.05
500110053,04:00-06:00,1.59,0.27
500110053,06:00-08:00,3.24,2.64
500110053,08:00-10:00,3.11,3.2
500110053,10:00-12:00,2.79,1.82
500110053,12:00-14:00,2.71,2.11
500110053,14:00-16:00,2.43,1.93
500110053,16:00-18:00,3.75,4.39
500110053,18:00-20:00,3.01,3.66
500110053,20:00-22:00,2.25,3.02
500110053,22:00-24:00,1.38,1.82
500110054,00:00-02:00,2.05,3.47
500110054,02:00-04:00,1.11,1.37
500110054,04:00-06:00,1.36,1.44
500110054,06:00-08:00,10.02,5.96
500110054,08:00-10:00,12.23,8.61
500110054,10:00-12:00,8.92,6.47
500110054,12:00-14:00,9.4,7.07
500110054,14:00-16:00,7.85,6.89
500110054,16:00-18:00,10.55,11.99
500110054,18:00-20:00,11.66,13.33
500110054,20:00-22:00,11.52,12.59
500110054,22:00-24:00,7.3,7.86
500110055,00:00-02:00,0.9,1.18
500110055,02:00-04:00,0.25,0.62
500110055,04:00-06:00,1.05,0.35
500110055,06:00-08:00,3.75,2.27
500110055,08:00-10:00,5.25,3.32
500110055,10:00-12:00,4.58,3.95
500110055,12:00-14:00,5.56,3.79
500110055,14:00-16:00,4.83,4.0
500110055,16:00-18:00,7.13,6.11
500110055,18:00-20:00,5.88,5.89
500110055,20:00-22:00,4.94,5.19
500110055,22:00-24:00,3.35,2.77
500110056,00:00-02:00,1.39,1.27
500110056,02:00-04:00,0.11,0.86
500110056,04:00-06:00,1.5,0.7
500110056,06:00-08:00,5.75,5.64
500110056,08:00-10:00,11.37,11.77
500110056,10:00-12:00,11.19,8.81
500110056,12:00-14:00,10.45,8.54
500110056,14:00-16:00,8.45,9.6
500110056,16:00-18:00,12.67,11.42
500110056,18:00-20:00,10.62,13.12
500110056,20:00-22:00,8.95,10.27
500110056,22:00-24:00,5.9,5.29
500110057,00:00-02:00,1.91,1.87
500110057,02:00-04:00,0.45,0.82
500110057,04:00-06:00,1.09,0.91
500110057,06:00-08:00,10.33,6.68
500110057,08:00-10:00,15.96,11.34
500110057,10:00-12:00,12.4,10.68
500110057,12:00-14:00,12.03,9.61
500110057,14:00-16:00,8.62,9.21
500110057,16:00-18:00,11.35,13.25
500110057,18:00-20:00,9.66,11.15
500110057,20:00-22:00,8.51,9.48
500110057,22:00-24:00,6.55,5.72
500110058,00:00-02:00,1.01,1.37
500110058,02:00-04:00,0.14,0.18
500110058,04:00-06:00,0.35,0.68
500110058,06:00-08:00,5.16,4.59
500110058,08:00-10:00,9.6,11.89
500110058,10:00-12:00,10.19,8.13
500110058,12:00-14:00,10.58,11.69
500110058,14:00-16:00,8.65,8.02
500110058,16:00-18:00,12.13,11.65
500110058,18:00-20:00,12.83,12.54
500110058,20:00-22:00,9.21,6.02
500110058,22:00-24:00,3.96,3.62
500110059,00:00-02:00,0.99,0.99
500110059,02:00-04:00,0.09,0.18
500110059,04:00-06:00,1.06,1.3
500110059,06:00-08:00,4.81,4.52
500110059,08:00-10:00,6.02,5.01
500110059,10:00-12:00,5.36,5.54
500110059,12:00-14:00,6.7,5.91
500110059,14:00-16:00,5.28,6.85
500110059,16:00-18:00,8.04,7.93
500110059,18:00-20:00,7.25,8.88
500110059,20:00-22:00,7.68,4.65
500110059,22:00-24:00,3.25,2.89
500110060,00:00-02:00,0.73,1.15
500110060,02:00-04:00,0.11,0.18
500110060,04:00-06:00,0.75,0.52
500110060,06:00-08:00,6.82,6.09
500110060,08:00-10:00,12.35,9.43
500110060,10:00-12:00,8.59,5.89
500110060,12:00-14:00,7.98,6.18
500110060,14:00-16:00,5.63,6.21
500110060,16:00-18:00,14.15,8.5
500110060,18:00-20:00,5.87,7.11
500110060,20:00-22:00,4.73,6.05
500110060,22:00-24:00,3.26,4.86
500110061,00:00-02:00,2.74,3.58
500110061,02:00-04:00,0.92,2.61
500110061,04:00-06:00,1.89,1.5
500110061,06:00-08:00,10.98,8.84
500110061,08:00-10:00,14.76,14.59
500110061,10:00-12:00,16.5,14.66
500110061,12:00-14:00,16.39,13.76
500110061,14:00-16:00,11.2,10.12
500110061,16:00-18:00,16.22,16.94
500110061,18:00-20:00,18.2,17.63
500110061,20:00-22:00,13.16,11.41
500110061,22:00-24:00,8.05,8.44
500110062,00:00-02:00,4.04,1.74
500110062,02:00-04:00,0.43,1.0
500110062,04:00-06:00,1.04,1.71
500110062,06:00-08:00,10.42,9.64
500110062,08:00-10:00,16.68,16.82
500110062,10:00-12:00,12.71,13.18
500110062,12:00-14:00,11.69,13.28
500110062,14:00-16:00,13.43,11.46
500110062,16:00-18:00,20.44,30.25
500110062,18:00-20:00,22.97,28.73
500110062,20:00-22:00,25.2,11.55
500110062,22:00-24:00,13.34,11.56
500110063,00:00-02:00,0.94,1.2
500110063,02:00-04:00,0.41,0.11
500110063,04:00-06:00,1.21,0.52
500110063,06:00-08:00,6.51,10.9
500110063,08:00-10:00,12.53,8.65
500110063,10:00-12:00,8.01,7.32
500110063,12:00-14:00,9.77,9.02
500110063,14:00-16:00,7.76,8.78
500110063,16:00-18:00,18.85,12.77
500110063,18:00-20:00,10.95,12.09
500110063,20:00-22:00,9.08,7.69
500110063,22:00-24:00,2.89,5.27
500110064,00:00-02:00,3.46,3.39
500110064,02:00-04:00,1.73,1.2
500110064,04:00-06:00,1.34,2.14
500110064,06:00-08:00,8.02,9.16
500110064,08:00-10:00,17.14,18.82
500110064,10:00-12:00,15.83,14.76
500110064,12:00-14:00,16.22,22.03
500110064,14:00-16:00,17.26,16.6
500110064,16:00-18:00,21.9,18.83
500110064,18:00-20:00,20.8,19.61
500110064,20:00-22:00,15.7,10.24
500110064,22:00-24:00,7.47,5.71
500110065,00:00-02:00,2.2,1.98
500110065,02:00-04:00,1.85,0.52
500110065,04:00-06:00,1.38,1.02
500110065,06:00-08:00,9.38,16.64
500110065,08:00-10:00,23.25,34.07
500110065,10:00-12:00,20.58,18.33
500110065,12:00-14:00,21.87,19.68
500110065,14:00-16:00,19.61,18.1
500110065,16:00-18:00,25.47,19.89
500110065,18:00-20:00,19.61,16.04
500110065,20:00-22:00,10.29,9.64
500110065,22:00-24:00,5.72,4.98
500110066,00:00-02:00,0.28,1.67
500110066,02:00-04:00,0.05,0.02
500110066,04:00-06:00,1.16,0.73
500110066,06:00-08:00,3.68,4.55
500110066,08:00-10:00,9.4,5.95
500110066,10:00-12:00,8.97,7.54
500110066,12:00-14:00,8.9,7.13
500110066,14:00-16:00,7.34,6.53
500110066,16:00-18:00,9.25,9.52
500110066,18:00-20:00,9.78,11.49
500110066,20:00-22:00,10.11,9.76
500110066,22:00-24:00,4.31,5.14
500110067,00:00-02:00,2.24,1.69
500110067,02:00-04:00,0.8,1.25
500110067,04:00-06:00,1.34,1.11
500110067,06:00-08:00,6.0,2.84
500110067,08:00-10:00,8.93,4.91
500110067,10:00-12:00,5.94,4.61
500110067,12:00-14:00,5.21,4.88
500110067,14:00-16:00,5.48,4.41
500110067,16:00-18:00,6.01,7.97
500110067,18:00-20:00,6.16,10.75
500110067,20:00-22:00,5.95,7.59
500110067,22:00-24:00,4.01,4.47
500110068,00:00-02:00,0.77,0.68
500110068,02:00-04:00,0.24,0.5
500110068,04:00-06:00,0.39,0.43
500110068,06:00-08:00,1.71,2.68
500110068,08:00-10:00,5.45,11.03
500110068,10:00-12:00,5.61,5.06
500110068,12:00-14:00,4.95,6.78
500110068,14:00-16:00,6.35,4.65
500110068,16:00-18:00,7.66,4.63
500110068,18:00-20:00,6.51,4.59
500110068,20:00-22:00,4.34,2.2
500110068,22:00-24:00,1.72,1.57
500110069,00:00-02:00,1.81,1.41
500110069,02:00-04:00,0.32,0.68
500110069,04:00-06:00,0.55,0.52
500110069,06:00-08:00,3.21,1.05
500110069,08:00-10:00,6.88,3.8
500110069,10:00-12:00,6.15,6.34
500110069,12:00-14:00,4.99,4.95
500110069,14:00-16:00,5.09,4.05
500110069,16:00-18:00,5.7,8.84
500110069,18:00-20:00,5.7,8.71
500110069,20:00-22:00,5.14,4.88
500110069,22:00-24:00,4.3,4.01
500110070,00:00-02:00,2.7,2.31
500110070,02:00-04:00,0.58,0.52
500110070,04:00-06:00,0.89,2.05
500110070,06:00-08:00,7.66,6.12
500110070,08:00-10:00,10.11,7.69
500110070,10:00-12:00,7.32,6.95
500110070,12:00-14:00,7.85,8.43
500110070,14:00-16:00,7.12,7.75
500110070,16:00-18:00,9.64,15.87
500110070,18:00-20:00,9.8,13.55
500110070,20:00-22:00,9.92,6.86
500110070,22:00-24:00,6.14,4.24
500110071,00:00-02:00,1.88,2.33
500110071,02:00-04:00,0.51,3.84
500110071,04:00-06:00,0.95,2.82
500110071,06:00-08:00,12.26,9.41
500110071,08:00-10:00,20.84,14.91
500110071,10:00-12:00,13.69,13.29
500110071,12:00-14:00,16.37,14.77
500110071,14:00-16:00,13.34,12.67
500110071,16:00-18:00,18.98,20.05
500110071,18:00-20:00,19.38,17.06
500110071,20:00-22:00,15.03,10.07
500110071,22:00-24:00,7.98,5.64
500110072,00:00-02:00,1.6,1.98
500110072,02:00-04:00,0.39,0.84
500110072,04:00-06:00,0.73,1.09
500110072,06:00-08:00,10.31,10.36
500110072,08:00-10:00,16.1,12.52
500110072,10:00-12:00,9.03,9.1
500110072,12:00-14:00,11.55,9.86
500110072,14:00-16:00,10.41,10.12
500110072,16:00-18:00,14.67,17.38
500110072,18:00-20:00,15.52,14.97
500110072,20:00-22:00,11.62,6.93
500110072,22:00-24:00,6.51,3.14
500110073,00:00-02:00,1.08,1.58
500110073,02:00-04:00,0.76,0.25
500110073,04:00-06:00,0.36,0.64
500110073,06:00-08:00,3.02,5.16
500110073,08:00-10:00,6.61,10.07
500110073,10:00-12:00,6.68,7.13
500110073,12:00-14:00,7.52,9.21
500110073,14:00-16:00,5.44,5.83
500110073,16:00-18:00,9.32,6.53
500110073,18:00-20:00,8.87,9.05
500110073,20:00-22:00,7.38,2.91
500110073,22:00-24:00,3.24,1.93
500110074,00:00-02:00,1.52,2.14
500110074,02:00-04:00,0.63,0.8
500110074,04:00-06:00,0.59,0.36
500110074,06:00-08:00,6.95,8.07
500110074,08:00-10:00,11.81,17.59
500110074,10:00-12:00,12.73,11.22
500110074,12:00-14:00,13.48,11.64
500110074,14:00-16:00,10.3,8.81
500110074,16:00-18:00,13.55,10.76
500110074,18:00-20:00,12.75,10.34
500110074,20:00-22:00,8.77,8.36
500110074,22:00-24:00,5.5,5.76
500110076,00:00-02:00,2.94,1.75
500110076,02:00-04:00,0.8,1.36
500110076,04:00-06:00,1.8,0.43
500110076,06:00-08:00,6.85,2.09
500110076,08:00-10:00,8.93,5.73
500110076,10:00-12:00,6.12,5.36
500110076,12:00-14:00,7.17,7.59
500110076,14:00-16:00,6.4,6.07
500110076,16:00-18:00,6.75,11.27
500110076,18:00-20:00,5.12,12.74
500110076,20:00-22:00,6.39,7.11
500110076,22:00-24:00,5.73,3.72
500110077,00:00-02:00,1.67,1.0
500110077,02:00-04:00,0.41,0.25
500110077,04:00-06:00,1.3,0.68
500110077,06:00-08:00,7.82,4.21
500110077,08:00-10:00,8.45,7.57
500110077,10:00-12:00,8.13,6.47
500110077,12:00-14:00,8.47,8.14
500110077,14:00-16:00,6.21,6.32
500110077,16:00-18:00,8.65,10.55
500110077,18:00-20:00,10.41,11.25
500110077,20:00-22:00,7.36,8.42
500110077,22:00-24:00,2.31,3.86
500110078,00:00-02:00,2.86,4.36
500110078,02:00-04:00,0.36,3.93
500110078,04:00-06:00,1.0,1.38
500110078,06:00-08:00,9.76,8.72
500110078,08:00-10:00,17.28,13.5
500110078,10:00-12:00,11.33,10.52
500110078,12:00-14:00,14.64,12.47
500110078,14:00-16:00,12.79,10.67
500110078,16:00-18:00,15.84,14.8
500110078,18:00-20:00,17.62,15.49
500110078,20:00-22:00,13.49,12.73
500110078,22:00-24:00,11.22,9.99
500110079,00:00-02:00,2.47,1.44
500110079,02:00-04:00,1.16,0.5
500110079,04:00-06:00,1.07,1.21
500110079,06:00-08:00,5.15,3.64
500110079,08:00-10:00,4.4,3.07
500110079,10:00-12:00,4.25,2.91
500110079,12:00-14:00,4.12,5.25
500110079,14:00-16:00,5.01,5.04
500110079,16:00-18:00,7.79,8.2
500110079,18:00-20:00,9.05,11.34
500110079,20:00-22:00,6.83,7.65
500110079,22:00-24:00,4.92,4.11
500110080,00:00-02:00,0.94,0.87
500110080,02:00-04:00,0.2,0.34
500110080,04:00-06:00,0.95,0.21
500110080,06:00-08:00,3.41,3.39
500110080,08:00-10:00,5.94,4.38
500110080,10:00-12:00,4.55,3.67
500110080,12:00-14:00,4.32,4.6
500110080,14:00-16:00,4.05,3.31
500110080,16:00-18:00,4.7,5.97
500110080,18:00-20:00,5.38,6.14
500110080,20:00-22:00,4.16,5.43
500110080,22:00-24:00,2.25,3.53
500110081,00:00-02:00,1.44,1.57
500110081,02:00-04:00,0.27,0.38
500110081,04:00-06:00,0.91,0.39
500110081,06:00-08:00,6.54,4.24
500110081,08:00-10:00,9.86,8.14
500110081,10:00-12:00,7.74,6.18
500110081,12:00-14:00,7.65,7.27
500110081,14:00-16:00,6.25,6.96
500110081,16:00-18:00,9.86,11.11
500110081,18:00-20:00,10.63,12.21
500110081,20:00-22:00,8.06,9.73
500110081,22:00-24:00,4.42,6.24
500110082,00:00-02:00,1.37,1.74
500110082,02:00-04:00,0.52,0.34
500110082,04:00-06:00,0.84,0.62
500110082,06:00-08:00,3.47,1.64
500110082,08:00-10:00,5.73,6.02
500110082,10:00-12:00,4.19,3.95
500110082,12:00-14:00,4.63,3.54
500110082,14:00-16:00,3.99,5.37
500110082,16:00-18:00,8.05,5.32
500110082,18:00-20:00,5.78,5.97
500110082,20:00-22:00,3.46,4.4
500110082,22:00-24:00,2.93,3.97
500110083,00:00-02:00,0.19,0.15
500110083,02:00-04:00,0.05,0.21
500110083,04:00-06:00,0.18,0.12
500110083,06:00-08:00,1.57,0.69
500110083,08:00-10:00,3.66,1.36
500110083,10:00-12:00,1.08,1.5
500110083,12:00-14:00,2.04,1.29
500110083,14:00-16:00,1.05,1.34
500110083,16:00-18:00,1.31,2.01
500110083,18:00-20:00,1.65,2.69
500110083,20:00-22:00,1.91,2.44
500110083,22:00-24:00,0.75,1.34
500110084,00:00-02:00,0.71,1.69
500110084,02:00-04:00,0.16,0.2
500110084,04:00-06:00,1.46,0.77
500110084,06:00-08:00,8.5,3.0
500110084,08:00-10:00,6.21,5.57
500110084,10:00-12:00,5.16,4.86
500110084,12:00-14:00,4.96,4.75
500110084,14:00-16:00,4.6,4.69
500110084,16:00-18:00,8.62,10.05
500110084,18:00-20:00,8.59,8.94
500110084,20:00-22:00,7.43,8.07
500110084,22:00-24:00,3.12,5.53
500110085,00:00-02:00,0.9,1.06
500110085,02:00-04:00,0.51,0.09
500110085,04:00-06:00,0.6,0.73
500110085,06:00-08:00,3.14,5.3
500110085,08:00-10:00,7.3,5.42
500110085,10:00-12:00,6.0,4.63
500110085,12:00-14:00,6.9,6.93
500110085,14:00-16:00,5.7,4.81
500110085,16:00-18:00,9.5,7.54
500110085,18:00-20:00,7.27,9.56
500110085,20:00-22:00,6.75,5.07
500110085,22:00-24:00,2.65,3.63
500110086,00:00-02:00,0.34,1.37
500110086,02:00-04:00,0.09,0.5
500110086,04:00-06:00,0.55,4.46
500110086,06:00-08:00,6.59,4.39
500110086,08:00-10:00,6.11,7.27
500110086,10:00-12:00,5.54,5.01
500110086,12:00-14:00,7.12,6.99
500110086,14:00-16:00,6.54,4.25
500110086,16:00-18:00,7.27,5.98
500110086,18:00-20:00,6.51,5.43
500110086,20:00-22:00,4.11,3.61
500110086,22:00-24:00,2.89,2.48
500110087,00:00-02:00,1.34,1.99
500110087,02:00-04:00,0.55,0.86
500110087,04:00-06:00,1.11,0.81
500110087,06:00-08:00,6.93,3.55
500110087,08:00-10:00,10.16,8.25
500110087,10:00-12:00,7.09,5.93
500110087,12:00-14:00,7.4,6.97
500110087,14:00-16:00,6.83,6.21
500110087,16:00-18:00,8.69,9.2
500110087,18:00-20:00,8.45,11.83
500110087,20:00-22:00,8.65,9.03
500110087,22:00-24:00,5.38,7.26
500110088,00:00-02:00,0.9,1.15
500110088,02:00-04:00,1.23,0.67
500110088,04:00-06:00,0.62,1.16
500110088,06:00-08:00,7.95,10.8
500110088,08:00-10:00,17.95,20.93
500110088,10:00-12:00,9.78,9.99
500110088,12:00-14:00,10.42,12.47
500110088,14:00-16:00,8.86,8.77
500110088,16:00-18:00,11.78,9.09
500110088,18:00-20:00,11.15,8.61
500110088,20:00-22:00,7.41,6.49
500110088,22:00-24:00,4.67,3.76
500110089,00:00-02:00,1.34,1.2
500110089,02:00-04:00,0.18,0.18
500110089,04:00-06:00,0.95,0.8
500110089,06:00-08:00,7.05,4.68
500110089,08:00-10:00,8.59,6.76
500110089,10:00-12:00,8.15,6.21
500110089,12:00-14:00,8.21,7.09
500110089,14:00-16:00,6.54,5.85
500110089,16:00-18:00,10.16,11.83
500110089,18:00-20:00,12.01,14.91
500110089,20:00-22:00,10.82,10.67
500110089,22:00-24:00,4.8,6.8
500110090,00:00-02:00,0.59,0.77
500110090,02:00-04:00,0.16,0.24
500110090,04:00-06:00,0.18,0.61
500110090,06:00-08:00,5.92,1.11
500110090,08:00-10:00,3.85,1.84
500110090,10:00-12:00,3.04,2.18
500110090,12:00-14:00,3.61,2.48
500110090,14:00-16:00,2.72,2.73
500110090,16:00-18:00,4.52,3.68
500110090,18:00-20:00,3.08,5.72
500110090,20:00-22:00,2.89,4.48
500110090,22:00-24:00,1.41,3.13
500110091,00:00-02:00,1.15,1.69
500110091,02:00-04:00,0.25,0.3
500110091,04:00-06:00,1.77,0.2
500110091,06:00-08:00,12.04,5.14
500110091,08:00-10:00,11.85,11.77
500110091,10:00-12:00,10.26,9.75
500110091,12:00-14:00,11.95,11.95
500110091,14:00-16:00,9.11,9.69
500110091,16:00-18:00,14.86,15.99
500110091,18:00-20:00,14.89,16.33
500110091,20:00-22:00,11.9,12.47
500110091,22:00-24:00,3.62,7.69
500110092,00:00-02:00,0.26,0.21
500110092,02:00-04:00,0.2,0.05
500110092,04:00-06:00,0.09,0.18
500110092,06:00-08:00,0.77,0.57
500110092,08:00-10:00,1.97,1.57
500110092,10:00-12:00,1.14,1.34
500110092,12:00-14:00,1.72,1.59
500110092,14:00-16:00,0.84,1.46
500110092,16:00-18:00,2.62,1.6
500110092,18:00-20:00,2.43,1.34
500110092,20:00-22:00,0.8,0.77
500110092,22:00-24:00,0.76,1.82
500110093,00:00-02:00,1.86,0.64
500110093,02:00-04:00,0.2,0.41
500110093,04:00-06:00,0.98,0.32
500110093,06:00-08:00,3.83,1.84
500110093,08:00-10:00,3.53,2.66
500110093,10:00-12:00,2.49,2.43
500110093,12:00-14:00,3.3,3.73
500110093,14:00-16:00,3.01,2.46
500110093,16:00-18:00,3.76,8.58
500110093,18:00-20:00,5.32,8.94
500110093,20:00-22:00,4.52,3.8
500110093,22:00-24:00,3.32,1.48
500110094,00:00-02:00,0.12,0.07
500110094,02:00-04:00,0.02,0.11
500110094,04:00-06:00,0.07,0.3
500110094,06:00-08:00,1.05,0.55
500110094,08:00-10:00,1.36,0.32
500110094,10:00-12:00,1.18,0.75
500110094,12:00-14:00,0.91,0.77
500110094,14:00-16:00,1.53,0.68
500110094,16:00-18:00,1.28,1.62
500110094,18:00-20:00,0.91,1.45
500110094,20:00-22:00,0.95,1.39
500110094,22:00-24:00,0.3,1.18
500110095,00:00-02:00,0.12,0.31
500110095,02:00-04:00,0.02,0.05
500110095,04:00-06:00,0.14,0.32
500110095,06:00-08:00,0.98,1.16
500110095,08:00-10:00,2.27,2.05
500110095,10:00-12:00,2.19,1.61
500110095,12:00-14:00,1.81,1.39
500110095,14:00-16:00,2.39,1.93
500110095,16:00-18:00,2.79,3.13
500110095,18:00-20:00,2.4,2.34
500110095,20:00-22:00,1.48,1.59
500110095,22:00-24:00,0.75,0.89
500110096,00:00-02:00,0.02,0.97
500110096,02:00-04:00,0.09,0.14
500110096,04:00-06:00,0.23,0.23
500110096,06:00-08:00,2.3,1.57
500110096,08:00-10:00,2.97,1.25
500110096,10:00-12:00,2.3,1.32
500110096,12:00-14:00,1.93,1.2
500110096,14:00-16:00,1.58,2.37
500110096,16:00-18:00,3.48,2.49
500110096,18:00-20:00,3.27,2.79
500110096,20:00-22:00,1.7,1.73
500110096,22:00-24:00,0.52,3.07
500110097,00:00-02:00,0.32,0.33
500110097,02:00-04:00,0.07,0.09
500110097,04:00-06:00,0.87,0.27
500110097,06:00-08:00,2.01,2.48
500110097,08:00-10:00,3.48,3.32
500110097,10:00-12:00,1.89,1.68
500110097,12:00-14:00,3.02,3.57
500110097,14:00-16:00,2.15,2.82
500110097,16:00-18:00,4.95,3.85
500110097,18:00-20:00,3.85,3.16
500110097,20:00-22:00,1.91,1.91
500110097,22:00-24:00,0.97,1.09
500110098,00:00-02:00,0.64,0.9
500110098,02:00-04:00,0.45,0.27
500110098,04:00-06:00,0.39,0.36
500110098,06:00-08:00,2.64,3.39
500110098,08:00-10:00,6.34,5.41
500110098,10:00-12:00,4.4,4.54
500110098,12:00-14:00,5.16,6.12
500110098,14:00-16:00,5.49,5.03
500110098,16:00-18:00,8.16,5.73
500110098,18:00-20:00,6.59,7.45
500110098,20:00-22:00,5.65,4.51
500110098,22:00-24:00,2.12,2.73
500110099,00:00-02:00,0.94,1.64
500110099,02:00-04:00,0.18,0.31
500110099,04:00-06:00,1.23,0.39
500110099,06:00-08:00,4.95,4.8
500110099,08:00-10:00,9.98,6.18
500110099,10:00-12:00,6.33,5.23
500110099,12:00-14:00,6.78,6.93
500110099,14:00-16:00,5.62,4.75
500110099,16:00-18:00,9.92,9.36
500110099,18:00-20:00,9.86,9.18
500110099,20:00-22:00,6.41,7.16
500110099,22:00-24:00,1.91,3.89
500110100,00:00-02:00,0.68,0.87
500110100,02:00-04:00,0.34,0.45
500110100,04:00-06:00,0.41,0.07
500110100,06:00-08:00,1.59,2.17
500110100,08:00-10:00,5.45,3.54
500110100,10:00-12:00,4.84,4.52
500110100,12:00-14:00,4.89,4.67
500110100,14:00-16:00,3.29,2.92
500110100,16:00-18:00,4.37,4.19
500110100,18:00-20:00,4.42,5.95
500110100,20:00-22:00,3.98,3.75
500110100,22:00-24:00,1.98,2.39
500110101,00:00-02:00,0.8,1.33
500110101,02:00-04:00,0.07,0.18
500110101,04:00-06:00,0.23,0.11
500110101,06:00-08:00,4.74,2.39
500110101,08:00-10:00,7.02,5.89
500110101,10:00-12:00,4.42,3.54
500110101,12:00-14:00,3.7,3.25
500110101,14:00-16:00,3.65,3.18
500110101,16:00-18:00,5.87,6.21
500110101,18:00-20:00,7.51,8.82
500110101,20:00-22:00,5.82,6.63
500110101,22:00-24:00,3.51,4.4
500110102,00:00-02:00,0.78,1.19
500110102,02:00-04:00,0.48,0.45
500110102,04:00-06:00,1.07,0.66
500110102,06:00-08:00,5.02,4.43
500110102,08:00-10:00,7.95,7.42
500110102,10:00-12:00,6.31,7.81
500110102,12:00-14:00,9.17,7.73
500110102,14:00-16:00,5.76,5.87
500110102,16:00-18:00,8.8,8.41
500110102,18:00-20:00,9.56,8.03
500110102,20:00-22:00,4.31,5.32
500110102,22:00-24:00,2.5,4.27
500110103,00:00-02:00,0.35,0.76
500110103,02:00-04:00,0.09,0.07
500110103,04:00-06:00,0.89,0.52
500110103,06:00-08:00,4.62,4.03
500110103,08:00-10:00,7.0,6.27
500110103,10:00-12:00,5.9,4.98
500110103,12:00-14:00,5.88,5.45
500110103,14:00-16:00,4.62,3.84
500110103,16:00-18:00,7.31,5.92
500110103,18:00-20:00,6.21,8.54
500110103,20:00-22:00,5.55,4.82
500110103,22:00-24:00,2.62,3.51
500110104,00:00-02:00,0.73,1.01
500110104,02:00-04:00,0.27,0.21
500110104,04:00-06:00,0.73,0.2
500110104,06:00-08:00,7.56,4.18
500110104,08:00-10:00,6.75,3.95
500110104,10:00-12:00,4.85,3.77
500110104,12:00-14:00,5.88,3.73
500110104,14:00-16:00,4.71,3.82
500110104,16:00-18:00,7.96,7.19
500110104,18:00-20:00,5.42,7.47
500110104,20:00-22:00,3.77,6.36
500110104,22:00-24:00,2.19,3.28
500110105,00:00-02:00,0.66,0.94
500110105,02:00-04:00,0.14,0.26
500110105,04:00-06:00,1.32,0.33
500110105,06:00-08:00,4.31,1.38
500110105,08:00-10:00,7.32,6.0
500110105,10:00-12:00,6.25,6.36
500110105,12:00-14:00,6.56,7.26
500110105,14:00-16:00,6.11,6.61
500110105,16:00-18:00,9.0,8.58
500110105,18:00-20:00,8.11,8.15
500110105,20:00-22:00,5.18,6.69
500110105,22:00-24:00,2.8,3.72
500110106,00:00-02:00,0.4,0.67
500110106,02:00-04:00,0.02,0.16
500110106,04:00-06:00,0.48,0.55
500110106,06:00-08:00,3.19,1.77
500110106,08:00-10:00,5.43,4.16
500110106,10:00-12:00,4.66,4.07
500110106,12:00-14:00,4.45,4.74
500110106,14:00-16:00,3.84,3.66
500110106,16:00-18:00,5.26,6.63
500110106,18:00-20:00,6.31,6.3
500110106,20:00-22:00,4.66,4.52
500110106,22:00-24:00,1.5,2.48
500110107,00:00-02:00,0.8,0.85
500110107,02:00-04:00,0.7,0.41
500110107,04:00-06:00,0.63,0.39
500110107,06:00-08:00,3.39,9.73
500110107,08:00-10:00,17.95,25.5
500110107,10:00-12:00,10.75,12.45
500110107,12:00-14:00,10.47,11.5
500110107,14:00-16:00,9.98,8.61
500110107,16:00-18:00,15.29,14.18
500110107,18:00-20:00,16.13,8.51
500110107,20:00-22:00,5.67,4.05
500110107,22:00-24:00,4.21,2.28
500110109,00:00-02:00,0.24,0.73
500110109,02:00-04:00,0.11,0.07
500110109,04:00-06:00,0.39,0.59
500110109,06:00-08:00,1.67,1.98
500110109,08:00-10:00,2.48,5.82
500110109,10:00-12:00,3.17,2.33
500110109,12:00-14:00,3.78,3.65
500110109,14:00-16:00,2.58,2.58
500110109,16:00-18:00,5.36,3.59
500110109,18:00-20:00,6.11,3.36
500110109,20:00-22:00,2.43,2.59
500110109,22:00-24:00,1.64,1.73
500110110,00:00-02:00,0.28,1.81
500110110,02:00-04:00,0.11,0.66
500110110,04:00-06:00,0.32,1.46
500110110,06:00-08:00,3.36,0.93
500110110,08:00-10:00,5.71,3.05
500110110,10:00-12:00,4.91,3.39
500110110,12:00-14:00,4.29,2.7
500110110,14:00-16:00,3.5,2.93
500110110,16:00-18:00,4.06,3.97
500110110,18:00-20:00,3.06,4.23
500110110,20:00-22:00,2.71,2.18
500110110,22:00-24:00,0.71,2.59
500111001,00:00-02:00,0.94,1.11
500111001,02:00-04:00,0.55,0.25
500111001,04:00-06:00,0.55,0.89
500111001,06:00-08:00,7.32,4.79
500111001,08:00-10:00,7.29,5.25
500111001,10:00-12:00,5.0,4.48
500111001,12:00-14:00,5.39,4.86
500111001,14:00-16:00,5.46,6.48
500111001,16:00-18:00,8.04,8.07
500111001,18:00-20:00,6.22,6.53
500111001,20:00-22:00,3.09,4.82
500111001,22:00-24:00,3.6,3.97
500111002,00:00-02:00,1.27,0.94
500111002,02:00-04:00,0.43,0.64
500111002,04:00-06:00,0.7,0.59
500111002,06:00-08:00,10.66,2.45
500111002,08:00-10:00,8.71,3.68
500111002,10:00-12:00,4.52,3.77
500111002,12:00-14:00,6.24,3.77
500111002,14:00-16:00,5.2,5.34
500111002,16:00-18:00,6.9,8.66
500111002,18:00-20:00,3.93,9.22
500111002,20:00-22:00,2.84,7.17
500111002,22:00-24:00,1.8,4.71
500111003,00:00-02:00,1.9,2.43
500111003,02:00-04:00,0.19,1.95
500111003,04:00-06:00,0.46,1.68
500111003,06:00-08:00,12.96,8.89
500111003,08:00-10:00,14.32,14.27
500111003,10:00-12:00,8.35,11.28
500111003,12:00-14:00,11.86,14.44
500111003,14:00-16:00,11.59,10.76
500111003,16:00-18:00,18.08,17.13
500111003,18:00-20:00,18.86,14.4
500111003,20:00-22:00,12.25,9.8
500111003,22:00-24:00,6.9,6.9
500111004,00:00-02:00,1.81,2.14
500111004,02:00-04:00,0.39,0.56
500111004,04:00-06:00,2.14,0.73
500111004,06:00-08:00,9.2,6.95
500111004,08:00-10:00,12.7,6.52
500111004,10:00-12:00,7.8,6.22
500111004,12:00-14:00,8.28,6.84
500111004,14:00-16:00,7.79,7.35
500111004,16:00-18:00,13.65,12.81
500111004,18:00-20:00,13.56,17.29
500111004,20:00-22:00,9.59,13.0
500111004,22:00-24:00,5.36,8.99
500111005,00:00-02:00,2.27,1.51
500111005,02:00-04:00,0.19,1.59
500111005,04:00-06:00,0.84,1.0
500111005,06:00-08:00,4.99,9.7
500111005,08:00-10:00,12.74,9.52
500111005,10:00-12:00,5.97,9.43
500111005,12:00-14:00,7.53,9.32
500111005,14:00-16:00,8.32,7.56
500111005,16:00-18:00,11.54,11.16
500111005,18:00-20:00,15.69,11.81
500111005,20:00-22:00,10.75,6.59
500111005,22:00-24:00,6.6,6.46
500111006,00:00-02:00,0.19,0.45
500111006,02:00-04:00,0.07,0.07
500111006,04:00-06:00,0.41,1.96
500111006,06:00-08:00,6.36,10.59
500111006,08:00-10:00,11.96,11.45
500111006,10:00-12:00,11.19,11.62
500111006,12:00-14:00,10.63,11.51
500111006,14:00-16:00,10.92,10.79
500111006,16:00-18:00,12.88,13.28
500111006,18:00-20:00,10.99,12.96
500111006,20:00-22:00,10.8,7.69
500111006,22:00-24:00,1.87,1.71
500111007,00:00-02:00,0.72,1.08
500111007,02:00-04:00,0.39,0.59
500111007,04:00-06:00,0.75,1.14
500111007,06:00-08:00,7.37,8.09
500111007,08:00-10:00,9.25,9.23
500111007,10:00-12:00,6.72,6.52
500111007,12:00-14:00,8.46,8.45
500111007,14:00-16:00,6.46,7.53
500111007,16:00-18:00,12.17,10.51
500111007,18:00-20:00,12.41,10.63
500111007,20:00-22:00,6.87,6.57
500111007,22:00-24:00,3.81,3.28
500111008,00:00-02:00,1.3,1.46
500111008,02:00-04:00,1.66,0.11
500111008,04:00-06:00,1.75,0.77
500111008,06:00-08:00,8.39,8.57
500111008,08:00-10:00,11.36,6.7
500111008,10:00-12:00,7.09,5.93
500111008,12:00-14:00,8.2,6.27
500111008,14:00-16:00,5.47,6.07
500111008,16:00-18:00,11.18,10.35
500111008,18:00-20:00,7.0,13.18
500111008,20:00-22:00,7.2,8.7
500111008,22:00-24:00,3.64,4.67
500111009,00:00-02:00,0.68,0.87
500111009,02:00-04:00,0.27,0.11
500111009,04:00-06:00,1.46,1.3
500111009,06:00-08:00,9.05,3.27
500111009,08:00-10:00,6.5,4.66
500111009,10:00-12:00,5.76,3.36
500111009,12:00-14:00,4.98,3.88
500111009,14:00-16:00,4.83,4.91
500111009,16:00-18:00,5.92,8.04
500111009,18:00-20:00,4.9,8.04
500111009,20:00-22:00,4.34,5.77
500111009,22:00-24:00,2.0,3.02
500111010,00:00-02:00,1.03,2.38
500111010,02:00-04:00,0.14,1.48
500111010,04:00-06:00,0.27,1.09
500111010,06:00-08:00,6.75,3.86
500111010,08:00-10:00,7.86,6.43
500111010,10:00-12:00,4.88,4.45
500111010,12:00-14:00,7.87,7.32
500111010,14:00-16:00,4.27,4.12
500111010,16:00-18:00,8.66,7.4
500111010,18:00-20:00,7.18,5.67
500111010,20:00-22:00,4.54,3.52
500111010,22:00-24:00,3.74,5.14
500111011,00:00-02:00,0.2,0.66
500111011,02:00-04:00,0.28,0.16
500111011,04:00-06:00,0.11,0.73
500111011,06:00-08:00,1.75,7.52
500111011,08:00-10:00,12.05,11.83
500111011,10:00-12:00,6.72,6.57
500111011,12:00-14:00,9.92,9.65
500111011,14:00-16:00,6.05,8.01
500111011,16:00-18:00,12.75,7.1
500111011,18:00-20:00,7.35,5.69
500111011,20:00-22:00,4.93,2.91
500111011,22:00-24:00,1.31,1.34
500111012,00:00-02:00,0.05,0.4
500111012,02:00-04:00,0.34,0.02
500111012,04:00-06:00,0.05,0.11
500111012,06:00-08:00,4.77,10.05
500111012,08:00-10:00,14.07,15.13
500111012,10:00-12:00,5.52,2.75
500111012,12:00-14:00,6.43,9.31
500111012,14:00-16:00,3.46,4.13
500111012,16:00-18:00,18.1,13.25
500111012,18:00-20:00,4.3,1.95
500111012,20:00-22:00,1.64,1.02
500111012,22:00-24:00,2.23,0.52
500111013,00:00-02:00,4.45,4.78
500111013,02:00-04:00,0.61,2.91
500111013,04:00-06:00,0.66,3.36
500111013,06:00-08:00,17.72,13.66
500111013,08:00-10:00,16.87,15.09
500111013,10:00-12:00,10.22,12.51
500111013,12:00-14:00,12.79,14.53
500111013,14:00-16:00,13.05,13.44
500111013,16:00-18:00,19.92,27.05
500111013,18:00-20:00,24.5,14.6
500111013,20:00-22:00,15.05,9.2
500111013,22:00-24:00,9.63,6.83
500111014,00:00-02:00,0.92,1.77
500111014,02:00-04:00,0.48,0.16
500111014,04:00-06:00,1.21,0.95
500111014,06:00-08:00,11.53,3.5
500111014,08:00-10:00,6.15,3.91
500111014,10:00-12:00,5.55,4.07
500111014,12:00-14:00,5.96,5.88
500111014,14:00-16:00,5.6,5.87
500111014,16:00-18:00,8.17,12.47
500111014,18:00-20:00,10.32,11.86
500111014,20:00-22:00,7.25,9.01
500111014,22:00-24:00,4.12,4.94
500111015,00:00-02:00,1.25,1.37
500111015,02:00-04:00,0.16,0.2
500111015,04:00-06:00,0.84,0.39
500111015,06:00-08:00,7.58,2.07
500111015,08:00-10:00,6.89,3.23
500111015,10:00-12:00,5.26,4.04
500111015,12:00-14:00,5.89,4.77
500111015,14:00-16:00,3.87,4.37
500111015,16:00-18:00,6.48,8.5
500111015,18:00-20:00,8.71,10.29
500111015,20:00-22:00,4.27,8.3
500111015,22:00-24:00,2.07,3.82
500111016,00:00-02:00,0.75,2.33
500111016,02:00-04:00,0.11,0.61
500111016,04:00-06:00,0.8,0.2
500111016,06:00-08:00,7.41,2.94
500111016,08:00-10:00,11.67,3.89
500111016,10:00-12:00,5.11,4.75
500111016,12:00-14:00,5.61,4.29
500111016,14:00-16:00,4.35,4.09
500111016,16:00-18:00,7.27,8.63
500111016,18:00-20:00,5.75,10.25
500111016,20:00-22:00,3.8,8.04
500111016,22:00-24:00,2.85,3.83
500111017,00:00-02:00,0.64,1.93
500111017,02:00-04:00,0.23,0.32
500111017,04:00-06:00,0.59,0.11
500111017,06:00-08:00,6.4,1.89
500111017,08:00-10:00,6.26,2.66
500111017,10:00-12:00,3.64,3.25
500111017,12:00-14:00,3.63,3.48
500111017,14:00-16:00,3.08,2.91
500111017,16:00-18:00,4.17,5.96
500111017,18:00-20:00,3.87,5.86
500111017,20:00-22:00,2.77,4.45
500111017,22:00-24:00,2.64,2.94
500111018,00:00-02:00,0.52,0.71
500111018,02:00-04:00,0.14,0.2
500111018,04:00-06:00,0.61,0.34
500111018,06:00-08:00,3.94,1.89
500111018,08:00-10:00,4.55,2.8
500111018,10:00-12:00,3.13,3.61
500111018,12:00-14:00,3.15,3.45
500111018,14:00-16:00,2.88,2.93
500111018,16:00-18:00,4.76,5.82
500111018,18:00-20:00,6.17,6.25
500111018,20:00-22:00,4.06,4.09
500111018,22:00-24:00,1.94,1.98
500111019,00:00-02:00,1.15,1.06
500111019,02:00-04:00,0.07,0.16
500111019,04:00-06:00,0.02,0.36
500111019,06:00-08:00,2.05,4.23
500111019,08:00-10:00,2.91,8.5
500111019,10:00-12:00,3.52,8.29
500111019,12:00-14:00,9.43,10.53
500111019,14:00-16:00,11.19,10.23
500111019,16:00-18:00,16.19,9.02
500111019,18:00-20:00,14.56,9.7
500111019,20:00-22:00,7.31,3.11
500111019,22:00-24:00,2.15,1.39
500111020,00:00-02:00,0.27,0.31
500111020,02:00-04:00,0.11,0.2
500111020,04:00-06:00,0.34,0.5
500111020,06:00-08:00,4.15,7.77
500111020,08:00-10:00,11.8,19.3
500111020,10:00-12:00,6.81,6.43
500111020,12:00-14:00,9.09,7.95
500111020,14:00-16:00,5.35,8.92
500111020,16:00-18:00,20.02,8.23
500111020,18:00-20:00,8.73,4.27
500111020,20:00-22:00,2.91,2.2
500111020,22:00-24:00,1.95,0.98
500111021,00:00-02:00,0.77,2.33
500111021,02:00-04:00,0.36,1.0
500111021,04:00-06:00,0.68,0.48
500111021,06:00-08:00,4.3,4.3
500111021,08:00-10:00,7.3,4.46
500111021,10:00-12:00,3.78,4.48
500111021,12:00-14:00,6.09,5.16
500111021,14:00-16:00,4.32,4.16
500111021,16:00-18:00,6.54,5.76
500111021,18:00-20:00,5.32,6.43
500111021,20:00-22:00,4.52,4.23
500111021,22:00-24:00,1.8,2.03
500111022,00:00-02:00,0.52,0.94
500111022,02:00-04:00,0.11,0.98
500111022,04:00-06:00,0.09,3.14
500111022,06:00-08:00,6.02,2.57
500111022,08:00-10:00,8.48,4.86
500111022,10:00-12:00,5.0,6.38
500111022,12:00-14:00,7.33,6.77
500111022,14:00-16:00,6.9,9.23
500111022,16:00-18:00,9.25,11.7
500111022,18:00-20:00,9.63,6.09
500111022,20:00-22:00,5.21,2.89
500111022,22:00-24:00,3.04,3.23
500111023,00:00-02:00,1.65,1.21
500111023,02:00-04:00,0.2,0.27
500111023,04:00-06:00,1.11,0.52
500111023,06:00-08:00,8.03,3.73
500111023,08:00-10:00,11.17,7.23
500111023,10:00-12:00,7.21,4.63
500111023,12:00-14:00,6.43,6.04
500111023,14:00-16:00,6.16,6.35
500111023,16:00-18:00,9.28,11.67
500111023,18:00-20:00,9.72,9.97
500111023,20:00-22:00,4.43,9.63
500111023,22:00-24:00,2.0,4.62
500111024,00:00-02:00,0.52,0.14
500111024,02:00-04:00,0.07,0.02
500111024,04:00-06:00,0.62,1.0
500111024,06:00-08:00,1.65,5.07
500111024,08:00-10:00,1.98,5.45
500111024,10:00-12:00,3.45,2.14
500111024,12:00-14:00,3.75,3.66
500111024,14:00-16:00,3.21,3.99
500111024,16:00-18:00,10.75,2.38
500111024,18:00-20:00,3.8,4.48
500111024,20:00-22:00,1.94,2.18
500111024,22:00-24:00,0.94,1.09
500111025,00:00-02:00,0.13,0.8
500111025,02:00-04:00,0.05,0.02
500111025,04:00-06:00,0.02,0.43
500111025,06:00-08:00,1.64,1.91
500111025,08:00-10:00,4.17,4.63
500111025,10:00-12:00,3.44,2.31
500111025,12:00-14:00,3.05,4.69
500111025,14:00-16:00,2.33,1.54
500111025,16:00-18:00,3.61,3.13
500111025,18:00-20:00,2.4,1.73
500111025,20:00-22:00,1.53,0.86
500111025,22:00-24:00,0.87,0.36
500111026,00:00-02:00,0.88,2.19
500111026,02:00-04:00,0.05,1.11
500111026,04:00-06:00,0.0,1.07
500111026,06:00-08:00,7.94,4.0
500111026,08:00-10:00,7.54,5.64
500111026,10:00-12:00,2.67,2.99
500111026,12:00-14:00,3.75,4.05
500111026,14:00-16:00,3.48,3.58
500111026,16:00-18:00,6.61,9.29
500111026,18:00-20:00,6.91,4.03
500111026,20:00-22:00,4.81,2.2
500111026,22:00-24:00,2.93,2.71
500111027,00:00-02:00,0.75,1.86
500111027,02:00-04:00,0.09,1.18
500111027,04:00-06:00,0.05,0.09
500111027,06:00-08:00,3.65,0.7
500111027,08:00-10:00,5.97,5.27
500111027,10:00-12:00,1.2,1.32
500111027,12:00-14:00,1.66,1.54
500111027,14:00-16:00,2.03,0.96
500111027,16:00-18:00,2.01,3.63
500111027,18:00-20:00,2.92,2.5
500111027,20:00-22:00,3.22,1.27
500111027,22:00-24:00,1.96,2.07
500111028,00:00-02:00,1.34,1.04
500111028,02:00-04:00,0.05,0.09
500111028,04:00-06:00,1.21,0.14
500111028,06:00-08:00,9.83,4.25
500111028,08:00-10:00,8.53,7.55
500111028,10:00-12:00,6.09,4.48
500111028,12:00-14:00,6.58,4.79
500111028,14:00-16:00,3.51,4.84
500111028,16:00-18:00,8.22,8.18
500111028,18:00-20:00,9.32,10.75
500111028,20:00-22:00,3.03,8.25
500111028,22:00-24:00,1.73,3.72
500111029,00:00-02:00,1.77,3.49
500111029,02:00-04:00,1.79,0.29
500111029,04:00-06:00,0.61,0.66
500111029,06:00-08:00,1.73,2.6
500111029,08:00-10:00,2.64,4.14
500111029,10:00-12:00,4.82,3.65
500111029,12:00-14:00,3.75,3.71
500111029,14:00-16:00,4.0,2.43
500111029,16:00-18:00,3.9,2.9
500111029,18:00-20:00,2.01,2.36
500111029,20:00-22:00,1.24,2.75
500111029,22:00-24:00,4.23,3.74
500111030,00:00-02:00,0.42,0.57
500111030,02:00-04:00,0.0,0.2
500111030,04:00-06:00,0.25,0.2
500111030,06:00-08:00,2.95,0.72
500111030,08:00-10:00,3.8,2.5
500111030,10:00-12:00,2.62,1.21
500111030,12:00-14:00,1.76,1.54
500111030,14:00-16:00,1.49,1.59
500111030,16:00-18:00,2.15,3.22
500111030,18:00-20:00,1.66,3.4
500111030,20:00-22:00,1.5,2.1
500111030,22:00-24:00,0.3,0.91
500111031,00:00-02:00,0.87,1.01
500111031,02:00-04:00,0.07,0.16
500111031,04:00-06:00,0.86,0.11
500111031,06:00-08:00,4.61,2.43
500111031,08:00-10:00,6.53,4.91
500111031,10:00-12:00,4.31,3.73
500111031,12:00-14:00,4.29,3.54
500111031,14:00-16:00,2.97,2.43
500111031,16:00-18:00,4.26,6.72
500111031,18:00-20:00,5.62,5.49
500111031,20:00-22:00,3.86,3.71
500111031,22:00-24:00,1.64,2.62
500111032,00:00-02:00,0.54,0.4
500111032,02:00-04:00,0.14,0.02
500111032,04:00-06:00,0.07,0.05
500111032,06:00-08:00,2.19,1.41
500111032,08:00-10:00,4.72,6.24
500111032,10:00-12:00,2.6,2.04
500111032,12:00-14:00,3.31,3.14
500111032,14:00-16:00,2.61,3.47
500111032,16:00-18:00,4.38,4.4
500111032,18:00-20:00,5.4,4.08
500111032,20:00-22:00,3.16,2.24
500111032,22:00-24:00,1.11,1.41
500111033,00:00-02:00,0.82,0.68
500111033,02:00-04:00,0.45,0.57
500111033,04:00-06:00,0.48,0.11
500111033,06:00-08:00,4.91,5.2
500111033,08:00-10:00,8.01,9.33
500111033,10:00-12:00,5.83,4.6
500111033,12:00-14:00,7.38,6.41
500111033,14:00-16:00,4.28,3.39
500111033,16:00-18:00,8.78,5.39
500111033,18:00-20:00,4.96,4.73
500111033,20:00-22:00,2.49,3.48
500111033,22:00-24:00,1.25,2.96
500111034,00:00-02:00,0.2,0.42
500111034,02:00-04:00,0.02,0.14
500111034,04:00-06:00,0.14,0.05
500111034,06:00-08:00,0.74,4.36
500111034,08:00-10:00,1.45,5.16
500111034,10:00-12:00,1.64,2.1
500111034,12:00-14:00,3.88,4.49
500111034,14:00-16:00,2.57,3.57
500111034,16:00-18:00,8.85,3.98
500111034,18:00-20:00,5.6,3.59
500111034,20:00-22:00,4.05,1.3
500111034,22:00-24:00,2.02,0.59
500111035,00:00-02:00,1.21,2.73
500111035,02:00-04:00,0.08,1.61
500111035,04:00-06:00,1.58,4.57
500111035,06:00-08:00,19.59,12.64
500111035,08:00-10:00,19.6,15.08
500111035,10:00-12:00,11.47,12.85
500111035,12:00-14:00,14.53,13.66
500111035,14:00-16:00,12.36,12.29
500111035,16:00-18:00,19.22,26.84
500111035,18:00-20:00,19.34,15.96
500111035,20:00-22:00,14.26,10.35
500111035,22:00-24:00,8.04,4.37
500111036,00:00-02:00,0.64,1.57
500111036,02:00-04:00,0.11,0.28
500111036,04:00-06:00,0.57,0.73
500111036,06:00-08:00,5.21,2.25
500111036,08:00-10:00,5.7,3.61
500111036,10:00-12:00,3.79,3.0
500111036,12:00-14:00,3.35,3.23
500111036,14:00-16:00,2.96,3.14
500111036,16:00-18:00,5.3,5.21
500111036,18:00-20:00,4.03,5.84
500111036,20:00-22:00,2.93,3.97
500111036,22:00-24:00,2.09,2.14
500111037,00:00-02:00,1.0,0.66
500111037,02:00-04:00,0.09,0.18
500111037,04:00-06:00,0.11,0.61
500111037,06:00-08:00,4.35,7.88
500111037,08:00-10:00,9.3,10.59
500111037,10:00-12:00,4.22,5.18
500111037,12:00-14:00,7.65,7.49
500111037,14:00-16:00,5.06,4.63
500111037,16:00-18:00,11.22,6.6
500111037,18:00-20:00,7.01,5.02
500111037,20:00-22:00,4.28,2.98
500111037,22:00-24:00,1.79,1.41
500111038,00:00-02:00,0.64,0.64
500111038,02:00-04:00,1.25,0.18
500111038,04:00-06:00,0.33,0.57
500111038,06:00-08:00,3.2,8.68
500111038,08:00-10:00,14.93,16.98
500111038,10:00-12:00,7.07,10.68
500111038,12:00-14:00,9.52,11.6
500111038,14:00-16:00,8.87,9.92
500111038,16:00-18:00,21.94,12.1
500111038,18:00-20:00,10.98,7.5
500111038,20:00-22:00,6.06,2.8
500111038,22:00-24:00,2.82,1.48
500111039,00:00-02:00,0.62,0.91
500111039,02:00-04:00,0.23,0.66
500111039,04:00-06:00,0.55,0.41
500111039,06:00-08:00,2.61,0.86
500111039,08:00-10:00,5.41,1.86
500111039,10:00-12:00,2.95,1.79
500111039,12:00-14:00,2.29,2.43
500111039,14:00-16:00,2.31,2.12
500111039,16:00-18:00,2.69,3.01
500111039,18:00-20:00,2.13,4.02
500111039,20:00-22:00,1.59,3.0
500111039,22:00-24:00,1.27,2.48
500111040,00:00-02:00,0.42,0.39
500111040,02:00-04:00,0.09,0.18
500111040,04:00-06:00,0.91,0.75
500111040,06:00-08:00,4.27,5.08
500111040,08:00-10:00,6.8,7.14
500111040,10:00-12:00,4.87,4.93
500111040,12:00-14:00,4.51,6.05
500111040,14:00-16:00,3.57,3.31
500111040,16:00-18:00,10.26,6.74
500111040,18:00-20:00,6.67,4.25
500111040,20:00-22:00,2.0,2.68
500111040,22:00-24:00,1.01,1.58
500111041,00:00-02:00,0.68,0.47
500111041,02:00-04:00,0.34,0.07
500111041,04:00-06:00,0.48,0.48
500111041,06:00-08:00,3.09,6.29
500111041,08:00-10:00,7.76,8.41
500111041,10:00-12:00,5.06,4.93
500111041,12:00-14:00,6.08,6.27
500111041,14:00-16:00,3.8,4.05
500111041,16:00-18:00,7.94,4.09
500111041,18:00-20:00,5.42,4.34
500111041,20:00-22:00,2.95,3.68
500111041,22:00-24:00,1.89,1.43
500111042,00:00-02:00,0.87,1.46
500111042,02:00-04:00,0.48,0.21
500111042,04:00-06:00,0.34,0.66
500111042,06:00-08:00,4.19,3.79
500111042,08:00-10:00,6.43,3.81
500111042,10:00-12:00,3.5,2.78
500111042,12:00-14:00,3.95,3.55
500111042,14:00-16:00,3.89,3.23
500111042,16:00-18:00,4.32,6.2
500111042,18:00-20:00,5.25,7.79
500111042,20:00-22:00,4.73,5.59
500111042,22:00-24:00,3.3,2.85
500111043,00:00-02:00,0.16,0.66
500111043,02:00-04:00,0.02,0.23
500111043,04:00-06:00,0.07,0.32
500111043,06:00-08:00,1.59,2.18
500111043,08:00-10:00,4.35,4.32
500111043,10:00-12:00,4.81,2.39
500111043,12:00-14:00,3.37,3.59
500111043,14:00-16:00,3.79,2.52
500111043,16:00-18:00,3.39,2.83
500111043,18:00-20:00,3.35,2.86
500111043,20:00-22:00,1.43,1.98
500111043,22:00-24:00,0.67,2.39
500111044,00:00-02:00,0.99,0.16
500111044,02:00-04:00,0.3,0.11
500111044,04:00-06:00,0.11,0.09
500111044,06:00-08:00,1.86,3.49
500111044,08:00-10:00,2.3,2.41
500111044,10:00-12:00,2.7,1.48
500111044,12:00-14:00,2.73,2.07
500111044,14:00-16:00,1.46,1.77
500111044,16:00-18:00,4.95,2.49
500111044,18:00-20:00,3.84,4.09
500111044,20:00-22:00,2.25,5.16
500111044,22:00-24:00,0.8,1.05
500111045,00:00-02:00,0.94,0.64
500111045,02:00-04:00,1.57,0.5
500111045,04:00-06:00,1.23,0.16
500111045,06:00-08:00,3.78,1.48
500111045,08:00-10:00,6.12,4.52
500111045,10:00-12:00,3.85,2.93
500111045,12:00-14:00,3.98,3.57
500111045,14:00-16:00,2.82,3.07
500111045,16:00-18:00,4.53,10.12
500111045,18:00-20:00,4.68,7.5
500111045,20:00-22:00,4.02,3.8
500111045,22:00-24:00,3.64,2.0
500111046,00:00-02:00,1.57,2.52
500111046,02:00-04:00,0.23,0.64
500111046,04:00-06:00,0.82,2.57
500111046,06:00-08:00,11.85,16.36
500111046,08:00-10:00,14.8,16.01
500111046,10:00-12:00,11.28,13.3
500111046,12:00-14:00,15.59,14.97
500111046,14:00-16:00,14.38,12.9
500111046,16:00-18:00,18.58,18.62
500111046,18:00-20:00,20.18,16.94
500111046,20:00-22:00,14.03,11.36
500111046,22:00-24:00,10.06,7.81
500111047,00:00-02:00,0.42,1.17
500111047,02:00-04:00,0.23,0.32
500111047,04:00-06:00,0.61,0.07
500111047,06:00-08:00,5.58,2.0
500111047,08:00-10:00,6.86,5.68
500111047,10:00-12:00,5.35,3.16
500111047,12:00-14:00,5.22,3.5
500111047,14:00-16:00,3.31,3.05
500111047,16:00-18:00,4.8,5.66
500111047,18:00-20:00,4.05,6.3
500111047,20:00-22:00,3.27,4.25
500111047,22:00-24:00,1.89,2.84
500111048,00:00-02:00,1.13,0.93
500111048,02:00-04:00,0.09,0.66
500111048,04:00-06:00,0.84,0.32
500111048,06:00-08:00,7.84,4.14
500111048,08:00-10:00,6.45,4.05
500111048,10:00-12:00,6.41,3.91
500111048,12:00-14:00,4.32,3.52
500111048,14:00-16:00,3.36,2.79
500111048,16:00-18:00,5.41,5.87
500111048,18:00-20:00,6.2,8.28
500111048,20:00-22:00,3.7,6.37
500111048,22:00-24:00,2.55,4.11
500111049,00:00-02:00,0.54,0.87
500111049,02:00-04:00,0.07,0.25
500111049,04:00-06:00,0.43,0.2
500111049,06:00-08:00,2.08,1.77
500111049,08:00-10:00,2.82,3.43
500111049,10:00-12:00,2.03,1.7
500111049,12:00-14:00,2.04,2.61
500111049,14:00-16:00,2.25,2.84
500111049,16:00-18:00,4.74,3.76
500111049,18:00-20:00,5.7,4.48
500111049,20:00-22:00,4.16,3.33
500111049,22:00-24:00,1.22,1.18
500111050,00:00-02:00,1.67,0.58
500111050,02:00-04:00,0.3,0.16
500111050,04:00-06:00,0.55,0.41
500111050,06:00-08:00,4.45,5.8
500111050,08:00-10:00,7.44,8.52
500111050,10:00-12:00,6.29,4.74
500111050,12:00-14:00,6.44,5.36
500111050,14:00-16:00,4.39,5.0
500111050,16:00-18:00,9.28,6.02
500111050,18:00-20:00,7.01,6.84
500111050,20:00-22:00,4.89,5.55
500111050,22:00-24:00,2.41,3.28
500111051,00:00-02:00,0.68,2.88
500111051,02:00-04:00,0.0,0.41
500111051,04:00-06:00,0.3,1.36
500111051,06:00-08:00,7.75,5.17
500111051,08:00-10:00,8.83,6.95
500111051,10:00-12:00,5.24,7.06
500111051,12:00-14:00,6.62,8.41
500111051,14:00-16:00,5.6,6.41
500111051,16:00-18:00,8.39,10.19
500111051,18:00-20:00,10.24,8.61
500111051,20:00-22:00,7.15,3.66
500111051,22:00-24:00,3.48,1.73
500111052,00:00-02:00,0.09,0.42
500111052,02:00-04:00,0.11,0.5
500111052,04:00-06:00,0.07,0.16
500111052,06:00-08:00,0.79,0.8
500111052,08:00-10:00,2.36,1.64
500111052,10:00-12:00,0.87,1.02
500111052,12:00-14:00,1.64,1.41
500111052,14:00-16:00,1.0,1.5
500111052,16:00-18:00,2.09,1.64
500111052,18:00-20:00,1.86,1.11
500111052,20:00-22:00,1.0,0.84
500111052,22:00-24:00,0.63,0.61
500111053,00:00-02:00,0.75,0.55
500111053,02:00-04:00,0.14,0.09
500111053,04:00-06:00,0.37,0.11
500111053,06:00-08:00,2.31,0.84
500111053,08:00-10:00,3.18,2.55
500111053,10:00-12:00,2.85,2.18
500111053,12:00-14:00,1.73,2.11
500111053,14:00-16:00,1.89,2.18
500111053,16:00-18:00,1.9,3.26
500111053,18:00-20:00,3.94,3.64
500111053,20:00-22:00,1.99,2.9
500111053,22:00-24:00,1.58,1.22
500111054,00:00-02:00,0.02,0.12
500111054,02:00-04:00,0.02,0.23
500111054,04:00-06:00,0.07,0.0
500111054,06:00-08:00,1.46,0.48
500111054,08:00-10:00,1.07,0.89
500111054,10:00-12:00,1.01,0.95
500111054,12:00-14:00,0.83,1.2
500111054,14:00-16:00,0.64,0.98
500111054,16:00-18:00,2.1,1.83
500111054,18:00-20:00,1.58,1.39
500111054,20:00-22:00,1.39,1.14
500111054,22:00-24:00,0.45,0.82
500111055,00:00-02:00,0.35,0.75
500111055,02:00-04:00,0.16,0.09
500111055,04:00-06:00,0.16,0.39
500111055,06:00-08:00,6.16,9.29
500111055,08:00-10:00,6.43,8.49
500111055,10:00-12:00,4.93,3.09
500111055,12:00-14:00,5.34,6.22
500111055,14:00-16:00,4.68,3.89
500111055,16:00-18:00,13.72,4.86
500111055,18:00-20:00,5.61,5.11
500111055,20:00-22:00,3.02,2.84
500111055,22:00-24:00,0.85,1.87
500111056,00:00-02:00,1.73,2.03
500111056,02:00-04:00,0.09,0.23
500111056,04:00-06:00,0.23,0.48
500111056,06:00-08:00,5.97,15.02
500111056,08:00-10:00,15.56,8.11
500111056,10:00-12:00,4.3,4.61
500111056,12:00-14:00,6.02,6.0
500111056,14:00-16:00,5.3,6.96
500111056,16:00-18:00,15.23,15.03
500111056,18:00-20:00,11.15,8.18
500111056,20:00-22:00,7.45,3.57
500111056,22:00-24:00,4.39,2.46
500111057,00:00-02:00,1.95,1.88
500111057,02:00-04:00,0.84,0.71
500111057,04:00-06:00,2.07,0.95
500111057,06:00-08:00,7.02,5.69
500111057,08:00-10:00,9.81,6.21
500111057,10:00-12:00,8.08,6.86
500111057,12:00-14:00,7.13,6.78
500111057,14:00-16:00,5.25,4.89
500111057,16:00-18:00,8.64,10.61
500111057,18:00-20:00,8.13,11.16
500111057,20:00-22:00,6.2,7.64
500111057,22:00-24:00,3.35,3.67
500111058,00:00-02:00,0.52,0.83
500111058,02:00-04:00,0.0,0.14
500111058,04:00-06:00,0.14,0.09
500111058,06:00-08:00,1.83,0.77
500111058,08:00-10:00,3.18,0.82
500111058,10:00-12:00,1.91,1.82
500111058,12:00-14:00,2.41,2.16
500111058,14:00-16:00,1.36,1.55
500111058,16:00-18:00,2.08,3.04
500111058,18:00-20:00,3.42,3.27
500111058,20:00-22:00,0.74,2.09
500111058,22:00-24:00,0.86,1.22
500111059,00:00-02:00,0.12,0.61
500111059,02:00-04:00,0.02,0.05
500111059,04:00-06:00,0.52,0.07
500111059,06:00-08:00,1.64,1.2
500111059,08:00-10:00,2.7,4.49
500111059,10:00-12:00,3.03,1.33
500111059,12:00-14:00,2.88,2.27
500111059,14:00-16:00,1.89,1.75
500111059,16:00-18:00,5.15,2.38
500111059,18:00-20:00,2.15,3.52
500111059,20:00-22:00,1.21,2.27
500111059,22:00-24:00,0.5,1.54
500111060,00:00-02:00,1.86,0.99
500111060,02:00-04:00,0.68,0.36
500111060,04:00-06:00,0.64,0.5
500111060,06:00-08:00,8.64,3.75
500111060,08:00-10:00,12.19,7.91
500111060,10:00-12:00,6.27,3.48
500111060,12:00-14:00,5.61,5.2
500111060,14:00-16:00,4.06,4.14
500111060,16:00-18:00,9.03,9.52
500111060,18:00-20:00,6.72,11.0
500111060,20:00-22:00,4.82,9.73
500111060,22:00-24:00,2.48,4.92
500111061,00:00-02:00,1.57,1.74
500111061,02:00-04:00,0.02,0.25
500111061,04:00-06:00,0.34,0.23
500111061,06:00-08:00,2.15,2.09
500111061,08:00-10:00,4.61,2.69
500111061,10:00-12:00,1.88,1.79
500111061,12:00-14:00,1.29,1.73
500111061,14:00-16:00,1.5,2.04
500111061,16:00-18:00,4.51,3.71
500111061,18:00-20:00,4.32,2.64
500111061,20:00-22:00,2.77,0.8
500111061,22:00-24:00,1.85,3.41
500111062,00:00-02:00,1.33,1.23
500111062,02:00-04:00,0.09,0.2
500111062,04:00-06:00,0.02,0.5
500111062,06:00-08:00,6.13,8.55
500111062,08:00-10:00,11.82,7.23
500111062,10:00-12:00,4.22,4.41
500111062,12:00-14:00,4.09,5.38
500111062,14:00-16:00,4.61,6.49
500111062,16:00-18:00,8.85,7.75
500111062,18:00-20:00,8.68,6.68
500111062,20:00-22:00,5.86,3.41
500111062,22:00-24:00,3.46,2.8
500111063,00:00-02:00,1.11,0.54
500111063,02:00-04:00,0.07,0.14
500111063,04:00-06:00,0.39,0.41
500111063,06:00-08:00,5.51,4.88
500111063,08:00-10:00,6.88,6.58
500111063,10:00-12:00,6.35,5.09
500111063,12:00-14:00,4.76,4.16
500111063,14:00-16:00,4.44,4.23
500111063,16:00-18:00,7.11,5.98
500111063,18:00-20:00,4.94,5.38
500111063,20:00-22:00,2.22,3.94
500111063,22:00-24:00,2.56,2.56
500111065,00:00-02:00,0.78,0.71
500111065,02:00-04:00,0.25,0.18
500111065,04:00-06:00,1.23,1.16
500111065,06:00-08:00,8.0,6.59
500111065,08:00-10:00,9.87,16.0
500111065,10:00-12:00,7.82,5.91
500111065,12:00-14:00,8.99,10.04
500111065,14:00-16:00,6.8,6.46
500111065,16:00-18:00,8.78,12.4
500111065,18:00-20:00,14.11,11.9
500111065,20:00-22:00,8.94,5.59
500111065,22:00-24:00,4.92,2.96
500111066,00:00-02:00,0.33,0.43
500111066,02:00-04:00,0.02,0.05
500111066,04:00-06:00,0.07,0.07
500111066,06:00-08:00,0.43,1.94
500111066,08:00-10:00,1.7,2.09
500111066,10:00-12:00,1.39,1.16
500111066,12:00-14:00,2.0,2.03
500111066,14:00-16:00,1.43,0.81
500111066,16:00-18:00,2.85,2.14
500111066,18:00-20:00,1.82,1.12
500111066,20:00-22:00,0.98,0.96
500111066,22:00-24:00,0.52,0.94
500111067,00:00-02:00,0.45,0.42
500111067,02:00-04:00,0.16,0.09
500111067,04:00-06:00,1.07,0.5
500111067,06:00-08:00,4.43,1.91
500111067,08:00-10:00,4.04,4.02
500111067,10:00-12:00,4.24,3.27
500111067,12:00-14:00,4.32,3.77
500111067,14:00-16:00,3.76,3.52
500111067,16:00-18:00,4.83,6.51
500111067,18:00-20:00,7.16,6.2
500111067,20:00-22:00,3.71,4.45
500111067,22:00-24:00,1.6,2.64
500111068,00:00-02:00,0.7,2.12
500111068,02:00-04:00,0.07,1.18
500111068,04:00-06:00,0.59,1.07
500111068,06:00-08:00,8.27,4.8
500111068,08:00-10:00,9.1,7.21
500111068,10:00-12:00,3.76,5.06
500111068,12:00-14:00,4.8,4.87
500111068,14:00-16:00,4.4,4.38
500111068,16:00-18:00,7.14,12.41
500111068,18:00-20:00,8.59,5.82
500111068,20:00-22:00,5.47,3.52
500111068,22:00-24:00,2.81,1.5
500111069,00:00-02:00,2.75,2.64
500111069,02:00-04:00,0.77,2.64
500111069,04:00-06:00,0.74,4.09
500111069,06:00-08:00,12.15,6.09
500111069,08:00-10:00,14.51,9.7
500111069,10:00-12:00,8.11,10.2
500111069,12:00-14:00,11.32,11.27
500111069,14:00-16:00,11.03,9.72
500111069,16:00-18:00,17.41,22.32
500111069,18:00-20:00,19.24,15.94
500111069,20:00-22:00,11.41,6.61
500111069,22:00-24:00,8.02,7.15
500111070,00:00-02:00,1.04,2.65
500111070,02:00-04:00,0.73,0.73
500111070,04:00-06:00,2.8,0.67
500111070,06:00-08:00,19.24,10.2
500111070,08:00-10:00,15.83,9.86
500111070,10:00-12:00,10.2,5.86
500111070,12:00-14:00,9.9,7.72
500111070,14:00-16:00,8.17,8.48
500111070,16:00-18:00,9.93,15.39
500111070,18:00-20:00,18.12,18.46
500111070,20:00-22:00,9.19,13.87
500111070,22:00-24:00,7.31,10.01
500111071,00:00-02:00,0.47,0.85
500111071,02:00-04:00,0.14,0.07
500111071,04:00-06:00,1.09,0.27
500111071,06:00-08:00,6.51,11.98
500111071,08:00-10:00,4.52,3.56
500111071,10:00-12:00,3.43,2.41
500111071,12:00-14:00,3.43,3.39
500111071,14:00-16:00,4.3,2.4
500111071,16:00-18:00,9.97,5.0
500111071,18:00-20:00,5.02,6.77
500111071,20:00-22:00,3.79,3.64
500111071,22:00-24:00,1.41,2.09
500111072,00:00-02:00,0.54,1.21
500111072,02:00-04:00,0.05,0.0
500111072,04:00-06:00,1.11,0.52
500111072,06:00-08:00,6.02,1.66
500111072,08:00-10:00,6.54,4.32
500111072,10:00-12:00,3.78,3.18
500111072,12:00-14:00,3.1,2.29
500111072,14:00-16:00,2.87,2.89
500111072,16:00-18:00,3.81,4.52
500111072,18:00-20:00,2.9,4.09
500111072,20:00-22:00,1.9,3.78
500111072,22:00-24:00,1.0,2.24
500111073,00:00-02:00,0.47,1.16
500111073,02:00-04:00,0.55,0.3
500111073,04:00-06:00,0.66,0.41
500111073,06:00-08:00,6.5,5.44
500111073,08:00-10:00,9.76,5.54
500111073,10:00-12:00,6.03,4.65
500111073,12:00-14:00,5.57,4.34
500111073,14:00-16:00,4.49,3.7
500111073,16:00-18:00,5.69,7.43
500111073,18:00-20:00,8.3,7.73
500111073,20:00-22:00,4.1,5.92
500111073,22:00-24:00,3.07,3.12
500111074,00:00-02:00,0.47,0.82
500111074,02:00-04:00,0.02,0.45
500111074,04:00-06:00,1.02,0.55
500111074,06:00-08:00,3.16,2.23
500111074,08:00-10:00,3.35,5.32
500111074,10:00-12:00,2.64,2.4
500111074,12:00-14:00,3.25,2.91
500111074,14:00-16:00,2.95,2.89
500111074,16:00-18:00,8.17,4.61
500111074,18:00-20:00,5.05,4.34
500111074,20:00-22:00,2.97,3.95
500111074,22:00-24:00,1.08,2.5
500111075,00:00-02:00,0.8,0.71
500111075,02:00-04:00,0.2,0.25
500111075,04:00-06:00,1.09,0.48
500111075,06:00-08:00,5.79,5.78
500111075,08:00-10:00,8.32,7.34
500111075,10:00-12:00,8.13,7.37
500111075,12:00-14:00,7.3,6.18
500111075,14:00-16:00,4.92,4.39
500111075,16:00-18:00,6.69,6.76
500111075,18:00-20:00,6.85,6.66
500111075,20:00-22:00,3.3,5.81
500111075,22:00-24:00,2.71,2.2
500111076,00:00-02:00,2.24,2.43
500111076,02:00-04:00,0.0,0.39
500111076,04:00-06:00,0.07,0.39
500111076,06:00-08:00,4.16,1.5
500111076,08:00-10:00,5.7,4.66
500111076,10:00-12:00,3.72,3.45
500111076,12:00-14:00,3.97,4.29
500111076,14:00-16:00,4.5,4.22
500111076,16:00-18:00,6.33,6.2
500111076,18:00-20:00,5.4,3.72
500111076,20:00-22:00,3.75,1.78
500111076,22:00-24:00,2.19,2.24
500111077,00:00-02:00,1.13,0.67
500111077,02:00-04:00,0.11,0.02
500111077,04:00-06:00,0.45,0.11
500111077,06:00-08:00,2.58,1.77
500111077,08:00-10:00,4.17,2.64
500111077,10:00-12:00,2.21,2.21
500111077,12:00-14:00,2.56,2.11
500111077,14:00-16:00,2.46,2.35
500111077,16:00-18:00,1.85,4.81
500111077,18:00-20:00,4.13,3.93
500111077,20:00-22:00,1.94,3.03
500111077,22:00-24:00,1.64,1.8
500111078,00:00-02:00,0.71,0.57
500111078,02:00-04:00,0.18,0.02
500111078,04:00-06:00,2.43,0.23
500111078,06:00-08:00,1.82,1.95
500111078,08:00-10:00,4.05,6.03
500111078,10:00-12:00,3.56,2.86
500111078,12:00-14:00,4.37,4.41
500111078,14:00-16:00,2.4,2.75
500111078,16:00-18:00,4.97,3.77
500111078,18:00-20:00,4.32,3.9
500111078,20:00-22:00,2.32,3.27
500111078,22:00-24:00,1.07,2.89
500111079,00:00-02:00,1.21,2.47
500111079,02:00-04:00,0.38,0.3
500111079,04:00-06:00,0.46,0.82
500111079,06:00-08:00,7.82,9.89
500111079,08:00-10:00,14.59,10.87
500111079,10:00-12:00,5.19,7.99
500111079,12:00-14:00,10.1,10.08
500111079,14:00-16:00,7.55,5.91
500111079,16:00-18:00,15.14,14.07
500111079,18:00-20:00,13.12,12.44
500111079,20:00-22:00,8.89,6.59
500111079,22:00-24:00,5.57,4.21
500111080,00:00-02:00,1.67,1.81
500111080,02:00-04:00,0.75,1.24
500111080,04:00-06:00,2.0,1.01
500111080,06:00-08:00,5.61,2.84
500111080,08:00-10:00,6.19,6.08
500111080,10:00-12:00,5.31,4.73
500111080,12:00-14:00,5.85,5.45
500111080,14:00-16:00,5.03,4.71
500111080,16:00-18:00,6.65,7.51
500111080,18:00-20:00,6.87,7.72
500111080,20:00-22:00,4.6,6.36
500111080,22:00-24:00,3.12,3.36
500111081,00:00-02:00,0.71,0.07
500111081,02:00-04:00,0.09,0.05
500111081,04:00-06:00,0.05,0.0
500111081,06:00-08:00,3.13,7.66
500111081,08:00-10:00,9.2,9.6
500111081,10:00-12:00,4.83,4.16
500111081,12:00-14:00,5.61,5.41
500111081,14:00-16:00,3.14,4.91
500111081,16:00-18:00,9.41,3.59
500111081,18:00-20:00,2.85,2.54
500111081,20:00-22:00,1.29,1.84
500111081,22:00-24:00,0.93,0.5
500111082,00:00-02:00,0.38,0.49
500111082,02:00-04:00,0.14,0.16
500111082,04:00-06:00,0.89,0.36
500111082,06:00-08:00,1.48,1.17
500111082,08:00-10:00,2.73,1.66
500111082,10:00-12:00,1.46,1.54
500111082,12:00-14:00,1.41,1.23
500111082,14:00-16:00,1.71,1.89
500111082,16:00-18:00,2.23,2.74
500111082,18:00-20:00,2.62,2.32
500111082,20:00-22:00,1.39,2.19
500111082,22:00-24:00,0.82,1.49
500111083,00:00-02:00,0.26,0.48
500111083,02:00-04:00,0.07,0.2
500111083,04:00-06:00,0.36,0.36
500111083,06:00-08:00,0.8,1.42
500111083,08:00-10:00,2.02,0.69
500111083,10:00-12:00,1.11,0.68
500111083,12:00-14:00,1.61,0.91
500111083,14:00-16:00,0.99,1.25
500111083,16:00-18:00,1.66,1.35
500111083,18:00-20:00,2.04,1.5
500111083,20:00-22:00,0.98,2.39
500111083,22:00-24:00,0.57,1.13
500111084,00:00-02:00,0.73,0.67
500111084,02:00-04:00,0.16,0.3
500111084,04:00-06:00,0.95,0.23
500111084,06:00-08:00,3.59,1.86
500111084,08:00-10:00,3.81,2.95
500111084,10:00-12:00,3.43,2.62
500111084,12:00-14:00,3.39,2.43
500111084,14:00-16:00,2.69,2.93
500111084,16:00-18:00,3.43,4.25
500111084,18:00-20:00,3.3,4.26
500111084,20:00-22:00,1.68,4.11
500111084,22:00-24:00,2.41,2.12
500111085,00:00-02:00,1.23,1.22
500111085,02:00-04:00,0.27,0.84
500111085,04:00-06:00,0.66,0.44
500111085,06:00-08:00,4.43,2.02
500111085,08:00-10:00,6.3,3.85
500111085,10:00-12:00,3.7,3.91
500111085,12:00-14:00,4.15,3.62
500111085,14:00-16:00,3.33,3.28
500111085,16:00-18:00,4.53,6.36
500111085,18:00-20:00,4.96,6.27
500111085,20:00-22:00,5.98,5.34
500111085,22:00-24:00,2.75,2.77
500111086,00:00-02:00,0.47,0.55
500111086,02:00-04:00,0.07,0.38
500111086,04:00-06:00,0.75,0.41
500111086,06:00-08:00,5.87,5.05
500111086,08:00-10:00,6.48,6.13
500111086,10:00-12:00,6.26,5.0
500111086,12:00-14:00,6.01,5.43
500111086,14:00-16:00,4.92,5.6
500111086,16:00-18:00,8.22,5.85
500111086,18:00-20:00,4.93,5.96
500111086,20:00-22:00,3.17,4.79
500111086,22:00-24:00,2.59,2.75
500111087,00:00-02:00,1.01,0.57
500111087,02:00-04:00,0.43,0.09
500111087,04:00-06:00,0.47,0.34
500111087,06:00-08:00,3.07,4.2
500111087,08:00-10:00,7.26,7.19
500111087,10:00-12:00,5.04,5.58
500111087,12:00-14:00,6.46,6.49
500111087,14:00-16:00,4.83,4.27
500111087,16:00-18:00,9.2,7.45
500111087,18:00-20:00,6.48,5.48
500111087,20:00-22:00,3.56,3.61
500111087,22:00-24:00,2.35,2.53
500111088,00:00-02:00,0.3,0.38
500111088,02:00-04:00,0.17,0.09
500111088,04:00-06:00,0.14,0.25
500111088,06:00-08:00,1.58,7.55
500111088,08:00-10:00,4.04,3.48
500111088,10:00-12:00,2.07,2.25
500111088,12:00-14:00,2.71,2.25
500111088,14:00-16:00,3.02,2.34
500111088,16:00-18:00,9.95,5.3
500111088,18:00-20:00,3.09,3.52
500111088,20:00-22:00,3.01,1.52
500111088,22:00-24:00,1.63,0.91
500111089,00:00-02:00,0.61,0.92
500111089,02:00-04:00,0.3,0.09
500111089,04:00-06:00,0.41,0.27
500111089,06:00-08:00,1.99,3.25
500111089,08:00-10:00,5.16,3.89
500111089,10:00-12:00,3.46,2.09
500111089,12:00-14:00,3.3,3.16
500111089,14:00-16:00,2.82,2.66
500111089,16:00-18:00,5.22,3.54
500111089,18:00-20:00,3.57,3.68
500111089,20:00-22:00,2.27,3.5
500111089,22:00-24:00,1.65,2.25
500111090,00:00-02:00,1.11,0.18
500111090,02:00-04:00,0.02,0.0
500111090,04:00-06:00,0.18,0.2
500111090,06:00-08:00,2.38,0.82
500111090,08:00-10:00,3.63,2.57
500111090,10:00-12:00,1.87,1.32
500111090,12:00-14:00,1.33,1.5
500111090,14:00-16:00,1.14,1.11
500111090,16:00-18:00,1.76,2.65
500111090,18:00-20:00,2.11,3.04
500111090,20:00-22:00,1.45,2.56
500111090,22:00-24:00,0.66,1.15
500111091,00:00-02:00,0.61,0.49
500111091,02:00-04:00,0.14,0.11
500111091,04:00-06:00,0.75,0.23
500111091,06:00-08:00,4.13,5.26
500111091,08:00-10:00,7.08,4.11
500111091,10:00-12:00,4.27,3.29
500111091,12:00-14:00,4.51,5.29
500111091,14:00-16:00,3.64,4.21
500111091,16:00-18:00,7.83,6.12
500111091,18:00-20:00,4.91,5.93
500111091,20:00-22:00,3.15,4.15
500111091,22:00-24:00,1.64,1.77
500111092,00:00-02:00,0.03,0.28
500111092,02:00-04:00,0.0,0.0
500111092,04:00-06:00,0.18,0.2
500111092,06:00-08:00,0.75,2.87
500111092,08:00-10:00,3.02,2.29
500111092,10:00-12:00,1.58,1.2
500111092,12:00-14:00,3.8,3.96
500111092,14:00-16:00,1.49,2.07
500111092,16:00-18:00,4.61,1.9
500111092,18:00-20:00,0.8,1.05
500111092,20:00-22:00,0.68,0.73
500111092,22:00-24:00,0.48,0.36
500111093,00:00-02:00,0.69,0.57
500111093,02:00-04:00,0.22,0.14
500111093,04:00-06:00,0.09,0.02
500111093,06:00-08:00,0.6,1.45
500111093,08:00-10:00,4.67,5.91
500111093,10:00-12:00,3.46,3.0
500111093,12:00-14:00,3.97,4.77
500111093,14:00-16:00,3.02,3.74
500111093,16:00-18:00,6.6,4.24
500111093,18:00-20:00,3.64,1.98
500111093,20:00-22:00,1.92,1.7
500111093,22:00-24:00,1.19,1.0
500111094,00:00-02:00,0.37,0.59
500111094,02:00-04:00,0.19,0.14
500111094,04:00-06:00,0.27,0.18
500111094,06:00-08:00,2.79,4.5
500111094,08:00-10:00,5.43,6.49
500111094,10:00-12:00,4.41,3.01
500111094,12:00-14:00,3.91,5.09
500111094,14:00-16:00,2.71,3.13
500111094,16:00-18:00,5.8,3.0
500111094,18:00-20:00,3.31,2.73
500111094,20:00-22:00,1.84,1.79
500111094,22:00-24:00,1.53,1.02
500111095,00:00-02:00,0.63,0.45
500111095,02:00-04:00,0.12,0.89
500111095,04:00-06:00,0.77,0.64
500111095,06:00-08:00,3.46,3.8
500111095,08:00-10:00,7.09,9.95
500111095,10:00-12:00,6.23,4.77
500111095,12:00-14:00,5.61,5.4
500111095,14:00-16:00,4.05,5.2
500111095,16:00-18:00,6.87,6.14
500111095,18:00-20:00,8.4,7.16
500111095,20:00-22:00,3.99,3.87
500111095,22:00-24:00,2.45,1.75
500111096,00:00-02:00,1.08,0.69
500111096,02:00-04:00,0.07,0.18
500111096,04:00-06:00,0.95,0.45
500111096,06:00-08:00,5.3,2.48
500111096,08:00-10:00,5.88,4.25
500111096,10:00-12:00,3.7,3.45
500111096,12:00-14:00,5.0,5.2
500111096,14:00-16:00,4.78,4.3
500111096,16:00-18:00,6.14,6.87
500111096,18:00-20:00,5.24,6.51
500111096,20:00-22:00,3.51,4.36
500111096,22:00-24:00,2.12,2.98
500111097,00:00-02:00,0.8,1.23
500111097,02:00-04:00,0.09,0.27
500111097,04:00-06:00,0.25,0.75
500111097,06:00-08:00,4.16,3.8
500111097,08:00-10:00,5.47,10.02
500111097,10:00-12:00,3.75,4.16
500111097,12:00-14:00,5.36,5.52
500111097,14:00-16:00,5.14,4.55
500111097,16:00-18:00,9.23,6.38
500111097,18:00-20:00,8.23,4.59
500111097,20:00-22:00,5.9,3.21
500111097,22:00-24:00,2.09,1.34
500111098,00:00-02:00,1.32,1.22
500111098,02:00-04:00,0.27,0.33
500111098,04:00-06:00,0.77,0.5
500111098,06:00-08:00,5.76,2.94
500111098,08:00-10:00,8.68,7.03
500111098,10:00-12:00,6.09,4.65
500111098,12:00-14:00,6.2,4.45
500111098,14:00-16:00,4.52,4.94
500111098,16:00-18:00,5.87,8.98
500111098,18:00-20:00,8.2,7.85
500111098,20:00-22:00,3.59,7.18
500111098,22:00-24:00,3.12,3.88
500111113,00:00-02:00,0.75,0.28
500111113,02:00-04:00,0.17,0.3
500111113,04:00-06:00,0.16,0.14
500111113,06:00-08:00,3.05,2.07
500111113,08:00-10:00,2.59,3.14
500111113,10:00-12:00,2.69,2.09
500111113,12:00-14:00,2.47,2.4
500111113,14:00-16:00,3.19,3.02
500111113,16:00-18:00,4.12,4.48
500111113,18:00-20:00,3.07,3.14
500111113,20:00-22:00,2.12,2.06
500111113,22:00-24:00,0.72,0.78
500111114,00:00-02:00,1.03,0.54
500111114,02:00-04:00,0.2,0.57
500111114,04:00-06:00,0.5,1.14
500111114,06:00-08:00,7.78,7.16
500111114,08:00-10:00,9.21,8.83
500111114,10:00-12:00,3.98,6.06
500111114,12:00-14:00,5.23,6.71
500111114,14:00-16:00,3.64,3.98
500111114,16:00-18:00,9.88,9.84
500111114,18:00-20:00,10.37,8.3
500111114,20:00-22:00,5.75,3.78
500111114,22:00-24:00,3.35,3.56
500111115,00:00-02:00,0.21,0.38
500111115,02:00-04:00,0.0,0.0
500111115,04:00-06:00,0.02,0.07
500111115,06:00-08:00,0.3,0.16
500111115,08:00-10:00,0.44,0.8
500111115,10:00-12:00,0.48,0.57
500111115,12:00-14:00,1.03,1.43
500111115,14:00-16:00,0.77,1.02
500111115,16:00-18:00,1.9,2.32
500111115,18:00-20:00,2.15,1.5
500111115,20:00-22:00,1.78,0.66
500111115,22:00-24:00,0.58,0.27
500111116,00:00-02:00,2.08,0.38
500111116,02:00-04:00,0.07,0.43
500111116,04:00-06:00,0.2,0.8
500111116,06:00-08:00,1.3,1.48
500111116,08:00-10:00,2.48,2.34
500111116,10:00-12:00,1.02,2.32
500111116,12:00-14:00,2.34,3.46
500111116,14:00-16:00,3.12,3.46
500111116,16:00-18:00,3.11,3.91
500111116,18:00-20:00,4.77,6.07
500111116,20:00-22:00,4.25,2.5
500111116,22:00-24:00,3.06,0.95
500111117,00:00-02:00,0.28,0.68
500111117,02:00-04:00,0.02,0.43
500111117,04:00-06:00,0.18,0.09
500111117,06:00-08:00,2.06,3.11
500111117,08:00-10:00,2.7,3.0
500111117,10:00-12:00,3.15,3.32
500111117,12:00-14:00,2.78,2.52
500111117,14:00-16:00,3.0,1.52
500111117,16:00-18:00,4.51,3.17
500111117,18:00-20:00,3.39,3.2
500111117,20:00-22:00,2.42,2.48
500111117,22:00-24:00,0.85,1.34
500111118,00:00-02:00,0.03,0.19
500111118,02:00-04:00,0.02,0.05
500111118,04:00-06:00,0.0,0.0
500111118,06:00-08:00,1.25,3.03
500111118,08:00-10:00,1.37,1.07
500111118,10:00-12:00,0.72,0.77
500111118,12:00-14:00,0.75,1.27
500111118,14:00-16:00,1.11,1.02
500111118,16:00-18:00,2.55,2.05
500111118,18:00-20:00,1.73,1.18
500111118,20:00-22:00,1.71,0.62
500111118,22:00-24:00,0.58,0.2
500111119,00:00-02:00,1.32,1.96
500111119,02:00-04:00,0.14,0.25
500111119,04:00-06:00,0.32,0.7
500111119,06:00-08:00,1.52,3.2
500111119,08:00-10:00,8.5,12.1
500111119,10:00-12:00,8.29,10.82
500111119,12:00-14:00,9.93,11.75
500111119,14:00-16:00,8.96,10.06
500111119,16:00-18:00,17.34,10.29
500111119,18:00-20:00,11.5,8.31
500111119,20:00-22:00,9.43,3.07
500111119,22:00-24:00,1.61,1.37
500111120,00:00-02:00,0.45,0.94
500111120,02:00-04:00,0.09,0.2
500111120,04:00-06:00,0.16,0.18
500111120,06:00-08:00,2.59,4.52
500111120,08:00-10:00,5.55,7.21
500111120,10:00-12:00,3.32,3.89
500111120,12:00-14:00,2.2,3.76
500111120,14:00-16:00,3.88,2.77
500111120,16:00-18:00,6.17,3.15
500111120,18:00-20:00,3.51,1.58
500111120,20:00-22:00,2.51,1.32
500111120,22:00-24:00,1.6,0.82
500111121,00:00-02:00,0.1,0.35
500111121,02:00-04:00,0.05,0.36
500111121,04:00-06:00,0.05,0.0
500111121,06:00-08:00,0.52,0.11
500111121,08:00-10:00,0.55,1.34
500111121,10:00-12:00,0.16,0.3
500111121,12:00-14:00,0.69,0.61
500111121,14:00-16:00,0.52,0.89
500111121,16:00-18:00,1.05,0.8
500111121,18:00-20:00,1.51,1.05
500111121,20:00-22:00,0.61,0.3
500111121,22:00-24:00,0.99,0.05
500111122,00:00-02:00,0.02,0.02
500111122,02:00-04:00,0.0,0.0
500111122,04:00-06:00,0.05,0.0
500111122,06:00-08:00,0.57,4.09
500111122,08:00-10:00,3.3,2.49
500111122,10:00-12:00,0.93,0.34
500111122,12:00-14:00,1.7,1.52
500111122,14:00-16:00,0.87,0.41
500111122,16:00-18:00,4.84,3.07
500111122,18:00-20:00,1.2,0.86
500111122,20:00-22:00,0.11,0.27
500111122,22:00-24:00,0.05,0.23
500111123,00:00-02:00,0.28,0.38
500111123,02:00-04:00,0.0,0.02
500111123,04:00-06:00,0.2,0.07
500111123,06:00-08:00,2.02,4.36
500111123,08:00-10:00,4.36,3.62
500111123,10:00-12:00,2.48,1.73
500111123,12:00-14:00,1.54,1.83
500111123,14:00-16:00,1.71,1.33
500111123,16:00-18:00,4.79,2.01
500111123,18:00-20:00,3.85,2.7
500111123,20:00-22:00,1.22,2.09
500111123,22:00-24:00,0.55,1.69
500111124,00:00-02:00,0.82,1.11
500111124,02:00-04:00,0.4,0.86
500111124,04:00-06:00,0.53,1.82
500111124,06:00-08:00,8.56,10.28
500111124,08:00-10:00,10.8,14.12
500111124,10:00-12:00,8.04,6.78
500111124,12:00-14:00,8.12,8.57
500111124,14:00-16:00,7.04,7.37
500111124,16:00-18:00,10.39,12.07
500111124,18:00-20:00,10.91,11.27
500111124,20:00-22:00,8.75,5.3
500111124,22:00-24:00,3.02,2.48
500111125,00:00-02:00,0.19,0.31
500111125,02:00-04:00,0.07,0.14
500111125,04:00-06:00,0.93,0.77
500111125,06:00-08:00,2.81,1.18
500111125,08:00-10:00,2.12,2.02
500111125,10:00-12:00,2.34,1.98
500111125,12:00-14:00,3.02,1.91
500111125,14:00-16:00,2.16,2.32
500111125,16:00-18:00,4.19,4.41
500111125,18:00-20:00,3.53,3.98
500111125,20:00-22:00,3.0,4.34
500111125,22:00-24:00,1.14,1.52
500111126,00:00-02:00,0.0,0.49
500111126,02:00-04:00,0.05,0.09
500111126,04:00-06:00,0.09,0.02
500111126,06:00-08:00,0.77,1.52
500111126,08:00-10:00,1.82,1.59
500111126,10:00-12:00,0.96,0.48
500111126,12:00-14:00,1.72,1.7
500111126,14:00-16:00,1.09,0.96
500111126,16:00-18:00,3.64,1.55
500111126,18:00-20:00,1.53,1.61
500111126,20:00-22:00,0.8,1.5
500111126,22:00-24:00,0.14,0.86
500111127,00:00-02:00,0.92,0.61
500111127,02:00-04:00,0.16,0.09
500111127,04:00-06:00,0.18,0.14
500111127,06:00-08:00,4.36,2.29
500111127,08:00-10:00,5.7,6.01
500111127,10:00-12:00,5.22,2.87
500111127,12:00-14:00,4.88,4.23
500111127,14:00-16:00,3.38,3.78
500111127,16:00-18:00,5.0,4.96
500111127,18:00-20:00,6.32,6.83
500111127,20:00-22:00,2.53,5.09
500111127,22:00-24:00,1.72,3.08
500111128,00:00-02:00,0.0,0.0
500111128,02:00-04:00,0.0,0.0
500111128,04:00-06:00,0.0,0.0
500111128,06:00-08:00,1.23,3.8
500111128,08:00-10:00,2.48,2.96
500111128,10:00-12:00,0.59,0.46
500111128,12:00-14:00,2.11,1.0
500111128,14:00-16:00,0.45,0.48
500111128,16:00-18:00,4.1,1.64
500111128,18:00-20:00,1.15,0.77
500111128,20:00-22:00,0.41,0.41
500111128,22:00-24:00,0.02,0.11
500111129,00:00-02:00,0.93,2.31
500111129,02:00-04:00,0.05,0.48
500111129,04:00-06:00,0.07,1.16
500111129,06:00-08:00,1.43,0.61
500111129,08:00-10:00,3.31,1.27
500111129,10:00-12:00,0.9,2.82
500111129,12:00-14:00,4.25,3.41
500111129,14:00-16:00,2.83,2.74
500111129,16:00-18:00,3.61,5.7
500111129,18:00-20:00,4.18,5.32
500111129,20:00-22:00,5.65,1.78
500111129,22:00-24:00,2.88,1.37
500111130,00:00-02:00,0.52,0.4
500111130,02:00-04:00,0.23,0.16
500111130,04:00-06:00,0.11,0.59
500111130,06:00-08:00,1.61,1.35
500111130,08:00-10:00,3.02,3.46
500111130,10:00-12:00,2.14,1.33
500111130,12:00-14:00,2.97,1.86
500111130,14:00-16:00,2.15,1.59
500111130,16:00-18:00,3.29,3.22
500111130,18:00-20:00,3.57,3.64
500111130,20:00-22:00,1.47,2.47
500111130,22:00-24:00,1.53,2.62
500111131,00:00-02:00,0.26,0.28
500111131,02:00-04:00,0.16,0.05
500111131,04:00-06:00,0.07,0.02
500111131,06:00-08:00,0.98,0.7
500111131,08:00-10:00,2.86,0.73
500111131,10:00-12:00,1.39,1.18
500111131,12:00-14:00,1.93,2.16
500111131,14:00-16:00,1.01,1.14
500111131,16:00-18:00,1.87,1.92
500111131,18:00-20:00,1.59,2.23
500111131,20:00-22:00,0.87,2.24
500111131,22:00-24:00,0.89,0.81
500111132,00:00-02:00,0.47,0.49
500111132,02:00-04:00,0.16,0.41
500111132,04:00-06:00,0.73,0.14
500111132,06:00-08:00,3.8,0.98
500111132,08:00-10:00,5.07,1.91
500111132,10:00-12:00,3.07,1.91
500111132,12:00-14:00,2.38,3.79
500111132,14:00-16:00,2.02,2.32
500111132,16:00-18:00,2.9,3.29
500111132,18:00-20:00,3.06,5.63
500111132,20:00-22:00,1.98,3.0
500111132,22:00-24:00,1.0,2.0
500111133,00:00-02:00,0.78,0.19
500111133,02:00-04:00,0.05,0.05
500111133,04:00-06:00,0.59,0.11
500111133,06:00-08:00,3.14,1.09
500111133,08:00-10:00,3.47,2.75
500111133,10:00-12:00,3.33,2.43
500111133,12:00-14:00,2.59,3.45
500111133,14:00-16:00,3.17,3.59
500111133,16:00-18:00,4.43,6.61
500111133,18:00-20:00,4.27,5.69
500111133,20:00-22:00,4.49,4.07
500111133,22:00-24:00,1.64,1.6
500111134,00:00-02:00,0.37,0.82
500111134,02:00-04:00,0.05,0.1
500111134,04:00-06:00,0.36,0.33
500111134,06:00-08:00,2.01,0.54
500111134,08:00-10:00,2.69,1.79
500111134,10:00-12:00,1.95,1.05
500111134,12:00-14:00,1.74,1.64
500111134,14:00-16:00,1.54,1.43
500111134,16:00-18:00,2.26,2.58
500111134,18:00-20:00,2.11,2.43
500111134,20:00-22:00,1.48,2.38
500111134,22:00-24:00,0.45,1.38
500112001,00:00-02:00,2.31,3.34
500112001,02:00-04:00,0.32,1.36
500112001,04:00-06:00,2.41,0.64
500112001,06:00-08:00,8.25,4.88
500112001,08:00-10:00,11.28,8.11
500112001,10:00-12:00,7.75,5.93
500112001,12:00-14:00,8.02,6.68
500112001,14:00-16:00,6.51,6.41
500112001,16:00-18:00,7.59,12.63
500112001,18:00-20:00,11.93,12.05
500112001,20:00-22:00,7.31,10.83
500112001,22:00-24:00,7.26,8.16
500112002,00:00-02:00,2.36,1.92
500112002,02:00-04:00,0.8,0.86
500112002,04:00-06:00,1.25,0.75
500112002,06:00-08:00,6.23,4.23
500112002,08:00-10:00,11.73,10.45
500112002,10:00-12:00,10.83,7.07
500112002,12:00-14:00,9.16,7.7
500112002,14:00-16:00,7.57,7.51
500112002,16:00-18:00,9.62,8.42
500112002,18:00-20:00,9.43,10.08
500112002,20:00-22:00,6.09,7.72
500112002,22:00-24:00,3.42,5.38
500112003,00:00-02:00,2.99,2.2
500112003,02:00-04:00,0.91,0.7
500112003,04:00-06:00,2.11,1.09
500112003,06:00-08:00,8.13,3.73
500112003,08:00-10:00,15.77,14.61
500112003,10:00-12:00,11.18,7.93
500112003,12:00-14:00,10.9,8.84
500112003,14:00-16:00,7.53,8.03
500112003,16:00-18:00,10.61,10.55
500112003,18:00-20:00,10.11,12.08
500112003,20:00-22:00,5.9,9.93
500112003,22:00-24:00,5.55,6.19
500112004,00:00-02:00,0.38,1.2
500112004,02:00-04:00,0.09,0.34
500112004,04:00-06:00,0.64,0.3
500112004,06:00-08:00,2.23,0.89
500112004,08:00-10:00,4.76,1.53
500112004,10:00-12:00,2.06,1.77
500112004,12:00-14:00,2.48,2.09
500112004,14:00-16:00,1.47,2.0
500112004,16:00-18:00,2.35,2.86
500112004,18:00-20:00,2.17,2.95
500112004,20:00-22:00,1.27,2.52
500112004,22:00-24:00,1.37,2.09
500112005,00:00-02:00,0.19,0.33
500112005,02:00-04:00,0.05,0.11
500112005,04:00-06:00,0.27,0.11
500112005,06:00-08:00,1.02,0.61
500112005,08:00-10:00,1.84,1.5
500112005,10:00-12:00,1.73,1.75
500112005,12:00-14:00,1.46,0.98
500112005,14:00-16:00,1.22,1.18
500112005,16:00-18:00,1.3,1.0
500112005,18:00-20:00,0.83,1.0
500112005,20:00-22:00,0.55,0.91
500112005,22:00-24:00,0.48,0.91
500112006,00:00-02:00,1.72,1.27
500112006,02:00-04:00,0.52,0.91
500112006,04:00-06:00,1.23,1.32
500112006,06:00-08:00,8.75,2.82
500112006,08:00-10:00,10.96,4.98
500112006,10:00-12:00,8.05,6.02
500112006,12:00-14:00,6.15,5.7
500112006,14:00-16:00,5.84,6.41
500112006,16:00-18:00,8.37,10.1
500112006,18:00-20:00,6.81,9.95
500112006,20:00-22:00,5.39,8.53
500112006,22:00-24:00,3.28,6.35
500112007,00:00-02:00,2.74,3.61
500112007,02:00-04:00,1.29,0.82
500112007,04:00-06:00,2.8,1.89
500112007,06:00-08:00,11.48,21.39
500112007,08:00-10:00,29.84,32.29
500112007,10:00-12:00,28.52,24.2
500112007,12:00-14:00,22.68,24.45
500112007,14:00-16:00,21.68,19.21
500112007,16:00-18:00,34.07,24.32
500112007,18:00-20:00,21.0,19.61
500112007,20:00-22:00,14.14,11.66
500112007,22:00-24:00,7.95,10.06
500112008,00:00-02:00,1.15,1.58
500112008,02:00-04:00,0.39,0.92
500112008,04:00-06:00,1.43,1.41
500112008,06:00-08:00,11.84,2.39
500112008,08:00-10:00,10.58,5.2
500112008,10:00-12:00,6.78,3.61
500112008,12:00-14:00,6.59,5.63
500112008,14:00-16:00,5.42,4.55
500112008,16:00-18:00,6.87,10.48
500112008,18:00-20:00,7.08,10.88
500112008,20:00-22:00,4.8,7.15
500112008,22:00-24:00,2.69,6.02
500112009,00:00-02:00,1.34,1.46
500112009,02:00-04:00,0.95,0.5
500112009,04:00-06:00,1.11,1.0
500112009,06:00-08:00,5.25,11.19
500112009,08:00-10:00,13.5,14.24
500112009,10:00-12:00,12.79,8.63
500112009,12:00-14:00,13.7,10.88
500112009,14:00-16:00,7.25,7.07
500112009,16:00-18:00,16.17,8.63
500112009,18:00-20:00,9.07,9.88
500112009,20:00-22:00,3.61,6.89
500112009,22:00-24:00,3.25,5.87
500112010,00:00-02:00,2.26,2.85
500112010,02:00-04:00,0.52,0.52
500112010,04:00-06:00,0.57,2.0
500112010,06:00-08:00,19.55,28.0
500112010,08:00-10:00,35.67,31.76
500112010,10:00-12:00,16.79,20.27
500112010,12:00-14:00,16.82,21.61
500112010,14:00-16:00,17.41,15.1
500112010,16:00-18:00,26.23,32.34
500112010,18:00-20:00,33.64,19.07
500112010,20:00-22:00,18.96,12.11
500112010,22:00-24:00,11.23,6.65
500112011,00:00-02:00,1.87,1.44
500112011,02:00-04:00,0.26,0.77
500112011,04:00-06:00,0.89,3.36
500112011,06:00-08:00,12.88,12.3
500112011,08:00-10:00,23.7,36.4
500112011,10:00-12:00,19.62,14.75
500112011,12:00-14:00,18.61,15.99
500112011,14:00-16:00,12.59,14.62
500112011,16:00-18:00,24.77,20.63
500112011,18:00-20:00,18.52,14.18
500112011,20:00-22:00,9.88,9.18
500112011,22:00-24:00,6.93,4.05
500112012,00:00-02:00,3.51,4.39
500112012,02:00-04:00,0.43,1.15
500112012,04:00-06:00,2.16,2.14
500112012,06:00-08:00,14.52,11.47
500112012,08:00-10:00,18.01,12.21
500112012,10:00-12:00,12.58,10.43
500112012,12:00-14:00,13.71,12.24
500112012,14:00-16:00,11.38,12.27
500112012,16:00-18:00,17.23,20.42
500112012,18:00-20:00,20.63,21.81
500112012,20:00-22:00,14.34,17.08
500112012,22:00-24:00,8.65,8.84
500112013,00:00-02:00,1.16,1.51
500112013,02:00-04:00,1.56,0.5
500112013,04:00-06:00,0.8,0.73
500112013,06:00-08:00,6.61,9.25
500112013,08:00-10:00,5.66,8.62
500112013,10:00-12:00,5.95,6.33
500112013,12:00-14:00,7.36,10.42
500112013,14:00-16:00,4.66,5.92
500112013,16:00-18:00,11.53,9.18
500112013,18:00-20:00,8.45,6.05
500112013,20:00-22:00,5.89,3.33
500112013,22:00-24:00,4.64,1.62
500112014,00:00-02:00,2.89,3.72
500112014,02:00-04:00,2.28,3.02
500112014,04:00-06:00,1.39,4.91
500112014,06:00-08:00,10.83,5.06
500112014,08:00-10:00,13.65,13.07
500112014,10:00-12:00,9.31,9.26
500112014,12:00-14:00,8.84,9.85
500112014,14:00-16:00,8.09,8.49
500112014,16:00-18:00,15.48,17.5
500112014,18:00-20:00,15.51,10.84
500112014,20:00-22:00,10.02,7.82
500112014,22:00-24:00,8.53,4.27
500112015,00:00-02:00,2.36,1.86
500112015,02:00-04:00,1.02,0.77
500112015,04:00-06:00,1.0,0.61
500112015,06:00-08:00,5.8,10.39
500112015,08:00-10:00,14.14,16.85
500112015,10:00-12:00,13.79,10.2
500112015,12:00-14:00,14.1,12.92
500112015,14:00-16:00,10.29,10.99
500112015,16:00-18:00,15.75,12.13
500112015,18:00-20:00,14.99,14.59
500112015,20:00-22:00,8.79,9.66
500112015,22:00-24:00,6.64,5.46
500112016,00:00-02:00,0.92,3.46
500112016,02:00-04:00,0.93,1.48
500112016,04:00-06:00,1.91,1.48
500112016,06:00-08:00,7.98,5.25
500112016,08:00-10:00,13.13,8.52
500112016,10:00-12:00,10.02,9.93
500112016,12:00-14:00,11.51,11.1
500112016,14:00-16:00,8.34,9.53
500112016,16:00-18:00,16.06,15.89
500112016,18:00-20:00,12.67,15.84
500112016,20:00-22:00,12.14,10.51
500112016,22:00-24:00,4.78,5.87
500112017,00:00-02:00,1.72,3.46
500112017,02:00-04:00,0.3,2.23
500112017,04:00-06:00,1.89,2.39
500112017,06:00-08:00,16.34,10.19
500112017,08:00-10:00,23.61,16.52
500112017,10:00-12:00,13.45,11.5
500112017,12:00-14:00,17.47,18.65
500112017,14:00-16:00,12.31,13.6
500112017,16:00-18:00,23.02,20.9
500112017,18:00-20:00,16.26,24.14
500112017,20:00-22:00,17.03,14.32
500112017,22:00-24:00,8.1,9.71
500112018,00:00-02:00,0.84,1.67
500112018,02:00-04:00,0.21,0.34
500112018,04:00-06:00,0.32,1.91
500112018,06:00-08:00,6.11,11.5
500112018,08:00-10:00,14.91,17.89
500112018,10:00-12:00,16.93,12.63
500112018,12:00-14:00,16.78,17.15
500112018,14:00-16:00,11.1,11.17
500112018,16:00-18:00,14.67,14.28
500112018,18:00-20:00,17.8,11.88
500112018,20:00-22:00,11.66,7.09
500112018,22:00-24:00,3.25,1.41
500112019,00:00-02:00,1.31,1.84
500112019,02:00-04:00,0.8,0.23
500112019,04:00-06:00,0.64,1.82
500112019,06:00-08:00,10.18,14.77
500112019,08:00-10:00,19.92,22.52
500112019,10:00-12:00,13.0,12.74
500112019,12:00-14:00,14.58,17.31
500112019,14:00-16:00,14.02,14.41
500112019,16:00-18:00,18.54,17.67
500112019,18:00-20:00,17.53,14.95
500112019,20:00-22:00,13.52,9.82
500112019,22:00-24:00,8.67,6.17
500112020,00:00-02:00,1.15,1.92
500112020,02:00-04:00,0.41,0.59
500112020,04:00-06:00,1.06,0.75
500112020,06:00-08:00,6.72,5.14
500112020,08:00-10:00,9.67,6.48
500112020,10:00-12:00,8.84,8.69
500112020,12:00-14:00,10.32,8.7
500112020,14:00-16:00,6.67,6.85
500112020,16:00-18:00,8.99,11.33
500112020,18:00-20:00,10.34,9.87
500112020,20:00-22:00,7.65,7.02
500112020,22:00-24:00,4.03,4.06
500112021,00:00-02:00,1.88,2.14
500112021,02:00-04:00,0.88,0.43
500112021,04:00-06:00,0.78,0.64
500112021,06:00-08:00,6.63,6.27
500112021,08:00-10:00,13.28,15.39
500112021,10:00-12:00,12.1,9.02
500112021,12:00-14:00,11.96,12.09
500112021,14:00-16:00,10.8,10.7
500112021,16:00-18:00,14.43,12.54
500112021,18:00-20:00,13.8,14.12
500112021,20:00-22:00,10.58,10.54
500112021,22:00-24:00,8.34,7.58
500112022,00:00-02:00,2.22,4.12
500112022,02:00-04:00,1.77,2.2
500112022,04:00-06:00,2.27,2.16
500112022,06:00-08:00,17.93,5.41
500112022,08:00-10:00,18.28,15.48
500112022,10:00-12:00,13.84,12.15
500112022,12:00-14:00,15.66,13.34
500112022,14:00-16:00,12.17,13.97
500112022,16:00-18:00,16.93,19.78
500112022,18:00-20:00,16.97,19.65
500112022,20:00-22:00,12.84,15.33
500112022,22:00-24:00,8.67,12.25
500112023,00:00-02:00,1.09,1.41
500112023,02:00-04:00,0.98,1.77
500112023,04:00-06:00,0.95,3.77
500112023,06:00-08:00,12.48,6.77
500112023,08:00-10:00,16.04,9.64
500112023,10:00-12:00,10.22,8.04
500112023,12:00-14:00,9.56,10.52
500112023,14:00-16:00,6.75,7.07
500112023,16:00-18:00,7.52,9.18
500112023,18:00-20:00,8.64,11.06
500112023,20:00-22:00,5.92,8.07
500112023,22:00-24:00,3.72,4.64
500112024,00:00-02:00,1.35,1.39
500112024,02:00-04:00,1.13,1.09
500112024,04:00-06:00,1.17,0.52
500112024,06:00-08:00,6.16,14.04
500112024,08:00-10:00,13.62,12.44
500112024,10:00-12:00,10.29,9.73
500112024,12:00-14:00,14.09,13.68
500112024,14:00-16:00,9.52,9.45
500112024,16:00-18:00,20.71,13.61
500112024,18:00-20:00,11.54,10.31
500112024,20:00-22:00,5.94,5.91
500112024,22:00-24:00,4.28,3.32
500112025,00:00-02:00,1.65,3.25
500112025,02:00-04:00,0.23,0.69
500112025,04:00-06:00,1.84,0.72
500112025,06:00-08:00,14.23,7.31
500112025,08:00-10:00,14.79,10.68
500112025,10:00-12:00,10.32,8.81
500112025,12:00-14:00,9.34,8.34
500112025,14:00-16:00,6.13,7.19
500112025,16:00-18:00,12.7,14.46
500112025,18:00-20:00,14.51,19.44
500112025,20:00-22:00,13.83,14.61
500112025,22:00-24:00,5.58,8.7
500112026,00:00-02:00,5.4,5.23
500112026,02:00-04:00,1.32,1.16
500112026,04:00-06:00,2.23,0.76
500112026,06:00-08:00,12.91,6.25
500112026,08:00-10:00,19.78,15.8
500112026,10:00-12:00,14.47,11.7
500112026,12:00-14:00,13.57,10.9
500112026,14:00-16:00,9.54,11.42
500112026,16:00-18:00,14.33,18.8
500112026,18:00-20:00,21.2,22.53
500112026,20:00-22:00,12.9,18.1
500112026,22:00-24:00,8.85,11.83
500112027,00:00-02:00,0.05,0.61
500112027,02:00-04:00,0.02,0.2
500112027,04:00-06:00,0.23,0.84
500112027,06:00-08:00,2.39,10.13
500112027,08:00-10:00,5.64,8.5
500112027,10:00-12:00,4.41,2.64
500112027,12:00-14:00,7.45,3.9
500112027,14:00-16:00,4.63,4.57
500112027,16:00-18:00,14.61,3.27
500112027,18:00-20:00,2.75,3.66
500112027,20:00-22:00,1.66,1.8
500112027,22:00-24:00,1.28,0.46
500112028,00:00-02:00,0.57,0.8
500112028,02:00-04:00,0.27,0.11
500112028,04:00-06:00,0.86,1.02
500112028,06:00-08:00,4.5,4.68
500112028,08:00-10:00,7.46,5.8
500112028,10:00-12:00,6.15,2.64
500112028,12:00-14:00,5.24,3.34
500112028,14:00-16:00,4.43,4.28
500112028,16:00-18:00,7.22,4.68
500112028,18:00-20:00,4.9,5.38
500112028,20:00-22:00,2.54,4.39
500112028,22:00-24:00,1.84,5.76
500112030,00:00-02:00,4.45,3.06
500112030,02:00-04:00,4.21,1.2
500112030,04:00-06:00,2.97,2.6
500112030,06:00-08:00,1.29,3.43
500112030,08:00-10:00,9.17,15.7
500112030,10:00-12:00,4.82,12.77
500112030,12:00-14:00,11.99,15.13
500112030,14:00-16:00,12.41,10.56
500112030,16:00-18:00,17.89,13.56
500112030,18:00-20:00,18.79,16.72
500112030,20:00-22:00,14.72,7.31
500112030,22:00-24:00,9.49,4.11
500112031,00:00-02:00,1.54,0.64
500112031,02:00-04:00,1.28,0.25
500112031,04:00-06:00,0.87,2.02
500112031,06:00-08:00,6.21,8.41
500112031,08:00-10:00,10.4,15.15
500112031,10:00-12:00,9.0,7.5
500112031,12:00-14:00,7.07,12.29
500112031,14:00-16:00,7.78,8.32
500112031,16:00-18:00,12.75,9.28
500112031,18:00-20:00,8.97,7.63
500112031,20:00-22:00,6.63,2.71
500112031,22:00-24:00,6.22,4.53
500112032,00:00-02:00,1.83,0.87
500112032,02:00-04:00,0.54,0.57
500112032,04:00-06:00,0.64,4.96
500112032,06:00-08:00,9.27,12.34
500112032,08:00-10:00,20.3,30.77
500112032,10:00-12:00,18.54,14.59
500112032,12:00-14:00,16.43,23.11
500112032,14:00-16:00,14.31,14.43
500112032,16:00-18:00,22.82,19.95
500112032,18:00-20:00,22.27,16.69
500112032,20:00-22:00,14.18,12.73
500112032,22:00-24:00,12.77,4.83
500112033,00:00-02:00,1.95,1.39
500112033,02:00-04:00,1.2,0.18
500112033,04:00-06:00,0.93,1.66
500112033,06:00-08:00,2.98,5.86
500112033,08:00-10:00,10.77,15.5
500112033,10:00-12:00,4.41,6.28
500112033,12:00-14:00,5.84,7.63
500112033,14:00-16:00,5.66,4.69
500112033,16:00-18:00,11.11,8.81
500112033,18:00-20:00,11.09,6.32
500112033,20:00-22:00,6.13,3.39
500112033,22:00-24:00,3.85,1.82
500112035,00:00-02:00,4.58,9.5
500112035,02:00-04:00,5.95,4.84
500112035,04:00-06:00,3.4,2.48
500112035,06:00-08:00,7.89,5.32
500112035,08:00-10:00,10.81,35.68
500112035,10:00-12:00,10.56,14.74
500112035,12:00-14:00,16.4,17.78
500112035,14:00-16:00,13.92,9.15
500112035,16:00-18:00,22.31,10.51
500112035,18:00-20:00,21.44,10.15
500112035,20:00-22:00,11.57,4.75
500112035,22:00-24:00,4.65,3.03
500112036,00:00-02:00,2.96,1.86
500112036,02:00-04:00,1.04,0.89
500112036,04:00-06:00,0.78,1.61
500112036,06:00-08:00,6.33,5.24
500112036,08:00-10:00,12.18,15.79
500112036,10:00-12:00,8.34,9.38
500112036,12:00-14:00,12.74,11.39
500112036,14:00-16:00,10.92,9.6
500112036,16:00-18:00,13.73,12.26
500112036,18:00-20:00,14.28,9.75
500112036,20:00-22:00,8.77,4.7
500112036,22:00-24:00,5.56,5.76
500112037,00:00-02:00,2.57,3.21
500112037,02:00-04:00,1.29,2.68
500112037,04:00-06:00,1.59,1.05
500112037,06:00-08:00,9.81,4.27
500112037,08:00-10:00,11.9,9.93
500112037,10:00-12:00,10.21,9.56
500112037,12:00-14:00,11.51,11.18
500112037,14:00-16:00,9.97,11.19
500112037,16:00-18:00,13.52,16.44
500112037,18:00-20:00,13.5,15.79
500112037,20:00-22:00,11.93,11.52
500112037,22:00-24:00,7.22,7.26
500112038,00:00-02:00,4.01,2.8
500112038,02:00-04:00,1.58,2.11
500112038,04:00-06:00,1.56,2.68
500112038,06:00-08:00,5.12,10.24
500112038,08:00-10:00,16.59,19.55
500112038,10:00-12:00,12.31,16.0
500112038,12:00-14:00,15.9,19.73
500112038,14:00-16:00,11.87,14.35
500112038,16:00-18:00,19.66,16.85
500112038,18:00-20:00,19.76,16.14
500112038,20:00-22:00,14.54,11.71
500112038,22:00-24:00,8.98,6.62
500112039,00:00-02:00,2.4,1.41
500112039,02:00-04:00,0.66,1.15
500112039,04:00-06:00,2.66,2.67
500112039,06:00-08:00,11.95,15.14
500112039,08:00-10:00,18.21,12.29
500112039,10:00-12:00,14.78,8.5
500112039,12:00-14:00,9.8,8.66
500112039,14:00-16:00,9.36,9.85
500112039,16:00-18:00,16.35,10.89
500112039,18:00-20:00,7.51,11.79
500112039,20:00-22:00,5.99,7.84
500112039,22:00-24:00,2.91,6.6
500112040,00:00-02:00,1.79,2.4
500112040,02:00-04:00,0.32,1.76
500112040,04:00-06:00,2.73,2.05
500112040,06:00-08:00,19.09,13.43
500112040,08:00-10:00,24.6,21.3
500112040,10:00-12:00,18.32,15.4
500112040,12:00-14:00,15.37,16.4
500112040,14:00-16:00,15.47,16.79
500112040,16:00-18:00,22.9,19.39
500112040,18:00-20:00,16.56,22.67
500112040,20:00-22:00,12.32,15.51
500112040,22:00-24:00,6.62,9.9
500112042,00:00-02:00,1.05,0.75
500112042,02:00-04:00,0.5,0.23
500112042,04:00-06:00,0.27,1.77
500112042,06:00-08:00,1.52,5.73
500112042,08:00-10:00,4.63,7.66
500112042,10:00-12:00,5.01,10.48
500112042,12:00-14:00,6.82,11.47
500112042,14:00-16:00,8.64,9.49
500112042,16:00-18:00,11.74,12.9
500112042,18:00-20:00,12.43,11.81
500112042,20:00-22:00,9.01,6.17
500112042,22:00-24:00,3.55,2.2
500112043,00:00-02:00,4.82,0.97
500112043,02:00-04:00,1.6,4.82
500112043,04:00-06:00,0.73,3.55
500112043,06:00-08:00,7.25,12.93
500112043,08:00-10:00,20.59,26.93
500112043,10:00-12:00,12.18,20.35
500112043,12:00-14:00,13.24,16.72
500112043,14:00-16:00,14.87,13.56
500112043,16:00-18:00,21.84,20.08
500112043,18:00-20:00,27.31,18.31
500112043,20:00-22:00,17.26,8.26
500112043,22:00-24:00,11.12,5.9
500112044,00:00-02:00,1.3,0.87
500112044,02:00-04:00,0.16,0.27
500112044,04:00-06:00,1.16,0.5
500112044,06:00-08:00,8.6,5.09
500112044,08:00-10:00,11.63,11.19
500112044,10:00-12:00,9.0,6.36
500112044,12:00-14:00,7.78,6.45
500112044,14:00-16:00,5.31,6.04
500112044,16:00-18:00,8.34,8.82
500112044,18:00-20:00,11.56,13.75
500112044,20:00-22:00,7.64,10.82
500112044,22:00-24:00,4.65,5.54
500112045,00:00-02:00,2.24,5.14
500112045,02:00-04:00,0.91,2.24
500112045,04:00-06:00,1.57,1.29
500112045,06:00-08:00,15.77,5.98
500112045,08:00-10:00,15.96,11.19
500112045,10:00-12:00,14.07,8.54
500112045,12:00-14:00,13.28,9.77
500112045,14:00-16:00,10.17,9.44
500112045,16:00-18:00,13.71,16.03
500112045,18:00-20:00,16.16,19.63
500112045,20:00-22:00,12.3,15.5
500112045,22:00-24:00,9.13,12.47
500112046,00:00-02:00,1.25,3.06
500112046,02:00-04:00,0.7,1.49
500112046,04:00-06:00,1.96,1.56
500112046,06:00-08:00,17.55,11.64
500112046,08:00-10:00,20.61,13.5
500112046,10:00-12:00,13.32,8.36
500112046,12:00-14:00,10.07,7.34
500112046,14:00-16:00,8.42,8.46
500112046,16:00-18:00,10.04,16.26
500112046,18:00-20:00,20.74,19.91
500112046,20:00-22:00,11.18,18.31
500112046,22:00-24:00,9.17,10.79
500112047,00:00-02:00,1.2,1.11
500112047,02:00-04:00,0.66,0.39
500112047,04:00-06:00,0.41,0.68
500112047,06:00-08:00,6.02,2.36
500112047,08:00-10:00,6.76,4.59
500112047,10:00-12:00,5.32,3.73
500112047,12:00-14:00,4.51,4.11
500112047,14:00-16:00,2.73,3.21
500112047,16:00-18:00,5.39,7.54
500112047,18:00-20:00,6.0,6.99
500112047,20:00-22:00,3.91,4.93
500112047,22:00-24:00,2.5,4.08
500112048,00:00-02:00,1.23,1.99
500112048,02:00-04:00,0.5,0.63
500112048,04:00-06:00,0.7,0.82
500112048,06:00-08:00,8.82,5.16
500112048,08:00-10:00,12.07,11.37
500112048,10:00-12:00,9.43,9.07
500112048,12:00-14:00,11.39,10.18
500112048,14:00-16:00,8.28,9.98
500112048,16:00-18:00,12.24,14.13
500112048,18:00-20:00,14.9,15.47
500112048,20:00-22:00,9.39,13.84
500112048,22:00-24:00,7.9,6.83
500112049,00:00-02:00,2.23,1.27
500112049,02:00-04:00,0.69,0.61
500112049,04:00-06:00,2.4,6.91
500112049,06:00-08:00,24.84,24.77
500112049,08:00-10:00,28.69,28.57
500112049,10:00-12:00,20.7,21.1
500112049,12:00-14:00,20.57,22.31
500112049,14:00-16:00,19.98,16.36
500112049,16:00-18:00,24.74,33.73
500112049,18:00-20:00,27.63,32.44
500112049,20:00-22:00,30.01,15.39
500112049,22:00-24:00,14.64,10.04
500112050,00:00-02:00,0.47,0.97
500112050,02:00-04:00,0.39,0.21
500112050,04:00-06:00,1.27,0.61
500112050,06:00-08:00,11.42,7.34
500112050,08:00-10:00,12.72,7.25
500112050,10:00-12:00,8.69,5.72
500112050,12:00-14:00,7.29,6.34
500112050,14:00-16:00,6.91,6.96
500112050,16:00-18:00,12.89,11.15
500112050,18:00-20:00,7.74,14.14
500112050,20:00-22:00,6.34,9.79
500112050,22:00-24:00,4.94,4.81
500112051,00:00-02:00,1.25,2.69
500112051,02:00-04:00,0.86,1.7
500112051,04:00-06:00,2.59,0.91
500112051,06:00-08:00,15.41,7.84
500112051,08:00-10:00,17.08,13.98
500112051,10:00-12:00,13.54,10.22
500112051,12:00-14:00,10.8,8.7
500112051,14:00-16:00,9.19,7.85
500112051,16:00-18:00,11.6,15.02
500112051,18:00-20:00,17.5,19.21
500112051,20:00-22:00,11.2,13.98
500112051,22:00-24:00,8.15,8.74
500112052,00:00-02:00,2.97,2.67
500112052,02:00-04:00,1.34,1.66
500112052,04:00-06:00,1.68,1.14
500112052,06:00-08:00,8.77,6.68
500112052,08:00-10:00,17.07,17.1
500112052,10:00-12:00,14.02,10.86
500112052,12:00-14:00,12.25,10.59
500112052,14:00-16:00,9.86,10.39
500112052,16:00-18:00,14.25,13.38
500112052,18:00-20:00,14.53,16.71
500112052,20:00-22:00,11.02,12.01
500112052,22:00-24:00,7.85,7.56
500112053,00:00-02:00,1.18,1.0
500112053,02:00-04:00,0.14,0.77
500112053,04:00-06:00,0.68,0.36
500112053,06:00-08:00,4.27,2.43
500112053,08:00-10:00,6.53,3.8
500112053,10:00-12:00,4.93,3.9
500112053,12:00-14:00,4.21,3.88
500112053,14:00-16:00,3.31,2.43
500112053,16:00-18:00,3.84,5.89
500112053,18:00-20:00,7.57,8.87
500112053,20:00-22:00,4.84,6.88
500112053,22:00-24:00,4.26,3.72
500112054,00:00-02:00,1.83,2.62
500112054,02:00-04:00,1.77,0.66
500112054,04:00-06:00,1.53,0.84
500112054,06:00-08:00,5.26,9.58
500112054,08:00-10:00,12.04,17.25
500112054,10:00-12:00,12.13,14.44
500112054,12:00-14:00,11.13,14.55
500112054,14:00-16:00,10.01,12.52
500112054,16:00-18:00,20.83,13.72
500112054,18:00-20:00,15.59,13.73
500112054,20:00-22:00,11.14,9.78
500112054,22:00-24:00,5.95,5.99
500112055,00:00-02:00,2.89,2.19
500112055,02:00-04:00,1.19,3.45
500112055,04:00-06:00,1.27,1.77
500112055,06:00-08:00,4.7,1.86
500112055,08:00-10:00,10.15,5.55
500112055,10:00-12:00,7.47,4.43
500112055,12:00-14:00,8.48,6.07
500112055,14:00-16:00,5.89,5.19
500112055,16:00-18:00,7.0,7.13
500112055,18:00-20:00,7.64,8.77
500112055,20:00-22:00,6.04,7.32
500112055,22:00-24:00,4.89,5.3
500112056,00:00-02:00,2.23,1.98
500112056,02:00-04:00,1.01,0.89
500112056,04:00-06:00,1.12,2.77
500112056,06:00-08:00,11.24,9.13
500112056,08:00-10:00,17.02,24.34
500112056,10:00-12:00,14.1,17.46
500112056,12:00-14:00,17.41,19.18
500112056,14:00-16:00,14.6,14.41
500112056,16:00-18:00,19.71,17.35
500112056,18:00-20:00,20.04,16.98
500112056,20:00-22:00,12.98,11.07
500112056,22:00-24:00,6.79,4.46
500112057,00:00-02:00,0.85,3.03
500112057,02:00-04:00,0.55,1.16
500112057,04:00-06:00,0.68,0.79
500112057,06:00-08:00,11.86,5.74
500112057,08:00-10:00,12.59,7.84
500112057,10:00-12:00,7.62,4.66
500112057,12:00-14:00,6.8,4.71
500112057,14:00-16:00,4.29,4.55
500112057,16:00-18:00,6.73,7.95
500112057,18:00-20:00,10.39,11.28
500112057,20:00-22:00,6.24,9.91
500112057,22:00-24:00,6.83,6.53
500112058,00:00-02:00,2.85,2.66
500112058,02:00-04:00,0.57,0.7
500112058,04:00-06:00,0.59,1.84
500112058,06:00-08:00,14.8,19.43
500112058,08:00-10:00,21.27,24.24
500112058,10:00-12:00,15.37,17.21
500112058,12:00-14:00,16.77,17.05
500112058,14:00-16:00,17.28,15.25
500112058,16:00-18:00,21.95,22.92
500112058,18:00-20:00,22.04,18.56
500112058,20:00-22:00,17.0,11.82
500112058,22:00-24:00,11.87,6.78
500112059,00:00-02:00,1.53,3.21
500112059,02:00-04:00,0.45,1.08
500112059,04:00-06:00,2.34,1.33
500112059,06:00-08:00,11.42,7.47
500112059,08:00-10:00,13.3,10.32
500112059,10:00-12:00,13.74,10.39
500112059,12:00-14:00,11.83,11.34
500112059,14:00-16:00,13.05,13.57
500112059,16:00-18:00,18.14,20.92
500112059,18:00-20:00,18.47,18.46
500112059,20:00-22:00,7.33,11.46
500112059,22:00-24:00,7.11,6.51
500112060,00:00-02:00,2.52,3.98
500112060,02:00-04:00,1.14,1.46
500112060,04:00-06:00,2.64,0.82
500112060,06:00-08:00,11.45,8.26
500112060,08:00-10:00,16.41,12.14
500112060,10:00-12:00,12.16,10.09
500112060,12:00-14:00,12.38,11.27
500112060,14:00-16:00,10.33,10.89
500112060,16:00-18:00,14.18,16.88
500112060,18:00-20:00,17.4,16.32
500112060,20:00-22:00,9.72,13.08
500112060,22:00-24:00,8.79,9.12
500112061,00:00-02:00,1.37,3.07
500112061,02:00-04:00,0.41,0.87
500112061,04:00-06:00,2.25,0.86
500112061,06:00-08:00,10.14,5.99
500112061,08:00-10:00,13.55,10.14
500112061,10:00-12:00,10.5,8.06
500112061,12:00-14:00,9.01,8.88
500112061,14:00-16:00,9.09,8.67
500112061,16:00-18:00,10.22,12.63
500112061,18:00-20:00,15.28,15.92
500112061,20:00-22:00,7.83,11.15
500112061,22:00-24:00,7.26,8.0
500112062,00:00-02:00,2.2,2.23
500112062,02:00-04:00,1.57,1.26
500112062,04:00-06:00,1.46,1.39
500112062,06:00-08:00,5.57,3.09
500112062,08:00-10:00,8.48,5.98
500112062,10:00-12:00,7.18,6.84
500112062,12:00-14:00,8.53,8.68
500112062,14:00-16:00,6.96,6.69
500112062,16:00-18:00,7.79,12.03
500112062,18:00-20:00,8.92,11.27
500112062,20:00-22:00,7.51,9.5
500112062,22:00-24:00,7.3,5.5
500112063,00:00-02:00,1.44,2.0
500112063,02:00-04:00,0.16,0.77
500112063,04:00-06:00,1.61,1.01
500112063,06:00-08:00,8.88,5.05
500112063,08:00-10:00,12.05,11.91
500112063,10:00-12:00,13.49,12.73
500112063,12:00-14:00,13.07,12.06
500112063,14:00-16:00,12.15,14.84
500112063,16:00-18:00,19.98,20.49
500112063,18:00-20:00,15.65,16.28
500112063,20:00-22:00,10.43,10.62
500112063,22:00-24:00,6.08,6.1
500112064,00:00-02:00,4.56,9.26
500112064,02:00-04:00,0.61,2.04
500112064,04:00-06:00,1.11,3.52
500112064,06:00-08:00,19.61,13.32
500112064,08:00-10:00,27.11,20.95
500112064,10:00-12:00,12.97,14.81
500112064,12:00-14:00,13.57,15.51
500112064,14:00-16:00,13.08,14.93
500112064,16:00-18:00,22.77,25.12
500112064,18:00-20:00,24.97,16.54
500112064,20:00-22:00,16.66,12.91
500112064,22:00-24:00,11.41,15.0
500112065,00:00-02:00,0.56,0.49
500112065,02:00-04:00,2.66,0.91
500112065,04:00-06:00,1.09,1.39
500112065,06:00-08:00,5.08,23.8
500112065,08:00-10:00,14.18,11.93
500112065,10:00-12:00,10.56,8.31
500112065,12:00-14:00,10.11,9.54
500112065,14:00-16:00,7.3,8.96
500112065,16:00-18:00,25.36,9.95
500112065,18:00-20:00,12.05,11.79
500112065,20:00-22:00,7.47,6.25
500112065,22:00-24:00,3.68,3.0
500112066,00:00-02:00,1.56,0.87
500112066,02:00-04:00,1.17,0.41
500112066,04:00-06:00,2.94,1.68
500112066,06:00-08:00,2.31,4.55
500112066,08:00-10:00,6.64,16.15
500112066,10:00-12:00,4.63,7.08
500112066,12:00-14:00,5.13,8.75
500112066,14:00-16:00,4.23,5.7
500112066,16:00-18:00,10.42,6.82
500112066,18:00-20:00,13.72,6.24
500112066,20:00-22:00,8.91,2.07
500112066,22:00-24:00,6.2,3.98
500112067,00:00-02:00,1.86,2.42
500112067,02:00-04:00,0.27,0.36
500112067,04:00-06:00,0.43,0.93
500112067,06:00-08:00,7.51,3.92
500112067,08:00-10:00,11.65,9.62
500112067,10:00-12:00,9.49,7.84
500112067,12:00-14:00,10.47,10.05
500112067,14:00-16:00,8.21,8.01
500112067,16:00-18:00,11.88,13.57
500112067,18:00-20:00,13.68,13.76
500112067,20:00-22:00,8.55,9.68
500112067,22:00-24:00,4.46,5.45
500112068,00:00-02:00,2.38,2.4
500112068,02:00-04:00,1.43,1.0
500112068,04:00-06:00,3.27,1.14
500112068,06:00-08:00,9.83,6.16
500112068,08:00-10:00,14.7,12.14
500112068,10:00-12:00,11.29,9.59
500112068,12:00-14:00,10.97,10.84
500112068,14:00-16:00,9.82,8.98
500112068,16:00-18:00,13.09,15.35
500112068,18:00-20:00,12.69,16.76
500112068,20:00-22:00,10.65,12.5
500112068,22:00-24:00,6.4,7.32
500112069,00:00-02:00,2.01,2.17
500112069,02:00-04:00,0.86,0.77
500112069,04:00-06:00,1.41,1.07
500112069,06:00-08:00,7.23,5.36
500112069,08:00-10:00,13.02,14.3
500112069,10:00-12:00,10.21,8.59
500112069,12:00-14:00,9.77,10.8
500112069,14:00-16:00,7.81,7.16
500112069,16:00-18:00,10.92,8.48
500112069,18:00-20:00,9.36,10.91
500112069,20:00-22:00,7.73,8.91
500112069,22:00-24:00,4.74,4.85
500112070,00:00-02:00,6.48,5.75
500112070,02:00-04:00,1.83,2.39
500112070,04:00-06:00,3.21,2.5
500112070,06:00-08:00,20.7,21.14
500112070,08:00-10:00,31.85,30.53
500112070,10:00-12:00,25.21,25.28
500112070,12:00-14:00,26.57,29.23
500112070,14:00-16:00,25.31,23.06
500112070,16:00-18:00,31.92,34.42
500112070,18:00-20:00,30.27,32.73
500112070,20:00-22:00,26.93,21.12
500112070,22:00-24:00,17.15,16.27
500112071,00:00-02:00,3.56,5.11
500112071,02:00-04:00,1.02,1.32
500112071,04:00-06:00,3.21,1.96
500112071,06:00-08:00,14.59,12.8
500112071,08:00-10:00,22.54,19.09
500112071,10:00-12:00,16.93,16.63
500112071,12:00-14:00,18.05,16.69
500112071,14:00-16:00,13.68,14.86
500112071,16:00-18:00,20.85,18.46
500112071,18:00-20:00,17.97,21.99
500112071,20:00-22:00,16.13,16.74
500112071,22:00-24:00,9.13,13.07
500112072,00:00-02:00,3.28,3.19
500112072,02:00-04:00,1.59,1.32
500112072,04:00-06:00,2.41,0.77
500112072,06:00-08:00,6.16,9.71
500112072,08:00-10:00,12.59,9.59
500112072,10:00-12:00,10.05,7.34
500112072,12:00-14:00,9.31,7.75
500112072,14:00-16:00,7.41,6.4
500112072,16:00-18:00,15.39,8.82
500112072,18:00-20:00,8.94,10.93
500112072,20:00-22:00,6.2,9.77
500112072,22:00-24:00,3.76,7.77
500112073,00:00-02:00,0.95,2.26
500112073,02:00-04:00,0.33,0.73
500112073,04:00-06:00,1.01,3.23
500112073,06:00-08:00,6.3,4.61
500112073,08:00-10:00,6.47,6.36
500112073,10:00-12:00,7.01,4.66
500112073,12:00-14:00,5.73,8.25
500112073,14:00-16:00,5.22,5.37
500112073,16:00-18:00,7.38,5.28
500112073,18:00-20:00,7.95,6.38
500112073,20:00-22:00,4.26,3.3
500112073,22:00-24:00,3.57,3.35
500112075,00:00-02:00,2.17,1.6
500112075,02:00-04:00,1.07,0.82
500112075,04:00-06:00,1.38,1.32
500112075,06:00-08:00,5.87,5.75
500112075,08:00-10:00,11.94,17.36
500112075,10:00-12:00,12.4,12.11
500112075,12:00-14:00,12.64,14.3
500112075,14:00-16:00,9.76,9.54
500112075,16:00-18:00,13.64,10.84
500112075,18:00-20:00,12.96,12.5
500112075,20:00-22:00,8.99,7.9
500112075,22:00-24:00,6.39,3.75
500112076,00:00-02:00,3.99,4.62
500112076,02:00-04:00,1.03,2.34
500112076,04:00-06:00,0.74,3.73
500112076,06:00-08:00,16.91,20.09
500112076,08:00-10:00,31.14,30.62
500112076,10:00-12:00,21.71,19.0
500112076,12:00-14:00,19.41,24.5
500112076,14:00-16:00,20.88,17.28
500112076,16:00-18:00,27.85,24.36
500112076,18:00-20:00,27.05,19.38
500112076,20:00-22:00,20.14,11.95
500112076,22:00-24:00,16.88,8.08
500112078,00:00-02:00,0.8,1.73
500112078,02:00-04:00,0.05,0.81
500112078,04:00-06:00,0.84,0.3
500112078,06:00-08:00,7.07,3.37
500112078,08:00-10:00,9.85,6.47
500112078,10:00-12:00,5.05,3.02
500112078,12:00-14:00,4.77,3.54
500112078,14:00-16:00,3.24,3.28
500112078,16:00-18:00,4.01,5.09
500112078,18:00-20:00,5.57,7.1
500112078,20:00-22:00,4.93,5.94
500112078,22:00-24:00,4.53,7.49
500112079,00:00-02:00,1.48,1.98
500112079,02:00-04:00,0.56,0.68
500112079,04:00-06:00,0.55,0.5
500112079,06:00-08:00,5.54,5.55
500112079,08:00-10:00,8.29,6.79
500112079,10:00-12:00,5.61,5.59
500112079,12:00-14:00,6.61,6.39
500112079,14:00-16:00,5.97,5.52
500112079,16:00-18:00,6.94,7.98
500112079,18:00-20:00,8.7,7.95
500112079,20:00-22:00,5.61,6.39
500112079,22:00-24:00,4.59,4.67
500112080,00:00-02:00,2.03,1.99
500112080,02:00-04:00,0.48,0.61
500112080,04:00-06:00,1.09,0.57
500112080,06:00-08:00,8.53,5.21
500112080,08:00-10:00,8.87,5.14
500112080,10:00-12:00,7.62,5.57
500112080,12:00-14:00,6.82,4.27
500112080,14:00-16:00,4.7,4.73
500112080,16:00-18:00,7.98,8.11
500112080,18:00-20:00,8.43,10.19
500112080,20:00-22:00,4.36,7.52
500112080,22:00-24:00,3.07,5.13
500112081,00:00-02:00,7.13,4.85
500112081,02:00-04:00,5.24,2.25
500112081,04:00-06:00,2.13,3.5
500112081,06:00-08:00,15.27,22.98
500112081,08:00-10:00,42.98,47.18
500112081,10:00-12:00,33.24,42.45
500112081,12:00-14:00,25.69,30.46
500112081,14:00-16:00,20.88,21.94
500112081,16:00-18:00,36.35,35.37
500112081,18:00-20:00,35.54,28.49
500112081,20:00-22:00,27.58,17.99
500112081,22:00-24:00,19.81,9.88
500112082,00:00-02:00,5.76,4.9
500112082,02:00-04:00,2.91,1.29
500112082,04:00-06:00,1.32,2.48
500112082,06:00-08:00,3.24,10.39
500112082,08:00-10:00,7.52,31.2
500112082,10:00-12:00,19.79,22.09
500112082,12:00-14:00,19.27,21.09
500112082,14:00-16:00,20.54,14.87
500112082,16:00-18:00,26.14,20.33
500112082,18:00-20:00,30.64,21.49
500112082,20:00-22:00,22.07,16.35
500112082,22:00-24:00,10.45,7.78
500112083,00:00-02:00,1.69,2.26
500112083,02:00-04:00,0.59,1.25
500112083,04:00-06:00,0.91,1.85
500112083,06:00-08:00,7.68,8.08
500112083,08:00-10:00,13.8,14.74
500112083,10:00-12:00,12.45,10.23
500112083,12:00-14:00,12.86,13.36
500112083,14:00-16:00,8.3,7.66
500112083,16:00-18:00,11.62,11.1
500112083,18:00-20:00,12.96,12.99
500112083,20:00-22:00,8.58,8.34
500112083,22:00-24:00,5.94,6.1
500112084,00:00-02:00,0.5,0.99
500112084,02:00-04:00,0.16,2.77
500112084,04:00-06:00,0.43,1.5
500112084,06:00-08:00,7.92,2.59
500112084,08:00-10:00,7.88,5.32
500112084,10:00-12:00,6.25,4.91
500112084,12:00-14:00,6.11,5.41
500112084,14:00-16:00,4.12,4.48
500112084,16:00-18:00,7.02,7.74
500112084,18:00-20:00,7.25,9.61
500112084,20:00-22:00,5.74,4.98
500112084,22:00-24:00,3.35,2.73
500112085,00:00-02:00,4.49,2.05
500112085,02:00-04:00,1.84,12.25
500112085,04:00-06:00,2.27,6.05
500112085,06:00-08:00,11.14,10.86
500112085,08:00-10:00,19.7,18.44
500112085,10:00-12:00,12.04,23.77
500112085,12:00-14:00,16.29,24.53
500112085,14:00-16:00,19.08,19.93
500112085,16:00-18:00,26.62,25.19
500112085,18:00-20:00,30.74,24.5
500112085,20:00-22:00,30.04,12.75
500112085,22:00-24:00,14.44,8.76
500112086,00:00-02:00,1.06,1.86
500112086,02:00-04:00,0.28,0.62
500112086,04:00-06:00,0.75,0.44
500112086,06:00-08:00,2.38,1.2
500112086,08:00-10:00,3.35,2.73
500112086,10:00-12:00,2.93,3.39
500112086,12:00-14:00,4.12,4.62
500112086,14:00-16:00,3.37,3.63
500112086,16:00-18:00,4.88,5.14
500112086,18:00-20:00,5.84,6.62
500112086,20:00-22:00,5.0,3.97
500112086,22:00-24:00,4.74,3.14
500112087,00:00-02:00,0.52,0.8
500112087,02:00-04:00,0.41,0.39
500112087,04:00-06:00,0.82,0.47
500112087,06:00-08:00,6.51,3.95
500112087,08:00-10:00,9.8,7.23
500112087,10:00-12:00,7.08,4.18
500112087,12:00-14:00,4.89,3.61
500112087,14:00-16:00,4.05,2.96
500112087,16:00-18:00,4.17,4.78
500112087,18:00-20:00,4.0,4.57
500112087,20:00-22:00,2.1,4.11
500112087,22:00-24:00,2.1,2.85
500112088,00:00-02:00,1.98,1.82
500112088,02:00-04:00,0.27,0.59
500112088,04:00-06:00,1.25,0.81
500112088,06:00-08:00,5.0,3.99
500112088,08:00-10:00,8.73,6.56
500112088,10:00-12:00,6.91,5.29
500112088,12:00-14:00,6.02,3.79
500112088,14:00-16:00,4.4,4.75
500112088,16:00-18:00,6.38,5.66
500112088,18:00-20:00,7.77,8.17
500112088,20:00-22:00,5.33,6.9
500112088,22:00-24:00,4.26,5.43
500112089,00:00-02:00,2.22,1.41
500112089,02:00-04:00,0.77,0.34
500112089,04:00-06:00,1.89,1.64
500112089,06:00-08:00,3.87,9.37
500112089,08:00-10:00,8.28,9.17
500112089,10:00-12:00,11.13,7.36
500112089,12:00-14:00,9.95,14.26
500112089,14:00-16:00,8.1,6.66
500112089,16:00-18:00,14.5,12.42
500112089,18:00-20:00,12.39,11.69
500112089,20:00-22:00,7.43,5.72
500112089,22:00-24:00,5.81,5.01
500112090,00:00-02:00,1.72,2.41
500112090,02:00-04:00,0.51,0.48
500112090,04:00-06:00,0.99,0.97
500112090,06:00-08:00,4.15,4.47
500112090,08:00-10:00,10.43,9.18
500112090,10:00-12:00,8.55,6.7
500112090,12:00-14:00,8.75,8.81
500112090,14:00-16:00,7.36,6.74
500112090,16:00-18:00,10.52,10.04
500112090,18:00-20:00,10.9,8.32
500112090,20:00-22:00,9.19,6.43
500112090,22:00-24:00,6.7,4.05
500112091,00:00-02:00,0.38,0.66
500112091,02:00-04:00,0.17,0.45
500112091,04:00-06:00,0.41,0.32
500112091,06:00-08:00,1.47,2.16
500112091,08:00-10:00,4.55,3.64
500112091,10:00-12:00,3.36,2.62
500112091,12:00-14:00,3.8,3.4
500112091,14:00-16:00,2.57,3.35
500112091,16:00-18:00,4.49,3.12
500112091,18:00-20:00,3.65,3.42
500112091,20:00-22:00,2.45,1.86
500112091,22:00-24:00,1.98,0.92
500112092,00:00-02:00,0.45,0.94
500112092,02:00-04:00,0.41,0.23
500112092,04:00-06:00,0.55,0.57
500112092,06:00-08:00,2.35,2.32
500112092,08:00-10:00,5.87,4.1
500112092,10:00-12:00,4.16,3.83
500112092,12:00-14:00,4.76,3.02
500112092,14:00-16:00,2.92,3.32
500112092,16:00-18:00,5.36,5.55
500112092,18:00-20:00,4.79,4.54
500112092,20:00-22:00,3.19,4.34
500112092,22:00-24:00,1.99,2.68
500112093,00:00-02:00,3.06,1.96
500112093,02:00-04:00,1.17,1.27
500112093,04:00-06:00,0.84,1.05
500112093,06:00-08:00,9.1,9.45
500112093,08:00-10:00,14.61,14.35
500112093,10:00-12:00,11.3,13.69
500112093,12:00-14:00,12.71,15.41
500112093,14:00-16:00,11.98,11.36
500112093,16:00-18:00,17.34,17.48
500112093,18:00-20:00,17.91,17.81
500112093,20:00-22:00,15.05,10.88
500112093,22:00-24:00,8.3,6.01
500112094,00:00-02:00,0.94,1.34
500112094,02:00-04:00,0.25,0.24
500112094,04:00-06:00,1.82,1.12
500112094,06:00-08:00,9.0,5.79
500112094,08:00-10:00,12.04,7.58
500112094,10:00-12:00,8.24,5.34
500112094,12:00-14:00,7.63,5.04
500112094,14:00-16:00,5.37,4.82
500112094,16:00-18:00,7.84,9.85
500112094,18:00-20:00,8.33,11.33
500112094,20:00-22:00,7.17,9.68
500112094,22:00-24:00,3.12,4.18
500112095,00:00-02:00,0.99,1.13
500112095,02:00-04:00,0.25,0.35
500112095,04:00-06:00,0.32,0.11
500112095,06:00-08:00,5.0,1.41
500112095,08:00-10:00,6.08,4.86
500112095,10:00-12:00,5.78,3.63
500112095,12:00-14:00,4.84,4.25
500112095,14:00-16:00,3.87,4.34
500112095,16:00-18:00,5.08,5.39
500112095,18:00-20:00,5.48,6.61
500112095,20:00-22:00,3.11,4.5
500112095,22:00-24:00,2.0,3.55
500112096,00:00-02:00,1.35,1.04
500112096,02:00-04:00,0.05,0.34
500112096,04:00-06:00,0.89,0.59
500112096,06:00-08:00,2.75,3.5
500112096,08:00-10:00,6.34,9.64
500112096,10:00-12:00,6.36,6.24
500112096,12:00-14:00,6.23,6.06
500112096,14:00-16:00,5.77,4.55
500112096,16:00-18:00,9.95,5.56
500112096,18:00-20:00,7.02,5.47
500112096,20:00-22:00,5.38,4.67
500112096,22:00-24:00,2.93,4.83
500112097,00:00-02:00,1.56,2.54
500112097,02:00-04:00,0.25,0.88
500112097,04:00-06:00,1.39,1.36
500112097,06:00-08:00,7.45,4.16
500112097,08:00-10:00,12.0,8.63
500112097,10:00-12:00,10.1,7.75
500112097,12:00-14:00,11.42,9.5
500112097,14:00-16:00,7.89,7.8
500112097,16:00-18:00,10.48,13.6
500112097,18:00-20:00,13.55,14.49
500112097,20:00-22:00,7.42,10.01
500112097,22:00-24:00,7.47,8.06
500112098,00:00-02:00,1.19,1.4
500112098,02:00-04:00,0.45,0.91
500112098,04:00-06:00,0.8,0.25
500112098,06:00-08:00,3.39,1.43
500112098,08:00-10:00,4.89,3.77
500112098,10:00-12:00,3.99,4.07
500112098,12:00-14:00,3.52,3.63
500112098,14:00-16:00,3.73,2.5
500112098,16:00-18:00,3.2,4.04
500112098,18:00-20:00,4.05,6.15
500112098,20:00-22:00,3.78,3.51
500112098,22:00-24:00,2.47,2.78
500112099,00:00-02:00,2.69,4.95
500112099,02:00-04:00,1.66,1.82
500112099,04:00-06:00,3.11,1.8
500112099,06:00-08:00,14.37,11.43
500112099,08:00-10:00,20.44,17.16
500112099,10:00-12:00,17.13,12.13
500112099,12:00-14:00,16.15,15.83
500112099,14:00-16:00,14.41,15.11
500112099,16:00-18:00,20.28,19.64
500112099,18:00-20:00,17.36,21.15
500112099,20:00-22:00,15.35,17.26
500112099,22:00-24:00,11.55,12.54
500112100,00:00-02:00,0.31,1.08
500112100,02:00-04:00,0.02,0.52
500112100,04:00-06:00,1.18,0.11
500112100,06:00-08:00,4.46,1.2
500112100,08:00-10:00,6.54,1.7
500112100,10:00-12:00,4.93,1.75
500112100,12:00-14:00,3.6,2.04
500112100,14:00-16:00,2.14,2.64
500112100,16:00-18:00,3.25,4.43
500112100,18:00-20:00,2.84,5.86
500112100,20:00-22:00,1.48,5.18
500112100,22:00-24:00,1.21,3.66
500112101,00:00-02:00,2.0,1.98
500112101,02:00-04:00,0.59,0.91
500112101,04:00-06:00,0.73,0.95
500112101,06:00-08:00,6.69,5.73
500112101,08:00-10:00,9.86,7.61
500112101,10:00-12:00,7.69,8.32
500112101,12:00-14:00,8.61,9.98
500112101,14:00-16:00,7.44,8.12
500112101,16:00-18:00,10.76,11.63
500112101,18:00-20:00,11.45,14.0
500112101,20:00-22:00,9.75,8.54
500112101,22:00-24:00,5.34,4.7
500112102,00:00-02:00,3.28,3.91
500112102,02:00-04:00,0.43,1.3
500112102,04:00-06:00,0.77,0.62
500112102,06:00-08:00,7.45,4.75
500112102,08:00-10:00,9.06,6.47
500112102,10:00-12:00,7.99,5.71
500112102,12:00-14:00,7.09,5.73
500112102,14:00-16:00,5.85,5.3
500112102,16:00-18:00,9.98,9.12
500112102,18:00-20:00,9.59,11.33
500112102,20:00-22:00,7.86,10.47
500112102,22:00-24:00,8.29,10.56
500112103,00:00-02:00,1.2,0.99
500112103,02:00-04:00,0.56,0.34
500112103,04:00-06:00,0.29,1.16
500112103,06:00-08:00,3.62,6.02
500112103,08:00-10:00,7.02,15.28
500112103,10:00-12:00,7.16,8.94
500112103,12:00-14:00,14.91,15.16
500112103,14:00-16:00,12.17,13.28
500112103,16:00-18:00,18.21,12.13
500112103,18:00-20:00,14.45,11.13
500112103,20:00-22:00,8.67,4.2
500112103,22:00-24:00,5.14,2.23
500112104,00:00-02:00,3.38,4.36
500112104,02:00-04:00,1.17,1.32
500112104,04:00-06:00,0.55,2.63
500112104,06:00-08:00,11.12,8.89
500112104,08:00-10:00,17.6,14.29
500112104,10:00-12:00,12.95,13.4
500112104,12:00-14:00,15.36,16.23
500112104,14:00-16:00,17.1,17.46
500112104,16:00-18:00,21.42,22.05
500112104,18:00-20:00,21.86,21.3
500112104,20:00-22:00,17.32,13.33
500112104,22:00-24:00,10.22,7.5
500112105,00:00-02:00,4.24,2.87
500112105,02:00-04:00,2.38,2.68
500112105,04:00-06:00,1.9,1.71
500112105,06:00-08:00,6.43,2.77
500112105,08:00-10:00,11.47,8.43
500112105,10:00-12:00,8.62,9.42
500112105,12:00-14:00,10.07,13.77
500112105,14:00-16:00,9.61,12.15
500112105,16:00-18:00,14.07,15.34
500112105,18:00-20:00,16.14,15.67
500112105,20:00-22:00,14.36,10.69
500112105,22:00-24:00,9.18,7.94
500112106,00:00-02:00,0.96,1.93
500112106,02:00-04:00,0.34,0.41
500112106,04:00-06:00,0.49,0.39
500112106,06:00-08:00,3.01,2.02
500112106,08:00-10:00,5.14,3.23
500112106,10:00-12:00,4.29,4.36
500112106,12:00-14:00,4.51,6.47
500112106,14:00-16:00,5.35,4.67
500112106,16:00-18:00,7.08,6.98
500112106,18:00-20:00,6.41,8.64
500112106,20:00-22:00,6.64,5.15
500112106,22:00-24:00,4.25,2.54
500112107,00:00-02:00,0.54,1.27
500112107,02:00-04:00,0.02,0.5
500112107,04:00-06:00,0.57,0.36
500112107,06:00-08:00,6.85,4.37
500112107,08:00-10:00,8.38,6.95
500112107,10:00-12:00,5.57,2.94
500112107,12:00-14:00,3.81,3.43
500112107,14:00-16:00,2.99,3.37
500112107,16:00-18:00,5.47,5.98
500112107,18:00-20:00,8.37,8.36
500112107,20:00-22:00,4.12,6.88
500112107,22:00-24:00,3.71,4.2
500112108,00:00-02:00,0.52,0.71
500112108,02:00-04:00,0.89,0.73
500112108,04:00-06:00,0.84,0.41
500112108,06:00-08:00,2.63,0.73
500112108,08:00-10:00,3.3,3.75
500112108,10:00-12:00,2.13,2.61
500112108,12:00-14:00,3.71,2.54
500112108,14:00-16:00,1.9,2.23
500112108,16:00-18:00,2.43,2.59
500112108,18:00-20:00,3.72,3.21
500112108,20:00-22:00,1.49,2.61
500112108,22:00-24:00,1.32,1.48
500112109,00:00-02:00,1.48,2.22
500112109,02:00-04:00,0.16,0.52
500112109,04:00-06:00,1.14,1.19
500112109,06:00-08:00,11.24,7.72
500112109,08:00-10:00,12.24,10.52
500112109,10:00-12:00,8.55,5.86
500112109,12:00-14:00,8.51,7.13
500112109,14:00-16:00,7.82,7.89
500112109,16:00-18:00,10.8,13.46
500112109,18:00-20:00,14.93,15.4
500112109,20:00-22:00,8.54,10.87
500112109,22:00-24:00,6.83,7.26
500112110,00:00-02:00,2.26,3.32
500112110,02:00-04:00,0.82,0.69
500112110,04:00-06:00,2.43,0.66
500112110,06:00-08:00,13.61,7.93
500112110,08:00-10:00,20.45,18.8
500112110,10:00-12:00,15.71,14.55
500112110,12:00-14:00,18.19,17.11
500112110,14:00-16:00,11.96,12.9
500112110,16:00-18:00,18.34,16.27
500112110,18:00-20:00,17.68,19.08
500112110,20:00-22:00,11.24,15.67
500112110,22:00-24:00,8.17,10.21
500112111,00:00-02:00,0.8,1.01
500112111,02:00-04:00,0.27,0.18
500112111,04:00-06:00,0.45,0.7
500112111,06:00-08:00,4.95,2.02
500112111,08:00-10:00,6.44,5.58
500112111,10:00-12:00,5.96,5.39
500112111,12:00-14:00,6.0,4.67
500112111,14:00-16:00,5.25,4.62
500112111,16:00-18:00,6.74,6.4
500112111,18:00-20:00,5.97,6.16
500112111,20:00-22:00,5.43,5.66
500112111,22:00-24:00,2.35,4.17
500112112,00:00-02:00,0.82,0.75
500112112,02:00-04:00,0.23,0.23
500112112,04:00-06:00,0.21,0.41
500112112,06:00-08:00,1.73,1.22
500112112,08:00-10:00,3.56,4.53
500112112,10:00-12:00,2.95,5.75
500112112,12:00-14:00,3.79,4.95
500112112,14:00-16:00,4.39,6.49
500112112,16:00-18:00,6.26,5.76
500112112,18:00-20:00,8.08,4.51
500112112,20:00-22:00,4.1,2.4
500112112,22:00-24:00,2.01,2.07
500112113,00:00-02:00,1.39,1.44
500112113,02:00-04:00,0.32,0.4
500112113,04:00-06:00,1.48,0.93
500112113,06:00-08:00,7.64,4.53
500112113,08:00-10:00,12.39,8.31
500112113,10:00-12:00,7.61,5.41
500112113,12:00-14:00,7.16,6.59
500112113,14:00-16:00,6.32,5.23
500112113,16:00-18:00,7.08,9.8
500112113,18:00-20:00,10.67,10.64
500112113,20:00-22:00,5.72,9.46
500112113,22:00-24:00,5.01,5.58
500112114,00:00-02:00,1.44,1.9
500112114,02:00-04:00,0.55,0.45
500112114,04:00-06:00,1.21,0.87
500112114,06:00-08:00,4.67,1.98
500112114,08:00-10:00,6.92,5.91
500112114,10:00-12:00,6.22,4.73
500112114,12:00-14:00,5.28,4.63
500112114,14:00-16:00,4.02,3.96
500112114,16:00-18:00,5.39,6.51
500112114,18:00-20:00,6.05,6.84
500112114,20:00-22:00,4.15,6.05
500112114,22:00-24:00,3.7,2.79
500112115,00:00-02:00,2.73,3.99
500112115,02:00-04:00,0.77,1.67
500112115,04:00-06:00,1.61,1.83
500112115,06:00-08:00,10.5,5.73
500112115,08:00-10:00,13.91,9.2
500112115,10:00-12:00,9.37,7.11
500112115,12:00-14:00,11.41,8.79
500112115,14:00-16:00,7.64,8.73
500112115,16:00-18:00,13.09,15.77
500112115,18:00-20:00,13.68,14.45
500112115,20:00-22:00,9.7,12.87
500112115,22:00-24:00,9.86,8.65
500112116,00:00-02:00,1.3,1.84
500112116,02:00-04:00,0.02,0.23
500112116,04:00-06:00,0.57,0.35
500112116,06:00-08:00,5.48,2.88
500112116,08:00-10:00,10.12,7.29
500112116,10:00-12:00,6.07,2.73
500112116,12:00-14:00,5.25,3.14
500112116,14:00-16:00,3.81,3.8
500112116,16:00-18:00,4.2,5.77
500112116,18:00-20:00,7.45,6.58
500112116,20:00-22:00,3.51,6.26
500112116,22:00-24:00,3.28,5.25
500112117,00:00-02:00,0.94,1.32
500112117,02:00-04:00,0.59,0.32
500112117,04:00-06:00,0.57,2.51
500112117,06:00-08:00,4.57,5.05
500112117,08:00-10:00,5.91,8.95
500112117,10:00-12:00,5.68,6.58
500112117,12:00-14:00,7.52,7.75
500112117,14:00-16:00,5.91,7.16
500112117,16:00-18:00,8.11,7.71
500112117,18:00-20:00,8.62,5.38
500112117,20:00-22:00,6.36,3.77
500112117,22:00-24:00,2.8,2.32
500112118,00:00-02:00,1.71,1.66
500112118,02:00-04:00,0.25,0.43
500112118,04:00-06:00,0.75,2.92
500112118,06:00-08:00,6.71,4.95
500112118,08:00-10:00,7.92,7.85
500112118,10:00-12:00,7.0,6.85
500112118,12:00-14:00,8.93,8.52
500112118,14:00-16:00,7.15,8.67
500112118,16:00-18:00,9.7,12.1
500112118,18:00-20:00,11.61,11.34
500112118,20:00-22:00,10.49,7.77
500112118,22:00-24:00,5.37,3.12
500112119,00:00-02:00,2.96,3.23
500112119,02:00-04:00,1.42,1.82
500112119,04:00-06:00,0.81,2.43
500112119,06:00-08:00,2.93,5.82
500112119,08:00-10:00,5.68,19.7
500112119,10:00-12:00,8.13,8.42
500112119,12:00-14:00,14.61,15.7
500112119,14:00-16:00,8.35,7.23
500112119,16:00-18:00,12.84,6.63
500112119,18:00-20:00,12.48,7.35
500112119,20:00-22:00,10.68,3.82
500112119,22:00-24:00,8.66,2.34
500112120,00:00-02:00,0.16,0.26
500112120,02:00-04:00,0.05,0.34
500112120,04:00-06:00,0.43,0.18
500112120,06:00-08:00,0.81,0.86
500112120,08:00-10:00,1.84,1.64
500112120,10:00-12:00,1.34,1.07
500112120,12:00-14:00,2.13,1.05
500112120,14:00-16:00,1.36,1.85
500112120,16:00-18:00,3.65,1.74
500112120,18:00-20:00,1.53,2.98
500112120,20:00-22:00,0.43,0.89
500112120,22:00-24:00,0.36,0.34
500112123,00:00-02:00,1.3,1.42
500112123,02:00-04:00,0.3,0.71
500112123,04:00-06:00,1.18,0.52
500112123,06:00-08:00,3.54,3.18
500112123,08:00-10:00,5.49,5.97
500112123,10:00-12:00,5.87,5.65
500112123,12:00-14:00,6.87,7.34
500112123,14:00-16:00,6.06,6.13
500112123,16:00-18:00,8.18,10.59
500112123,18:00-20:00,7.2,11.51
500112123,20:00-22:00,7.37,5.32
500112123,22:00-24:00,5.11,3.31
500112124,00:00-02:00,0.93,1.53
500112124,02:00-04:00,0.54,0.3
500112124,04:00-06:00,0.44,0.98
500112124,06:00-08:00,3.83,1.7
500112124,08:00-10:00,7.1,5.48
500112124,10:00-12:00,5.53,4.23
500112124,12:00-14:00,5.71,5.11
500112124,14:00-16:00,3.55,4.51
500112124,16:00-18:00,5.75,6.26
500112124,18:00-20:00,6.36,6.34
500112124,20:00-22:00,5.95,3.64
500112124,22:00-24:00,3.13,2.03
500112125,00:00-02:00,1.11,1.84
500112125,02:00-04:00,0.16,1.52
500112125,04:00-06:00,0.32,1.71
500112125,06:00-08:00,2.0,3.05
500112125,08:00-10:00,5.18,4.7
500112125,10:00-12:00,4.25,5.12
500112125,12:00-14:00,5.49,4.21
500112125,14:00-16:00,4.0,5.68
500112125,16:00-18:00,6.16,4.55
500112125,18:00-20:00,7.51,5.96
500112125,20:00-22:00,8.2,5.35
500112125,22:00-24:00,5.01,1.41
500112127,00:00-02:00,1.81,2.23
500112127,02:00-04:00,0.57,1.35
500112127,04:00-06:00,1.71,0.3
500112127,06:00-08:00,8.12,4.77
500112127,08:00-10:00,13.44,10.19
500112127,10:00-12:00,9.08,6.34
500112127,12:00-14:00,6.83,6.57
500112127,14:00-16:00,6.44,6.97
500112127,16:00-18:00,7.57,10.18
500112127,18:00-20:00,11.23,12.88
500112127,20:00-22:00,6.86,8.97
500112127,22:00-24:00,4.98,5.18
500112128,00:00-02:00,2.09,1.74
500112128,02:00-04:00,0.88,0.82
500112128,04:00-06:00,0.9,0.48
500112128,06:00-08:00,2.82,5.23
500112128,08:00-10:00,11.19,13.55
500112128,10:00-12:00,6.79,8.34
500112128,12:00-14:00,6.79,8.16
500112128,14:00-16:00,6.71,6.46
500112128,16:00-18:00,12.8,7.31
500112128,18:00-20:00,13.04,7.88
500112128,20:00-22:00,6.56,3.93
500112128,22:00-24:00,5.87,4.8
500112129,00:00-02:00,0.75,1.58
500112129,02:00-04:00,0.41,0.59
500112129,04:00-06:00,0.98,0.34
500112129,06:00-08:00,7.04,3.5
500112129,08:00-10:00,8.03,6.59
500112129,10:00-12:00,7.51,6.16
500112129,12:00-14:00,8.22,8.48
500112129,14:00-16:00,6.31,5.5
500112129,16:00-18:00,9.68,12.26
500112129,18:00-20:00,12.37,11.54
500112129,20:00-22:00,6.93,7.02
500112129,22:00-24:00,3.35,4.44
500112130,00:00-02:00,0.19,0.49
500112130,02:00-04:00,0.68,0.25
500112130,04:00-06:00,0.45,0.66
500112130,06:00-08:00,1.54,2.66
500112130,08:00-10:00,3.7,6.91
500112130,10:00-12:00,3.48,3.07
500112130,12:00-14:00,4.2,4.68
500112130,14:00-16:00,5.91,4.53
500112130,16:00-18:00,7.76,2.97
500112130,18:00-20:00,4.05,3.29
500112130,20:00-22:00,1.72,1.68
500112130,22:00-24:00,0.79,1.8
500112132,00:00-02:00,0.54,0.92
500112132,02:00-04:00,0.05,0.86
500112132,04:00-06:00,1.25,1.27
500112132,06:00-08:00,7.45,1.77
500112132,08:00-10:00,10.48,3.27
500112132,10:00-12:00,6.08,2.61
500112132,12:00-14:00,5.09,4.41
500112132,14:00-16:00,4.61,4.37
500112132,16:00-18:00,5.37,5.66
500112132,18:00-20:00,6.06,7.02
500112132,20:00-22:00,3.35,6.34
500112132,22:00-24:00,1.46,6.65
500112133,00:00-02:00,1.24,1.77
500112133,02:00-04:00,0.14,0.35
500112133,04:00-06:00,0.78,0.6
500112133,06:00-08:00,5.11,3.49
500112133,08:00-10:00,9.44,7.82
500112133,10:00-12:00,8.11,7.04
500112133,12:00-14:00,10.65,9.69
500112133,14:00-16:00,6.33,6.07
500112133,16:00-18:00,9.47,10.62
500112133,18:00-20:00,9.3,11.04
500112133,20:00-22:00,8.95,8.52
500112133,22:00-24:00,4.34,4.49
500112134,00:00-02:00,0.59,0.68
500112134,02:00-04:00,0.39,0.2
500112134,04:00-06:00,0.41,0.34
500112134,06:00-08:00,3.94,6.75
500112134,08:00-10:00,7.33,3.75
500112134,10:00-12:00,3.86,2.93
500112134,12:00-14:00,4.34,3.27
500112134,14:00-16:00,2.77,3.37
500112134,16:00-18:00,6.2,5.3
500112134,18:00-20:00,6.17,7.93
500112134,20:00-22:00,5.62,3.68
500112134,22:00-24:00,2.05,1.3
500113001,00:00-02:00,0.69,1.22
500113001,02:00-04:00,0.57,0.35
500113001,04:00-06:00,1.5,1.26
500113001,06:00-08:00,7.59,6.11
500113001,08:00-10:00,5.43,4.97
500113001,10:00-12:00,4.4,4.78
500113001,12:00-14:00,3.99,4.08
500113001,14:00-16:00,4.13,4.03
500113001,16:00-18:00,7.05,9.24
500113001,18:00-20:00,8.89,7.82
500113001,20:00-22:00,4.84,7.37
500113001,22:00-24:00,4.71,3.86
500113002,00:00-02:00,2.43,1.7
500113002,02:00-04:00,0.43,0.64
500113002,04:00-06:00,2.37,1.08
500113002,06:00-08:00,8.36,5.02
500113002,08:00-10:00,6.52,7.94
500113002,10:00-12:00,4.75,4.71
500113002,12:00-14:00,5.09,4.58
500113002,14:00-16:00,5.48,4.23
500113002,16:00-18:00,8.19,11.47
500113002,18:00-20:00,10.32,9.66
500113002,20:00-22:00,5.09,8.86
500113002,22:00-24:00,3.55,3.78
500113003,00:00-02:00,1.54,2.62
500113003,02:00-04:00,1.45,0.83
500113003,04:00-06:00,1.63,2.0
500113003,06:00-08:00,5.54,4.0
500113003,08:00-10:00,4.21,6.4
500113003,10:00-12:00,4.89,5.03
500113003,12:00-14:00,4.07,4.04
500113003,14:00-16:00,4.62,4.72
500113003,16:00-18:00,6.29,7.82
500113003,18:00-20:00,6.02,6.51
500113003,20:00-22:00,4.57,5.11
500113003,22:00-24:00,3.49,3.58
500113004,00:00-02:00,0.94,1.14
500113004,02:00-04:00,0.3,0.47
500113004,04:00-06:00,1.59,0.14
500113004,06:00-08:00,4.77,6.74
500113004,08:00-10:00,8.16,5.23
500113004,10:00-12:00,6.78,5.85
500113004,12:00-14:00,5.32,5.33
500113004,14:00-16:00,5.45,4.55
500113004,16:00-18:00,8.25,8.19
500113004,18:00-20:00,5.98,8.31
500113004,20:00-22:00,4.68,4.91
500113004,22:00-24:00,2.07,2.87
500113005,00:00-02:00,0.4,1.2
500113005,02:00-04:00,2.39,0.27
500113005,04:00-06:00,1.48,0.77
500113005,06:00-08:00,4.64,7.36
500113005,08:00-10:00,6.59,5.68
500113005,10:00-12:00,8.11,5.88
500113005,12:00-14:00,5.91,5.48
500113005,14:00-16:00,4.91,5.63
500113005,16:00-18:00,12.3,8.22
500113005,18:00-20:00,6.13,8.63
500113005,20:00-22:00,4.89,6.5
500113005,22:00-24:00,2.09,3.28
500113006,00:00-02:00,0.54,0.52
500113006,02:00-04:00,0.23,0.41
500113006,04:00-06:00,0.48,0.68
500113006,06:00-08:00,3.33,2.23
500113006,08:00-10:00,3.14,2.82
500113006,10:00-12:00,2.54,2.18
500113006,12:00-14:00,3.11,3.19
500113006,14:00-16:00,3.42,3.24
500113006,16:00-18:00,5.57,3.79
500113006,18:00-20:00,2.99,3.98
500113006,20:00-22:00,2.16,2.68
500113006,22:00-24:00,0.89,1.89
500113007,00:00-02:00,0.62,0.82
500113007,02:00-04:00,0.14,0.48
500113007,04:00-06:00,0.55,1.36
500113007,06:00-08:00,5.21,5.57
500113007,08:00-10:00,8.9,7.02
500113007,10:00-12:00,6.87,6.55
500113007,12:00-14:00,4.55,4.13
500113007,14:00-16:00,4.52,4.7
500113007,16:00-18:00,7.38,6.45
500113007,18:00-20:00,5.34,4.27
500113007,20:00-22:00,2.95,2.93
500113007,22:00-24:00,1.47,2.19
500113008,00:00-02:00,1.04,2.22
500113008,02:00-04:00,2.16,1.48
500113008,04:00-06:00,2.71,2.44
500113008,06:00-08:00,14.59,10.06
500113008,08:00-10:00,13.07,10.48
500113008,10:00-12:00,11.17,10.45
500113008,12:00-14:00,9.36,8.66
500113008,14:00-16:00,7.91,7.44
500113008,16:00-18:00,11.78,15.14
500113008,18:00-20:00,11.2,14.36
500113008,20:00-22:00,10.03,8.93
500113008,22:00-24:00,4.23,4.73
500113009,00:00-02:00,0.24,0.52
500113009,02:00-04:00,0.43,0.27
500113009,04:00-06:00,0.8,0.41
500113009,06:00-08:00,3.8,3.36
500113009,08:00-10:00,5.67,4.09
500113009,10:00-12:00,4.08,3.14
500113009,12:00-14:00,3.35,2.7
500113009,14:00-16:00,4.17,3.73
500113009,16:00-18:00,4.75,5.44
500113009,18:00-20:00,3.65,5.18
500113009,20:00-22:00,2.73,3.19
500113009,22:00-24:00,1.71,1.71
500113010,00:00-02:00,0.59,0.14
500113010,02:00-04:00,0.17,0.43
500113010,04:00-06:00,0.09,0.66
500113010,06:00-08:00,2.71,3.86
500113010,08:00-10:00,3.76,2.66
500113010,10:00-12:00,3.25,2.56
500113010,12:00-14:00,2.87,2.29
500113010,14:00-16:00,3.47,4.89
500113010,16:00-18:00,6.71,5.25
500113010,18:00-20:00,3.54,4.83
500113010,20:00-22:00,3.75,3.51
500113010,22:00-24:00,2.64,2.01
500113012,00:00-02:00,2.47,2.89
500113012,02:00-04:00,0.64,0.86
500113012,04:00-06:00,2.64,1.27
500113012,06:00-08:00,11.85,6.82
500113012,08:00-10:00,11.82,10.1
500113012,10:00-12:00,10.43,8.68
500113012,12:00-14:00,9.46,8.94
500113012,14:00-16:00,9.26,9.64
500113012,16:00-18:00,12.93,17.77
500113012,18:00-20:00,13.72,15.38
500113012,20:00-22:00,8.89,9.35
500113012,22:00-24:00,4.62,5.92
500113013,00:00-02:00,1.25,1.8
500113013,02:00-04:00,0.14,0.2
500113013,04:00-06:00,0.59,0.2
500113013,06:00-08:00,6.91,5.31
500113013,08:00-10:00,7.81,4.49
500113013,10:00-12:00,5.63,4.43
500113013,12:00-14:00,4.9,4.95
500113013,14:00-16:00,5.59,4.23
500113013,16:00-18:00,7.94,9.74
500113013,18:00-20:00,9.0,9.64
500113013,20:00-22:00,4.71,6.2
500113013,22:00-24:00,3.0,3.17
500113014,00:00-02:00,0.88,1.79
500113014,02:00-04:00,0.41,0.7
500113014,04:00-06:00,1.46,1.21
500113014,06:00-08:00,5.35,3.02
500113014,08:00-10:00,6.13,5.09
500113014,10:00-12:00,4.98,4.27
500113014,12:00-14:00,5.81,5.32
500113014,14:00-16:00,5.4,5.12
500113014,16:00-18:00,6.38,8.2
500113014,18:00-20:00,7.26,7.02
500113014,20:00-22:00,5.15,4.32
500113014,22:00-24:00,2.55,2.94
500113015,00:00-02:00,0.47,0.73
500113015,02:00-04:00,0.27,0.39
500113015,04:00-06:00,1.57,0.83
500113015,06:00-08:00,3.65,2.87
500113015,08:00-10:00,4.83,4.2
500113015,10:00-12:00,3.95,3.53
500113015,12:00-14:00,4.41,4.71
500113015,14:00-16:00,4.64,4.0
500113015,16:00-18:00,5.66,6.86
500113015,18:00-20:00,6.62,7.44
500113015,20:00-22:00,3.91,4.41
500113015,22:00-24:00,2.98,2.87
500113016,00:00-02:00,0.49,0.47
500113016,02:00-04:00,0.09,0.11
500113016,04:00-06:00,0.11,0.16
500113016,06:00-08:00,2.28,1.77
500113016,08:00-10:00,2.92,3.02
500113016,10:00-12:00,2.43,2.95
500113016,12:00-14:00,3.16,3.22
500113016,14:00-16:00,2.79,2.83
500113016,16:00-18:00,4.21,5.15
500113016,18:00-20:00,4.43,3.18
500113016,20:00-22:00,2.27,2.41
500113016,22:00-24:00,1.53,1.0
500113017,00:00-02:00,1.37,1.05
500113017,02:00-04:00,0.36,0.23
500113017,04:00-06:00,1.41,0.48
500113017,06:00-08:00,8.68,4.16
500113017,08:00-10:00,5.73,7.8
500113017,10:00-12:00,5.72,6.04
500113017,12:00-14:00,5.57,5.75
500113017,14:00-16:00,7.55,6.05
500113017,16:00-18:00,7.69,9.95
500113017,18:00-20:00,8.18,9.89
500113017,20:00-22:00,5.77,5.98
500113017,22:00-24:00,2.89,3.47
500113018,00:00-02:00,1.37,2.11
500113018,02:00-04:00,1.29,0.66
500113018,04:00-06:00,0.66,0.75
500113018,06:00-08:00,4.04,3.41
500113018,08:00-10:00,4.35,3.73
500113018,10:00-12:00,3.72,4.58
500113018,12:00-14:00,3.62,3.8
500113018,14:00-16:00,3.99,4.8
500113018,16:00-18:00,5.93,5.95
500113018,18:00-20:00,6.66,7.05
500113018,20:00-22:00,5.18,5.01
500113018,22:00-24:00,2.64,3.49
500113019,00:00-02:00,1.01,3.02
500113019,02:00-04:00,0.48,1.39
500113019,04:00-06:00,1.71,1.27
500113019,06:00-08:00,10.96,7.95
500113019,08:00-10:00,9.46,8.97
500113019,10:00-12:00,7.5,7.97
500113019,12:00-14:00,6.92,5.96
500113019,14:00-16:00,7.89,5.98
500113019,16:00-18:00,10.29,16.87
500113019,18:00-20:00,15.97,14.26
500113019,20:00-22:00,7.05,9.22
500113019,22:00-24:00,7.28,7.34
500113020,00:00-02:00,1.39,1.06
500113020,02:00-04:00,0.09,0.34
500113020,04:00-06:00,0.84,0.52
500113020,06:00-08:00,6.12,5.18
500113020,08:00-10:00,7.04,6.07
500113020,10:00-12:00,6.0,5.98
500113020,12:00-14:00,5.02,5.79
500113020,14:00-16:00,6.04,5.34
500113020,16:00-18:00,7.85,10.23
500113020,18:00-20:00,8.85,10.03
500113020,20:00-22:00,5.45,7.5
500113020,22:00-24:00,2.89,3.32
500113022,00:00-02:00,1.7,2.73
500113022,02:00-04:00,4.43,1.57
500113022,04:00-06:00,2.64,2.09
500113022,06:00-08:00,9.6,14.32
500113022,08:00-10:00,15.14,17.46
500113022,10:00-12:00,14.81,14.45
500113022,12:00-14:00,13.99,13.36
500113022,14:00-16:00,14.03,12.06
500113022,16:00-18:00,23.35,17.56
500113022,18:00-20:00,14.64,16.97
500113022,20:00-22:00,10.82,9.39
500113022,22:00-24:00,5.74,8.8
500113023,00:00-02:00,2.53,4.31
500113023,02:00-04:00,0.5,0.45
500113023,04:00-06:00,0.82,1.09
500113023,06:00-08:00,4.72,4.0
500113023,08:00-10:00,5.36,6.75
500113023,10:00-12:00,5.48,7.09
500113023,12:00-14:00,5.11,5.63
500113023,14:00-16:00,5.71,6.03
500113023,16:00-18:00,8.64,6.3
500113023,18:00-20:00,8.52,5.97
500113023,20:00-22:00,7.94,3.77
500113023,22:00-24:00,5.92,6.99
500113025,00:00-02:00,2.24,2.84
500113025,02:00-04:00,1.61,1.37
500113025,04:00-06:00,2.68,2.0
500113025,06:00-08:00,8.01,7.43
500113025,08:00-10:00,6.12,5.66
500113025,10:00-12:00,6.12,5.92
500113025,12:00-14:00,5.57,6.66
500113025,14:00-16:00,7.64,6.18
500113025,16:00-18:00,9.84,10.41
500113025,18:00-20:00,8.41,10.22
500113025,20:00-22:00,6.32,8.27
500113025,22:00-24:00,6.01,4.71
500113026,00:00-02:00,1.67,1.77
500113026,02:00-04:00,0.73,0.82
500113026,04:00-06:00,1.11,1.89
500113026,06:00-08:00,4.18,5.18
500113026,08:00-10:00,5.22,5.4
500113026,10:00-12:00,4.91,4.23
500113026,12:00-14:00,6.02,3.61
500113026,14:00-16:00,5.07,5.19
500113026,16:00-18:00,7.99,7.58
500113026,18:00-20:00,5.72,7.07
500113026,20:00-22:00,5.55,5.21
500113026,22:00-24:00,3.49,3.63
500113027,00:00-02:00,0.71,1.32
500113027,02:00-04:00,0.16,0.64
500113027,04:00-06:00,1.14,0.71
500113027,06:00-08:00,5.36,3.82
500113027,08:00-10:00,7.05,5.41
500113027,10:00-12:00,4.7,3.5
500113027,12:00-14:00,4.25,4.0
500113027,14:00-16:00,4.46,3.34
500113027,16:00-18:00,4.59,7.79
500113027,18:00-20:00,7.59,7.31
500113027,20:00-22:00,3.41,5.75
500113027,22:00-24:00,3.87,3.31
500113028,00:00-02:00,0.33,0.64
500113028,02:00-04:00,0.3,0.16
500113028,04:00-06:00,0.5,0.7
500113028,06:00-08:00,3.98,2.77
500113028,08:00-10:00,6.48,3.93
500113028,10:00-12:00,4.21,4.13
500113028,12:00-14:00,4.75,4.38
500113028,14:00-16:00,3.56,4.07
500113028,16:00-18:00,5.1,5.57
500113028,18:00-20:00,6.31,7.03
500113028,20:00-22:00,4.28,4.95
500113028,22:00-24:00,2.87,2.81
500113029,00:00-02:00,1.01,1.1
500113029,02:00-04:00,0.39,0.3
500113029,04:00-06:00,1.52,0.25
500113029,06:00-08:00,3.44,4.23
500113029,08:00-10:00,5.58,4.79
500113029,10:00-12:00,3.77,3.17
500113029,12:00-14:00,3.77,3.33
500113029,14:00-16:00,3.42,4.06
500113029,16:00-18:00,7.01,5.93
500113029,18:00-20:00,5.29,6.5
500113029,20:00-22:00,3.7,4.79
500113029,22:00-24:00,2.64,2.89
500113030,00:00-02:00,0.26,0.26
500113030,02:00-04:00,0.5,0.2
500113030,04:00-06:00,0.7,0.45
500113030,06:00-08:00,4.3,10.3
500113030,08:00-10:00,5.61,5.99
500113030,10:00-12:00,3.57,4.18
500113030,12:00-14:00,3.28,2.7
500113030,14:00-16:00,2.59,2.91
500113030,16:00-18:00,14.62,3.05
500113030,18:00-20:00,2.18,2.39
500113030,20:00-22:00,1.31,2.09
500113030,22:00-24:00,0.5,1.98
500113031,00:00-02:00,1.63,1.84
500113031,02:00-04:00,0.23,0.41
500113031,04:00-06:00,1.77,0.43
500113031,06:00-08:00,5.85,5.06
500113031,08:00-10:00,8.19,6.98
500113031,10:00-12:00,7.03,5.24
500113031,12:00-14:00,6.46,5.38
500113031,14:00-16:00,5.2,6.5
500113031,16:00-18:00,9.21,8.62
500113031,18:00-20:00,8.81,9.07
500113031,20:00-22:00,6.42,7.7
500113031,22:00-24:00,5.31,5.5
500113032,00:00-02:00,0.54,0.75
500113032,02:00-04:00,0.05,0.05
500113032,04:00-06:00,0.18,0.27
500113032,06:00-08:00,2.04,2.11
500113032,08:00-10:00,3.45,4.07
500113032,10:00-12:00,2.01,1.16
500113032,12:00-14:00,2.93,3.11
500113032,14:00-16:00,2.53,2.89
500113032,16:00-18:00,4.02,3.35
500113032,18:00-20:00,2.92,2.34
500113032,20:00-22:00,1.97,1.83
500113032,22:00-24:00,1.46,1.34
500113033,00:00-02:00,0.82,1.26
500113033,02:00-04:00,0.34,0.23
500113033,04:00-06:00,1.11,1.41
500113033,06:00-08:00,5.11,2.05
500113033,08:00-10:00,6.29,4.75
500113033,10:00-12:00,4.31,3.02
500113033,12:00-14:00,3.85,2.66
500113033,14:00-16:00,2.92,2.84
500113033,16:00-18:00,4.54,5.39
500113033,18:00-20:00,3.98,6.98
500113033,20:00-22:00,4.55,6.2
500113033,22:00-24:00,3.53,3.14
500113034,00:00-02:00,8.44,5.07
500113034,02:00-04:00,5.84,2.79
500113034,04:00-06:00,4.34,2.71
500113034,06:00-08:00,14.27,7.84
500113034,08:00-10:00,19.56,12.66
500113034,10:00-12:00,15.35,15.13
500113034,12:00-14:00,17.15,20.02
500113034,14:00-16:00,13.01,17.89
500113034,16:00-18:00,14.25,20.18
500113034,18:00-20:00,13.09,23.39
500113034,20:00-22:00,15.95,14.22
500113034,22:00-24:00,12.13,9.83
500113035,00:00-02:00,6.16,4.67
500113035,02:00-04:00,4.48,2.39
500113035,04:00-06:00,2.95,1.91
500113035,06:00-08:00,4.37,5.82
500113035,08:00-10:00,6.35,8.95
500113035,10:00-12:00,8.77,13.69
500113035,12:00-14:00,12.9,14.93
500113035,14:00-16:00,11.51,13.14
500113035,16:00-18:00,16.08,15.67
500113035,18:00-20:00,13.9,15.27
500113035,20:00-22:00,13.24,9.64
500113035,22:00-24:00,10.8,7.17
500113036,00:00-02:00,1.67,1.41
500113036,02:00-04:00,0.55,0.41
500113036,04:00-06:00,1.61,1.29
500113036,06:00-08:00,4.5,2.2
500113036,08:00-10:00,6.87,2.84
500113036,10:00-12:00,3.96,2.82
500113036,12:00-14:00,3.84,2.73
500113036,14:00-16:00,3.38,3.89
500113036,16:00-18:00,5.2,6.49
500113036,18:00-20:00,4.79,6.59
500113036,20:00-22:00,3.25,5.61
500113036,22:00-24:00,1.48,4.14
500113037,00:00-02:00,1.32,1.18
500113037,02:00-04:00,0.27,0.47
500113037,04:00-06:00,0.52,0.42
500113037,06:00-08:00,4.29,3.43
500113037,08:00-10:00,4.67,3.11
500113037,10:00-12:00,3.48,2.7
500113037,12:00-14:00,4.23,3.63
500113037,14:00-16:00,3.6,3.39
500113037,16:00-18:00,4.49,5.95
500113037,18:00-20:00,5.38,5.54
500113037,20:00-22:00,3.27,4.63
500113037,22:00-24:00,1.8,2.18
500113038,00:00-02:00,8.42,4.15
500113038,02:00-04:00,3.51,6.7
500113038,04:00-06:00,2.88,5.14
500113038,06:00-08:00,11.06,9.48
500113038,08:00-10:00,13.56,18.5
500113038,10:00-12:00,15.18,19.17
500113038,12:00-14:00,21.08,22.73
500113038,14:00-16:00,22.33,22.05
500113038,16:00-18:00,26.01,27.83
500113038,18:00-20:00,28.3,23.81
500113038,20:00-22:00,24.64,17.27
500113038,22:00-24:00,16.5,11.49
500113039,00:00-02:00,6.53,6.66
500113039,02:00-04:00,2.9,7.92
500113039,04:00-06:00,3.27,3.04
500113039,06:00-08:00,14.68,10.87
500113039,08:00-10:00,17.35,14.87
500113039,10:00-12:00,17.66,20.08
500113039,12:00-14:00,23.61,24.36
500113039,14:00-16:00,24.0,22.29
500113039,16:00-18:00,27.04,29.84
500113039,18:00-20:00,26.24,27.56
500113039,20:00-22:00,24.41,21.22
500113039,22:00-24:00,17.27,15.15
500113041,00:00-02:00,1.08,0.57
500113041,02:00-04:00,0.41,0.75
500113041,04:00-06:00,1.55,1.11
500113041,06:00-08:00,3.99,4.98
500113041,08:00-10:00,4.7,4.18
500113041,10:00-12:00,3.35,3.11
500113041,12:00-14:00,3.57,3.43
500113041,14:00-16:00,4.5,4.59
500113041,16:00-18:00,5.96,6.1
500113041,18:00-20:00,4.97,4.88
500113041,20:00-22:00,4.99,4.09
500113041,22:00-24:00,2.57,3.3
500113042,00:00-02:00,3.84,3.63
500113042,02:00-04:00,1.66,2.69
500113042,04:00-06:00,3.43,2.53
500113042,06:00-08:00,13.0,9.68
500113042,08:00-10:00,16.52,12.05
500113042,10:00-12:00,13.05,12.77
500113042,12:00-14:00,13.62,14.72
500113042,14:00-16:00,15.59,17.44
500113042,16:00-18:00,19.56,24.42
500113042,18:00-20:00,21.33,19.97
500113042,20:00-22:00,13.23,16.61
500113042,22:00-24:00,7.72,7.97
500113043,00:00-02:00,3.06,3.53
500113043,02:00-04:00,1.61,3.07
500113043,04:00-06:00,2.71,1.89
500113043,06:00-08:00,8.89,4.14
500113043,08:00-10:00,14.16,8.14
500113043,10:00-12:00,11.55,12.09
500113043,12:00-14:00,10.79,10.75
500113043,14:00-16:00,11.88,14.34
500113043,16:00-18:00,14.61,16.26
500113043,18:00-20:00,10.02,14.45
500113043,20:00-22:00,10.77,9.66
500113043,22:00-24:00,5.19,6.92
500113044,00:00-02:00,0.59,1.53
500113044,02:00-04:00,0.16,0.43
500113044,04:00-06:00,0.16,0.73
500113044,06:00-08:00,5.95,2.23
500113044,08:00-10:00,5.83,4.91
500113044,10:00-12:00,4.16,4.29
500113044,12:00-14:00,3.98,3.84
500113044,14:00-16:00,3.19,4.21
500113044,16:00-18:00,3.79,6.62
500113044,18:00-20:00,6.34,4.2
500113044,20:00-22:00,4.68,2.89
500113044,22:00-24:00,2.97,3.16
500113045,00:00-02:00,2.09,3.94
500113045,02:00-04:00,0.5,0.32
500113045,04:00-06:00,1.39,3.77
500113045,06:00-08:00,22.51,19.3
500113045,08:00-10:00,17.44,19.48
500113045,10:00-12:00,10.7,12.77
500113045,12:00-14:00,12.06,13.26
500113045,14:00-16:00,13.22,10.84
500113045,16:00-18:00,21.56,23.46
500113045,18:00-20:00,21.21,15.05
500113045,20:00-22:00,14.38,11.15
500113045,22:00-24:00,10.5,10.81
500113046,00:00-02:00,2.32,3.58
500113046,02:00-04:00,1.36,0.8
500113046,04:00-06:00,2.05,0.45
500113046,06:00-08:00,5.71,6.64
500113046,08:00-10:00,7.39,9.34
500113046,10:00-12:00,7.73,8.09
500113046,12:00-14:00,7.58,8.77
500113046,14:00-16:00,7.8,8.16
500113046,16:00-18:00,11.85,9.35
500113046,18:00-20:00,10.89,8.22
500113046,20:00-22:00,9.32,8.32
500113046,22:00-24:00,6.15,6.69
500113047,00:00-02:00,3.3,2.52
500113047,02:00-04:00,2.49,1.54
500113047,04:00-06:00,2.16,0.98
500113047,06:00-08:00,4.45,4.11
500113047,08:00-10:00,7.06,6.9
500113047,10:00-12:00,5.39,5.61
500113047,12:00-14:00,5.94,6.26
500113047,14:00-16:00,5.8,6.67
500113047,16:00-18:00,8.89,7.28
500113047,18:00-20:00,6.14,7.69
500113047,20:00-22:00,4.52,5.51
500113047,22:00-24:00,3.92,3.69
500113048,00:00-02:00,2.45,1.82
500113048,02:00-04:00,1.36,1.07
500113048,04:00-06:00,1.25,1.05
500113048,06:00-08:00,3.67,3.02
500113048,08:00-10:00,5.07,4.98
500113048,10:00-12:00,4.36,3.74
500113048,12:00-14:00,4.8,5.57
500113048,14:00-16:00,4.48,4.5
500113048,16:00-18:00,6.53,6.24
500113048,18:00-20:00,5.31,6.21
500113048,20:00-22:00,3.76,4.66
500113048,22:00-24:00,3.05,3.45
500113049,00:00-02:00,6.54,5.66
500113049,02:00-04:00,3.0,4.18
500113049,04:00-06:00,2.82,2.84
500113049,06:00-08:00,3.58,6.06
500113049,08:00-10:00,8.75,9.77
500113049,10:00-12:00,10.41,12.28
500113049,12:00-14:00,16.61,17.57
500113049,14:00-16:00,17.28,18.64
500113049,16:00-18:00,18.8,21.24
500113049,18:00-20:00,20.04,21.46
500113049,20:00-22:00,18.84,13.57
500113049,22:00-24:00,10.89,9.2
500113050,00:00-02:00,3.72,4.0
500113050,02:00-04:00,1.39,1.49
500113050,04:00-06:00,3.05,2.0
500113050,06:00-08:00,10.85,7.92
500113050,08:00-10:00,12.62,10.23
500113050,10:00-12:00,13.11,11.5
500113050,12:00-14:00,12.1,11.31
500113050,14:00-16:00,12.39,11.84
500113050,16:00-18:00,14.64,16.1
500113050,18:00-20:00,14.98,16.0
500113050,20:00-22:00,9.77,12.17
500113050,22:00-24:00,7.2,9.53
500113051,00:00-02:00,0.31,1.01
500113051,02:00-04:00,0.02,0.11
500113051,04:00-06:00,0.61,0.72
500113051,06:00-08:00,3.14,4.52
500113051,08:00-10:00,3.48,3.76
500113051,10:00-12:00,2.82,2.52
500113051,12:00-14:00,3.89,2.85
500113051,14:00-16:00,3.3,2.5
500113051,16:00-18:00,5.62,4.51
500113051,18:00-20:00,4.02,6.44
500113051,20:00-22:00,5.02,3.23
500113051,22:00-24:00,1.71,2.07
500113052,00:00-02:00,0.52,1.74
500113052,02:00-04:00,0.39,0.98
500113052,04:00-06:00,0.57,1.29
500113052,06:00-08:00,7.04,5.51
500113052,08:00-10:00,7.89,7.98
500113052,10:00-12:00,7.29,5.37
500113052,12:00-14:00,7.39,6.23
500113052,14:00-16:00,7.41,6.83
500113052,16:00-18:00,9.0,11.03
500113052,18:00-20:00,10.0,9.61
500113052,20:00-22:00,7.52,6.6
500113052,22:00-24:00,4.05,3.94
500113053,00:00-02:00,0.73,0.89
500113053,02:00-04:00,0.11,0.23
500113053,04:00-06:00,1.0,0.38
500113053,06:00-08:00,4.61,1.75
500113053,08:00-10:00,2.98,2.43
500113053,10:00-12:00,2.69,1.79
500113053,12:00-14:00,2.23,1.39
500113053,14:00-16:00,2.05,1.77
500113053,16:00-18:00,2.0,3.32
500113053,18:00-20:00,2.82,4.09
500113053,20:00-22:00,2.09,3.56
500113053,22:00-24:00,1.89,2.85
500113054,00:00-02:00,0.34,0.47
500113054,02:00-04:00,0.32,0.16
500113054,04:00-06:00,0.11,0.09
500113054,06:00-08:00,1.0,0.7
500113054,08:00-10:00,1.2,1.18
500113054,10:00-12:00,1.27,1.54
500113054,12:00-14:00,1.35,0.94
500113054,14:00-16:00,0.97,0.84
500113054,16:00-18:00,2.11,1.55
500113054,18:00-20:00,1.3,1.5
500113054,20:00-22:00,0.79,1.36
500113054,22:00-24:00,0.3,0.52
500113055,00:00-02:00,0.82,0.9
500113055,02:00-04:00,0.16,0.14
500113055,04:00-06:00,0.98,0.12
500113055,06:00-08:00,3.84,2.43
500113055,08:00-10:00,4.92,7.59
500113055,10:00-12:00,4.58,3.54
500113055,12:00-14:00,4.39,4.12
500113055,14:00-16:00,3.66,3.28
500113055,16:00-18:00,7.0,6.46
500113055,18:00-20:00,5.84,6.74
500113055,20:00-22:00,4.01,3.89
500113055,22:00-24:00,2.66,3.66
500113056,00:00-02:00,0.61,0.92
500113056,02:00-04:00,0.14,0.32
500113056,04:00-06:00,0.86,0.16
500113056,06:00-08:00,3.42,1.23
500113056,08:00-10:00,3.69,2.66
500113056,10:00-12:00,3.38,2.95
500113056,12:00-14:00,2.84,2.41
500113056,14:00-16:00,2.65,2.23
500113056,16:00-18:00,2.5,3.41
500113056,18:00-20:00,2.43,3.66
500113056,20:00-22:00,1.39,3.3
500113056,22:00-24:00,1.91,1.88
500113057,00:00-02:00,2.45,2.24
500113057,02:00-04:00,0.66,0.5
500113057,04:00-06:00,2.46,0.93
500113057,06:00-08:00,8.52,4.48
500113057,08:00-10:00,7.75,5.39
500113057,10:00-12:00,5.94,4.77
500113057,12:00-14:00,4.44,5.16
500113057,14:00-16:00,5.2,5.09
500113057,16:00-18:00,5.29,9.14
500113057,18:00-20:00,7.5,7.57
500113057,20:00-22:00,5.0,7.16
500113057,22:00-24:00,2.73,4.83
500113058,00:00-02:00,1.15,1.02
500113058,02:00-04:00,0.09,0.18
500113058,04:00-06:00,1.73,0.5
500113058,06:00-08:00,6.47,4.52
500113058,08:00-10:00,7.93,5.95
500113058,10:00-12:00,4.59,3.84
500113058,12:00-14:00,4.1,3.66
500113058,14:00-16:00,3.69,4.12
500113058,16:00-18:00,6.4,7.81
500113058,18:00-20:00,5.2,7.61
500113058,20:00-22:00,3.91,5.85
500113058,22:00-24:00,4.53,4.88
500113059,00:00-02:00,0.75,0.74
500113059,02:00-04:00,0.32,0.14
500113059,04:00-06:00,0.41,0.75
500113059,06:00-08:00,4.0,7.24
500113059,08:00-10:00,3.41,3.16
500113059,10:00-12:00,2.57,2.5
500113059,12:00-14:00,3.14,2.98
500113059,14:00-16:00,1.34,1.52
500113059,16:00-18:00,9.9,1.44
500113059,18:00-20:00,1.78,2.04
500113059,20:00-22:00,0.77,1.98
500113059,22:00-24:00,0.61,1.8
500113060,00:00-02:00,0.47,0.85
500113060,02:00-04:00,0.48,1.85
500113060,04:00-06:00,0.48,0.89
500113060,06:00-08:00,3.23,1.76
500113060,08:00-10:00,3.52,3.06
500113060,10:00-12:00,3.87,2.38
500113060,12:00-14:00,1.3,1.0
500113060,14:00-16:00,1.27,0.84
500113060,16:00-18:00,1.24,1.76
500113060,18:00-20:00,1.13,1.57
500113060,20:00-22:00,1.05,2.52
500113060,22:00-24:00,1.02,0.83
500113061,00:00-02:00,0.42,0.28
500113061,02:00-04:00,0.59,0.34
500113061,04:00-06:00,2.84,1.05
500113061,06:00-08:00,2.02,2.84
500113061,08:00-10:00,2.61,2.45
500113061,10:00-12:00,2.67,2.39
500113061,12:00-14:00,1.3,1.16
500113061,14:00-16:00,1.91,0.57
500113061,16:00-18:00,1.1,0.48
500113061,18:00-20:00,0.9,1.05
500113061,20:00-22:00,0.68,3.78
500113061,22:00-24:00,2.48,3.45
500113062,00:00-02:00,0.74,1.14
500113062,02:00-04:00,0.18,0.3
500113062,04:00-06:00,0.27,0.39
500113062,06:00-08:00,3.89,4.25
500113062,08:00-10:00,5.72,3.65
500113062,10:00-12:00,3.36,3.3
500113062,12:00-14:00,3.83,4.07
500113062,14:00-16:00,4.11,4.01
500113062,16:00-18:00,8.2,5.28
500113062,18:00-20:00,4.86,7.4
500113062,20:00-22:00,5.22,3.52
500113062,22:00-24:00,1.05,2.08
500113064,00:00-02:00,3.37,2.4
500113064,02:00-04:00,1.2,1.0
500113064,04:00-06:00,1.39,1.27
500113064,06:00-08:00,11.24,10.06
500113064,08:00-10:00,13.78,12.93
500113064,10:00-12:00,11.33,9.11
500113064,12:00-14:00,11.91,12.9
500113064,14:00-16:00,11.47,11.17
500113064,16:00-18:00,14.21,15.1
500113064,18:00-20:00,13.83,15.48
500113064,20:00-22:00,9.82,9.94
500113064,22:00-24:00,4.1,6.2
500113065,00:00-02:00,1.84,0.99
500113065,02:00-04:00,1.22,0.59
500113065,04:00-06:00,1.16,1.48
500113065,06:00-08:00,5.7,10.05
500113065,08:00-10:00,9.83,7.33
500113065,10:00-12:00,6.96,5.38
500113065,12:00-14:00,6.33,6.43
500113065,14:00-16:00,6.98,8.17
500113065,16:00-18:00,17.12,12.93
500113065,18:00-20:00,10.49,10.25
500113065,20:00-22:00,6.38,7.09
500113065,22:00-24:00,3.09,4.17
500113066,00:00-02:00,1.25,1.08
500113066,02:00-04:00,0.82,0.39
500113066,04:00-06:00,1.07,1.84
500113066,06:00-08:00,7.59,4.34
500113066,08:00-10:00,7.91,4.68
500113066,10:00-12:00,6.21,5.25
500113066,12:00-14:00,4.96,4.86
500113066,14:00-16:00,5.97,5.53
500113066,16:00-18:00,7.59,9.24
500113066,18:00-20:00,7.18,9.81
500113066,20:00-22:00,5.27,6.41
500113066,22:00-24:00,3.64,4.46
500113069,00:00-02:00,2.2,2.31
500113069,02:00-04:00,0.32,0.43
500113069,04:00-06:00,1.25,1.14
500113069,06:00-08:00,7.89,5.18
500113069,08:00-10:00,7.69,6.34
500113069,10:00-12:00,5.73,6.27
500113069,12:00-14:00,6.07,5.74
500113069,14:00-16:00,6.93,4.69
500113069,16:00-18:00,9.01,8.86
500113069,18:00-20:00,9.91,7.88
500113069,20:00-22:00,6.73,5.73
500113069,22:00-24:00,5.2,8.01
500113070,00:00-02:00,0.26,0.99
500113070,02:00-04:00,0.18,0.28
500113070,04:00-06:00,0.73,0.46
500113070,06:00-08:00,3.58,1.5
500113070,08:00-10:00,1.88,2.32
500113070,10:00-12:00,1.57,0.95
500113070,12:00-14:00,0.98,0.68
500113070,14:00-16:00,1.0,1.02
500113070,16:00-18:00,1.63,2.31
500113070,18:00-20:00,0.75,1.57
500113070,20:00-22:00,1.41,0.93
500113070,22:00-24:00,0.27,0.71
500113071,00:00-02:00,0.66,1.15
500113071,02:00-04:00,0.36,0.65
500113071,04:00-06:00,0.52,0.96
500113071,06:00-08:00,4.36,3.41
500113071,08:00-10:00,4.36,2.39
500113071,10:00-12:00,4.77,4.04
500113071,12:00-14:00,2.3,3.16
500113071,14:00-16:00,2.75,2.21
500113071,16:00-18:00,3.14,4.64
500113071,18:00-20:00,2.98,3.96
500113071,20:00-22:00,1.55,3.57
500113071,22:00-24:00,1.16,1.42
500113072,00:00-02:00,0.71,0.85
500113072,02:00-04:00,0.52,0.48
500113072,04:00-06:00,1.34,0.57
500113072,06:00-08:00,3.14,2.66
500113072,08:00-10:00,1.97,1.73
500113072,10:00-12:00,2.21,2.14
500113072,12:00-14:00,1.44,1.52
500113072,14:00-16:00,2.01,2.16
500113072,16:00-18:00,3.02,2.98
500113072,18:00-20:00,2.75,3.49
500113072,20:00-22:00,3.34,3.22
500113072,22:00-24:00,1.78,2.24
500113073,00:00-02:00,1.04,1.13
500113073,02:00-04:00,0.3,0.68
500113073,04:00-06:00,1.21,1.39
500113073,06:00-08:00,7.6,4.57
500113073,08:00-10:00,8.74,9.06
500113073,10:00-12:00,7.01,4.84
500113073,12:00-14:00,4.7,3.27
500113073,14:00-16:00,4.4,3.84
500113073,16:00-18:00,6.96,9.07
500113073,18:00-20:00,6.95,8.57
500113073,20:00-22:00,4.14,6.43
500113073,22:00-24:00,3.92,4.12
500113074,00:00-02:00,0.9,0.9
500113074,02:00-04:00,0.11,0.16
500113074,04:00-06:00,0.55,0.64
500113074,06:00-08:00,3.86,2.35
500113074,08:00-10:00,5.11,4.39
500113074,10:00-12:00,3.93,2.73
500113074,12:00-14:00,3.2,2.72
500113074,14:00-16:00,3.33,3.14
500113074,16:00-18:00,4.96,5.67
500113074,18:00-20:00,4.83,4.46
500113074,20:00-22:00,3.07,3.88
500113074,22:00-24:00,2.21,2.44
500113075,00:00-02:00,0.8,0.75
500113075,02:00-04:00,0.48,0.19
500113075,04:00-06:00,0.41,0.53
500113075,06:00-08:00,4.77,2.69
500113075,08:00-10:00,3.73,3.84
500113075,10:00-12:00,4.3,4.13
500113075,12:00-14:00,2.66,2.91
500113075,14:00-16:00,3.33,3.19
500113075,16:00-18:00,5.5,7.14
500113075,18:00-20:00,6.08,5.99
500113075,20:00-22:00,3.18,5.24
500113075,22:00-24:00,2.37,2.32
500113077,00:00-02:00,1.32,1.74
500113077,02:00-04:00,0.18,0.42
500113077,04:00-06:00,0.57,0.23
500113077,06:00-08:00,4.49,4.03
500113077,08:00-10:00,4.65,4.19
500113077,10:00-12:00,3.59,3.72
500113077,12:00-14:00,5.04,3.33
500113077,14:00-16:00,3.9,3.63
500113077,16:00-18:00,6.48,7.03
500113077,18:00-20:00,5.85,5.97
500113077,20:00-22:00,3.95,5.2
500113077,22:00-24:00,2.24,2.77
500113078,00:00-02:00,1.25,1.17
500113078,02:00-04:00,0.57,0.48
500113078,04:00-06:00,1.75,2.06
500113078,06:00-08:00,8.67,7.15
500113078,08:00-10:00,8.99,6.99
500113078,10:00-12:00,7.79,7.02
500113078,12:00-14:00,6.83,6.9
500113078,14:00-16:00,12.02,12.04
500113078,16:00-18:00,14.59,18.4
500113078,18:00-20:00,14.43,15.06
500113078,20:00-22:00,10.61,11.93
500113078,22:00-24:00,5.64,5.06
500113079,00:00-02:00,0.8,1.62
500113079,02:00-04:00,0.59,0.55
500113079,04:00-06:00,2.68,2.23
500113079,06:00-08:00,8.08,4.02
500113079,08:00-10:00,8.32,7.93
500113079,10:00-12:00,6.4,5.43
500113079,12:00-14:00,5.69,4.72
500113079,14:00-16:00,5.34,5.14
500113079,16:00-18:00,8.0,9.68
500113079,18:00-20:00,10.71,12.04
500113079,20:00-22:00,5.39,7.96
500113079,22:00-24:00,5.12,4.56
500113081,00:00-02:00,0.66,0.42
500113081,02:00-04:00,0.32,0.55
500113081,04:00-06:00,2.41,0.93
500113081,06:00-08:00,1.93,2.64
500113081,08:00-10:00,3.16,5.68
500113081,10:00-12:00,1.64,1.86
500113081,12:00-14:00,1.64,1.74
500113081,14:00-16:00,1.48,2.36
500113081,16:00-18:00,7.04,0.94
500113081,18:00-20:00,1.23,1.34
500113081,20:00-22:00,0.7,2.61
500113081,22:00-24:00,1.16,2.23
500113083,00:00-02:00,0.59,0.6
500113083,02:00-04:00,0.09,0.19
500113083,04:00-06:00,0.27,0.25
500113083,06:00-08:00,1.57,1.44
500113083,08:00-10:00,3.69,2.78
500113083,10:00-12:00,2.81,2.5
500113083,12:00-14:00,2.13,2.01
500113083,14:00-16:00,1.92,1.61
500113083,16:00-18:00,2.94,2.54
500113083,18:00-20:00,2.8,3.59
500113083,20:00-22:00,2.08,2.41
500113083,22:00-24:00,2.04,1.8
500113085,00:00-02:00,0.64,0.87
500113085,02:00-04:00,0.27,0.55
500113085,04:00-06:00,0.73,1.34
500113085,06:00-08:00,4.88,2.74
500113085,08:00-10:00,2.77,3.17
500113085,10:00-12:00,3.67,3.1
500113085,12:00-14:00,3.28,2.89
500113085,14:00-16:00,2.77,2.95
500113085,16:00-18:00,4.86,5.54
500113085,18:00-20:00,3.57,4.41
500113085,20:00-22:00,3.67,4.17
500113085,22:00-24:00,3.15,3.08
500113086,00:00-02:00,0.73,0.74
500113086,02:00-04:00,0.16,0.25
500113086,04:00-06:00,1.57,0.46
500113086,06:00-08:00,6.14,5.09
500113086,08:00-10:00,6.87,5.44
500113086,10:00-12:00,5.04,4.43
500113086,12:00-14:00,4.45,4.93
500113086,14:00-16:00,5.25,4.41
500113086,16:00-18:00,5.83,8.46
500113086,18:00-20:00,9.7,9.03
500113086,20:00-22:00,4.24,6.43
500113086,22:00-24:00,3.82,3.97
500113087,00:00-02:00,0.94,1.11
500113087,02:00-04:00,0.16,0.36
500113087,04:00-06:00,0.57,0.46
500113087,06:00-08:00,5.1,3.78
500113087,08:00-10:00,5.01,5.37
500113087,10:00-12:00,5.1,3.84
500113087,12:00-14:00,4.29,3.84
500113087,14:00-16:00,4.62,3.59
500113087,16:00-18:00,6.82,8.27
500113087,18:00-20:00,6.67,6.95
500113087,20:00-22:00,2.68,6.27
500113087,22:00-24:00,2.96,3.01
500113088,00:00-02:00,0.8,1.6
500113088,02:00-04:00,0.32,0.68
500113088,04:00-06:00,1.07,1.13
500113088,06:00-08:00,6.53,5.05
500113088,08:00-10:00,6.88,4.66
500113088,10:00-12:00,3.89,3.7
500113088,12:00-14:00,5.33,5.05
500113088,14:00-16:00,5.19,4.77
500113088,16:00-18:00,7.67,10.06
500113088,18:00-20:00,9.7,9.76
500113088,20:00-22:00,6.5,6.95
500113088,22:00-24:00,3.8,4.13
500113089,00:00-02:00,0.61,0.57
500113089,02:00-04:00,0.2,0.05
500113089,04:00-06:00,0.25,0.32
500113089,06:00-08:00,1.87,3.99
500113089,08:00-10:00,3.44,2.82
500113089,10:00-12:00,3.03,3.53
500113089,12:00-14:00,3.26,2.91
500113089,14:00-16:00,3.41,3.35
500113089,16:00-18:00,6.56,3.86
500113089,18:00-20:00,3.27,3.27
500113089,20:00-22:00,2.3,1.32
500113089,22:00-24:00,0.92,1.46
500113090,00:00-02:00,0.59,0.42
500113090,02:00-04:00,0.14,0.25
500113090,04:00-06:00,0.59,0.8
500113090,06:00-08:00,1.84,7.76
500113090,08:00-10:00,6.41,6.02
500113090,10:00-12:00,4.95,3.68
500113090,12:00-14:00,3.88,4.63
500113090,14:00-16:00,3.09,3.57
500113090,16:00-18:00,15.28,7.37
500113090,18:00-20:00,3.85,4.86
500113090,20:00-22:00,2.8,2.36
500113090,22:00-24:00,1.15,1.66
500113091,00:00-02:00,0.87,1.68
500113091,02:00-04:00,0.27,0.42
500113091,04:00-06:00,0.55,0.38
500113091,06:00-08:00,5.81,3.93
500113091,08:00-10:00,7.97,5.88
500113091,10:00-12:00,6.94,5.97
500113091,12:00-14:00,6.24,6.46
500113091,14:00-16:00,6.36,6.85
500113091,16:00-18:00,11.71,12.2
500113091,18:00-20:00,10.17,9.9
500113091,20:00-22:00,4.89,5.74
500113091,22:00-24:00,2.87,3.85
500113092,00:00-02:00,0.43,0.68
500113092,02:00-04:00,0.43,2.35
500113092,04:00-06:00,1.34,0.7
500113092,06:00-08:00,2.92,1.77
500113092,08:00-10:00,2.55,2.53
500113092,10:00-12:00,2.22,1.34
500113092,12:00-14:00,1.08,0.91
500113092,14:00-16:00,0.41,0.41
500113092,16:00-18:00,0.88,0.18
500113092,18:00-20:00,0.18,0.66
500113092,20:00-22:00,0.1,0.73
500113092,22:00-24:00,0.49,0.59
500113093,00:00-02:00,0.64,0.86
500113093,02:00-04:00,0.09,0.56
500113093,04:00-06:00,1.0,0.67
500113093,06:00-08:00,4.86,1.67
500113093,08:00-10:00,4.15,4.66
500113093,10:00-12:00,3.78,2.93
500113093,12:00-14:00,3.22,1.93
500113093,14:00-16:00,2.51,1.93
500113093,16:00-18:00,3.22,4.75
500113093,18:00-20:00,4.18,5.57
500113093,20:00-22:00,1.8,3.84
500113093,22:00-24:00,3.21,3.04
500113094,00:00-02:00,5.5,3.21
500113094,02:00-04:00,1.64,1.34
500113094,04:00-06:00,2.16,3.39
500113094,06:00-08:00,14.25,16.68
500113094,08:00-10:00,15.95,20.75
500113094,10:00-12:00,14.18,16.92
500113094,12:00-14:00,14.6,17.13
500113094,14:00-16:00,16.98,17.11
500113094,16:00-18:00,22.5,21.73
500113094,18:00-20:00,22.19,17.37
500113094,20:00-22:00,21.13,13.52
500113094,22:00-24:00,17.55,10.15
500113095,00:00-02:00,3.8,2.57
500113095,02:00-04:00,0.49,0.27
500113095,04:00-06:00,1.13,2.86
500113095,06:00-08:00,17.85,22.57
500113095,08:00-10:00,21.32,25.85
500113095,10:00-12:00,15.99,17.6
500113095,12:00-14:00,17.67,19.64
500113095,14:00-16:00,21.12,16.83
500113095,16:00-18:00,30.74,23.32
500113095,18:00-20:00,23.47,14.79
500113095,20:00-22:00,21.81,9.93
500113095,22:00-24:00,16.64,7.08
500113096,00:00-02:00,0.33,0.29
500113096,02:00-04:00,0.48,0.07
500113096,04:00-06:00,0.32,0.7
500113096,06:00-08:00,0.82,0.75
500113096,08:00-10:00,1.55,1.7
500113096,10:00-12:00,1.41,1.84
500113096,12:00-14:00,1.93,2.21
500113096,14:00-16:00,2.55,2.57
500113096,16:00-18:00,3.7,3.75
500113096,18:00-20:00,3.16,3.55
500113096,20:00-22:00,1.93,1.91
500113096,22:00-24:00,0.61,0.94
500113097,00:00-02:00,0.92,0.76
500113097,02:00-04:00,0.09,0.2
500113097,04:00-06:00,0.7,0.21
500113097,06:00-08:00,4.27,2.55
500113097,08:00-10:00,5.44,2.98
500113097,10:00-12:00,3.47,3.0
500113097,12:00-14:00,3.17,2.34
500113097,14:00-16:00,3.93,3.79
500113097,16:00-18:00,5.62,6.27
500113097,18:00-20:00,4.42,7.5
500113097,20:00-22:00,4.16,6.34
500113097,22:00-24:00,3.66,3.74
500113098,00:00-02:00,0.45,0.49
500113098,02:00-04:00,0.32,0.75
500113098,04:00-06:00,1.75,1.43
500113098,06:00-08:00,5.22,4.46
500113098,08:00-10:00,7.26,6.25
500113098,10:00-12:00,6.5,4.77
500113098,12:00-14:00,5.4,4.75
500113098,14:00-16:00,6.14,5.08
500113098,16:00-18:00,7.96,8.9
500113098,18:00-20:00,7.25,7.14
500113098,20:00-22:00,4.67,5.24
500113098,22:00-24:00,2.31,2.65
500113099,00:00-02:00,3.49,2.57
500113099,02:00-04:00,1.61,1.23
500113099,04:00-06:00,1.71,1.37
500113099,06:00-08:00,4.41,4.22
500113099,08:00-10:00,5.59,4.48
500113099,10:00-12:00,6.48,6.34
500113099,12:00-14:00,7.7,8.05
500113099,14:00-16:00,7.17,7.77
500113099,16:00-18:00,8.27,9.21
500113099,18:00-20:00,8.5,9.03
500113099,20:00-22:00,6.54,6.59
500113099,22:00-24:00,5.95,4.25
500113100,00:00-02:00,0.12,0.31
500113100,02:00-04:00,0.0,0.0
500113100,04:00-06:00,0.39,0.07
500113100,06:00-08:00,0.18,0.55
500113100,08:00-10:00,0.55,0.57
500113100,10:00-12:00,1.09,0.39
500113100,12:00-14:00,0.64,0.2
500113100,14:00-16:00,1.3,0.86
500113100,16:00-18:00,0.62,1.03
500113100,18:00-20:00,0.36,0.64
500113100,20:00-22:00,0.39,0.61
500113100,22:00-24:00,0.05,0.25
500113101,00:00-02:00,0.71,0.78
500113101,02:00-04:00,0.18,0.39
500113101,04:00-06:00,0.68,0.26
500113101,06:00-08:00,4.0,2.16
500113101,08:00-10:00,4.41,5.07
500113101,10:00-12:00,3.84,3.02
500113101,12:00-14:00,3.26,2.7
500113101,14:00-16:00,2.68,2.64
500113101,16:00-18:00,4.68,4.58
500113101,18:00-20:00,4.75,4.6
500113101,20:00-22:00,2.14,4.82
500113101,22:00-24:00,2.55,2.38
500119005,00:00-02:00,3.84,4.65
500119005,02:00-04:00,1.29,1.86
500119005,04:00-06:00,1.43,1.54
500119005,06:00-08:00,10.37,3.15
500119005,08:00-10:00,15.94,5.41
500119005,10:00-12:00,17.19,7.72
500119005,12:00-14:00,15.03,10.18
500119005,14:00-16:00,13.44,11.85
500119005,16:00-18:00,13.3,12.49
500119005,18:00-20:00,12.0,13.86
500119005,20:00-22:00,8.6,15.24
500119005,22:00-24:00,10.81,10.75
500119006,00:00-02:00,1.39,3.84
500119006,02:00-04:00,0.5,0.95
500119006,04:00-06:00,0.32,0.8
500119006,06:00-08:00,7.52,2.64
500119006,08:00-10:00,25.93,9.91
500119006,10:00-12:00,14.06,11.15
500119006,12:00-14:00,14.06,9.79
500119006,14:00-16:00,9.68,9.58
500119006,16:00-18:00,10.36,9.94
500119006,18:00-20:00,8.11,8.56
500119006,20:00-22:00,4.83,12.36
500119006,22:00-24:00,3.94,8.47
500119007,00:00-02:00,0.79,2.03
500119007,02:00-04:00,0.48,0.86
500119007,04:00-06:00,0.45,0.7
500119007,06:00-08:00,6.78,1.91
500119007,08:00-10:00,10.64,5.41
500119007,10:00-12:00,8.44,4.16
500119007,12:00-14:00,6.79,4.95
500119007,14:00-16:00,5.6,5.57
500119007,16:00-18:00,6.53,6.1
500119007,18:00-20:00,6.2,7.97
500119007,20:00-22:00,4.28,5.93
500119007,22:00-24:00,3.92,4.44
500119008,00:00-02:00,0.24,0.21
500119008,02:00-04:00,0.02,0.0
500119008,04:00-06:00,0.02,0.5
500119008,06:00-08:00,0.3,0.72
500119008,08:00-10:00,3.2,1.52
500119008,10:00-12:00,2.33,2.04
500119008,12:00-14:00,3.2,3.09
500119008,14:00-16:00,2.44,3.59
500119008,16:00-18:00,2.3,1.72
500119008,18:00-20:00,1.12,2.61
500119008,20:00-22:00,1.71,1.78
500119008,22:00-24:00,1.5,0.54
500119009,00:00-02:00,2.52,4.44
500119009,02:00-04:00,1.0,1.56
500119009,04:00-06:00,1.48,1.57
500119009,06:00-08:00,11.25,6.63
500119009,08:00-10:00,19.65,7.27
500119009,10:00-12:00,17.62,10.13
500119009,12:00-14:00,20.01,14.06
500119009,14:00-16:00,15.26,15.42
500119009,16:00-18:00,18.59,15.71
500119009,18:00-20:00,14.08,17.2
500119009,20:00-22:00,7.86,14.13
500119009,22:00-24:00,9.33,9.07
500119043,00:00-02:00,2.19,6.0
500119043,02:00-04:00,0.5,1.96
500119043,04:00-06:00,0.61,0.54
500119043,06:00-08:00,9.43,1.81
500119043,08:00-10:00,20.06,5.55
500119043,10:00-12:00,15.54,6.32
500119043,12:00-14:00,22.04,13.65
500119043,14:00-16:00,16.2,12.37
500119043,16:00-18:00,20.79,15.37
500119043,18:00-20:00,18.29,18.88
500119043,20:00-22:00,8.53,21.86
500119043,22:00-24:00,6.1,12.81
500119044,00:00-02:00,0.73,0.16
500119044,02:00-04:00,0.11,0.11
500119044,04:00-06:00,0.05,0.45
500119044,06:00-08:00,1.65,2.86
500119044,08:00-10:00,9.39,11.62
500119044,10:00-12:00,8.78,7.38
500119044,12:00-14:00,10.16,11.65
500119044,14:00-16:00,7.86,10.09
500119044,16:00-18:00,13.17,7.89
500119044,18:00-20:00,5.8,5.84
500119044,20:00-22:00,3.75,1.64
500119044,22:00-24:00,1.55,1.89
500119045,00:00-02:00,0.9,0.52
500119045,02:00-04:00,0.5,0.43
500119045,04:00-06:00,0.22,1.5
500119045,06:00-08:00,5.1,5.04
500119045,08:00-10:00,9.46,10.15
500119045,10:00-12:00,8.18,8.41
500119045,12:00-14:00,13.09,13.51
500119045,14:00-16:00,9.17,11.18
500119045,16:00-18:00,10.53,16.35
500119045,18:00-20:00,13.72,15.36
500119045,20:00-22:00,12.23,6.0
500119045,22:00-24:00,3.76,2.24
500119046,00:00-02:00,0.64,0.14
500119046,02:00-04:00,0.18,0.07
500119046,04:00-06:00,0.11,0.02
500119046,06:00-08:00,1.84,1.39
500119046,08:00-10:00,7.35,12.33
500119046,10:00-12:00,10.59,6.93
500119046,12:00-14:00,13.14,15.73
500119046,14:00-16:00,10.21,13.6
500119046,16:00-18:00,14.19,12.46
500119046,18:00-20:00,6.49,8.77
500119046,20:00-22:00,5.07,2.39
500119046,22:00-24:00,2.42,0.84
500119047,00:00-02:00,2.86,0.71
500119047,02:00-04:00,0.71,0.48
500119047,04:00-06:00,0.39,0.43
500119047,06:00-08:00,0.63,1.95
500119047,08:00-10:00,2.41,10.69
500119047,10:00-12:00,8.88,10.33
500119047,12:00-14:00,10.38,13.15
500119047,14:00-16:00,8.01,10.0
500119047,16:00-18:00,13.45,7.37
500119047,18:00-20:00,9.03,6.36
500119047,20:00-22:00,6.53,1.91
500119047,22:00-24:00,3.82,2.94
500119048,00:00-02:00,1.87,0.72
500119048,02:00-04:00,0.47,0.25
500119048,04:00-06:00,0.05,0.16
500119048,06:00-08:00,11.99,1.45
500119048,08:00-10:00,9.84,4.09
500119048,10:00-12:00,9.7,6.13
500119048,12:00-14:00,15.03,12.79
500119048,14:00-16:00,11.06,12.74
500119048,16:00-18:00,8.47,25.6
500119048,18:00-20:00,11.39,13.1
500119048,20:00-22:00,9.05,8.15
500119048,22:00-24:00,8.02,4.76
500119049,00:00-02:00,0.73,0.07
500119049,02:00-04:00,0.09,0.34
500119049,04:00-06:00,0.09,0.23
500119049,06:00-08:00,0.61,2.11
500119049,08:00-10:00,1.89,11.54
500119049,10:00-12:00,5.52,7.41
500119049,12:00-14:00,9.11,12.59
500119049,14:00-16:00,7.32,8.02
500119049,16:00-18:00,12.2,5.91
500119049,18:00-20:00,6.4,6.09
500119049,20:00-22:00,4.96,1.84
500119049,22:00-24:00,1.58,0.64
500119050,00:00-02:00,1.63,1.72
500119050,02:00-04:00,0.39,0.32
500119050,04:00-06:00,0.26,0.82
500119050,06:00-08:00,5.46,8.61
500119050,08:00-10:00,17.48,33.96
500119050,10:00-12:00,15.47,20.72
500119050,12:00-14:00,26.69,36.31
500119050,14:00-16:00,19.79,26.9
500119050,16:00-18:00,27.58,21.52
500119050,18:00-20:00,18.84,17.42
500119050,20:00-22:00,8.74,5.45
500119050,22:00-24:00,3.92,3.48
500119051,00:00-02:00,1.46,0.68
500119051,02:00-04:00,0.41,0.34
500119051,04:00-06:00,0.56,0.3
500119051,06:00-08:00,3.56,11.15
500119051,08:00-10:00,15.61,13.35
500119051,10:00-12:00,13.17,9.63
500119051,12:00-14:00,11.42,15.66
500119051,14:00-16:00,10.05,10.24
500119051,16:00-18:00,16.92,9.51
500119051,18:00-20:00,11.29,7.93
500119051,20:00-22:00,7.04,6.36
500119051,22:00-24:00,3.28,3.44
500119052,00:00-02:00,3.44,1.84
500119052,02:00-04:00,1.11,0.39
500119052,04:00-06:00,0.9,1.66
500119052,06:00-08:00,2.23,6.0
500119052,08:00-10:00,13.03,21.22
500119052,10:00-12:00,16.22,22.58
500119052,12:00-14:00,21.87,26.34
500119052,14:00-16:00,15.85,19.34
500119052,16:00-18:00,24.9,21.53
500119052,18:00-20:00,18.06,14.07
500119052,20:00-22:00,12.21,7.04
500119052,22:00-24:00,7.27,5.8
500119053,00:00-02:00,1.61,0.75
500119053,02:00-04:00,0.47,0.14
500119053,04:00-06:00,0.15,0.3
500119053,06:00-08:00,5.49,7.64
500119053,08:00-10:00,13.88,25.37
500119053,10:00-12:00,10.61,13.56
500119053,12:00-14:00,15.02,17.92
500119053,14:00-16:00,13.78,15.96
500119053,16:00-18:00,25.18,15.44
500119053,18:00-20:00,12.63,11.63
500119053,20:00-22:00,7.99,5.64
500119053,22:00-24:00,3.77,2.46
500119054,00:00-02:00,1.5,0.92
500119054,02:00-04:00,0.85,0.23
500119054,04:00-06:00,0.26,0.5
500119054,06:00-08:00,0.64,3.61
500119054,08:00-10:00,8.13,18.08
500119054,10:00-12:00,7.61,10.24
500119054,12:00-14:00,10.09,14.39
500119054,14:00-16:00,8.1,10.46
500119054,16:00-18:00,18.39,11.23
500119054,18:00-20:00,10.27,7.9
500119054,20:00-22:00,6.25,3.75
500119054,22:00-24:00,6.79,2.5
500119055,00:00-02:00,1.59,1.58
500119055,02:00-04:00,0.36,0.25
500119055,04:00-06:00,0.41,0.73
500119055,06:00-08:00,2.07,4.7
500119055,08:00-10:00,12.86,19.18
500119055,10:00-12:00,16.81,15.85
500119055,12:00-14:00,19.23,24.82
500119055,14:00-16:00,16.19,20.58
500119055,16:00-18:00,22.65,17.29
500119055,18:00-20:00,12.85,14.57
500119055,20:00-22:00,10.73,4.94
500119055,22:00-24:00,5.33,3.23
500119056,00:00-02:00,2.19,2.7
500119056,02:00-04:00,0.56,0.92
500119056,04:00-06:00,0.5,0.33
500119056,06:00-08:00,2.42,1.84
500119056,08:00-10:00,6.64,5.36
500119056,10:00-12:00,7.7,7.0
500119056,12:00-14:00,11.72,11.06
500119056,14:00-16:00,8.57,8.83
500119056,16:00-18:00,8.73,10.18
500119056,18:00-20:00,8.05,6.94
500119056,20:00-22:00,5.12,5.58
500119056,22:00-24:00,4.28,3.95
500119057,00:00-02:00,0.57,0.07
500119057,02:00-04:00,0.12,0.23
500119057,04:00-06:00,0.1,0.68
500119057,06:00-08:00,0.97,1.95
500119057,08:00-10:00,9.46,12.05
500119057,10:00-12:00,11.33,11.47
500119057,12:00-14:00,13.9,14.86
500119057,14:00-16:00,12.36,16.39
500119057,16:00-18:00,14.29,7.27
500119057,18:00-20:00,5.62,4.98
500119057,20:00-22:00,3.52,1.73
500119057,22:00-24:00,2.43,0.52
500119058,00:00-02:00,0.87,0.64
500119058,02:00-04:00,0.48,0.34
500119058,04:00-06:00,0.22,1.68
500119058,06:00-08:00,4.62,7.82
500119058,08:00-10:00,10.59,17.63
500119058,10:00-12:00,12.18,13.97
500119058,12:00-14:00,14.56,16.27
500119058,14:00-16:00,12.55,21.5
500119058,16:00-18:00,20.74,20.3
500119058,18:00-20:00,18.11,21.78
500119058,20:00-22:00,16.77,7.1
500119058,22:00-24:00,5.66,2.85
500119059,00:00-02:00,0.58,0.75
500119059,02:00-04:00,0.43,0.07
500119059,04:00-06:00,0.16,0.5
500119059,06:00-08:00,0.62,1.27
500119059,08:00-10:00,10.56,14.97
500119059,10:00-12:00,14.46,14.32
500119059,12:00-14:00,15.6,24.57
500119059,14:00-16:00,15.41,19.11
500119059,16:00-18:00,18.32,7.75
500119059,18:00-20:00,7.86,3.41
500119059,20:00-22:00,2.18,0.8
500119059,22:00-24:00,1.9,1.37
500119060,00:00-02:00,0.44,0.45
500119060,02:00-04:00,0.22,0.18
500119060,04:00-06:00,0.02,0.32
500119060,06:00-08:00,1.84,2.16
500119060,08:00-10:00,14.02,12.61
500119060,10:00-12:00,12.9,13.24
500119060,12:00-14:00,17.9,19.86
500119060,14:00-16:00,14.23,17.55
500119060,16:00-18:00,13.37,13.64
500119060,18:00-20:00,7.29,4.58
500119060,20:00-22:00,3.43,2.43
500119060,22:00-24:00,2.23,0.89
500119061,00:00-02:00,2.08,1.13
500119061,02:00-04:00,0.33,0.23
500119061,04:00-06:00,0.38,0.89
500119061,06:00-08:00,2.14,3.36
500119061,08:00-10:00,16.91,16.86
500119061,10:00-12:00,15.29,16.88
500119061,12:00-14:00,20.18,21.72
500119061,14:00-16:00,15.32,16.49
500119061,16:00-18:00,16.5,11.92
500119061,18:00-20:00,11.87,9.2
500119061,20:00-22:00,6.85,2.93
500119061,22:00-24:00,4.24,3.32
500119062,00:00-02:00,0.4,0.3
500119062,02:00-04:00,0.16,0.18
500119062,04:00-06:00,0.12,0.14
500119062,06:00-08:00,0.9,0.25
500119062,08:00-10:00,2.53,1.84
500119062,10:00-12:00,1.78,1.71
500119062,12:00-14:00,2.51,2.59
500119062,14:00-16:00,2.36,2.05
500119062,16:00-18:00,3.37,3.43
500119062,18:00-20:00,3.02,2.8
500119062,20:00-22:00,1.97,1.82
500119062,22:00-24:00,1.4,1.17
500119063,00:00-02:00,0.23,0.42
500119063,02:00-04:00,0.03,0.33
500119063,04:00-06:00,0.05,0.55
500119063,06:00-08:00,0.86,2.45
500119063,08:00-10:00,14.49,9.95
500119063,10:00-12:00,10.52,7.5
500119063,12:00-14:00,10.3,9.5
500119063,14:00-16:00,7.89,9.03
500119063,16:00-18:00,9.07,7.06
500119063,18:00-20:00,4.54,3.79
500119063,20:00-22:00,2.16,1.39
500119063,22:00-24:00,1.41,0.82
500119064,00:00-02:00,1.94,3.56
500119064,02:00-04:00,0.57,1.27
500119064,04:00-06:00,1.23,0.32
500119064,06:00-08:00,1.43,1.76
500119064,08:00-10:00,12.4,9.24
500119064,10:00-12:00,16.73,10.84
500119064,12:00-14:00,15.62,14.52
500119064,14:00-16:00,14.05,13.91
500119064,16:00-18:00,12.03,5.59
500119064,18:00-20:00,8.53,4.98
500119064,20:00-22:00,4.78,6.06
500119064,22:00-24:00,5.04,9.48
500119065,00:00-02:00,0.23,0.21
500119065,02:00-04:00,0.04,0.2
500119065,04:00-06:00,0.13,0.52
500119065,06:00-08:00,0.37,1.57
500119065,08:00-10:00,7.45,5.77
500119065,10:00-12:00,7.8,6.01
500119065,12:00-14:00,9.11,8.23
500119065,14:00-16:00,6.97,7.84
500119065,16:00-18:00,6.23,6.81
500119065,18:00-20:00,3.88,3.15
500119065,20:00-22:00,2.29,0.77
500119065,22:00-24:00,1.55,0.73
500119066,00:00-02:00,1.33,0.52
500119066,02:00-04:00,0.54,0.23
500119066,04:00-06:00,0.16,1.14
500119066,06:00-08:00,1.53,3.89
500119066,08:00-10:00,6.16,14.61
500119066,10:00-12:00,14.09,15.33
500119066,12:00-14:00,16.85,21.08
500119066,14:00-16:00,12.65,15.62
500119066,16:00-18:00,15.3,11.08
500119066,18:00-20:00,12.09,11.92
500119066,20:00-22:00,6.58,4.07
500119066,22:00-24:00,2.83,2.25
500119067,00:00-02:00,1.19,1.34
500119067,02:00-04:00,0.3,0.25
500119067,04:00-06:00,0.21,1.0
500119067,06:00-08:00,7.24,10.89
500119067,08:00-10:00,13.39,29.96
500119067,10:00-12:00,14.2,17.47
500119067,12:00-14:00,22.26,25.53
500119067,14:00-16:00,22.67,22.41
500119067,16:00-18:00,29.36,19.52
500119067,18:00-20:00,14.77,12.93
500119067,20:00-22:00,9.08,6.0
500119067,22:00-24:00,4.09,3.1
500119068,00:00-02:00,1.15,1.08
500119068,02:00-04:00,0.45,0.09
500119068,04:00-06:00,0.38,1.34
500119068,06:00-08:00,0.87,2.25
500119068,08:00-10:00,15.86,25.66
500119068,10:00-12:00,11.86,20.02
500119068,12:00-14:00,14.93,18.51
500119068,14:00-16:00,13.12,14.45
500119068,16:00-18:00,25.26,18.67
500119068,18:00-20:00,17.89,11.36
500119068,20:00-22:00,7.43,3.52
500119068,22:00-24:00,4.25,1.8
500119069,00:00-02:00,0.56,0.26
500119069,02:00-04:00,0.11,0.07
500119069,04:00-06:00,0.18,0.11
500119069,06:00-08:00,0.68,2.09
500119069,08:00-10:00,5.65,9.45
500119069,10:00-12:00,7.34,7.86
500119069,12:00-14:00,5.12,8.12
500119069,14:00-16:00,6.94,6.93
500119069,16:00-18:00,9.02,7.22
500119069,18:00-20:00,3.93,2.89
500119069,20:00-22:00,2.47,0.93
500119069,22:00-24:00,1.38,1.05
500119070,00:00-02:00,4.65,6.78
500119070,02:00-04:00,2.39,3.17
500119070,04:00-06:00,1.89,1.33
500119070,06:00-08:00,6.83,2.55
500119070,08:00-10:00,19.23,6.8
500119070,10:00-12:00,17.96,12.0
500119070,12:00-14:00,24.81,23.45
500119070,14:00-16:00,15.95,15.08
500119070,16:00-18:00,15.74,25.42
500119070,18:00-20:00,21.69,19.01
500119070,20:00-22:00,13.46,14.46
500119070,22:00-24:00,10.98,10.27
500119071,00:00-02:00,0.68,0.07
500119071,02:00-04:00,0.24,0.16
500119071,04:00-06:00,0.21,0.5
500119071,06:00-08:00,1.3,2.89
500119071,08:00-10:00,14.68,18.57
500119071,10:00-12:00,10.52,17.11
500119071,12:00-14:00,13.1,14.96
500119071,14:00-16:00,11.59,12.42
500119071,16:00-18:00,15.42,14.01
500119071,18:00-20:00,8.74,5.34
500119071,20:00-22:00,7.19,1.41
500119071,22:00-24:00,2.29,1.02
500119072,00:00-02:00,0.89,0.38
500119072,02:00-04:00,0.36,0.41
500119072,04:00-06:00,0.12,0.27
500119072,06:00-08:00,0.88,3.28
500119072,08:00-10:00,4.72,8.63
500119072,10:00-12:00,7.03,10.01
500119072,12:00-14:00,10.21,13.9
500119072,14:00-16:00,8.73,10.25
500119072,16:00-18:00,12.08,8.46
500119072,18:00-20:00,8.76,6.47
500119072,20:00-22:00,5.01,2.93
500119072,22:00-24:00,2.51,1.46
500119074,00:00-02:00,2.09,0.8
500119074,02:00-04:00,0.71,0.32
500119074,04:00-06:00,0.13,1.07
500119074,06:00-08:00,0.92,2.57
500119074,08:00-10:00,9.23,14.29
500119074,10:00-12:00,9.99,11.69
500119074,12:00-14:00,12.25,17.7
500119074,14:00-16:00,12.37,10.73
500119074,16:00-18:00,13.75,8.01
500119074,18:00-20:00,10.88,6.82
500119074,20:00-22:00,5.25,2.98
500119074,22:00-24:00,3.63,2.03
500119075,00:00-02:00,2.21,2.26
500119075,02:00-04:00,1.0,0.45
500119075,04:00-06:00,0.8,1.86
500119075,06:00-08:00,5.25,11.8
500119075,08:00-10:00,26.25,37.96
500119075,10:00-12:00,27.78,35.67
500119075,12:00-14:00,37.96,42.98
500119075,14:00-16:00,30.55,34.48
500119075,16:00-18:00,45.77,40.28
500119075,18:00-20:00,38.76,29.16
500119075,20:00-22:00,19.69,12.59
500119075,22:00-24:00,6.12,4.71
500119076,00:00-02:00,2.77,2.0
500119076,02:00-04:00,1.48,0.86
500119076,04:00-06:00,0.83,0.61
500119076,06:00-08:00,0.86,3.0
500119076,08:00-10:00,10.43,17.17
500119076,10:00-12:00,10.78,13.69
500119076,12:00-14:00,14.67,18.86
500119076,14:00-16:00,11.03,15.39
500119076,16:00-18:00,19.62,13.32
500119076,18:00-20:00,12.49,8.48
500119076,20:00-22:00,7.84,4.86
500119076,22:00-24:00,5.92,5.46
500119077,00:00-02:00,0.32,0.05
500119077,02:00-04:00,0.02,0.0
500119077,04:00-06:00,0.02,0.18
500119077,06:00-08:00,0.45,0.91
500119077,08:00-10:00,11.59,20.33
500119077,10:00-12:00,10.9,16.82
500119077,12:00-14:00,13.15,15.69
500119077,14:00-16:00,10.92,16.71
500119077,16:00-18:00,17.84,12.64
500119077,18:00-20:00,6.75,8.51
500119077,20:00-22:00,10.11,1.07
500119077,22:00-24:00,5.34,0.43
500119078,00:00-02:00,0.93,0.59
500119078,02:00-04:00,0.21,0.3
500119078,04:00-06:00,0.08,0.48
500119078,06:00-08:00,0.34,1.61
500119078,08:00-10:00,3.16,5.68
500119078,10:00-12:00,4.59,6.26
500119078,12:00-14:00,5.79,7.51
500119078,14:00-16:00,4.76,6.66
500119078,16:00-18:00,5.9,3.63
500119078,18:00-20:00,4.05,2.7
500119078,20:00-22:00,2.97,0.99
500119078,22:00-24:00,4.51,2.14
500119079,00:00-02:00,2.75,1.79
500119079,02:00-04:00,0.7,0.36
500119079,04:00-06:00,0.22,0.8
500119079,06:00-08:00,1.97,3.89
500119079,08:00-10:00,17.35,13.8
500119079,10:00-12:00,15.64,13.6
500119079,12:00-14:00,16.33,17.36
500119079,14:00-16:00,14.68,12.87
500119079,16:00-18:00,10.56,15.46
500119079,18:00-20:00,12.63,12.05
500119079,20:00-22:00,8.87,6.98
500119079,22:00-24:00,5.32,4.13
500119080,00:00-02:00,0.33,0.14
500119080,02:00-04:00,0.03,0.11
500119080,04:00-06:00,0.05,0.27
500119080,06:00-08:00,1.13,1.35
500119080,08:00-10:00,7.42,5.16
500119080,10:00-12:00,6.29,4.8
500119080,12:00-14:00,7.43,7.11
500119080,14:00-16:00,3.78,5.16
500119080,16:00-18:00,4.61,4.19
500119080,18:00-20:00,3.36,2.17
500119080,20:00-22:00,1.5,0.82
500119080,22:00-24:00,1.15,0.64
500119081,00:00-02:00,1.32,0.75
500119081,02:00-04:00,0.19,0.41
500119081,04:00-06:00,0.23,0.45
500119081,06:00-08:00,0.95,5.8
500119081,08:00-10:00,5.82,8.93
500119081,10:00-12:00,7.26,7.88
500119081,12:00-14:00,12.8,12.29
500119081,14:00-16:00,9.98,9.06
500119081,16:00-18:00,16.43,9.46
500119081,18:00-20:00,10.88,8.7
500119081,20:00-22:00,6.33,4.8
500119081,22:00-24:00,3.95,2.78
500119082,00:00-02:00,0.58,0.41
500119082,02:00-04:00,0.23,0.23
500119082,04:00-06:00,0.03,0.25
500119082,06:00-08:00,0.45,1.14
500119082,08:00-10:00,3.56,3.59
500119082,10:00-12:00,3.6,4.28
500119082,12:00-14:00,3.95,3.83
500119082,14:00-16:00,2.84,4.86
500119082,16:00-18:00,3.76,2.19
500119082,18:00-20:00,1.88,1.68
500119082,20:00-22:00,1.77,0.44
500119082,22:00-24:00,1.5,0.58
500119083,00:00-02:00,1.1,0.21
500119083,02:00-04:00,0.13,0.36
500119083,04:00-06:00,0.05,0.75
500119083,06:00-08:00,0.64,3.98
500119083,08:00-10:00,10.34,14.4
500119083,10:00-12:00,9.2,13.53
500119083,12:00-14:00,15.37,21.52
500119083,14:00-16:00,13.93,16.39
500119083,16:00-18:00,16.36,11.97
500119083,18:00-20:00,12.3,12.03
500119083,20:00-22:00,7.35,3.27
500119083,22:00-24:00,2.7,1.91
500119084,00:00-02:00,2.39,2.66
500119084,02:00-04:00,0.86,0.66
500119084,04:00-06:00,0.52,1.05
500119084,06:00-08:00,0.89,1.91
500119084,08:00-10:00,7.61,15.16
500119084,10:00-12:00,15.6,12.68
500119084,12:00-14:00,13.27,13.39
500119084,14:00-16:00,9.47,15.39
500119084,16:00-18:00,16.5,5.76
500119084,18:00-20:00,9.11,5.7
500119084,20:00-22:00,5.82,4.52
500119084,22:00-24:00,5.41,5.08
500119085,00:00-02:00,1.76,1.58
500119085,02:00-04:00,0.52,0.48
500119085,04:00-06:00,0.44,0.89
500119085,06:00-08:00,0.61,1.3
500119085,08:00-10:00,3.88,9.77
500119085,10:00-12:00,9.81,11.83
500119085,12:00-14:00,15.85,18.15
500119085,14:00-16:00,9.39,12.62
500119085,16:00-18:00,13.11,7.96
500119085,18:00-20:00,11.21,7.33
500119085,20:00-22:00,8.6,5.07
500119085,22:00-24:00,3.76,2.23
500119086,00:00-02:00,1.16,0.26
500119086,02:00-04:00,0.19,0.32
500119086,04:00-06:00,0.15,0.77
500119086,06:00-08:00,1.12,3.05
500119086,08:00-10:00,18.22,30.23
500119086,10:00-12:00,16.54,21.3
500119086,12:00-14:00,18.13,26.04
500119086,14:00-16:00,12.96,16.5
500119086,16:00-18:00,25.89,20.29
500119086,18:00-20:00,19.4,14.14
500119086,20:00-22:00,13.35,6.7
500119086,22:00-24:00,6.86,3.82
500119087,00:00-02:00,1.03,0.54
500119087,02:00-04:00,0.42,0.36
500119087,04:00-06:00,0.46,1.5
500119087,06:00-08:00,1.24,4.39
500119087,08:00-10:00,8.77,15.19
500119087,10:00-12:00,11.77,16.5
500119087,12:00-14:00,16.11,21.4
500119087,14:00-16:00,13.51,14.45
500119087,16:00-18:00,23.87,20.14
500119087,18:00-20:00,14.57,8.52
500119087,20:00-22:00,8.71,4.02
500119087,22:00-24:00,4.31,2.44
500119088,00:00-02:00,2.49,3.36
500119088,02:00-04:00,0.75,0.68
500119088,04:00-06:00,0.55,0.73
500119088,06:00-08:00,3.5,2.27
500119088,08:00-10:00,12.43,15.67
500119088,10:00-12:00,13.23,16.38
500119088,12:00-14:00,23.6,22.73
500119088,14:00-16:00,16.78,17.6
500119088,16:00-18:00,19.18,14.54
500119088,18:00-20:00,14.98,14.32
500119088,20:00-22:00,12.57,10.6
500119088,22:00-24:00,6.21,6.55
500119089,00:00-02:00,1.31,1.2
500119089,02:00-04:00,0.38,0.18
500119089,04:00-06:00,0.37,0.52
500119089,06:00-08:00,0.75,3.32
500119089,08:00-10:00,6.94,10.53
500119089,10:00-12:00,12.95,11.04
500119089,12:00-14:00,13.15,15.49
500119089,14:00-16:00,8.86,10.4
500119089,16:00-18:00,15.43,8.84
500119089,18:00-20:00,9.16,7.32
500119089,20:00-22:00,5.8,2.73
500119089,22:00-24:00,3.5,1.68
500119090,00:00-02:00,1.19,1.18
500119090,02:00-04:00,0.63,0.16
500119090,04:00-06:00,0.34,1.93
500119090,06:00-08:00,5.84,12.27
500119090,08:00-10:00,18.93,29.61
500119090,10:00-12:00,25.79,29.72
500119090,12:00-14:00,32.97,35.44
500119090,14:00-16:00,24.47,32.24
500119090,16:00-18:00,32.95,27.96
500119090,18:00-20:00,24.93,26.56
500119090,20:00-22:00,21.95,10.29
500119090,22:00-24:00,3.79,2.07
500119091,00:00-02:00,0.24,0.62
500119091,02:00-04:00,0.09,0.34
500119091,04:00-06:00,0.5,0.05
500119091,06:00-08:00,2.43,1.8
500119091,08:00-10:00,3.96,3.25
500119091,10:00-12:00,4.42,3.29
500119091,12:00-14:00,4.14,3.63
500119091,14:00-16:00,2.92,4.36
500119091,16:00-18:00,6.1,2.63
500119091,18:00-20:00,3.07,2.73
500119091,20:00-22:00,2.19,3.7
500119091,22:00-24:00,1.39,1.73
500119092,00:00-02:00,1.37,1.32
500119092,02:00-04:00,0.57,0.2
500119092,04:00-06:00,0.21,0.36
500119092,06:00-08:00,1.2,1.93
500119092,08:00-10:00,6.23,11.52
500119092,10:00-12:00,10.31,9.67
500119092,12:00-14:00,13.34,14.86
500119092,14:00-16:00,9.84,11.12
500119092,16:00-18:00,11.26,8.47
500119092,18:00-20:00,8.41,6.79
500119092,20:00-22:00,4.77,2.74
500119092,22:00-24:00,3.27,2.88
500119093,00:00-02:00,0.9,0.45
500119093,02:00-04:00,0.39,0.11
500119093,04:00-06:00,0.05,0.5
500119093,06:00-08:00,0.36,1.48
500119093,08:00-10:00,5.31,6.7
500119093,10:00-12:00,4.83,5.09
500119093,12:00-14:00,7.92,7.27
500119093,14:00-16:00,4.63,6.27
500119093,16:00-18:00,9.21,7.07
500119093,18:00-20:00,3.83,2.68
500119093,20:00-22:00,2.99,1.57
500119093,22:00-24:00,2.28,1.91
500119094,00:00-02:00,1.4,1.04
500119094,02:00-04:00,0.24,0.45
500119094,04:00-06:00,0.22,1.16
500119094,06:00-08:00,14.28,11.95
500119094,08:00-10:00,13.4,6.03
500119094,10:00-12:00,11.92,11.52
500119094,12:00-14:00,17.99,16.77
500119094,14:00-16:00,9.44,9.73
500119094,16:00-18:00,16.26,31.98
500119094,18:00-20:00,11.29,13.76
500119094,20:00-22:00,10.76,7.03
500119094,22:00-24:00,6.92,2.69
500119095,00:00-02:00,1.34,1.27
500119095,02:00-04:00,0.5,0.25
500119095,04:00-06:00,0.16,0.59
500119095,06:00-08:00,0.79,2.14
500119095,08:00-10:00,7.08,13.31
500119095,10:00-12:00,10.23,12.63
500119095,12:00-14:00,15.88,17.15
500119095,14:00-16:00,10.55,12.47
500119095,16:00-18:00,18.81,11.57
500119095,18:00-20:00,11.62,9.07
500119095,20:00-22:00,6.68,3.14
500119095,22:00-24:00,3.94,2.91
500119096,00:00-02:00,0.4,2.19
500119096,02:00-04:00,0.16,0.59
500119096,04:00-06:00,0.23,0.14
500119096,06:00-08:00,3.82,0.45
500119096,08:00-10:00,18.25,3.41
500119096,10:00-12:00,7.71,4.61
500119096,12:00-14:00,8.14,5.84
500119096,14:00-16:00,4.24,5.91
500119096,16:00-18:00,4.91,5.25
500119096,18:00-20:00,4.44,4.93
500119096,20:00-22:00,1.5,7.09
500119096,22:00-24:00,0.98,5.85
500119097,00:00-02:00,1.54,1.08
500119097,02:00-04:00,0.47,0.14
500119097,04:00-06:00,0.52,0.93
500119097,06:00-08:00,3.38,7.07
500119097,08:00-10:00,18.49,15.59
500119097,10:00-12:00,15.93,20.27
500119097,12:00-14:00,19.08,24.17
500119097,14:00-16:00,17.26,22.92
500119097,16:00-18:00,14.41,18.81
500119097,18:00-20:00,10.97,14.16
500119097,20:00-22:00,17.91,4.63
500119097,22:00-24:00,8.12,2.28
500119098,00:00-02:00,1.72,1.34
500119098,02:00-04:00,0.43,0.41
500119098,04:00-06:00,0.12,0.68
500119098,06:00-08:00,2.9,1.68
500119098,08:00-10:00,19.23,26.66
500119098,10:00-12:00,14.08,21.6
500119098,12:00-14:00,14.55,20.54
500119098,14:00-16:00,11.59,13.59
500119098,16:00-18:00,24.94,17.14
500119098,18:00-20:00,12.3,14.36
500119098,20:00-22:00,13.67,6.81
500119098,22:00-24:00,6.38,6.33
500105088,00:00-02:00,0.23,0.23
500105088,02:00-04:00,0.0,0.04
500105088,04:00-06:00,0.0,0.04
500105088,06:00-08:00,1.54,2.04
500105088,08:00-10:00,1.85,1.42
500105088,10:00-12:00,1.69,1.1
500105088,12:00-14:00,1.23,1.64
500105088,14:00-16:00,1.0,0.86
500105088,16:00-18:00,2.92,2.38
500105088,18:00-20:00,3.03,2.39
500105088,20:00-22:00,1.23,1.71
500105088,22:00-24:00,0.25,0.86
500108127,00:00-02:00,0.15,0.35
500108127,02:00-04:00,0.0,0.0
500108127,04:00-06:00,0.1,0.1
500108127,06:00-08:00,1.2,1.1
500108127,08:00-10:00,2.48,0.97
500108127,10:00-12:00,1.54,1.45
500108127,12:00-14:00,1.23,1.36
500108127,14:00-16:00,2.27,1.46
500108127,16:00-18:00,2.48,3.17
500108127,18:00-20:00,2.0,2.41
500108127,20:00-22:00,1.45,2.38
500108127,22:00-24:00,0.96,1.74
500108186,00:00-02:00,0.0,0.0
500108186,02:00-04:00,0.0,0.0
500108186,04:00-06:00,0.15,0.05
500108186,06:00-08:00,3.6,4.55
500108186,08:00-10:00,4.01,2.6
500108186,10:00-12:00,0.74,0.64
500108186,12:00-14:00,0.77,1.09
500108186,14:00-16:00,1.18,0.64
500108186,16:00-18:00,1.79,1.01
500108186,18:00-20:00,1.27,2.32
500108186,20:00-22:00,0.55,0.55
500108186,22:00-24:00,0.32,0.14
500112029,00:00-02:00,1.7,2.17
500112029,02:00-04:00,2.0,0.15
500112029,04:00-06:00,0.44,0.69
500112029,06:00-08:00,2.62,6.35
500112029,08:00-10:00,14.91,21.18
500112029,10:00-12:00,8.13,13.15
500112029,12:00-14:00,7.44,13.05
500112029,14:00-16:00,6.52,8.03
500112029,16:00-18:00,9.66,12.74
500112029,18:00-20:00,18.09,12.58
500112029,20:00-22:00,14.22,6.14
500112029,22:00-24:00,10.12,2.66
500110108,00:00-02:00,0.0,0.0
500110108,02:00-04:00,0.59,0.0
500110108,04:00-06:00,2.45,1.0
500110108,06:00-08:00,0.95,9.5
500110108,08:00-10:00,4.0,4.0
500110108,10:00-12:00,5.91,4.09
500110108,12:00-14:00,7.03,5.02
500110108,14:00-16:00,6.25,5.0
500110108,16:00-18:00,16.84,6.5
500110108,18:00-20:00,10.42,6.25
500110108,20:00-22:00,6.49,2.5
500110108,22:00-24:00,1.46,1.01
